TAZ,SOI,Base_EMP,transit_skim,IDX_Transit,sov_skim,IDX_SOV
1,,0.0,0.0,0.0,0.0,0.0
2,,0.0,0.0,0.0,0.0,0.0
3,,0.0,0.0,0.0,0.0,0.0
4,,0.0,0.0,0.0,0.0,0.0
5,,0.0,0.0,0.0,0.0,0.0
6,,0.0,0.0,0.0,0.0,0.0
7,,0.0,0.0,0.0,0.0,0.0
8,,0.0,0.0,0.0,0.0,0.0
9,,0.0,0.0,0.0,0.0,0.0
10,,0.0,0.0,0.0,0.0,0.0
11,,0.0,0.0,0.0,0.0,0.0
12,,0.0,0.0,0.0,0.0,0.0
13,,0.0,0.0,0.0,0.0,0.0
14,,0.0,0.0,0.0,0.0,0.0
15,,0.0,0.0,0.0,0.0,0.0
16,,0.0,0.0,0.0,0.0,0.0
17,,0.0,0.0,0.0,0.0,0.0
18,,0.0,0.0,0.0,0.0,0.0
19,,0.0,0.0,0.0,0.0,0.0
20,,0.0,0.0,0.0,0.0,0.0
21,,0.0,0.0,0.0,0.0,0.0
22,,0.0,0.0,0.0,0.0,0.0
23,,0.0,0.0,0.0,0.0,0.0
24,,0.0,0.0,0.0,0.0,0.0
25,,0.0,0.0,0.0,0.0,0.0
26,,0.0,0.0,0.0,0.0,0.0
27,,0.0,0.0,0.0,0.0,0.0
28,,0.0,0.0,0.0,0.0,0.0
29,,0.0,0.0,0.0,0.0,0.0
30,,0.0,0.0,0.0,0.0,0.0
31,,0.0,0.0,0.0,0.0,0.0
32,,0.0,0.0,0.0,0.0,0.0
33,,0.0,0.0,0.0,0.0,0.0
34,,0.0,0.0,0.0,0.0,0.0
35,,0.0,0.0,0.0,0.0,0.0
36,,0.0,0.0,0.0,0.0,0.0
37,,0.0,0.0,0.0,0.0,0.0
38,,0.0,0.0,0.0,0.0,0.0
39,,0.0,0.0,0.0,0.0,0.0
40,,0.0,0.0,0.0,0.0,0.0
41,,0.0,0.0,0.0,0.0,0.0
42,,0.0,0.0,0.0,0.0,0.0
43,,0.0,0.0,0.0,16.824767279968192,0.001004016064257028
44,,0.0,0.0,0.0,136.77564969973196,0.002008032128514056
45,,0.0,0.0,0.0,46.27914597636209,0.0015060240963855422
46,,0.0,0.0,0.0,0.0,0.0
47,,0.0,0.0,0.0,0.0,0.0
48,,0.0,0.0,0.0,0.0,0.0
49,,0.0,0.0,0.0,0.0,0.0
50,,0.0,0.0,0.0,0.0,0.0
51,,0.0,0.0,0.0,0.0,0.0
52,,0.0,0.0,0.0,0.0,0.0
53,,0.0,0.0,0.0,0.0,0.0
54,,0.0,0.0,0.0,0.0,0.0
55,,0.0,0.0,0.0,0.0,0.0
56,,0.0,0.0,0.0,0.0,0.0
57,,0.0,0.0,0.0,0.0,0.0
58,,0.0,0.0,0.0,0.0,0.0
59,,0.0,0.0,0.0,0.0,0.0
60,,0.0,0.0,0.0,0.0,0.0
61,,0.0,0.0,0.0,6737.91003905424,0.012550200803212851
62,,0.0,0.0,0.0,23948.607067598856,0.06977911646586345
63,,0.0,0.0,0.0,514.8401163903042,0.0035140562248995983
64,,0.0,0.0,0.0,1414.7415900853453,0.006024096385542169
65,,0.0,0.0,0.0,16269.110340012645,0.03614457831325301
66,,0.0,0.0,0.0,5854.689644923634,0.011546184738955823
67,,0.0,0.0,0.0,22097.839800451635,0.05823293172690763
68,,0.0,0.0,0.0,18611.676725206096,0.046686746987951805
69,,0.0,0.0,0.0,26713.680467695645,0.07630522088353414
70,,0.0,0.0,0.0,13453.179933870913,0.01957831325301205
71,,0.0,0.0,0.0,2396.9627406935324,0.008032128514056224
72,,0.0,0.0,0.0,108433.31010027051,0.2113453815261044
73,,0.0,0.0,0.0,5912.0726909105815,0.012048192771084338
74,,0.0,0.0,0.0,78418.05953387574,0.14759036144578314
75,,0.0,0.0,0.0,3280.1645507398384,0.009036144578313253
76,,0.0,0.0,0.0,6997.246271542013,0.01355421686746988
77,,0.0,0.0,0.0,18019.141770342383,0.04568273092369478
78,,0.0,0.0,0.0,6855.529045631105,0.013052208835341365
79,,0.0,0.0,0.0,2122.0683763331967,0.007530120481927711
80,,0.0,0.0,0.0,169.29493546973504,0.0025100401606425703
81,,0.0,0.0,0.0,291.890699002974,0.0030120481927710845
82,,0.0,0.0,0.0,528.5286075250907,0.004016064257028112
83,,0.0,0.0,0.0,855.7047960067209,0.004518072289156626
84,,0.0,0.0,0.0,2.450732649117814,0.000502008032128514
85,,0.0,0.0,0.0,1557.7753870802708,0.006526104417670682
86,,0.0,0.0,0.0,1637.2381030868028,0.007028112449799197
87,,0.0,0.0,0.0,3835.1534753006013,0.010040160642570281
88,,0.0,0.0,0.0,0.0,0.0
89,,0.0,0.0,0.0,0.0,0.0
90,,0.0,0.0,0.0,0.0,0.0
91,,0.0,0.0,0.0,0.0,0.0
92,,0.0,0.0,0.0,0.0,0.0
93,,0.0,0.0,0.0,0.0,0.0
94,,0.0,0.0,0.0,0.0,0.0
95,,0.0,0.0,0.0,0.0,0.0
96,,0.0,0.0,0.0,0.0,0.0
97,,0.0,0.0,0.0,0.0,0.0
98,,0.0,0.0,0.0,0.0,0.0
99,,0.0,0.0,0.0,0.0,0.0
100,,0.0,0.0,0.0,0.0,0.0
101,Clovis,289.0,18732.0,0.26053639846743293,187633.1030945656,0.6365461847389559
102,Clovis,368.0,19128.0,0.2669220945083014,186624.2927786647,0.6244979919678715
103,Clovis,551.0,18540.0,0.25925925925925924,192683.24699553044,0.6822289156626506
104,Clovis,129.0,20156.0,0.2784163473818646,192212.8814480579,0.679718875502008
105,Clovis,115.0,26649.0,0.33588761174968074,194929.9758487982,0.7033132530120482
106,Clovis,117.0,0.0,0.0,190105.29645896138,0.6591365461847389
107,Clovis,1061.0,19476.0,0.2707535121328225,198616.08337351217,0.7384538152610441
108,Clovis,1918.0,19501.0,0.2720306513409962,198158.4839699536,0.7344377510040161
109,Clovis,631.0,26246.0,0.33205619412515963,196544.1234757202,0.7178714859437751
110,Clovis,311.0,30512.0,0.37037037037037035,204438.4798042313,0.8017068273092369
111,Clovis,28.0,22215.0,0.3065134099616858,195384.8945447991,0.7068273092369478
112,Clovis,910.0,22413.0,0.30779054916985954,202576.61879656505,0.7801204819277109
113,Clovis,13.0,0.0,0.0,193452.1653707989,0.6912650602409639
114,Clovis,183.0,28143.0,0.34738186462324394,194249.71484810143,0.6987951807228916
115,Clovis,10.0,19605.0,0.27330779054916987,191529.84257364454,0.6726907630522089
116,Clovis,801.0,29168.0,0.3563218390804598,193696.39399917133,0.6947791164658634
117,Clovis,55.0,0.0,0.0,173650.95660210593,0.5115461847389559
118,Clovis,107.0,0.0,0.0,178900.55085719493,0.5562248995983936
119,Clovis,58.0,0.0,0.0,178178.543591944,0.5507028112449799
120,Clovis,34.0,14014.0,0.21455938697318008,184560.50407143479,0.6079317269076305
121,Clovis,899.0,13320.0,0.20689655172413793,181073.27127138514,0.5758032128514057
122,Clovis,43.0,19756.0,0.27586206896551724,185638.64008545427,0.6189759036144579
123,Clovis,266.0,0.0,0.0,179659.76667151588,0.5632530120481928
124,Clovis,2.0,0.0,0.0,178692.11926498287,0.554718875502008
125,Clovis,56.0,23967.0,0.3167305236270754,188420.05110365525,0.6430722891566265
126,Clovis,129.0,0.0,0.0,181746.4472365327,0.5813253012048193
127,Clovis,2733.0,13981.0,0.2120051085568327,187757.47573860912,0.6370481927710844
128,Clovis,145.0,6653.0,0.13665389527458494,199847.22475047302,0.748995983935743
129,Clovis,117.0,16028.0,0.24265644955300128,204957.5626191251,0.8067269076305221
130,Clovis,228.0,15291.0,0.23754789272030652,201516.2671276456,0.766566265060241
131,Clovis,189.0,26926.0,0.3397190293742018,201265.8630556654,0.7640562248995983
132,Clovis,383.0,9950.0,0.17369093231162197,196685.06290221482,0.7198795180722891
133,Clovis,343.0,30489.0,0.36909323116219667,197685.67948888446,0.7299196787148594
134,Clovis,137.0,31225.0,0.37292464878671777,199212.74081288322,0.7434738955823293
135,Clovis,5956.0,29555.0,0.35759897828863346,198783.4340627176,0.7394578313253012
136,Clovis,82.0,22788.0,0.3116219667943806,191737.42253191053,0.6752008032128514
137,Clovis,94.0,25727.0,0.3243933588761175,185470.93615849453,0.6184738955823293
138,Clovis,174.0,20737.0,0.2886334610472541,184918.68189302625,0.6119477911646586
139,Clovis,182.0,10741.0,0.18007662835249041,179660.0789118717,0.5637550200803213
140,Clovis,124.0,0.0,0.0,207658.93217312163,0.8313253012048193
141,Clovis,58.0,32719.0,0.3818646232439336,207629.77698375727,0.8308232931726908
142,Clovis,122.0,43034.0,0.44061302681992337,213152.41071330602,0.8790160642570282
143,Clovis,34.0,30448.0,0.367816091954023,207292.41570140034,0.8258032128514057
144,Clovis,73.0,32084.0,0.3767560664112388,206935.5760244861,0.8207831325301205
145,Clovis,142.0,37608.0,0.4086845466155811,203371.93084637588,0.7881526104417671
146,Clovis,381.0,36977.0,0.40485312899106,203721.33859604702,0.7916666666666666
147,Clovis,13.0,37120.0,0.4074074074074074,201518.09094813405,0.7670682730923695
148,Clovis,263.0,38437.0,0.41507024265644954,203854.43487191823,0.7931726907630522
149,Clovis,21.0,35138.0,0.3895274584929757,196632.42424875326,0.7183734939759037
150,Clovis,796.0,42721.0,0.4393358876117497,198020.95228581774,0.733433734939759
151,Clovis,110.0,35483.0,0.3946360153256705,190050.53980435943,0.6581325301204819
152,Clovis,171.0,37676.0,0.4112388250319285,190657.49216265802,0.6621485943775101
153,Clovis,111.0,26144.0,0.33077905491698595,184853.57297152453,0.6109437751004017
154,Clovis,26.0,13919.0,0.210727969348659,180370.4649488965,0.5717871485943775
155,Clovis,48.0,0.0,0.0,175162.98933965623,0.5251004016064257
156,Clovis,62.0,35160.0,0.39080459770114945,204595.74975690807,0.8032128514056225
157,Clovis,3.0,36958.0,0.40357598978288634,207425.0907563616,0.8283132530120482
158,Clovis,129.0,40040.0,0.42656449553001274,208585.39615412365,0.8408634538152611
159,Clovis,15.0,42335.0,0.4355044699872286,207031.90549292692,0.8232931726907631
160,Clovis,409.0,35162.0,0.39208173690932313,204009.12638078842,0.7946787148594378
161,Clovis,95.0,32223.0,0.3793103448275862,196105.75780000474,0.7143574297188755
162,Clovis,1028.0,34018.0,0.38697318007662834,200796.75919976315,0.7585341365461847
163,Clovis,547.0,39536.0,0.4227330779054917,194411.31225845416,0.6997991967871486
164,Clovis,37.0,37058.0,0.4061302681992337,189702.0565007887,0.6536144578313253
165,Clovis,344.0,40143.0,0.4278416347381865,185215.52482603572,0.6144578313253012
166,Clovis,49.0,39748.0,0.42528735632183906,181186.7606014549,0.5763052208835341
167,Clovis,151.0,0.0,0.0,175940.213057333,0.5306224899598394
168,Clovis,0.0,58228.0,0.5466155810983397,213052.66756011042,0.8780120481927711
169,Fresno,523.0,51143.0,0.5108556832694764,215770.5293082233,0.8985943775100401
170,Clovis,54.0,59202.0,0.5555555555555556,210236.3315165522,0.8554216867469879
171,Clovis,375.0,68264.0,0.6245210727969349,214982.61012231995,0.892570281124498
172,Clovis,15.0,49145.0,0.4955300127713921,205780.60912611743,0.8122489959839357
173,Clovis,100.0,57261.0,0.541507024265645,206143.46437867646,0.8137550200803213
174,Clovis,565.0,51228.0,0.51213282247765,208616.73560608062,0.8413654618473896
175,Clovis,125.0,58196.0,0.545338441890166,206617.1091670707,0.8182730923694779
176,Clovis,506.0,42357.0,0.4367816091954023,200346.51804102163,0.7540160642570282
177,Clovis,344.0,49564.0,0.49936143039591313,202165.4643943449,0.7761044176706827
178,Clovis,954.0,50491.0,0.5057471264367817,197115.09282376163,0.7238955823293173
179,Clovis,635.0,49156.0,0.49680715197956576,200132.64306592653,0.7515060240963856
180,Clovis,293.0,39493.0,0.421455938697318,191802.56742953317,0.6767068273092369
181,Clovis,378.0,45597.0,0.4559386973180077,187023.10709648742,0.6290160642570282
182,Clovis,50.0,42646.0,0.438058748403576,182263.52528121663,0.5863453815261044
183,Clovis,97.0,0.0,0.0,179339.05251325315,0.5582329317269076
184,Clovis,202.0,57024.0,0.5376756066411239,208448.39614417352,0.839859437751004
185,Clovis,56.0,75573.0,0.6666666666666666,210739.22290392124,0.8594377510040161
186,Clovis,326.0,62426.0,0.5849297573435505,214032.3748579195,0.8880522088353414
187,Clovis,18.0,60251.0,0.5644955300127714,210321.7103379573,0.8559236947791165
188,Clovis,26.0,63024.0,0.5913154533844189,210101.77945354953,0.8529116465863453
189,Clovis,490.0,58590.0,0.5504469987228607,206216.6312670318,0.8157630522088354
190,Clovis,60.0,46905.0,0.46871008939974457,204602.8270101869,0.803714859437751
191,Clovis,1275.0,39097.0,0.41762452107279696,202643.85286651299,0.7811244979919679
192,Clovis,58.0,27976.0,0.34610472541507026,200803.0907213497,0.7590361445783133
193,Clovis,1205.0,55368.0,0.5300127713920817,199053.02561098104,0.7424698795180723
194,Clovis,75.0,28184.0,0.3486590038314176,196308.56086915164,0.7153614457831325
195,Clovis,623.0,40986.0,0.43039591315453385,191445.50245330288,0.6716867469879518
196,Clovis,397.0,21342.0,0.2962962962962963,186634.15557966978,0.625
197,Clovis,87.0,0.0,0.0,181764.44697024894,0.5828313253012049
198,Clovis,119.0,0.0,0.0,176663.9990793255,0.5376506024096386
199,Clovis,323.0,82667.0,0.6960408684546615,213541.52499303455,0.8825301204819277
200,Clovis,223.0,48327.0,0.48659003831417624,209898.31164335282,0.8509036144578314
201,Clovis,126.0,31440.0,0.37420178799489145,203940.05196217698,0.7941767068273092
202,Clovis,2.0,25768.0,0.32567049808429116,199515.7544195273,0.7474899598393574
203,Clovis,832.0,27548.0,0.34227330779054915,196080.15977116412,0.7128514056224899
204,Clovis,361.0,26311.0,0.334610472541507,191071.13665246076,0.6671686746987951
205,Clovis,176.0,14959.0,0.23116219667943805,186990.61085170327,0.6285140562248996
206,Clovis,119.0,0.0,0.0,183299.10538881895,0.5958835341365462
207,Clovis,38.0,0.0,0.0,180316.07866236748,0.570281124497992
208,Clovis,23.0,0.0,0.0,178944.26239369772,0.5572289156626506
209,Clovis,28.0,0.0,0.0,183001.0940366097,0.5933734939759037
210,Clovis,84.0,20360.0,0.2822477650063857,186756.8766193063,0.626004016064257
211,Clovis,111.0,26310.0,0.3333333333333333,189619.40472436792,0.6531124497991968
212,Clovis,837.0,19711.0,0.27458492975734355,198189.0200376578,0.7349397590361446
213,Clovis,8.0,23725.0,0.31417624521072796,195665.47846511542,0.7098393574297188
214,Clovis,0.0,27354.0,0.34099616858237547,199310.3188700178,0.7444779116465864
215,Clovis,878.0,36230.0,0.39846743295019155,204164.70382785302,0.7966867469879518
216,,0.0,0.0,0.0,0.0,0.0
217,,0.0,0.0,0.0,0.0,0.0
218,,0.0,0.0,0.0,0.0,0.0
219,,0.0,0.0,0.0,0.0,0.0
220,,0.0,0.0,0.0,0.0,0.0
221,,0.0,0.0,0.0,0.0,0.0
222,,0.0,0.0,0.0,0.0,0.0
223,,0.0,0.0,0.0,0.0,0.0
224,,0.0,0.0,0.0,0.0,0.0
225,,0.0,0.0,0.0,0.0,0.0
226,,0.0,0.0,0.0,0.0,0.0
227,,0.0,0.0,0.0,0.0,0.0
228,,0.0,0.0,0.0,0.0,0.0
229,,0.0,0.0,0.0,0.0,0.0
230,,0.0,0.0,0.0,0.0,0.0
231,,0.0,0.0,0.0,0.0,0.0
232,,0.0,0.0,0.0,0.0,0.0
233,,0.0,0.0,0.0,0.0,0.0
234,,0.0,0.0,0.0,0.0,0.0
235,,0.0,0.0,0.0,0.0,0.0
236,,0.0,0.0,0.0,0.0,0.0
237,,0.0,0.0,0.0,0.0,0.0
238,,0.0,0.0,0.0,0.0,0.0
239,,0.0,0.0,0.0,0.0,0.0
240,,0.0,0.0,0.0,0.0,0.0
241,Clovis,0.0,0.0,0.0,161834.82907800298,0.4126506024096386
242,Clovis,2.0,0.0,0.0,158732.99896145987,0.39206827309236947
243,Clovis,12.0,0.0,0.0,155633.49828907577,0.37248995983935745
244,Clovis,25.0,0.0,0.0,169287.55166692243,0.4764056224899598
245,Clovis,401.0,0.0,0.0,163882.57788720253,0.42570281124497994
246,Clovis,0.0,0.0,0.0,166921.02719334583,0.4543172690763052
247,Clovis,4.0,0.0,0.0,172942.03638268623,0.5055220883534136
248,Clovis,0.0,0.0,0.0,164624.68110665632,0.43323293172690763
249,Clovis,3.0,0.0,0.0,170086.34014672413,0.48493975903614456
250,Clovis,0.0,0.0,0.0,177561.68582057056,0.5436746987951807
251,Clovis,0.0,0.0,0.0,175413.47288130518,0.5271084337349398
252,Clovis,0.0,0.0,0.0,175793.41891304447,0.5291164658634538
253,Clovis,24.0,0.0,0.0,181741.3446945109,0.5808232931726908
254,Clovis,30.0,0.0,0.0,181516.40052248162,0.5793172690763052
255,Clovis,71.0,0.0,0.0,180347.61726308535,0.5707831325301205
256,Clovis,35.0,0.0,0.0,175222.90150655812,0.5256024096385542
257,Clovis,56.0,0.0,0.0,178814.11955513846,0.5557228915662651
258,Clovis,86.0,0.0,0.0,179415.67476604768,0.5592369477911646
259,Clovis,12.0,0.0,0.0,187923.3950540284,0.6385542168674698
260,Clovis,10.0,0.0,0.0,185331.0219220963,0.6164658634538153
261,Clovis,12.0,0.0,0.0,184514.98675363636,0.6069277108433735
262,Clovis,6.0,0.0,0.0,184679.44117218375,0.6089357429718876
263,Clovis,135.0,0.0,0.0,189347.82392225845,0.6511044176706827
264,Clovis,50.0,0.0,0.0,169498.70946291025,0.48042168674698793
265,Clovis,100.0,0.0,0.0,168356.18756144628,0.4643574297188755
266,Clovis,18.0,0.0,0.0,168853.5139952832,0.4703815261044177
267,Clovis,40.0,0.0,0.0,165956.77650826413,0.4482931726907631
268,Clovis,95.0,0.0,0.0,169538.16100681527,0.48092369477911645
269,Clovis,22.0,0.0,0.0,172043.95359547128,0.4994979919678715
270,Clovis,4.0,0.0,0.0,165262.07739832945,0.4397590361445783
271,Clovis,23.0,0.0,0.0,169396.43900768165,0.4779116465863454
272,Clovis,65.0,0.0,0.0,172331.58899204657,0.5025100401606426
273,Clovis,10.0,0.0,0.0,174785.2118536594,0.5230923694779116
274,Clovis,22.0,0.0,0.0,172160.74193937285,0.5
275,Clovis,38.0,0.0,0.0,167387.13047981262,0.4568273092369478
276,Clovis,3.0,0.0,0.0,164425.80106292656,0.43172690763052207
277,Clovis,17.0,0.0,0.0,162129.56090859137,0.4141566265060241
278,Clovis,87.0,0.0,0.0,174166.92558058124,0.5195783132530121
279,Clovis,59.0,0.0,0.0,169929.7882284874,0.48443775100401604
280,Clovis,12.0,0.0,0.0,165921.6329439369,0.44779116465863456
281,Clovis,0.0,0.0,0.0,160202.07791514279,0.4001004016064257
282,Clovis,56.0,0.0,0.0,173896.8562507208,0.5155622489959839
283,Clovis,4.0,0.0,0.0,170197.25436606165,0.4854417670682731
284,Clovis,5.0,0.0,0.0,166214.50850573985,0.4497991967871486
285,Clovis,16.0,0.0,0.0,163453.90293828704,0.4226907630522088
286,Clovis,2.0,0.0,0.0,160154.81384250883,0.39959839357429716
287,Clovis,0.0,0.0,0.0,156758.57889054038,0.3820281124497992
288,Clovis,79.0,0.0,0.0,173958.578310295,0.5170682730923695
289,Clovis,280.0,0.0,0.0,170354.57210126854,0.48694779116465864
290,Clovis,0.0,0.0,0.0,168475.8608010435,0.464859437751004
291,Clovis,0.0,0.0,0.0,165553.3002039276,0.44327309236947793
292,Clovis,19.0,0.0,0.0,160826.23595930342,0.40512048192771083
293,Clovis,7.0,0.0,0.0,158618.1502086479,0.39156626506024095
294,Clovis,23.0,0.0,0.0,174482.31341559166,0.5220883534136547
295,Clovis,42.0,0.0,0.0,170848.62339715063,0.4904618473895582
296,Clovis,37.0,0.0,0.0,167797.79490998588,0.4598393574297189
297,Clovis,1.0,0.0,0.0,164348.45874431997,0.4307228915662651
298,Clovis,0.0,0.0,0.0,164958.96906076313,0.4352409638554217
299,Clovis,0.0,0.0,0.0,161528.0171049261,0.41164658634538154
300,Unincorporate,4.0,0.0,0.0,161281.96427521412,0.40963855421686746
301,,0.0,0.0,0.0,0.0,0.0
302,,0.0,0.0,0.0,0.0,0.0
303,,0.0,0.0,0.0,0.0,0.0
304,,0.0,0.0,0.0,0.0,0.0
305,,0.0,0.0,0.0,0.0,0.0
306,,0.0,0.0,0.0,0.0,0.0
307,,0.0,0.0,0.0,0.0,0.0
308,,0.0,0.0,0.0,0.0,0.0
309,,0.0,0.0,0.0,0.0,0.0
310,,0.0,0.0,0.0,0.0,0.0
311,,0.0,0.0,0.0,0.0,0.0
312,,0.0,0.0,0.0,0.0,0.0
313,,0.0,0.0,0.0,0.0,0.0
314,,0.0,0.0,0.0,0.0,0.0
315,,0.0,0.0,0.0,0.0,0.0
316,,0.0,0.0,0.0,0.0,0.0
317,,0.0,0.0,0.0,0.0,0.0
318,,0.0,0.0,0.0,0.0,0.0
319,,0.0,0.0,0.0,0.0,0.0
320,,0.0,0.0,0.0,0.0,0.0
321,Coalinga,0.0,0.0,0.0,16355.09428980437,0.03714859437751004
322,Unincorporate,0.0,0.0,0.0,17105.65058164028,0.04216867469879518
323,Coalinga,228.0,0.0,0.0,17013.6556808585,0.04116465863453815
324,Coalinga,6.0,0.0,0.0,16209.501696573661,0.035140562248995984
325,Coalinga,967.0,1345.0,0.03384418901660281,17968.483927562054,0.045180722891566265
326,Coalinga,78.0,1345.0,0.03384418901660281,17000.326387310422,0.040160642570281124
327,Coalinga,280.0,0.0,0.0,16485.45437752941,0.03765060240963856
328,Coalinga,258.0,0.0,0.0,16046.845318882222,0.03413654618473896
329,Coalinga,377.0,2028.0,0.04725415070242656,17079.83286482439,0.041666666666666664
330,Coalinga,39.0,2160.0,0.05363984674329502,16157.263969625856,0.03463855421686747
331,Coalinga,237.0,2153.0,0.05108556832694764,17003.637006261582,0.04066265060240964
332,Coalinga,26.0,0.0,0.0,16272.123628787398,0.036646586345381524
333,Coalinga,198.0,0.0,0.0,15989.531752243834,0.03313253012048193
334,Coalinga,58.0,2160.0,0.05363984674329502,15960.154713382859,0.03263052208835342
335,Coalinga,0.0,0.0,0.0,14966.58543041496,0.025602409638554216
336,Coalinga,133.0,2160.0,0.05363984674329502,16260.43641278,0.0356425702811245
337,Coalinga,14.0,0.0,0.0,15247.15659649215,0.0286144578313253
338,Coalinga,0.0,0.0,0.0,15340.820598999137,0.02961847389558233
339,Coalinga,233.0,0.0,0.0,15498.928365174092,0.030622489959839357
340,Unincorporate,3.0,0.0,0.0,14292.998402393232,0.021586345381526106
341,Unincorporate,4074.0,0.0,0.0,16831.0774167041,0.03965863453815261
342,,0.0,0.0,0.0,0.0,0.0
343,,0.0,0.0,0.0,0.0,0.0
344,,0.0,0.0,0.0,0.0,0.0
345,,0.0,0.0,0.0,0.0,0.0
346,,0.0,0.0,0.0,0.0,0.0
347,,0.0,0.0,0.0,0.0,0.0
348,,0.0,0.0,0.0,0.0,0.0
349,,0.0,0.0,0.0,0.0,0.0
350,,0.0,0.0,0.0,0.0,0.0
351,Unincorporate,3.0,0.0,0.0,15918.992941227907,0.03162650602409638
352,Unincorporate,0.0,0.0,0.0,15002.981453258313,0.02710843373493976
353,Coalinga,0.0,0.0,0.0,15469.336812859849,0.030120481927710843
354,Coalinga,0.0,0.0,0.0,14959.937508590274,0.025100401606425703
355,Coalinga,0.0,0.0,0.0,15022.399492656092,0.027610441767068273
356,,0.0,0.0,0.0,0.0,0.0
357,,0.0,0.0,0.0,0.0,0.0
358,,0.0,0.0,0.0,0.0,0.0
359,,0.0,0.0,0.0,0.0,0.0
360,,0.0,0.0,0.0,0.0,0.0
361,,0.0,0.0,0.0,0.0,0.0
362,,0.0,0.0,0.0,0.0,0.0
363,,0.0,0.0,0.0,0.0,0.0
364,,0.0,0.0,0.0,0.0,0.0
365,,0.0,0.0,0.0,0.0,0.0
366,,0.0,0.0,0.0,0.0,0.0
367,,0.0,0.0,0.0,0.0,0.0
368,,0.0,0.0,0.0,0.0,0.0
369,,0.0,0.0,0.0,0.0,0.0
370,,0.0,0.0,0.0,0.0,0.0
371,Firebaugh,32.0,0.0,0.0,26910.040441573365,0.07680722891566265
372,Firebaugh,100.0,0.0,0.0,26671.826103491534,0.07580321285140562
373,Firebaugh,19.0,0.0,0.0,27185.395727040413,0.07781124497991967
374,Firebaugh,91.0,2181.0,0.0561941251596424,28069.51500175324,0.07931726907630522
375,Firebaugh,883.0,1389.0,0.037037037037037035,29059.06783687202,0.0818273092369478
376,Firebaugh,46.0,2221.0,0.06002554278416347,27167.126211617542,0.07730923694779117
377,Firebaugh,256.0,2016.0,0.04469987228607918,30621.575817539295,0.08634538152610442
378,Firebaugh,1111.0,0.0,0.0,30028.347089218572,0.08433734939759036
379,Firebaugh,11.0,0.0,0.0,29688.712373483577,0.08333333333333333
380,Firebaugh,165.0,2107.0,0.04853128991060025,28441.069254377893,0.08032128514056225
381,Firebaugh,37.0,0.0,0.0,31703.478059360015,0.08785140562248996
382,,0.0,0.0,0.0,0.0,0.0
383,,0.0,0.0,0.0,0.0,0.0
384,,0.0,0.0,0.0,0.0,0.0
385,,0.0,0.0,0.0,0.0,0.0
386,,0.0,0.0,0.0,0.0,0.0
387,,0.0,0.0,0.0,0.0,0.0
388,,0.0,0.0,0.0,0.0,0.0
389,,0.0,0.0,0.0,0.0,0.0
390,,0.0,0.0,0.0,0.0,0.0
391,Firebaugh,18.0,0.0,0.0,25331.309291255813,0.0747991967871486
392,Firebaugh,0.0,0.0,0.0,25584.023868663713,0.07530120481927711
393,Firebaugh,11.0,0.0,0.0,28483.59616565729,0.08082329317269077
394,,0.0,0.0,0.0,0.0,0.0
395,,0.0,0.0,0.0,0.0,0.0
396,,0.0,0.0,0.0,0.0,0.0
397,,0.0,0.0,0.0,0.0,0.0
398,,0.0,0.0,0.0,0.0,0.0
399,,0.0,0.0,0.0,0.0,0.0
400,,0.0,0.0,0.0,0.0,0.0
401,,0.0,0.0,0.0,0.0,0.0
402,,0.0,0.0,0.0,0.0,0.0
403,,0.0,0.0,0.0,0.0,0.0
404,,0.0,0.0,0.0,0.0,0.0
405,,0.0,0.0,0.0,0.0,0.0
406,,0.0,0.0,0.0,0.0,0.0
407,,0.0,0.0,0.0,0.0,0.0
408,,0.0,0.0,0.0,0.0,0.0
409,,0.0,0.0,0.0,0.0,0.0
410,,0.0,0.0,0.0,0.0,0.0
411,Fowler,23.0,0.0,0.0,168673.07480243576,0.4678714859437751
412,Fowler,156.0,0.0,0.0,159765.74997381156,0.39759036144578314
413,Fowler,26.0,0.0,0.0,155788.42733779087,0.37399598393574296
414,Fowler,114.0,48466.0,0.4904214559386973,169825.07123582734,0.4819277108433735
415,Fowler,170.0,48134.0,0.4827586206896552,168606.56359925296,0.46686746987951805
416,Fowler,223.0,47808.0,0.48148148148148145,164711.78144209247,0.43373493975903615
417,Fowler,53.0,5491.0,0.12388250319284802,162703.54789810113,0.42018072289156627
418,Fowler,215.0,36137.0,0.39719029374201786,163461.89510853792,0.42319277108433734
419,Fowler,552.0,36237.0,0.3997445721583653,164001.77176086933,0.42771084337349397
420,Fowler,106.0,0.0,0.0,160152.69799735106,0.3990963855421687
421,Fowler,605.0,0.0,0.0,161838.6350969706,0.41315261044176704
422,Fowler,0.0,0.0,0.0,156551.177880358,0.3795180722891566
423,Fowler,169.0,0.0,0.0,157423.8449255083,0.3870481927710843
424,Fowler,0.0,0.0,0.0,161308.1406329465,0.4106425702811245
425,Fowler,61.0,0.0,0.0,155802.60068891477,0.3744979919678715
426,Fowler,308.0,0.0,0.0,157247.1775677083,0.38604417670682734
427,Fowler,62.0,0.0,0.0,154875.11403880423,0.36947791164658633
428,,0.0,0.0,0.0,0.0,0.0
429,,0.0,0.0,0.0,0.0,0.0
430,,0.0,0.0,0.0,0.0,0.0
431,,0.0,0.0,0.0,0.0,0.0
432,,0.0,0.0,0.0,0.0,0.0
433,,0.0,0.0,0.0,0.0,0.0
434,,0.0,0.0,0.0,0.0,0.0
435,,0.0,0.0,0.0,0.0,0.0
436,,0.0,0.0,0.0,0.0,0.0
437,,0.0,0.0,0.0,0.0,0.0
438,,0.0,0.0,0.0,0.0,0.0
439,,0.0,0.0,0.0,0.0,0.0
440,,0.0,0.0,0.0,0.0,0.0
441,Fowler,637.0,0.0,0.0,184389.40096844127,0.6059236947791165
442,Fowler,0.0,0.0,0.0,183318.59385987575,0.5963855421686747
443,Unincorporate,125.0,0.0,0.0,183552.796563264,0.5988955823293173
444,Fowler,0.0,0.0,0.0,174264.74211472762,0.5205823293172691
445,Fowler,0.0,0.0,0.0,178442.0155176122,0.552710843373494
446,Fowler,0.0,0.0,0.0,176698.0784492147,0.5381526104417671
447,Fowler,0.0,0.0,0.0,177740.2865733776,0.5446787148594378
448,Unincorporate,0.0,0.0,0.0,176559.16717440655,0.536144578313253
449,Fowler,0.0,0.0,0.0,173302.4901273196,0.5095381526104418
450,Fowler,11.0,0.0,0.0,170405.21973653443,0.48744979919678716
451,Fowler,8.0,0.0,0.0,172260.98541283456,0.5020080321285141
452,Fowler,0.0,0.0,0.0,158505.45441522409,0.3910642570281124
453,Fowler,8.0,0.0,0.0,157129.19614070296,0.3845381526104418
454,Fowler,0.0,0.0,0.0,156921.1629777062,0.3825301204819277
455,Fowler,0.0,0.0,0.0,155959.91707630956,0.37650602409638556
456,Fowler,21.0,0.0,0.0,156287.5708401407,0.37801204819277107
457,Fowler,0.0,0.0,0.0,156637.94775628246,0.38052208835341367
458,Fowler,0.0,0.0,0.0,160473.66008341423,0.4036144578313253
459,Fowler,2.0,0.0,0.0,158847.82352669234,0.3930722891566265
460,Fowler,9.0,0.0,0.0,157804.0926731067,0.39006024096385544
461,Fowler,142.0,0.0,0.0,161242.4673327449,0.4086345381526104
462,,0.0,0.0,0.0,0.0,0.0
463,,0.0,0.0,0.0,0.0,0.0
464,,0.0,0.0,0.0,0.0,0.0
465,,0.0,0.0,0.0,0.0,0.0
466,,0.0,0.0,0.0,0.0,0.0
467,,0.0,0.0,0.0,0.0,0.0
468,,0.0,0.0,0.0,0.0,0.0
469,,0.0,0.0,0.0,0.0,0.0
470,,0.0,0.0,0.0,0.0,0.0
471,,0.0,0.0,0.0,0.0,0.0
472,,0.0,0.0,0.0,0.0,0.0
473,,0.0,0.0,0.0,0.0,0.0
474,,0.0,0.0,0.0,0.0,0.0
475,,0.0,0.0,0.0,0.0,0.0
476,,0.0,0.0,0.0,0.0,0.0
477,,0.0,0.0,0.0,0.0,0.0
478,,0.0,0.0,0.0,0.0,0.0
479,,0.0,0.0,0.0,0.0,0.0
480,,0.0,0.0,0.0,0.0,0.0
481,Fresno,126.0,0.0,0.0,156669.8052808347,0.3810240963855422
482,Fresno,51.0,0.0,0.0,163520.35069304326,0.4241967871485944
483,Fresno,77.0,0.0,0.0,165232.45310994037,0.4392570281124498
484,Fresno,31.0,0.0,0.0,171321.37038407326,0.4939759036144578
485,Fresno,233.0,0.0,0.0,165472.7511825043,0.4422690763052209
486,Fresno,62.0,0.0,0.0,166099.0717415592,0.44929718875502006
487,Fresno,56.0,0.0,0.0,168586.92253519848,0.4663654618473896
488,Fresno,48.0,0.0,0.0,150034.73741980665,0.35190763052208834
489,Fresno,50.0,0.0,0.0,153166.4197725282,0.3644578313253012
490,Fresno,19.0,0.0,0.0,155926.46803928653,0.3755020080321285
491,Fresno,33.0,0.0,0.0,155938.614306479,0.37600401606425704
492,Fresno,11.0,0.0,0.0,156062.92782633333,0.3770080321285141
493,Fresno,53.0,0.0,0.0,159671.77905916556,0.3970883534136546
494,Fresno,16.0,2308.0,0.06641123882503193,160968.88702094066,0.4066265060240964
495,Fresno,89.0,12798.0,0.20434227330779056,162322.58919447128,0.4151606425702811
496,Fresno,273.0,13996.0,0.21328224776500637,169141.13700879912,0.4743975903614458
497,Fresno,66.0,12821.0,0.20561941251596424,166965.95477462237,0.45481927710843373
498,Fresno,183.0,14258.0,0.2247765006385696,169405.6018867696,0.4784136546184739
499,Fresno,60.0,21498.0,0.29757343550446996,170511.4847735779,0.4884538152610442
500,Fresno,235.0,14206.0,0.22094508301404853,172747.59951488284,0.5035140562248996
501,Fresno,126.0,12761.0,0.20306513409961685,172911.8413749395,0.5045180722891566
502,Fresno,237.0,14381.0,0.2260536398467433,175804.8629811535,0.5296184738955824
503,Fresno,140.0,0.0,0.0,174293.67271067243,0.5215863453815262
504,Fresno,461.0,17201.0,0.2503192848020434,180222.79265058326,0.5687751004016064
505,Fresno,192.0,24363.0,0.31928480204342274,187316.84235713675,0.6325301204819277
506,Fresno,287.0,26711.0,0.3371647509578544,191274.6486469602,0.6696787148594378
507,Fresno,1239.0,46420.0,0.46360153256704983,197173.8832369334,0.7248995983935743
508,Fresno,1595.0,57634.0,0.5427841634738186,198708.97748289898,0.7389558232931727
509,Fresno,2488.0,45816.0,0.45849297573435505,198821.58794697933,0.7399598393574297
510,Fresno,2368.0,62656.0,0.5862068965517241,202381.38161456038,0.7781124497991968
511,Fresno,593.0,0.0,0.0,190367.03245686664,0.6606425702811245
512,Fresno,133.0,46961.0,0.46998722860791825,197259.37537020814,0.7269076305220884
513,Fresno,2781.0,40639.0,0.42911877394636017,199495.2537882937,0.7469879518072289
514,Fresno,485.0,61009.0,0.5696040868454662,204327.01518868224,0.8002008032128514
515,Fresno,659.0,71014.0,0.6500638569604087,203109.08767664945,0.7866465863453815
516,Fresno,373.0,76086.0,0.6717752234993615,206984.4645494504,0.822289156626506
517,Fresno,47.0,59579.0,0.558109833971903,202661.48962249677,0.7821285140562249
518,Fresno,28.0,66780.0,0.611749680715198,202236.5076429234,0.7771084337349398
519,Fresno,60.0,68199.0,0.6232439335887612,211279.20223323474,0.8629518072289156
520,Fresno,0.0,0.0,0.0,167164.45885884546,0.45582329317269077
521,Fresno,1215.0,0.0,0.0,171951.6646124769,0.49748995983935745
522,Fresno,56.0,0.0,0.0,160306.48126438312,0.40160642570281124
523,Fresno,0.0,0.0,0.0,163317.0205529583,0.4211847389558233
524,Fresno,36.0,0.0,0.0,165856.41399331464,0.4467871485943775
525,Fresno,128.0,0.0,0.0,166312.91458016253,0.4508032128514056
526,Fresno,57.0,0.0,0.0,164861.63803332997,0.4347389558232932
527,Fresno,555.0,14063.0,0.21711366538952745,171963.91214895534,0.4979919678714859
528,Fresno,175.0,14094.0,0.21839080459770116,173324.6289754906,0.5100401606425703
529,Fresno,161.0,20282.0,0.280970625798212,177792.52010549154,0.5461847389558233
530,Fresno,6.0,21891.0,0.3001277139208174,178926.29321290675,0.5567269076305221
531,Fresno,71.0,21826.0,0.2988505747126437,184872.18298650274,0.6114457831325302
532,Fresno,286.0,22733.0,0.3103448275862069,190006.50146005314,0.6576305220883534
533,Fresno,739.0,23816.0,0.31545338441890164,193840.86768783748,0.696285140562249
534,Fresno,1026.0,59069.0,0.5542784163473818,201246.58041649283,0.7635542168674698
535,Fresno,872.0,58608.0,0.5517241379310345,205422.52555908673,0.8107429718875502
536,Fresno,103.0,0.0,0.0,206850.33626114146,0.8197791164658634
537,Fresno,310.0,44558.0,0.4521072796934866,207194.6147438017,0.8253012048192772
538,Fresno,38.0,0.0,0.0,163997.2884210595,0.42720883534136544
539,Fresno,2.0,0.0,0.0,165726.20272662994,0.44477911646586343
540,Fresno,94.0,0.0,0.0,168853.618878806,0.4708835341365462
541,Fresno,85.0,0.0,0.0,169165.6140926315,0.47540160642570284
542,Fresno,289.0,0.0,0.0,164403.91931567088,0.43122489959839355
543,Fresno,258.0,0.0,0.0,174056.23695844703,0.518574297188755
544,Fresno,171.0,0.0,0.0,174760.8624440177,0.5225903614457831
545,Fresno,7.0,0.0,0.0,176250.82400285394,0.5346385542168675
546,Fresno,52.0,0.0,0.0,177862.52032257002,0.5476907630522089
547,Fresno,14.0,0.0,0.0,180411.94690578454,0.572289156626506
548,Fresno,750.0,2740.0,0.07279693486590039,183207.69211246475,0.5948795180722891
549,Fresno,61.0,8436.0,0.1583652618135377,188028.9670006448,0.6390562248995983
550,Fresno,133.0,20607.0,0.28735632183908044,193598.64440543242,0.6932730923694779
551,Fresno,253.0,17486.0,0.2515964240102171,196635.2240279794,0.7188755020080321
552,Fresno,273.0,60419.0,0.5670498084291188,203641.78875230817,0.7911646586345381
553,Fresno,128.0,60181.0,0.5632183908045977,207832.01477005123,0.8343373493975904
554,Fresno,47.0,0.0,0.0,212980.99189614409,0.8775100401606426
555,Fresno,374.0,0.0,0.0,215722.2533834093,0.8975903614457831
556,Fresno,59.0,0.0,0.0,168996.12208534655,0.47339357429718876
557,Fresno,1939.0,0.0,0.0,176467.61038670334,0.5356425702811245
558,Fresno,183.0,0.0,0.0,176024.95138929132,0.5331325301204819
559,Fresno,1433.0,19346.0,0.26947637292464877,183707.03018771423,0.6024096385542169
560,Fresno,127.0,0.0,0.0,176851.7471779758,0.5396586345381527
561,Fresno,104.0,37634.0,0.4099616858237548,179559.95110928908,0.5622489959839357
562,Fresno,510.0,39304.0,0.41890166028097064,180020.31375878965,0.5667670682730924
563,Fresno,31.0,28972.0,0.3537675606641124,175133.38389521153,0.5245983935742972
564,Fresno,79.0,45584.0,0.454661558109834,181186.80951875704,0.5768072289156626
565,Fresno,383.0,45048.0,0.45338441890166026,181432.36621599243,0.5788152610441767
566,Fresno,276.0,48745.0,0.49169859514687103,183683.02916423487,0.6014056224899599
567,Fresno,21.0,48239.0,0.48531289910600256,182994.87922494631,0.5928714859437751
568,Fresno,408.0,48195.0,0.4840357598978289,185323.98812135129,0.6159638554216867
569,Fresno,481.0,50566.0,0.5070242656449553,185104.98962271816,0.6129518072289156
570,Fresno,92.0,3174.0,0.08173690932311622,179556.78259669177,0.5617469879518072
571,Fresno,178.0,4806.0,0.1123882503192848,185821.10312912814,0.6209839357429718
572,Fresno,107.0,64350.0,0.5977011494252874,192430.735880468,0.6807228915662651
573,Fresno,185.0,5826.0,0.12899106002554278,189897.24697972555,0.6546184738955824
574,Fresno,962.0,53601.0,0.524904214559387,193230.07606534514,0.6882530120481928
575,Fresno,533.0,32668.0,0.38058748403575987,195193.21968288612,0.7053212851405622
576,Fresno,263.0,61763.0,0.578544061302682,197968.36273045823,0.7329317269076305
577,Fresno,102.0,59522.0,0.5568326947637292,194138.50945016943,0.6982931726907631
578,Fresno,151.0,44461.0,0.4482758620689655,197832.84713128358,0.732429718875502
579,Fresno,633.0,91466.0,0.7547892720306514,201180.54170071313,0.7625502008032129
580,Fresno,460.0,68626.0,0.6270753512132823,203239.5320532795,0.7871485943775101
581,Fresno,702.0,122633.0,0.9450830140485313,206629.25729015924,0.8187751004016064
582,Fresno,708.0,68057.0,0.6194125159642401,209194.97930126335,0.8433734939759037
583,Fresno,1998.0,104093.0,0.8390804597701149,210446.49765411942,0.857429718875502
584,Fresno,339.0,112042.0,0.8863346104725415,212167.71323013166,0.8699799196787149
585,Fresno,109.0,0.0,0.0,213537.3067118177,0.8820281124497992
586,Fresno,207.0,116773.0,0.9169859514687101,217014.71514722385,0.9096385542168675
587,Fresno,321.0,0.0,0.0,219013.84814251077,0.9272088353413654
588,Fresno,430.0,116165.0,0.9106002554278416,220863.33577657669,0.9543172690763052
589,Fresno,2426.0,23449.0,0.3128991060025543,183534.62567620364,0.5983935742971888
590,Fresno,227.0,0.0,0.0,181285.0781167483,0.5783132530120482
591,Fresno,242.0,42071.0,0.4329501915708812,186767.77104074438,0.6265060240963856
592,Fresno,1480.0,29767.0,0.36015325670498083,185804.11566132633,0.6204819277108434
593,Fresno,1845.0,0.0,0.0,191458.3871992096,0.6721887550200804
594,Fresno,328.0,49033.0,0.4942528735632184,187037.97099220578,0.6310240963855421
595,Fresno,0.0,34916.0,0.388250319284802,187379.58089093672,0.6335341365461847
596,Fresno,511.0,61754.0,0.5772669220945083,190316.32778431836,0.6596385542168675
597,Fresno,69.0,33404.0,0.38569604086845466,189582.02449508352,0.6526104417670683
598,Fresno,268.0,28507.0,0.351213282247765,191254.7374280272,0.6691767068273092
599,Fresno,268.0,51643.0,0.5172413793103449,187416.9481673347,0.6345381526104418
600,Fresno,207.0,27653.0,0.34355044699872284,196365.1926784787,0.7158634538152611
601,Fresno,1253.0,81147.0,0.6922094508301405,202147.50080653778,0.7751004016064257
602,Fresno,39.0,64422.0,0.598978288633461,196995.10769299045,0.7228915662650602
603,Fresno,100.0,46198.0,0.4623243933588761,200604.04611776845,0.7565261044176707
604,Fresno,103.0,30278.0,0.3665389527458493,202158.0879992803,0.7756024096385542
605,Fresno,172.0,86938.0,0.7203065134099617,201797.72090033372,0.7700803212851406
606,Fresno,26.0,47573.0,0.4763729246487867,202476.52149799326,0.7786144578313253
607,Fresno,8.0,44508.0,0.4495530012771392,204301.19635751226,0.7991967871485943
608,Fresno,468.0,118091.0,0.9246487867177522,207868.2620165813,0.8353413654618473
609,Fresno,154.0,90196.0,0.7432950191570882,208563.906864218,0.8403614457831325
610,Fresno,336.0,117326.0,0.9182630906768838,214030.60588144007,0.8875502008032129
611,Fresno,29.0,92752.0,0.7650063856960408,215866.28981840078,0.9006024096385542
612,Fresno,346.0,116708.0,0.9157088122605364,219868.96491071695,0.9432730923694779
613,Fresno,57.0,41120.0,0.43167305236270753,220723.54992786903,0.9508032128514057
614,Fresno,190.0,121700.0,0.9399744572158365,224482.74807327247,0.9854417670682731
615,Fresno,240.0,71302.0,0.6513409961685823,223943.85171832563,0.9809236947791165
616,,0.0,0.0,0.0,0.0,0.0
617,,0.0,0.0,0.0,0.0,0.0
618,,0.0,0.0,0.0,0.0,0.0
619,,0.0,0.0,0.0,0.0,0.0
620,,0.0,0.0,0.0,0.0,0.0
621,,0.0,0.0,0.0,0.0,0.0
622,,0.0,0.0,0.0,0.0,0.0
623,,0.0,0.0,0.0,0.0,0.0
624,,0.0,0.0,0.0,0.0,0.0
625,,0.0,0.0,0.0,0.0,0.0
626,,0.0,0.0,0.0,0.0,0.0
627,,0.0,0.0,0.0,0.0,0.0
628,,0.0,0.0,0.0,0.0,0.0
629,,0.0,0.0,0.0,0.0,0.0
630,,0.0,0.0,0.0,0.0,0.0
631,Fresno,138.0,87211.0,0.722860791826309,218581.80495141595,0.9231927710843374
632,Fresno,0.0,86833.0,0.719029374201788,218717.6988397284,0.9246987951807228
633,Fresno,18.0,83848.0,0.7037037037037037,221000.74975838925,0.9548192771084337
634,Fresno,376.0,85759.0,0.7126436781609196,225370.75174835045,0.9904618473895582
635,Fresno,37.0,99373.0,0.8058748403575989,225709.12370876363,0.9919678714859438
636,Fresno,105.0,95746.0,0.789272030651341,223347.61521646078,0.9759036144578314
637,Fresno,32.0,89448.0,0.7394636015325671,229651.40513883688,0.998995983935743
638,Fresno,126.0,83338.0,0.6998722860791826,222121.21754412638,0.9658634538152611
639,Fresno,13.0,95508.0,0.7867177522349936,231404.66680299432,0.9994979919678715
640,Fresno,194.0,89553.0,0.7407407407407407,225022.18602149433,0.9879518072289156
641,Fresno,96.0,96224.0,0.7905491698595147,225556.1289836639,0.9909638554216867
642,Fresno,386.0,104109.0,0.8403575989782887,222636.05997689167,0.9703815261044176
643,Fresno,147.0,112241.0,0.8876117496807152,222140.4444893136,0.9668674698795181
644,Fresno,815.0,105247.0,0.8441890166028098,222992.61685198225,0.9738955823293173
645,Fresno,95.0,76128.0,0.6743295019157088,217652.11007762363,0.9151606425702812
646,Fresno,930.0,84413.0,0.7062579821200511,219641.13018463133,0.9392570281124498
647,Fresno,21.0,89331.0,0.735632183908046,218110.04659579982,0.9201807228915663
648,Fresno,0.0,87061.0,0.7215836526181354,218057.1491239113,0.9196787148594378
649,Fresno,60.0,86712.0,0.7164750957854407,218030.61117025564,0.9191767068273092
650,Fresno,144.0,94304.0,0.7777777777777778,219734.66295842826,0.9402610441767069
651,Fresno,181.0,101296.0,0.8186462324393359,222032.38707261966,0.9643574297188755
652,Fresno,359.0,106813.0,0.8582375478927203,220742.59609734258,0.9523092369477911
653,Fresno,23.0,104489.0,0.842911877394636,223599.71513191253,0.9794176706827309
654,Fresno,145.0,106611.0,0.8544061302681992,220556.78728228837,0.9482931726907631
655,Fresno,545.0,99418.0,0.8071519795657727,222215.60233800404,0.9683734939759037
656,Fresno,29.0,98993.0,0.8033205619412516,217373.6829873876,0.9126506024096386
657,Fresno,330.0,106669.0,0.855683269476373,220503.36590142135,0.9477911646586346
658,Fresno,8.0,97647.0,0.7969348659003831,217364.07540710896,0.9121485943775101
659,Fresno,0.0,99697.0,0.8084291187739464,213956.85065535695,0.8855421686746988
660,Fresno,1.0,100539.0,0.8135376756066411,218821.77039602606,0.9262048192771084
661,Fresno,0.0,113748.0,0.9016602809706258,217775.71756558027,0.9166666666666666
662,Fresno,489.0,114638.0,0.9054916985951469,219502.72117748728,0.9362449799196787
663,Fresno,1030.0,119020.0,0.9284802043422733,220312.62614710775,0.9457831325301205
664,Fresno,97.0,113048.0,0.8939974457215837,219057.53723645525,0.928714859437751
665,Fresno,712.0,129106.0,0.9629629629629629,219362.57142944518,0.9357429718875502
666,Fresno,27.0,109648.0,0.8773946360153256,219655.02512000885,0.9397590361445783
667,Fresno,406.0,113492.0,0.9003831417624522,220013.79754156418,0.9442771084337349
668,Fresno,67.0,95477.0,0.7854406130268199,221650.40262613664,0.9618473895582329
669,Fresno,228.0,113394.0,0.896551724137931,220724.11730871318,0.9513052208835341
670,Fresno,90.0,102529.0,0.8301404853128991,219307.51310014172,0.9347389558232931
671,Fresno,69.0,112868.0,0.8914431673052363,220609.92155901375,0.9503012048192772
672,Fresno,7749.0,109162.0,0.8748403575989783,231923.8961302534,1.0
673,Fresno,98.0,106901.0,0.859514687100894,214133.05922169346,0.8885542168674698
674,Fresno,75.0,101840.0,0.8263090676883781,215326.50751202798,0.8960843373493976
675,Fresno,2210.0,117437.0,0.9208173690932312,217609.17165300698,0.9146586345381527
676,Fresno,5100.0,123558.0,0.9476372924648787,222660.09879721864,0.9713855421686747
677,Fresno,3795.0,118068.0,0.9233716475095786,221622.8939288751,0.9608433734939759
678,Fresno,74.0,117419.0,0.9195402298850575,218610.2646588105,0.9236947791164659
679,Fresno,330.0,106498.0,0.8531289910600255,214206.21772533463,0.8890562248995983
680,Fresno,0.0,111599.0,0.8837803320561941,219038.41423371,0.927710843373494
681,Fresno,4230.0,109938.0,0.8786717752234994,224381.87068300095,0.9849397590361446
682,Fresno,115.0,113857.0,0.9029374201787995,221794.41673622344,0.9623493975903614
683,Fresno,478.0,110250.0,0.8812260536398467,225817.8329141044,0.9924698795180723
684,Fresno,56.0,116180.0,0.9118773946360154,227875.5145832433,0.9969879518072289
685,Fresno,377.0,90547.0,0.7471264367816092,218756.94158528763,0.9252008032128514
686,Fresno,97.0,93216.0,0.7701149425287356,218574.48672606947,0.9226907630522089
687,Fresno,294.0,92352.0,0.7637292464878672,222134.7324726699,0.9663654618473896
688,Fresno,1573.0,112922.0,0.89272030651341,216295.5708213657,0.9051204819277109
689,Fresno,58.0,103051.0,0.8339719029374202,220742.07114002114,0.9518072289156626
690,Fresno,1484.0,119814.0,0.9310344827586207,218482.06021779112,0.9221887550200804
691,Fresno,1069.0,109947.0,0.879948914431673,222323.37592637964,0.9688755020080321
692,Fresno,498.0,116572.0,0.9144316730523627,219246.63698905794,0.9312248995983936
693,Fresno,5574.0,105326.0,0.8454661558109834,225629.32099415624,0.9914658634538153
694,Fresno,100.0,108085.0,0.8671775223499362,215494.4855723653,0.8965863453815262
695,Fresno,691.0,105597.0,0.8467432950191571,219273.66124164686,0.9327309236947792
696,Fresno,192.0,101574.0,0.8250319284802043,219256.15978477654,0.9322289156626506
697,Fresno,89.0,108616.0,0.8697318007662835,225087.4172560076,0.9884538152610441
698,Fresno,6.0,94780.0,0.7816091954022989,217032.77483016392,0.9106425702811245
699,Fresno,13.0,61694.0,0.5759897828863346,209615.4244386457,0.8468875502008032
700,Fresno,222.0,75953.0,0.669220945083014,219851.38489406774,0.9427710843373494
701,Fresno,0.0,80705.0,0.6909323116219668,219816.26325609,0.9417670682730924
702,Fresno,2.0,84555.0,0.7075351213282248,224625.21413833275,0.9859437751004017
703,Fresno,53.0,106156.0,0.8505747126436781,224156.71552295316,0.9829317269076305
704,Fresno,157.0,107713.0,0.8646232439335888,224791.80419740628,0.9874497991967871
705,Fresno,139.0,107557.0,0.8633461047254151,224721.54939504914,0.9869477911646586
706,Fresno,53.0,113185.0,0.8952745849297573,217554.55527409766,0.9141566265060241
707,Fresno,3.0,116204.0,0.913154533844189,218434.07997004877,0.9211847389558233
708,Fresno,4.0,62997.0,0.5900383141762452,210829.06311438035,0.8599397590361446
709,,0.0,0.0,0.0,0.0,0.0
710,,0.0,0.0,0.0,0.0,0.0
711,,0.0,0.0,0.0,0.0,0.0
712,,0.0,0.0,0.0,0.0,0.0
713,,0.0,0.0,0.0,0.0,0.0
714,,0.0,0.0,0.0,0.0,0.0
715,,0.0,0.0,0.0,0.0,0.0
716,,0.0,0.0,0.0,0.0,0.0
717,,0.0,0.0,0.0,0.0,0.0
718,,0.0,0.0,0.0,0.0,0.0
719,,0.0,0.0,0.0,0.0,0.0
720,,0.0,0.0,0.0,0.0,0.0
721,Fresno,99.0,0.0,0.0,197006.4578306349,0.7233935742971888
722,Fresno,171.0,0.0,0.0,202825.32606438507,0.7836345381526104
723,Fresno,0.0,0.0,0.0,201756.02192658803,0.7695783132530121
724,Fresno,226.0,0.0,0.0,201810.62881783457,0.7705823293172691
725,Fresno,35.0,0.0,0.0,197507.4634442986,0.7284136546184738
726,Fresno,10.0,0.0,0.0,197522.58585672325,0.7289156626506024
727,Fresno,46.0,0.0,0.0,204276.35090210295,0.7986947791164659
728,Fresno,0.0,0.0,0.0,205414.20949726217,0.8102409638554217
729,Fresno,42.0,0.0,0.0,200364.5454428366,0.7545180722891566
730,Fresno,29.0,0.0,0.0,201981.7027444139,0.7730923694779116
731,Fresno,574.0,0.0,0.0,201626.81243806303,0.768574297188755
732,Fresno,373.0,0.0,0.0,198463.24419717665,0.7369477911646586
733,Fresno,11.0,0.0,0.0,206599.74997783682,0.8177710843373494
734,Fresno,25.0,0.0,0.0,206269.30497302796,0.8162650602409639
735,Fresno,19.0,0.0,0.0,204093.41038019827,0.7956827309236948
736,Fresno,113.0,0.0,0.0,198545.2610607785,0.7379518072289156
737,Fresno,36.0,66856.0,0.6130268199233716,211304.73157886293,0.8639558232931727
738,Fresno,12.0,0.0,0.0,200164.7223996594,0.7520080321285141
739,Fresno,39.0,25092.0,0.3205619412515964,196907.17831730447,0.7208835341365462
740,Fresno,36.0,47515.0,0.47509578544061304,194837.36316772675,0.7023092369477911
741,Fresno,8.0,51537.0,0.5159642401021711,203556.46428612995,0.7901606425702812
742,Fresno,5.0,62896.0,0.5887611749680716,207166.599871806,0.8247991967871486
743,Fresno,347.0,51672.0,0.5185185185185185,210834.75827098283,0.8604417670682731
744,Fresno,5.0,76777.0,0.6768837803320562,215297.2794323397,0.8955823293172691
745,Fresno,20.0,67420.0,0.6155810983397191,211380.8052345637,0.8654618473895582
746,Fresno,293.0,92046.0,0.7598978288633461,220449.95644258658,0.947289156626506
747,Fresno,70.0,24335.0,0.31800766283524906,194414.25041079643,0.7003012048192772
748,Fresno,156.0,43457.0,0.44316730523627074,197157.32262912003,0.7243975903614458
749,Fresno,76.0,55503.0,0.5312899106002554,200336.4364423331,0.7535140562248996
750,Fresno,211.0,68894.0,0.6334610472541508,207563.86858689442,0.8293172690763052
751,Fresno,159.0,87269.0,0.7241379310344828,216929.0445518509,0.9091365461847389
752,Fresno,1624.0,4849.0,0.1136653895274585,197328.2265057308,0.7274096385542169
753,Fresno,74.0,61831.0,0.5798212005108557,201395.58895593777,0.7655622489959839
754,Fresno,360.0,68351.0,0.6257982120051085,203408.57936024194,0.7886546184738956
755,Fresno,250.0,69978.0,0.6411238825031929,208229.05032575008,0.8383534136546185
756,Fresno,63.0,76623.0,0.6756066411238825,217410.87255969492,0.9131526104417671
757,Fresno,136.0,68870.0,0.632183908045977,209308.05946994727,0.8438755020080321
758,Fresno,1.0,62140.0,0.5823754789272031,208968.10718942946,0.8423694779116466
759,Fresno,40.0,28442.0,0.3499361430395913,212607.510584783,0.875
760,Fresno,32.0,33114.0,0.384418901660281,213957.83569633347,0.8860441767068273
761,Fresno,63.0,21190.0,0.2950191570881226,215013.8210392972,0.8930722891566265
762,Fresno,0.0,0.0,0.0,192745.0981355306,0.6827309236947792
763,Fresno,31.0,64831.0,0.6002554278416348,197345.34564410034,0.7279116465863453
764,Fresno,12.0,64911.0,0.6015325670498084,202753.901089762,0.7831325301204819
765,Fresno,169.0,74260.0,0.665389527458493,207725.05661573482,0.8323293172690763
766,Fresno,119.0,66858.0,0.6143039591315453,212762.98988183888,0.8765060240963856
767,Fresno,292.0,72118.0,0.6564495530012772,214405.79417978562,0.8900602409638554
768,Fresno,461.0,72997.0,0.6602809706257982,212729.82488821633,0.876004016064257
769,Fresno,612.0,37831.0,0.4125159642401022,209611.8137197055,0.8463855421686747
770,Fresno,242.0,27930.0,0.3448275862068966,210176.91358206907,0.8539156626506024
771,Fresno,0.0,0.0,0.0,187482.68622864538,0.6350401606425703
772,Fresno,1.0,0.0,0.0,191796.7555550415,0.6762048192771084
773,Fresno,2.0,58905.0,0.5530012771392082,196167.6441535618,0.714859437751004
774,Fresno,146.0,65074.0,0.6028097062579821,201122.8598841496,0.7620481927710844
775,Fresno,248.0,69815.0,0.6385696040868455,206132.68244229036,0.8132530120481928
776,Fresno,420.0,67504.0,0.6181353767560664,213070.01303287107,0.8785140562248996
777,Fresno,643.0,70525.0,0.644955300127714,210360.7174639221,0.8569277108433735
778,Fresno,788.0,77180.0,0.6781609195402298,215091.38925711688,0.8940763052208835
779,Fresno,0.0,0.0,0.0,183077.34193784994,0.5938755020080321
780,Fresno,18.0,0.0,0.0,184292.11021237058,0.6049196787148594
781,Fresno,3.0,0.0,0.0,190849.0734969892,0.6646586345381527
782,Fresno,9.0,57112.0,0.5402298850574713,196650.8265055148,0.7193775100401606
783,Fresno,177.0,56485.0,0.5351213282247765,202044.17657608702,0.7740963855421686
784,Fresno,342.0,47787.0,0.48020434227330777,202642.03056924013,0.7806224899598394
785,Fresno,1983.0,30103.0,0.36398467432950193,206942.0910086251,0.821285140562249
786,Fresno,1747.0,0.0,0.0,205227.04041909883,0.8077309236947792
787,Fresno,139.0,51241.0,0.5134099616858238,199145.22867328624,0.7429718875502008
788,Fresno,53.0,50003.0,0.5019157088122606,201943.84154483688,0.7725903614457831
789,Fresno,11.0,28850.0,0.3524904214559387,204382.86997837955,0.8012048192771084
790,Fresno,743.0,0.0,0.0,203468.13178281081,0.7891566265060241
791,,0.0,0.0,0.0,0.0,0.0
792,,0.0,0.0,0.0,0.0,0.0
793,,0.0,0.0,0.0,0.0,0.0
794,,0.0,0.0,0.0,0.0,0.0
795,,0.0,0.0,0.0,0.0,0.0
796,,0.0,0.0,0.0,0.0,0.0
797,,0.0,0.0,0.0,0.0,0.0
798,,0.0,0.0,0.0,0.0,0.0
799,,0.0,0.0,0.0,0.0,0.0
800,,0.0,0.0,0.0,0.0,0.0
801,Fresno,269.0,0.0,0.0,192916.42355460027,0.6852409638554217
802,Fresno,1.0,0.0,0.0,197746.82824694327,0.7309236947791165
803,Fresno,53.0,0.0,0.0,193530.48429983834,0.6922690763052208
804,Fresno,6.0,0.0,0.0,200690.18048835587,0.7575301204819277
805,Fresno,1.0,0.0,0.0,190714.0393849742,0.6626506024096386
806,Fresno,21.0,0.0,0.0,195841.2201248681,0.7113453815261044
807,Fresno,0.0,0.0,0.0,195881.50153994554,0.7123493975903614
808,Fresno,407.0,0.0,0.0,193658.17037962194,0.6942771084337349
809,Fresno,0.0,1961.0,0.04342273307790549,191169.56974736872,0.6681726907630522
810,Fresno,19.0,0.0,0.0,189038.64113247642,0.6470883534136547
811,Fresno,31.0,0.0,0.0,188121.87537681285,0.6410642570281124
812,Fresno,1.0,0.0,0.0,185905.84125768283,0.6214859437751004
813,Fresno,0.0,0.0,0.0,179479.18838116736,0.5607429718875502
814,Fresno,9.0,0.0,0.0,194075.30454576033,0.697289156626506
815,Fresno,223.0,0.0,0.0,200640.4040100893,0.7570281124497992
816,Fresno,0.0,0.0,0.0,199437.49048667267,0.7459839357429718
817,Fresno,1356.0,0.0,0.0,199359.08144239915,0.7454819277108434
818,,0.0,0.0,0.0,0.0,0.0
819,,0.0,0.0,0.0,0.0,0.0
820,,0.0,0.0,0.0,0.0,0.0
821,,0.0,0.0,0.0,0.0,0.0
822,,0.0,0.0,0.0,0.0,0.0
823,,0.0,0.0,0.0,0.0,0.0
824,,0.0,0.0,0.0,0.0,0.0
825,,0.0,0.0,0.0,0.0,0.0
826,,0.0,0.0,0.0,0.0,0.0
827,,0.0,0.0,0.0,0.0,0.0
828,,0.0,0.0,0.0,0.0,0.0
829,,0.0,0.0,0.0,0.0,0.0
830,,0.0,0.0,0.0,0.0,0.0
831,Fresno,87.0,14219.0,0.22349936143039592,192190.65550801696,0.6792168674698795
832,Fresno,697.0,26839.0,0.3384418901660281,193324.02443155565,0.6902610441767069
833,Fresno,199.0,32741.0,0.3831417624521073,198062.46861658225,0.7339357429718876
834,Fresno,116.0,46129.0,0.4610472541507024,201928.05718871017,0.7720883534136547
835,Fresno,463.0,48350.0,0.4878671775223499,204668.33826989227,0.804718875502008
836,Fresno,23.0,102722.0,0.8326947637292464,209862.7296744967,0.8498995983935743
837,Fresno,72.0,76071.0,0.6704980842911877,209759.80280741033,0.8483935742971888
838,Fresno,10.0,102581.0,0.8314176245210728,216121.06317574377,0.9026104417670683
839,Fresno,158.0,52004.0,0.5197956577266922,220793.88377940198,0.9538152610441767
840,Fresno,250.0,93027.0,0.7675606641123882,222084.88059864054,0.9653614457831325
841,Fresno,60.0,31081.0,0.3716475095785441,199940.58346336999,0.75
842,Fresno,318.0,20913.0,0.29246487867177523,195402.88623684828,0.7073293172690763
843,Fresno,407.0,35972.0,0.3959131545338442,199870.93600201287,0.7494979919678715
844,Fresno,104.0,52988.0,0.5236270753512133,203060.9470823471,0.786144578313253
845,Fresno,191.0,72534.0,0.6590038314176245,205233.70257574902,0.8082329317269076
846,Fresno,381.0,112530.0,0.8888888888888888,210469.24486739724,0.8579317269076305
847,Fresno,10.0,96424.0,0.7918263090676884,217872.62632559193,0.9176706827309237
848,Fresno,137.0,123234.0,0.946360153256705,216580.0803604776,0.9066265060240963
849,Fresno,185.0,131324.0,0.9719029374201787,221908.45502585892,0.963855421686747
850,Fresno,76.0,51086.0,0.5095785440613027,204225.64440736684,0.7976907630522089
851,Fresno,310.0,71518.0,0.6526181353767561,205701.86066807384,0.8117469879518072
852,Fresno,106.0,69380.0,0.6347381864623244,207018.43609124143,0.8227911646586346
853,Fresno,203.0,93798.0,0.7739463601532567,212192.35473007584,0.8709839357429718
854,Fresno,131.0,133970.0,0.979565772669221,216212.92048772686,0.9036144578313253
855,Fresno,615.0,132323.0,0.9731800766283525,222076.9797226287,0.964859437751004
856,Fresno,350.0,78549.0,0.685823754789272,206977.5370070727,0.8217871485943775
857,Fresno,195.0,94986.0,0.7828863346104725,207723.42376262258,0.8318273092369478
858,Fresno,153.0,104192.0,0.8416347381864623,212369.45819876206,0.8724899598393574
859,Fresno,345.0,120892.0,0.9361430395913155,216800.5247450344,0.9081325301204819
860,Fresno,1623.0,105836.0,0.8492975734355045,216140.454379911,0.9031124497991968
861,Fresno,13.0,100796.0,0.8160919540229885,219575.04358285444,0.9377510040160643
862,Fresno,78.0,86396.0,0.7151979565772669,221119.73206796683,0.9563253012048193
863,Fresno,66.0,65371.0,0.6040868454661558,221878.7450203778,0.9633534136546185
864,Fresno,336.0,88797.0,0.7330779054916986,210145.63773235775,0.8534136546184738
865,Fresno,101.0,97120.0,0.7943805874840357,212551.81738139645,0.8744979919678715
866,Fresno,534.0,107097.0,0.8620689655172413,216860.14983787038,0.9086345381526104
867,Fresno,244.0,93307.0,0.7713920817369093,222416.33513055748,0.9698795180722891
868,Fresno,385.0,98950.0,0.8020434227330779,222692.75181867796,0.9718875502008032
869,Fresno,516.0,111779.0,0.8850574712643678,223122.6362681894,0.9748995983935743
870,Fresno,748.0,107043.0,0.8607918263090677,221871.87575881998,0.9628514056224899
871,Fresno,47.0,83596.0,0.7011494252873564,212191.5589159447,0.8704819277108434
872,Fresno,116.0,88965.0,0.7343550446998723,215079.86412664517,0.893574297188755
873,Fresno,216.0,93036.0,0.768837803320562,219050.43211655834,0.9282128514056225
874,Fresno,140.0,89801.0,0.7420178799489144,220388.5811781873,0.946285140562249
875,Fresno,146.0,102078.0,0.8275862068965517,220570.32092956163,0.9492971887550201
876,Fresno,105.0,97004.0,0.7931034482758621,219879.05104050925,0.9437751004016064
877,Fresno,130.0,87870.0,0.7279693486590039,225256.56639688645,0.9889558232931727
878,Fresno,65.0,92234.0,0.7624521072796935,228453.13802346206,0.9979919678714859
879,Fresno,241.0,113397.0,0.8978288633461047,221561.85759049808,0.9603413654618473
880,Fresno,82.0,106400.0,0.8518518518518519,222793.23979461944,0.9728915662650602
881,Fresno,267.0,87748.0,0.7266922094508301,220568.7523053438,0.9487951807228916
882,Fresno,187.0,88430.0,0.7292464878671775,222650.44783018375,0.9708835341365462
883,Fresno,24.0,97377.0,0.7956577266922095,224643.58016061145,0.9864457831325302
884,Fresno,7.0,101457.0,0.8212005108556832,225258.53668425395,0.9894578313253012
885,Fresno,0.0,91075.0,0.7522349936143039,223996.0496702448,0.9819277108433735
886,,0.0,0.0,0.0,0.0,0.0
887,,0.0,0.0,0.0,0.0,0.0
888,,0.0,0.0,0.0,0.0,0.0
889,,0.0,0.0,0.0,0.0,0.0
890,,0.0,0.0,0.0,0.0,0.0
891,,0.0,0.0,0.0,0.0,0.0
892,,0.0,0.0,0.0,0.0,0.0
893,,0.0,0.0,0.0,0.0,0.0
894,,0.0,0.0,0.0,0.0,0.0
895,,0.0,0.0,0.0,0.0,0.0
896,,0.0,0.0,0.0,0.0,0.0
897,,0.0,0.0,0.0,0.0,0.0
898,,0.0,0.0,0.0,0.0,0.0
899,,0.0,0.0,0.0,0.0,0.0
900,,0.0,0.0,0.0,0.0,0.0
901,Fresno,712.0,56949.0,0.5363984674329502,210705.25183621707,0.8589357429718876
902,Fresno,50.0,98393.0,0.7982120051085568,211599.31827112948,0.8669678714859438
903,Fresno,187.0,83643.0,0.70242656449553,211850.67231064156,0.8679718875502008
904,Fresno,3850.0,58452.0,0.5491698595146871,211228.0706064007,0.8624497991967871
905,Fresno,185.0,53735.0,0.5261813537675607,202752.11181577717,0.7826305220883534
906,Fresno,299.0,54339.0,0.5287356321839081,200188.3927561779,0.7530120481927711
907,Fresno,43.0,0.0,0.0,201569.07572886584,0.7680722891566265
908,Fresno,387.0,14759.0,0.22860791826309068,204509.77648260773,0.802710843373494
909,Fresno,643.0,57087.0,0.5389527458492975,216739.6109380914,0.9076305220883534
910,Fresno,1787.0,103466.0,0.8365261813537676,219847.64679357136,0.9422690763052208
911,Fresno,718.0,99807.0,0.80970625798212,214854.55322658268,0.891566265060241
912,Fresno,280.0,62721.0,0.5874840357598978,211378.94359111297,0.8649598393574297
913,Fresno,465.0,61336.0,0.5734355044699873,209328.40303703723,0.8443775100401606
914,Fresno,122.0,47084.0,0.4725415070242657,204483.33715581035,0.8022088353413654
915,Fresno,75.0,0.0,0.0,207902.43388882626,0.8358433734939759
916,Fresno,1078.0,73798.0,0.6641123882503193,218131.73760691218,0.9206827309236948
917,Fresno,443.0,114458.0,0.9042145593869731,217704.66566707683,0.9161646586345381
918,Fresno,344.0,100491.0,0.8122605363984674,214928.6601916241,0.8920682730923695
919,Fresno,395.0,64241.0,0.5964240102171137,211564.5926132616,0.8664658634538153
920,Fresno,240.0,66235.0,0.6079182630906769,209825.52260849893,0.8493975903614458
921,Fresno,0.0,47784.0,0.4789272030651341,202526.225741435,0.7791164658634538
922,Fresno,4.0,0.0,0.0,207784.43925473496,0.8338353413654619
923,Fresno,540.0,115096.0,0.9080459770114943,219074.28163128367,0.9292168674698795
924,Fresno,459.0,142914.0,0.9872286079182631,222346.9451255967,0.9693775100401606
925,Fresno,1492.0,142697.0,0.9859514687100894,219519.88214946186,0.9372489959839357
926,Fresno,93.0,101515.0,0.822477650063857,213690.80221828682,0.8835341365461847
927,Fresno,1258.0,151701.0,0.9974457215836526,216119.88746152722,0.9021084337349398
928,Fresno,310.0,86123.0,0.7139208173690932,209976.9971230399,0.8514056224899599
929,Fresno,1149.0,128698.0,0.9604086845466155,214409.3680792465,0.8905622489959839
930,Fresno,0.0,61280.0,0.5721583652618135,206889.96103050734,0.820281124497992
931,Fresno,0.0,124455.0,0.9501915708812261,212411.10925483675,0.8729919678714859
932,Fresno,4256.0,43753.0,0.4444444444444444,200005.71759847162,0.751004016064257
933,Fresno,0.0,111332.0,0.8825031928480205,207337.6268280187,0.8273092369477911
934,Fresno,20.0,52458.0,0.5210727969348659,213163.7371893728,0.8800200803212851
935,Fresno,213.0,52748.0,0.5223499361430396,215284.92305540983,0.8950803212851406
936,Fresno,43.0,42074.0,0.4342273307790549,210911.76833247847,0.8609437751004017
937,Fresno,292.0,46717.0,0.466794380587484,215139.69969001028,0.8945783132530121
938,Fresno,1321.0,126096.0,0.9540229885057471,223561.24431013776,0.9784136546184738
939,Fresno,206.0,144656.0,0.9910600255427842,222700.86736425123,0.9723895582329317
940,Fresno,2188.0,155132.0,0.9987228607918263,223409.99970924738,0.9764056224899599
941,Fresno,1855.0,144122.0,0.9897828863346104,223546.2961587892,0.9774096385542169
942,Fresno,201.0,159855.0,1.0,218813.04854570143,0.9257028112449799
943,Fresno,806.0,126955.0,0.9565772669220945,217860.46366413817,0.9171686746987951
944,Fresno,1041.0,101291.0,0.8173690932311622,215772.20460203273,0.8990963855421686
945,Fresno,201.0,113400.0,0.8991060025542784,213777.2818001919,0.8845381526104418
946,Fresno,1068.0,90218.0,0.7445721583652618,213498.19074280487,0.8810240963855421
947,Fresno,66.0,90763.0,0.7496807151979565,210222.51940560903,0.8544176706827309
948,Fresno,834.0,85737.0,0.7113665389527458,221355.71641904177,0.9573293172690763
949,Fresno,149.0,140828.0,0.9846743295019157,224270.22841357838,0.9839357429718876
950,Fresno,162.0,151260.0,0.9961685823754789,221504.6676039306,0.9593373493975904
951,Fresno,389.0,147327.0,0.9923371647509579,219756.71134438273,0.9407630522088354
952,Fresno,392.0,106694.0,0.8569604086845466,217477.93060850265,0.9136546184738956
953,Fresno,106.0,98616.0,0.8007662835249042,216527.1615026608,0.9056224899598394
954,Fresno,3.0,89426.0,0.7381864623243933,210025.35253750224,0.8519076305220884
955,Fresno,0.0,59924.0,0.561941251596424,220233.6213815728,0.945281124497992
956,Fresno,13.0,89417.0,0.7369093231162197,212623.0996895924,0.8755020080321285
957,Fresno,98.0,91802.0,0.7586206896551724,213516.2939340062,0.8815261044176707
958,,0.0,0.0,0.0,0.0,0.0
959,,0.0,0.0,0.0,0.0,0.0
960,,0.0,0.0,0.0,0.0,0.0
961,,0.0,0.0,0.0,0.0,0.0
962,,0.0,0.0,0.0,0.0,0.0
963,,0.0,0.0,0.0,0.0,0.0
964,,0.0,0.0,0.0,0.0,0.0
965,,0.0,0.0,0.0,0.0,0.0
966,,0.0,0.0,0.0,0.0,0.0
967,,0.0,0.0,0.0,0.0,0.0
968,,0.0,0.0,0.0,0.0,0.0
969,,0.0,0.0,0.0,0.0,0.0
970,,0.0,0.0,0.0,0.0,0.0
971,Fresno,663.0,105726.0,0.8480204342273308,223435.8625203519,0.9769076305220884
972,Fresno,336.0,132359.0,0.9744572158365262,226363.90785523615,0.9939759036144579
973,Fresno,164.0,147461.0,0.9936143039591315,223560.37447481533,0.9779116465863453
974,Fresno,564.0,149773.0,0.9948914431673053,221549.04988691336,0.9598393574297188
975,Fresno,233.0,107978.0,0.8659003831417624,218645.34106201542,0.9241967871485943
976,Fresno,703.0,85079.0,0.7100893997445722,219147.07370612808,0.9302208835341366
977,Fresno,40.0,73743.0,0.6615581098339719,215687.31097751882,0.8970883534136547
978,Fresno,316.0,75801.0,0.6679438058748404,212136.39516226202,0.8694779116465864
979,Fresno,729.0,47026.0,0.47126436781609193,209722.63703070616,0.8478915662650602
980,Fresno,1007.0,109244.0,0.876117496807152,226751.67878752193,0.9944779116465864
981,Fresno,31.0,133004.0,0.9770114942528736,226753.50085257806,0.9954819277108434
982,Fresno,294.0,142932.0,0.9885057471264368,224184.5881765305,0.983433734939759
983,Fresno,588.0,120678.0,0.9348659003831418,222142.05909688314,0.9673694779116466
984,Fresno,422.0,108655.0,0.8710089399744572,219299.64280402218,0.9337349397590361
985,Fresno,732.0,122394.0,0.9425287356321839,220429.61622654324,0.9467871485943775
986,Fresno,53.0,50175.0,0.5031928480204342,219513.20733389672,0.9367469879518072
987,Fresno,229.0,53971.0,0.5274584929757343,216535.50603703578,0.9061244979919679
988,Fresno,1257.0,47638.0,0.4776500638569604,210332.18922456537,0.856425702811245
989,Fresno,0.0,0.0,0.0,199838.5860653181,0.7484939759036144
990,Fresno,1461.0,19087.0,0.26436781609195403,201544.37614442027,0.767570281124498
991,Fresno,157.0,20391.0,0.2835249042145594,200707.94244737615,0.7580321285140562
992,Fresno,198.0,95339.0,0.7841634738186463,224033.82099260678,0.982429718875502
993,Fresno,25.0,130973.0,0.9706257982120051,228316.5263379973,0.9974899598393574
994,Fresno,2313.0,130437.0,0.9693486590038314,227287.06406662508,0.9959839357429718
995,Fresno,549.0,125820.0,0.9527458492975734,223667.62334070393,0.9804216867469879
996,Fresno,658.0,129083.0,0.9616858237547893,221381.04104585788,0.9578313253012049
997,Fresno,113.0,136829.0,0.9833971902937421,219600.18924859219,0.9382530120481928
998,Fresno,18.0,60308.0,0.565772669220945,218942.1568615436,0.9267068273092369
999,Fresno,65.0,68751.0,0.6309067688378033,215945.85521613952,0.9011044176706827
1000,Fresno,30.0,61084.0,0.5708812260536399,215802.47103855462,0.8995983935742972
1001,Fresno,583.0,38682.0,0.4163473818646232,210232.49685112186,0.8549196787148594
1002,Fresno,155.0,108909.0,0.8722860791826309,227355.74599852017,0.9964859437751004
1003,Fresno,0.0,68716.0,0.6296296296296297,220037.31133022907,0.9447791164658634
1004,Fresno,198.0,117987.0,0.9220945083014048,226752.74232636337,0.9949799196787149
1005,Fresno,28.0,129928.0,0.966794380587484,229323.76484270414,0.9984939759036144
1006,Fresno,321.0,134411.0,0.9808429118773946,226132.7332905478,0.9934738955823293
1007,Fresno,269.0,121671.0,0.9386973180076629,223995.08854440367,0.981425702811245
1008,Fresno,55.0,129651.0,0.9655172413793104,221061.20210883638,0.9553212851405622
1009,Fresno,112.0,136240.0,0.9821200510855683,219255.90304478514,0.9317269076305221
1010,Fresno,41.0,63689.0,0.5951468710089399,219795.3909059483,0.9412650602409639
1011,Fresno,337.0,63597.0,0.5938697318007663,217028.07193534714,0.910140562248996
1012,Fresno,330.0,49270.0,0.49808429118773945,215826.72044533913,0.9001004016064257
1013,Fresno,3861.0,35274.0,0.3933588761174968,213991.93679156312,0.8870481927710844
1014,Fresno,28.0,0.0,0.0,186721.95210296917,0.6255020080321285
1015,Fresno,278.0,21085.0,0.2937420178799489,192795.2339744199,0.6832329317269076
1016,Fresno,34.0,0.0,0.0,187601.00654589382,0.6360441767068273
1017,Fresno,32.0,0.0,0.0,185162.11625120864,0.6134538152610441
1018,Fresno,80.0,10494.0,0.17752234993614305,189078.65807392896,0.6475903614457831
1019,Fresno,90.0,0.0,0.0,185103.48737318622,0.6124497991967871
1020,Fresno,148.0,0.0,0.0,181243.1857926494,0.5773092369477911
1021,Fresno,2254.0,19109.0,0.2656449553001277,202250.0669602641,0.7776104417670683
1022,Fresno,2437.0,17489.0,0.25287356321839083,198908.29445650926,0.7404618473895582
1023,Fresno,272.0,13450.0,0.2081736909323116,191414.22230897134,0.6711847389558233
1024,Fresno,64.0,0.0,0.0,187518.84784986023,0.6355421686746988
1025,Fresno,48.0,0.0,0.0,182537.3542855552,0.5873493975903614
1026,Fresno,371.0,0.0,0.0,200977.93369547345,0.7605421686746988
1027,Fresno,0.0,0.0,0.0,193308.08373959968,0.6897590361445783
1028,Fresno,3.0,0.0,0.0,191970.11742919218,0.6772088353413654
1029,Fresno,17.0,0.0,0.0,188102.66992934095,0.6405622489959839
1030,Fresno,60.0,0.0,0.0,183643.97326598907,0.5998995983935743
1031,Fresno,0.0,5483.0,0.12260536398467432,202997.59939724102,0.785140562248996
1032,Fresno,0.0,0.0,0.0,198353.77392835857,0.7354417670682731
1033,Fresno,6.0,0.0,0.0,195635.83188719538,0.7093373493975904
1034,Fresno,251.0,0.0,0.0,191044.2417608172,0.6666666666666666
1035,Fresno,527.0,16194.0,0.24393358876117496,207964.20631118977,0.8363453815261044
1036,Fresno,6.0,22014.0,0.30395913154533843,207100.40574446446,0.8242971887550201
1037,Fresno,48.0,0.0,0.0,200517.77522549056,0.7555220883534136
1038,Fresno,8.0,0.0,0.0,202940.8662650757,0.7846385542168675
1039,Fresno,1.0,0.0,0.0,201268.8987389818,0.7645582329317269
1040,Fresno,2.0,0.0,0.0,203892.91506695852,0.7936746987951807
1041,Fresno,40.0,0.0,0.0,198377.87426737027,0.7359437751004017
1042,Fresno,46.0,0.0,0.0,192275.1564651221,0.6802208835341366
1043,,0.0,0.0,0.0,0.0,0.0
1044,,0.0,0.0,0.0,0.0,0.0
1045,,0.0,0.0,0.0,0.0,0.0
1046,,0.0,0.0,0.0,0.0,0.0
1047,,0.0,0.0,0.0,0.0,0.0
1048,,0.0,0.0,0.0,0.0,0.0
1049,,0.0,0.0,0.0,0.0,0.0
1050,,0.0,0.0,0.0,0.0,0.0
1051,,0.0,0.0,0.0,0.0,0.0
1052,,0.0,0.0,0.0,0.0,0.0
1053,,0.0,0.0,0.0,0.0,0.0
1054,,0.0,0.0,0.0,0.0,0.0
1055,,0.0,0.0,0.0,0.0,0.0
1056,,0.0,0.0,0.0,0.0,0.0
1057,,0.0,0.0,0.0,0.0,0.0
1058,,0.0,0.0,0.0,0.0,0.0
1059,,0.0,0.0,0.0,0.0,0.0
1060,,0.0,0.0,0.0,0.0,0.0
1061,Fresno,58.0,122466.0,0.9438058748403576,225260.46562010725,0.9899598393574297
1062,Fresno,269.0,123848.0,0.9489144316730523,223566.61708325095,0.9789156626506024
1063,Fresno,218.0,127651.0,0.9591315453384419,220584.95483533212,0.9497991967871486
1064,Fresno,104.0,132377.0,0.9757343550446999,221130.564095202,0.9568273092369478
1065,Fresno,351.0,95516.0,0.7879948914431673,219286.09697764824,0.9332329317269076
1066,Fresno,1170.0,90844.0,0.7509578544061303,217678.91959186288,0.9156626506024096
1067,Fresno,204.0,68073.0,0.6206896551724138,214249.32168838283,0.8895582329317269
1068,Fresno,254.0,43919.0,0.44572158365261816,209891.75701760378,0.8504016064257028
1069,Fresno,973.0,43267.0,0.44189016602809705,207855.9590624477,0.8348393574297188
1070,Fresno,1209.0,7282.0,0.14559386973180077,204650.58134569923,0.8042168674698795
1071,Fresno,13.0,129532.0,0.9642401021711366,225889.658674869,0.9929718875502008
1072,Fresno,70.0,127434.0,0.9578544061302682,223634.95676952877,0.9799196787148594
1073,Fresno,24.0,125234.0,0.9514687100893997,220769.01624300636,0.9533132530120482
1074,Fresno,11.0,133305.0,0.9782886334610472,222205.6604570325,0.9678714859437751
1075,Fresno,11.0,130330.0,0.9680715197956578,221097.4810410861,0.9558232931726908
1076,Fresno,22.0,108968.0,0.8735632183908046,219301.57647972985,0.9342369477911646
1077,Fresno,248.0,93419.0,0.7726692209450831,216226.13907054454,0.9041164658634538
1078,Fresno,21.0,81195.0,0.6934865900383141,217138.63912596236,0.911144578313253
1079,Fresno,56.0,61358.0,0.5747126436781609,212533.93527263813,0.873995983935743
1080,Fresno,139.0,38392.0,0.41379310344827586,212076.0796160865,0.8684738955823293
1081,Fresno,15.0,17815.0,0.2541507024265645,208185.2411537494,0.8378514056224899
1082,Fresno,189.0,115025.0,0.9067688378033205,224296.14557873638,0.9844377510040161
1083,Fresno,142.0,108108.0,0.8684546615581098,221471.46502397576,0.9583333333333334
1084,Fresno,72.0,120238.0,0.933588761174968,218461.34944402767,0.9216867469879518
1085,Fresno,148.0,119698.0,0.929757343550447,217892.95758354943,0.9181726907630522
1086,Fresno,151.0,86740.0,0.7177522349936143,214431.0417045902,0.8910642570281124
1087,Fresno,45.0,50461.0,0.5044699872286079,213894.0471348478,0.8850401606425703
1088,Fresno,179.0,61937.0,0.5810983397190294,209658.32494684527,0.8473895582329317
1089,Fresno,6.0,58353.0,0.5478927203065134,212257.03591477446,0.8714859437751004
1090,Fresno,35.0,30193.0,0.3652618135376756,208885.8267207357,0.8418674698795181
1091,Fresno,768.0,126927.0,0.9553001277139208,223255.6712610641,0.9754016064257028
1092,Fresno,288.0,121146.0,0.9374201787994891,220765.23373155284,0.9528112449799196
1093,Fresno,225.0,121971.0,0.9412515964240102,217258.52174068798,0.9116465863453815
1094,Fresno,203.0,118643.0,0.9272030651340997,215722.64221660272,0.8980923694779116
1095,Fresno,186.0,94449.0,0.7803320561941252,212485.8763673202,0.8734939759036144
1096,Fresno,61.0,88575.0,0.7305236270753512,211351.27362965714,0.8644578313253012
1097,Fresno,107.0,71746.0,0.6551724137931034,207403.16993151634,0.8278112449799196
1098,Fresno,90.0,69606.0,0.6360153256704981,207562.56107215423,0.8288152610441767
1099,Fresno,73.0,63576.0,0.5925925925925926,203791.18378409868,0.7926706827309237
1100,Fresno,28.0,47241.0,0.47381864623243936,201891.5550443699,0.7710843373493976
1101,Fresno,8.0,20409.0,0.2848020434227331,204349.40264701698,0.8007028112449799
1102,Fresno,34.0,0.0,0.0,199943.08751134266,0.7505020080321285
1103,Fresno,0.0,0.0,0.0,198934.1047821705,0.7409638554216867
1104,Fresno,437.0,0.0,0.0,199661.9018990741,0.7479919678714859
1105,Fresno,104.0,0.0,0.0,196946.93804357178,0.7223895582329317
1106,Fresno,37.0,0.0,0.0,192597.21759407417,0.6817269076305221
1107,Fresno,52.0,118559.0,0.9259259259259259,222835.90513940464,0.9733935742971888
1108,Fresno,14.0,115441.0,0.909323116219668,219074.36928719445,0.929718875502008
1109,Fresno,236.0,112750.0,0.8901660280970626,219238.97427663347,0.9307228915662651
1110,Fresno,31.0,98404.0,0.7994891443167306,216096.4992581075,0.9016064257028112
1111,Fresno,79.0,99021.0,0.8045977011494253,216247.55815461796,0.9046184738955824
1112,Fresno,124.0,83061.0,0.6973180076628352,213551.9740176284,0.8830321285140562
1113,Fresno,584.0,101340.0,0.8199233716475096,213181.19780528836,0.8805220883534136
1114,Fresno,192.0,91455.0,0.7535121328224776,209825.2124888307,0.8488955823293173
1115,Fresno,253.0,85031.0,0.7088122605363985,207627.2049305227,0.8303212851405622
1116,Fresno,468.0,69832.0,0.6398467432950191,208082.86912817674,0.8373493975903614
1117,Fresno,719.0,70581.0,0.6462324393358876,204144.44158677338,0.7961847389558233
1118,Fresno,462.0,66037.0,0.6066411238825032,204304.1042629368,0.7996987951807228
1119,Fresno,362.0,56168.0,0.5338441890166028,201042.66865930986,0.7615461847389559
1120,Fresno,246.0,44180.0,0.44699872286079184,200540.57184405634,0.7560240963855421
1121,Fresno,407.0,51365.0,0.5146871008939975,201647.20738838997,0.7690763052208835
1122,Fresno,99.0,4460.0,0.10727969348659004,194376.21389440412,0.6992971887550201
1123,Fresno,31.0,29849.0,0.36270753512132825,197561.0991579197,0.7294176706827309
1124,Fresno,24.0,11539.0,0.19284802043422733,194862.08058583623,0.7028112449799196
1125,Fresno,19.0,6135.0,0.13282247765006386,196402.88759028126,0.7163654618473896
1126,Fresno,26.0,4533.0,0.10983397190293742,192155.9224707171,0.678714859437751
1127,Fresno,55.0,4504.0,0.10855683269476372,195557.48600045004,0.7083333333333334
1128,Fresno,317.0,0.0,0.0,189082.14099429973,0.6480923694779116
1129,Fresno,1.0,0.0,0.0,189441.69114439993,0.6516064257028112
1130,Fresno,28.0,91563.0,0.756066411238825,216703.02813168807,0.9071285140562249
1131,Fresno,106.0,90284.0,0.7458492975734355,213989.0166323721,0.8865461847389559
1132,Fresno,1.0,120143.0,0.9323116219667944,219343.22964597642,0.9352409638554217
1133,Fresno,169.0,94330.0,0.7790549169859514,213157.98834530768,0.8795180722891566
1134,Fresno,266.0,103112.0,0.8352490421455939,211299.9821253811,0.8634538152610441
1135,Fresno,168.0,100610.0,0.8148148148148148,209471.0129362957,0.8448795180722891
1136,Fresno,559.0,88639.0,0.7318007662835249,207294.5926460781,0.8263052208835341
1137,Fresno,910.0,82533.0,0.6947637292464879,208360.08281880652,0.8393574297188755
1138,Fresno,375.0,84348.0,0.7049808429118773,205389.25538377475,0.8092369477911646
1139,Fresno,504.0,70639.0,0.6475095785440613,203550.74074045228,0.7896586345381527
1140,Fresno,548.0,44531.0,0.4508301404853129,199347.6940127574,0.7449799196787149
1141,Fresno,309.0,48927.0,0.4929757343550447,200812.06366170943,0.7595381526104418
1142,Fresno,239.0,25700.0,0.3231162196679438,198535.5151122454,0.7374497991967871
1143,Fresno,281.0,50785.0,0.508301404853129,200477.06699312956,0.7550200803212851
1144,Fresno,74.0,29734.0,0.35887611749680715,197239.70565024496,0.7264056224899599
1145,Fresno,43.0,5886.0,0.13026819923371646,192021.6634758896,0.6782128514056225
1146,Fresno,217.0,5712.0,0.12643678160919541,189970.17676480277,0.6566265060240963
1147,Fresno,47.0,0.0,0.0,189308.1573404177,0.6506024096385542
1148,Fresno,316.0,78917.0,0.6883780332056194,219634.82852441186,0.9387550200803213
1149,Fresno,190.0,93831.0,0.7752234993614304,221627.4427079985,0.9613453815261044
1150,Fresno,12.0,100148.0,0.8109833971902938,223060.6207673083,0.9743975903614458
1151,Fresno,32.0,101556.0,0.8237547892720306,221491.88060276513,0.9588353413654619
1152,Fresno,898.0,80641.0,0.6896551724137931,217947.26511553407,0.9186746987951807
1153,Fresno,708.0,76121.0,0.6730523627075351,212782.89153900876,0.8770080321285141
1154,Fresno,273.0,103501.0,0.8378033205619413,210090.1798070076,0.8524096385542169
1155,Fresno,347.0,102528.0,0.8288633461047255,207766.51398042944,0.8333333333333334
1156,Fresno,152.0,87597.0,0.7254150702426565,204187.75262328348,0.7971887550200804
1157,Fresno,1161.0,83190.0,0.698595146871009,202176.35793500562,0.7766064257028112
1158,Fresno,68.0,16755.0,0.24776500638569604,196908.33411052666,0.7213855421686747
1159,Fresno,284.0,0.0,0.0,196501.26683352928,0.7168674698795181
1160,Fresno,16.0,0.0,0.0,194021.56647308895,0.6967871485943775
1161,Fresno,12.0,0.0,0.0,193074.88526305585,0.6867469879518072
1162,Fresno,106.0,4075.0,0.09450830140485313,187062.56677255165,0.6315261044176707
1163,Fresno,159.0,4400.0,0.10344827586206896,186333.24699909525,0.6229919678714859
1164,Fresno,112.0,0.0,0.0,186140.3321669576,0.6224899598393574
1165,Fresno,250.0,0.0,0.0,213718.88509010262,0.8840361445783133
1166,Fresno,191.0,0.0,0.0,209544.7639146867,0.8458835341365462
1167,Fresno,244.0,92780.0,0.7662835249042146,207599.5524821033,0.8298192771084337
1168,Fresno,913.0,94135.0,0.776500638569604,206196.67673177735,0.8147590361445783
1169,Fresno,141.0,25817.0,0.3269476372924649,201897.14543555098,0.7715863453815262
1170,Fresno,133.0,25486.0,0.3218390804597701,198940.5191786115,0.7414658634538153
1171,Fresno,38.0,0.0,0.0,195489.93897793384,0.7078313253012049
1172,Fresno,67.0,0.0,0.0,193179.05069038068,0.6877510040160643
1173,Fresno,48.0,0.0,0.0,191100.58115302547,0.6676706827309237
1174,Fresno,72.0,0.0,0.0,191648.50987873232,0.6736947791164659
1175,Fresno,174.0,0.0,0.0,184283.03335018578,0.6044176706827309
1176,Fresno,39.0,0.0,0.0,182978.62146956252,0.5923694779116466
1177,Fresno,37.0,0.0,0.0,182923.83732818428,0.5908634538152611
1178,Fresno,252.0,9887.0,0.1724137931034483,204067.38433870845,0.7951807228915663
1179,Fresno,474.0,90548.0,0.7484035759897829,205263.83322698344,0.8087349397590361
1180,Fresno,180.0,92206.0,0.7611749680715197,203561.24871849746,0.7906626506024096
1181,Fresno,140.0,36777.0,0.40229885057471265,201355.12805340663,0.7650602409638554
1182,Fresno,65.0,19914.0,0.2771392081736909,196918.7156722038,0.7218875502008032
1183,Fresno,110.0,0.0,0.0,195006.2575514383,0.7048192771084337
1184,Fresno,169.0,0.0,0.0,193760.25179799667,0.695281124497992
1185,Fresno,93.0,0.0,0.0,191674.99582968059,0.6741967871485943
1186,Fresno,150.0,0.0,0.0,190811.6800781716,0.6636546184738956
1187,Fresno,96.0,0.0,0.0,182872.94676773564,0.589859437751004
1188,Fresno,0.0,0.0,0.0,183204.93623914768,0.5943775100401606
1189,Fresno,0.0,0.0,0.0,181760.40691771588,0.5823293172690763
1190,Fresno,1382.0,12048.0,0.1966794380587484,206686.21616065688,0.8192771084337349
1191,Fresno,610.0,45705.0,0.45721583652618136,206506.60793361947,0.8167670682730924
1192,Fresno,133.0,73754.0,0.6628352490421456,205101.90500652854,0.8072289156626506
1193,Fresno,134.0,0.0,0.0,202838.70802206485,0.7841365461847389
1194,Fresno,107.0,0.0,0.0,206185.87340305725,0.8142570281124498
1195,Fresno,402.0,15076.0,0.23243933588761176,197736.23456732742,0.7304216867469879
1196,Fresno,142.0,55936.0,0.5325670498084292,203723.27082086678,0.7921686746987951
1197,Fresno,647.0,17128.0,0.24904214559386972,201016.0981107584,0.7610441767068273
1198,Fresno,562.0,14895.0,0.22988505747126436,199034.09046584327,0.7419678714859438
1199,Fresno,233.0,0.0,0.0,193510.91624116938,0.6917670682730924
1200,Fresno,273.0,12227.0,0.1979565772669221,196091.75475070224,0.713855421686747
1201,Fresno,428.0,0.0,0.0,194763.0010635676,0.7013052208835341
1202,Fresno,21.0,0.0,0.0,190966.1961038326,0.6661646586345381
1203,Fresno,64.0,0.0,0.0,191214.89534110617,0.6686746987951807
1204,Fresno,203.0,0.0,0.0,188640.51231459714,0.6445783132530121
1205,Fresno,611.0,0.0,0.0,197178.2909388176,0.7254016064257028
1206,Fresno,340.0,0.0,0.0,197798.33547743835,0.7319277108433735
1207,Fresno,0.0,9511.0,0.17113665389527458,207305.5874351883,0.8268072289156626
1208,Fresno,191.0,12557.0,0.20178799489144317,201983.95637633308,0.7735943775100401
1209,Fresno,2544.0,0.0,0.0,195878.20848086808,0.7118473895582329
1210,Fresno,0.0,0.0,0.0,195356.7261028292,0.7063253012048193
1211,Fresno,164.0,0.0,0.0,194990.0362749826,0.7043172690763052
1212,Fresno,55.0,0.0,0.0,189831.44155878553,0.6541164658634538
1213,Fresno,228.0,0.0,0.0,190581.01632897047,0.661144578313253
1214,Fresno,0.0,0.0,0.0,188823.6869814542,0.6460843373493976
1215,Fresno,0.0,0.0,0.0,184572.85484857636,0.608433734939759
1216,Fresno,24.0,0.0,0.0,185171.31760518617,0.6139558232931727
1217,,0.0,0.0,0.0,0.0,0.0
1218,,0.0,0.0,0.0,0.0,0.0
1219,,0.0,0.0,0.0,0.0,0.0
1220,,0.0,0.0,0.0,0.0,0.0
1221,,0.0,0.0,0.0,0.0,0.0
1222,,0.0,0.0,0.0,0.0,0.0
1223,,0.0,0.0,0.0,0.0,0.0
1224,,0.0,0.0,0.0,0.0,0.0
1225,,0.0,0.0,0.0,0.0,0.0
1226,,0.0,0.0,0.0,0.0,0.0
1227,,0.0,0.0,0.0,0.0,0.0
1228,,0.0,0.0,0.0,0.0,0.0
1229,,0.0,0.0,0.0,0.0,0.0
1230,,0.0,0.0,0.0,0.0,0.0
1231,Fresno,47.0,0.0,0.0,175949.07519306603,0.5311244979919679
1232,Fresno,1.0,0.0,0.0,173412.04521299206,0.5105421686746988
1233,Fresno,2.0,0.0,0.0,170256.66135802033,0.4859437751004016
1234,Fresno,0.0,0.0,0.0,177740.61184099937,0.5451807228915663
1235,Fresno,6.0,0.0,0.0,173789.74130841048,0.5140562248995983
1236,Fresno,0.0,0.0,0.0,169302.19456997368,0.47690763052208834
1237,Fresno,19.0,0.0,0.0,165587.77100876806,0.44377510040160645
1238,Fresno,0.0,0.0,0.0,147977.41425609184,0.3468875502008032
1239,Fresno,0.0,0.0,0.0,153768.57333094726,0.36596385542168675
1240,Fresno,0.0,0.0,0.0,161244.66796212792,0.40913654618473894
1241,Fresno,0.0,0.0,0.0,173887.0000583643,0.5150602409638554
1242,Fresno,58.0,0.0,0.0,175971.15358331846,0.5316265060240963
1243,Fresno,14.0,0.0,0.0,170501.54962663117,0.4879518072289157
1244,Fresno,1.0,0.0,0.0,166718.27210874148,0.4528112449799197
1245,Fresno,0.0,0.0,0.0,163868.84506384147,0.4252008032128514
1246,Fresno,14.0,0.0,0.0,184061.89471616413,0.6034136546184738
1247,Fresno,3.0,0.0,0.0,176573.74449653216,0.5366465863453815
1248,Fresno,7.0,0.0,0.0,176629.70599077106,0.5371485943775101
1249,Fresno,4.0,0.0,0.0,173155.2532566718,0.5080321285140562
1250,Fresno,4.0,0.0,0.0,185381.80750003332,0.6169678714859438
1251,Fresno,71.0,0.0,0.0,177500.42752258142,0.5431726907630522
1252,Fresno,156.0,0.0,0.0,178417.23065950652,0.5522088353413654
1253,Fresno,9.0,0.0,0.0,173777.5551377721,0.5135542168674698
1254,Fresno,43.0,0.0,0.0,190085.4955847335,0.6586345381526104
1255,Fresno,2.0,0.0,0.0,183388.99500050198,0.5968875502008032
1256,Fresno,63.0,0.0,0.0,177748.41743745818,0.5456827309236948
1257,Fresno,38.0,0.0,0.0,172246.97150299736,0.5015060240963856
1258,Fresno,5.0,0.0,0.0,190954.68516619326,0.6656626506024096
1259,Fresno,10.0,0.0,0.0,183880.48419757138,0.6029116465863453
1260,Fresno,0.0,0.0,0.0,177896.22946727253,0.5481927710843374
1261,Fresno,0.0,0.0,0.0,178442.90758093575,0.5532128514056225
1262,Fresno,0.0,0.0,0.0,191760.5748843032,0.6757028112449799
1263,Fresno,0.0,0.0,0.0,189956.49243203693,0.6556224899598394
1264,Fresno,0.0,0.0,0.0,187230.04265911464,0.6320281124497992
1265,Fresno,0.0,0.0,0.0,181004.07892851345,0.5753012048192772
1266,Fresno,8.0,0.0,0.0,187344.45678818377,0.6330321285140562
1267,Fresno,0.0,0.0,0.0,185236.07092950333,0.6154618473895582
1268,Fresno,0.0,0.0,0.0,182224.0618854807,0.5858433734939759
1269,Fresno,174.0,0.0,0.0,184516.3536493953,0.607429718875502
1270,Fresno,0.0,0.0,0.0,179790.52802954998,0.5642570281124498
1271,Fresno,0.0,0.0,0.0,182955.93896051467,0.5913654618473896
1272,Fresno,0.0,0.0,0.0,182813.22818106934,0.5893574297188755
1273,Fresno,0.0,0.0,0.0,180990.8930587052,0.5747991967871486
1274,Fresno,0.0,0.0,0.0,178198.47241650714,0.5512048192771084
1275,Fresno,0.0,0.0,0.0,182319.910369859,0.5868473895582329
1276,Fresno,0.0,0.0,0.0,176289.88723072252,0.535140562248996
1277,Fresno,12.0,0.0,0.0,180315.26876227764,0.5697791164658634
1278,Fresno,0.0,0.0,0.0,178808.9358322742,0.5552208835341366
1279,Fresno,0.0,0.0,0.0,178305.36876549257,0.5517068273092369
1280,Fresno,0.0,0.0,0.0,171943.07747084086,0.49698795180722893
1281,Fresno,2.0,0.0,0.0,179895.07394153145,0.5657630522088354
1282,Fresno,0.0,0.0,0.0,174263.11914403277,0.5200803212851406
1283,Fresno,0.0,0.0,0.0,176017.9150164558,0.5326305220883534
1284,Fresno,0.0,0.0,0.0,171626.88169651697,0.4964859437751004
1285,Fresno,0.0,0.0,0.0,191384.5300348295,0.6706827309236948
1286,Fresno,0.0,0.0,0.0,188199.33947482627,0.641566265060241
1287,Fresno,10.0,0.0,0.0,189141.54962658387,0.6495983935742972
1288,Fresno,0.0,0.0,0.0,187899.71072029008,0.6380522088353414
1289,Fresno,0.0,0.0,0.0,182014.76890183854,0.5848393574297188
1290,Fresno,64.0,0.0,0.0,181680.23469575628,0.5798192771084337
1291,Fresno,2.0,0.0,0.0,180092.16822630342,0.5677710843373494
1292,Fresno,0.0,0.0,0.0,186434.3236507104,0.6234939759036144
1293,Fresno,0.0,0.0,0.0,189461.72173795602,0.6521084337349398
1294,Fresno,0.0,0.0,0.0,183639.28366912907,0.5993975903614458
1295,Fresno,0.0,0.0,0.0,182591.33412698342,0.5878514056224899
1296,Fresno,45.0,0.0,0.0,179189.12848161915,0.5577309236947792
1297,Fresno,0.0,0.0,0.0,176975.5286592692,0.5411646586345381
1298,Fresno,1.0,0.0,0.0,176234.90182547556,0.5341365461847389
1299,,0.0,0.0,0.0,0.0,0.0
1300,,0.0,0.0,0.0,0.0,0.0
1301,,0.0,0.0,0.0,0.0,0.0
1302,,0.0,0.0,0.0,0.0,0.0
1303,,0.0,0.0,0.0,0.0,0.0
1304,,0.0,0.0,0.0,0.0,0.0
1305,,0.0,0.0,0.0,0.0,0.0
1306,,0.0,0.0,0.0,0.0,0.0
1307,,0.0,0.0,0.0,0.0,0.0
1308,,0.0,0.0,0.0,0.0,0.0
1309,,0.0,0.0,0.0,0.0,0.0
1310,,0.0,0.0,0.0,0.0,0.0
1311,Fresno,68.0,0.0,0.0,173819.0943362106,0.5145582329317269
1312,Fresno,0.0,0.0,0.0,168734.63868205773,0.4683734939759036
1313,Fresno,141.0,0.0,0.0,165014.85593297167,0.4357429718875502
1314,Fresno,0.0,0.0,0.0,163137.05102175658,0.4206827309236948
1315,Fresno,202.0,0.0,0.0,165200.97137199648,0.4387550200803213
1316,Fresno,14.0,0.0,0.0,167631.21328172035,0.45933734939759036
1317,Fresno,51.0,0.0,0.0,168330.01865194758,0.46285140562248994
1318,Fresno,833.0,0.0,0.0,171379.93533090988,0.49447791164658633
1319,Fresno,16.0,0.0,0.0,165287.3954994974,0.4402610441767068
1320,Fresno,0.0,0.0,0.0,169162.4117929046,0.4748995983935743
1321,Fresno,84.0,0.0,0.0,169418.29441580732,0.4789156626506024
1322,Fresno,29.0,10818.0,0.18135376756066413,172214.4807200286,0.5005020080321285
1323,Fresno,13.0,0.0,0.0,175834.9861934094,0.5301204819277109
1324,Fresno,215.0,21962.0,0.30140485312899107,179432.44732437812,0.5597389558232931
1325,Fresno,890.0,11183.0,0.18518518518518517,173622.21121939717,0.5110441767068273
1326,Fresno,5.0,19161.0,0.2681992337164751,181752.50797285317,0.5818273092369478
1327,Fresno,63.0,16626.0,0.24521072796934865,173906.15497444532,0.5160642570281124
1328,Fresno,205.0,21972.0,0.30268199233716475,180947.69576200063,0.5742971887550201
1329,Fresno,13.0,0.0,0.0,177030.31104527327,0.5421686746987951
1330,Fresno,102.0,11503.0,0.19157088122605365,172377.26674645257,0.5030120481927711
1331,Fresno,76.0,14214.0,0.2222222222222222,176701.8578020629,0.5386546184738956
1332,Fresno,262.0,15281.0,0.23627075351213284,178018.38388141728,0.5486947791164659
1333,Fresno,665.0,11298.0,0.18901660280970625,189119.12605313273,0.6485943775100401
1334,Fresno,15.0,0.0,0.0,172957.12344470498,0.5060240963855421
1335,Fresno,214.0,14047.0,0.21583652618135377,178068.39764586507,0.5491967871485943
1336,Fresno,180.0,14138.0,0.21966794380587484,183686.74460460717,0.6019076305220884
1337,Fresno,70.0,15114.0,0.23371647509578544,190584.19415538755,0.6616465863453815
1338,Fresno,7.0,13610.0,0.20945083014048532,195718.7241218105,0.7103413654618473
1339,Fresno,25.0,15228.0,0.23499361430395913,184304.17619210744,0.6054216867469879
1340,Fresno,88.0,0.0,0.0,167582.30168096712,0.45883534136546184
1341,Fresno,172.0,0.0,0.0,171982.12774027546,0.49849397590361444
1342,Fresno,8.0,4893.0,0.11494252873563218,176101.34144876729,0.5336345381526104
1343,Fresno,58.0,14736.0,0.227330779054917,179609.82175908535,0.5627510040160643
1344,Fresno,310.0,15374.0,0.2388250319284802,183271.51670794367,0.5953815261044176
1345,Fresno,25.0,10066.0,0.17496807151979565,185420.13913741938,0.6174698795180723
1346,Fresno,46.0,0.0,0.0,169197.32570584188,0.4759036144578313
1347,Fresno,74.0,0.0,0.0,173157.61196938803,0.5085341365461847
1348,Fresno,102.0,8082.0,0.1545338441890166,177817.07770952722,0.5471887550200804
1349,Fresno,189.0,16673.0,0.24648786717752236,182958.67651855343,0.5918674698795181
1350,Fresno,151.0,18518.0,0.25798212005108556,188299.67515617903,0.6420682730923695
1351,Fresno,112.0,20861.0,0.29118773946360155,195298.1043939076,0.7058232931726908
1352,Fresno,237.0,18432.0,0.2567049808429119,194932.13249187998,0.7038152610441767
1353,Fresno,103.0,0.0,0.0,170689.44366890236,0.4899598393574297
1354,Fresno,74.0,0.0,0.0,175083.0072044484,0.5240963855421686
1355,Fresno,154.0,4327.0,0.10089399744572158,180103.37321093818,0.5682730923694779
1356,Fresno,259.0,11554.0,0.194125159642401,185231.02746624968,0.6149598393574297
1357,Fresno,27.0,18042.0,0.2554278416347382,190340.97204522454,0.660140562248996
1358,Fresno,120.0,22504.0,0.3090676883780332,194783.25473812965,0.7018072289156626
1359,Fresno,226.0,32153.0,0.3780332056194125,202535.4302155435,0.7796184738955824
1360,Fresno,101.0,69783.0,0.6372924648786717,207034.38054456894,0.8237951807228916
1361,Fresno,87.0,0.0,0.0,171181.22053540935,0.4924698795180723
1362,Fresno,76.0,0.0,0.0,175328.4717780553,0.5266064257028112
1363,Fresno,44.0,0.0,0.0,179910.80032200302,0.5662650602409639
1364,Fresno,25.0,0.0,0.0,184753.67403823743,0.6094377510040161
1365,Fresno,27.0,0.0,0.0,189958.81098565826,0.6561244979919679
1366,Fresno,64.0,12346.0,0.19923371647509577,196080.99689819184,0.7133534136546185
1367,Fresno,233.0,22130.0,0.3052362707535121,201401.25385777676,0.7660642570281124
1368,Fresno,490.0,39477.0,0.42017879948914433,209055.24326392595,0.8428714859437751
1369,Fresno,2676.0,68172.0,0.6219667943805874,210927.1471375213,0.8614457831325302
1370,Fresno,185.0,9191.0,0.1698595146871009,197772.82527850143,0.731425702811245
1371,Fresno,107.0,16001.0,0.2413793103448276,203037.19843835905,0.7856425702811245
1372,Fresno,269.0,36411.0,0.40102171136653897,209498.91152630525,0.8453815261044176
1373,Fresno,340.0,66737.0,0.6104725415070242,211516.23964051105,0.8659638554216867
1374,Fresno,28.0,0.0,0.0,200172.57100906724,0.7525100401606426
1375,Fresno,66.0,0.0,0.0,204735.88529937048,0.8052208835341366
1376,Fresno,30.0,2686.0,0.07151979565772669,211767.88348509418,0.8674698795180723
1377,Fresno,3.0,46429.0,0.4648786717752235,211034.12596122365,0.8619477911646586
1378,Fresno,155.0,65387.0,0.6053639846743295,210521.76057811195,0.858433734939759
1379,Fresno,41.0,71533.0,0.6538952745849298,212132.9689794573,0.8689759036144579
1380,,0.0,0.0,0.0,0.0,0.0
1381,,0.0,0.0,0.0,0.0,0.0
1382,,0.0,0.0,0.0,0.0,0.0
1383,,0.0,0.0,0.0,0.0,0.0
1384,,0.0,0.0,0.0,0.0,0.0
1385,,0.0,0.0,0.0,0.0,0.0
1386,,0.0,0.0,0.0,0.0,0.0
1387,,0.0,0.0,0.0,0.0,0.0
1388,,0.0,0.0,0.0,0.0,0.0
1389,,0.0,0.0,0.0,0.0,0.0
1390,,0.0,0.0,0.0,0.0,0.0
1391,Fresno,29.0,0.0,0.0,169134.45422065764,0.4738955823293173
1392,Fresno,61.0,0.0,0.0,166805.9769630854,0.45331325301204817
1393,Fresno,127.0,0.0,0.0,160573.38098094502,0.4041164658634538
1394,Fresno,20.0,0.0,0.0,162557.0301801166,0.4181726907630522
1395,Fresno,15.0,0.0,0.0,160430.9574068987,0.4026104417670683
1396,Fresno,0.0,0.0,0.0,168927.11162741523,0.47289156626506024
1397,Fresno,27.0,0.0,0.0,165821.0458614306,0.4457831325301205
1398,Fresno,34.0,12039.0,0.19540229885057472,169323.52683678738,0.47740963855421686
1399,Fresno,0.0,0.0,0.0,161003.10272664105,0.4071285140562249
1400,Fresno,140.0,0.0,0.0,165844.34580310347,0.446285140562249
1401,Fresno,52.0,11277.0,0.18646232439335889,168770.18366296764,0.46887550200803213
1402,Fresno,0.0,0.0,0.0,156421.26739912858,0.3785140562248996
1403,Fresno,5.0,0.0,0.0,164317.08040592034,0.43022088353413657
1404,Fresno,11.0,0.0,0.0,168861.90239820775,0.4713855421686747
1405,Fresno,0.0,0.0,0.0,154730.28618811275,0.3689759036144578
1406,Fresno,24.0,0.0,0.0,158919.49583808184,0.39457831325301207
1407,Fresno,4.0,0.0,0.0,163369.4130172148,0.42168674698795183
1408,Fresno,20.0,0.0,0.0,160953.46566097045,0.40612449799196787
1409,Fresno,1.0,0.0,0.0,164623.16555748665,0.4327309236947791
1410,Fresno,16.0,0.0,0.0,162436.47099942327,0.41616465863453816
1411,Fresno,6.0,0.0,0.0,166611.63950358602,0.4523092369477912
1412,Fresno,26.0,0.0,0.0,162403.35497118733,0.41566265060240964
1413,Fresno,1.0,0.0,0.0,166089.0269848027,0.44879518072289154
1414,Fresno,0.0,0.0,0.0,164229.5503742374,0.4292168674698795
1415,Fresno,19.0,0.0,0.0,168549.10233755625,0.46586345381526106
1416,Fresno,17.0,0.0,0.0,173135.0269552653,0.5075301204819277
1417,Fresno,0.0,0.0,0.0,177304.41630607066,0.5426706827309237
1418,Fresno,3.0,0.0,0.0,181939.2034642973,0.5833333333333334
1419,Fresno,21.0,0.0,0.0,186472.32781202186,0.623995983935743
1420,Fresno,14.0,0.0,0.0,192016.8202471881,0.677710843373494
1421,Fresno,30.0,0.0,0.0,187858.12471522338,0.6375502008032129
1422,Fresno,128.0,0.0,0.0,193135.34959430262,0.6872489959839357
1423,,0.0,0.0,0.0,0.0,0.0
1424,,0.0,0.0,0.0,0.0,0.0
1425,,0.0,0.0,0.0,0.0,0.0
1426,,0.0,0.0,0.0,0.0,0.0
1427,,0.0,0.0,0.0,0.0,0.0
1428,,0.0,0.0,0.0,0.0,0.0
1429,,0.0,0.0,0.0,0.0,0.0
1430,,0.0,0.0,0.0,0.0,0.0
1431,,0.0,0.0,0.0,0.0,0.0
1432,,0.0,0.0,0.0,0.0,0.0
1433,,0.0,0.0,0.0,0.0,0.0
1434,,0.0,0.0,0.0,0.0,0.0
1435,,0.0,0.0,0.0,0.0,0.0
1436,,0.0,0.0,0.0,0.0,0.0
1437,,0.0,0.0,0.0,0.0,0.0
1438,,0.0,0.0,0.0,0.0,0.0
1439,,0.0,0.0,0.0,0.0,0.0
1440,,0.0,0.0,0.0,0.0,0.0
1441,Fresno,0.0,0.0,0.0,183654.6346437079,0.6009036144578314
1442,Fresno,124.0,0.0,0.0,173974.5571105082,0.517570281124498
1443,Fresno,48.0,0.0,0.0,179463.1520377603,0.5602409638554217
1444,Fresno,17.0,0.0,0.0,169914.3116081482,0.4839357429718876
1445,Fresno,46.0,0.0,0.0,170958.15220561123,0.49096385542168675
1446,Fresno,176.0,0.0,0.0,169799.16417018225,0.48142570281124497
1447,Fresno,114.0,0.0,0.0,168340.3835493514,0.46335341365461846
1448,Fresno,330.0,0.0,0.0,162580.65755010262,0.4186746987951807
1449,Fresno,230.0,0.0,0.0,163623.5197748575,0.4246987951807229
1450,Fresno,42.0,10909.0,0.1826309067688378,181700.58702136943,0.5803212851405622
1451,Fresno,50.0,0.0,0.0,169861.74912831793,0.48343373493975905
1452,Fresno,38.0,8940.0,0.1673052362707535,177726.5132337933,0.5441767068273092
1453,Fresno,160.0,0.0,0.0,170643.28526547973,0.4894578313253012
1454,Fresno,68.0,0.0,0.0,168292.06555766158,0.4623493975903614
1455,Fresno,513.0,0.0,0.0,167945.16185606312,0.4608433734939759
1456,Fresno,6.0,0.0,0.0,182697.28026748967,0.588855421686747
1457,Fresno,516.0,0.0,0.0,190006.2881587963,0.6571285140562249
1458,Fresno,156.0,11362.0,0.19029374201787994,185796.04348425783,0.6199799196787149
1459,Fresno,350.0,20589.0,0.28607918263090676,185431.98279274305,0.6179718875502008
1460,Fresno,114.0,20738.0,0.28991060025542786,183650.18719910303,0.6004016064257028
1461,Fresno,128.0,0.0,0.0,178176.8743612892,0.5502008032128514
1462,Fresno,668.0,20163.0,0.2796934865900383,179883.08057797176,0.5652610441767069
1463,Fresno,46.0,0.0,0.0,170611.52345329538,0.48895582329317266
1464,Fresno,154.0,0.0,0.0,179556.7800593767,0.5612449799196787
1465,Fresno,60.0,0.0,0.0,178461.6769833743,0.553714859437751
1466,Fresno,159.0,0.0,0.0,172909.13694547236,0.5040160642570282
1467,Fresno,150.0,0.0,0.0,178631.8580625227,0.5542168674698795
1468,Fresno,11.0,0.0,0.0,180262.08782648234,0.5692771084337349
1469,Fresno,1648.0,57828.0,0.5440613026819924,202121.31922126954,0.7745983935742972
1470,Fresno,1171.0,67492.0,0.6168582375478927,203345.54777840065,0.7876506024096386
1471,Fresno,31.0,77388.0,0.6819923371647509,206041.43025392698,0.8127510040160643
1472,Fresno,602.0,60834.0,0.5683269476372924,199475.40666886867,0.7464859437751004
1473,Fresno,47.0,2856.0,0.07918263090676884,191720.1861936141,0.6746987951807228
1474,Fresno,1.0,29771.0,0.3614303959131545,190893.18219162957,0.6651606425702812
1475,Fresno,667.0,31760.0,0.37547892720306514,189229.0368561469,0.6501004016064257
1476,Fresno,110.0,28994.0,0.3550446998722861,184069.0661415747,0.6039156626506024
1477,Fresno,221.0,0.0,0.0,182907.5766861392,0.5903614457831325
1478,Fresno,44.0,0.0,0.0,182017.6157346528,0.5853413654618473
1479,Fresno,0.0,0.0,0.0,183449.7519923545,0.5973895582329317
1480,Fresno,78.0,66591.0,0.6091954022988506,199217.24409449464,0.7439759036144579
1481,Fresno,382.0,48370.0,0.4891443167305236,193292.18569403392,0.6892570281124498
1482,Fresno,91.0,59713.0,0.5606641123882503,192872.6753751138,0.6837349397590361
1483,Fresno,238.0,39540.0,0.4240102171136654,189918.3810564442,0.6551204819277109
1484,Fresno,176.0,0.0,0.0,188812.41997657117,0.6455823293172691
1485,Fresno,290.0,19021.0,0.2624521072796935,188396.2663079228,0.642570281124498
1486,Fresno,1761.0,77285.0,0.6807151979565773,204925.3860771154,0.8062248995983936
1487,Fresno,742.0,77185.0,0.6794380587484036,205406.19260266336,0.8097389558232931
1488,Fresno,275.0,78864.0,0.6871008939974457,206541.06677985477,0.8172690763052208
1489,Fresno,143.0,78528.0,0.6845466155810983,204917.9813450278,0.8057228915662651
1490,Fresno,455.0,70486.0,0.6424010217113666,204274.5867351216,0.7981927710843374
1491,Fresno,576.0,77903.0,0.6832694763729247,201199.33489582498,0.7630522088353414
1492,Fresno,321.0,59696.0,0.5593869731800766,198381.4365826412,0.7364457831325302
1493,Fresno,63.0,46717.0,0.466794380587484,193546.97975627385,0.6927710843373494
1494,Fresno,358.0,0.0,0.0,194084.19768086149,0.6977911646586346
1495,Fresno,95.0,19021.0,0.2624521072796935,192946.83213287598,0.6862449799196787
1496,Fresno,897.0,70776.0,0.648786717752235,208064.2778885819,0.8368473895582329
1497,Fresno,484.0,91796.0,0.7573435504469987,212315.37053756553,0.8719879518072289
1498,Fresno,2818.0,62279.0,0.5836526181353767,207747.23994939637,0.8328313253012049
1499,Fresno,59.0,70518.0,0.6436781609195402,205512.3835568442,0.8112449799196787
1500,Fresno,778.0,68688.0,0.6283524904214559,208253.78187520453,0.838855421686747
1501,Fresno,2524.0,72456.0,0.6577266922094508,206215.66266277444,0.8152610441767069
1502,Fresno,1649.0,49786.0,0.5006385696040868,200942.25511357372,0.7600401606425703
1503,Fresno,1694.0,0.0,0.0,202647.12518914457,0.7816265060240963
1504,Fresno,514.0,0.0,0.0,196739.22304016733,0.7203815261044176
1505,,0.0,0.0,0.0,0.0,0.0
1506,,0.0,0.0,0.0,0.0,0.0
1507,,0.0,0.0,0.0,0.0,0.0
1508,,0.0,0.0,0.0,0.0,0.0
1509,,0.0,0.0,0.0,0.0,0.0
1510,,0.0,0.0,0.0,0.0,0.0
1511,,0.0,0.0,0.0,0.0,0.0
1512,,0.0,0.0,0.0,0.0,0.0
1513,,0.0,0.0,0.0,0.0,0.0
1514,,0.0,0.0,0.0,0.0,0.0
1515,,0.0,0.0,0.0,0.0,0.0
1516,,0.0,0.0,0.0,0.0,0.0
1517,,0.0,0.0,0.0,0.0,0.0
1518,,0.0,0.0,0.0,0.0,0.0
1519,,0.0,0.0,0.0,0.0,0.0
1520,,0.0,0.0,0.0,0.0,0.0
1521,Fresno,33.0,0.0,0.0,157765.40124215762,0.3885542168674699
1522,Fresno,6.0,0.0,0.0,145207.56479744997,0.3393574297188755
1523,Fresno,57.0,0.0,0.0,165055.69272613138,0.4362449799196787
1524,Fresno,19.0,0.0,0.0,167996.4760520624,0.46184738955823296
1525,Fresno,0.0,0.0,0.0,168847.83467827208,0.46987951807228917
1526,Fresno,154.0,0.0,0.0,166411.18795043073,0.45180722891566266
1527,Fresno,1.0,0.0,0.0,162104.38358059103,0.41365461847389556
1528,Fresno,7.0,0.0,0.0,172233.6455829293,0.501004016064257
1529,,0.0,0.0,0.0,0.0,0.0
1530,,0.0,0.0,0.0,0.0,0.0
1531,Fresno,298.0,0.0,0.0,134337.33329687698,0.29668674698795183
1532,,0.0,0.0,0.0,0.0,0.0
1533,,0.0,0.0,0.0,0.0,0.0
1534,,0.0,0.0,0.0,0.0,0.0
1535,,0.0,0.0,0.0,0.0,0.0
1536,,0.0,0.0,0.0,0.0,0.0
1537,,0.0,0.0,0.0,0.0,0.0
1538,,0.0,0.0,0.0,0.0,0.0
1539,,0.0,0.0,0.0,0.0,0.0
1540,,0.0,0.0,0.0,0.0,0.0
1541,Huron,3.0,1056.0,0.01979565772669221,23195.066404758294,0.06676706827309237
1542,Huron,76.0,1055.0,0.017879948914431672,23137.97725840558,0.06626506024096386
1543,Huron,57.0,1056.0,0.01979565772669221,23311.551957313175,0.06726907630522089
1544,Huron,1.0,0.0,0.0,22367.45682976256,0.0607429718875502
1545,Huron,44.0,652.0,0.010855683269476373,22648.251414683175,0.061746987951807226
1546,Huron,38.0,652.0,0.010855683269476373,22894.044950954027,0.06475903614457831
1547,Huron,346.0,652.0,0.010855683269476373,22952.464857509614,0.06526104417670683
1548,Huron,0.0,652.0,0.010855683269476373,22249.022718820484,0.05923694779116466
1549,Huron,51.0,652.0,0.010855683269476373,22325.99340751607,0.060240963855421686
1550,Huron,0.0,652.0,0.010855683269476373,21398.57838600892,0.05773092369477912
1551,Huron,0.0,0.0,0.0,20552.964926341047,0.053714859437751006
1552,,0.0,0.0,0.0,0.0,0.0
1553,,0.0,0.0,0.0,0.0,0.0
1554,,0.0,0.0,0.0,0.0,0.0
1555,,0.0,0.0,0.0,0.0,0.0
1556,,0.0,0.0,0.0,0.0,0.0
1557,,0.0,0.0,0.0,0.0,0.0
1558,,0.0,0.0,0.0,0.0,0.0
1559,,0.0,0.0,0.0,0.0,0.0
1560,,0.0,0.0,0.0,0.0,0.0
1561,Huron,15.0,1433.0,0.038314176245210725,23982.966070265153,0.07028112449799197
1562,Unincorporate,0.0,652.0,0.010855683269476373,22313.44225930243,0.05973895582329317
1563,Unincorporate,0.0,652.0,0.010855683269476373,22206.216484985453,0.058734939759036146
1564,,0.0,0.0,0.0,0.0,0.0
1565,,0.0,0.0,0.0,0.0,0.0
1566,,0.0,0.0,0.0,0.0,0.0
1567,,0.0,0.0,0.0,0.0,0.0
1568,,0.0,0.0,0.0,0.0,0.0
1569,,0.0,0.0,0.0,0.0,0.0
1570,,0.0,0.0,0.0,0.0,0.0
1571,,0.0,0.0,0.0,0.0,0.0
1572,,0.0,0.0,0.0,0.0,0.0
1573,,0.0,0.0,0.0,0.0,0.0
1574,,0.0,0.0,0.0,0.0,0.0
1575,,0.0,0.0,0.0,0.0,0.0
1576,,0.0,0.0,0.0,0.0,0.0
1577,,0.0,0.0,0.0,0.0,0.0
1578,,0.0,0.0,0.0,0.0,0.0
1579,,0.0,0.0,0.0,0.0,0.0
1580,,0.0,0.0,0.0,0.0,0.0
1581,Kerman,211.0,545.0,0.0031928480204342275,107935.1488672031,0.20983935742971888
1582,Kerman,88.0,545.0,0.0031928480204342275,109832.38722891491,0.2173694779116466
1583,Kerman,218.0,0.0,0.0,102523.90059999019,0.19678714859437751
1584,Kerman,679.0,545.0,0.0031928480204342275,108538.90219192738,0.21184738955823293
1585,Kerman,298.0,545.0,0.0031928480204342275,111389.89393800993,0.2213855421686747
1586,Kerman,544.0,1276.0,0.027458492975734355,117772.07010466527,0.2419678714859438
1587,Kerman,160.0,0.0,0.0,98171.71417947367,0.18724899598393574
1588,Kerman,615.0,0.0,0.0,103030.99178750302,0.19879518072289157
1589,Kerman,442.0,0.0,0.0,105244.83763562335,0.20281124497991967
1590,Kerman,144.0,0.0,0.0,112588.29845828023,0.22640562248995985
1591,Kerman,461.0,0.0,0.0,102829.03685686339,0.19779116465863453
1592,Kerman,84.0,0.0,0.0,108722.91329350426,0.21234939759036145
1593,Kerman,1.0,0.0,0.0,111622.68659319438,0.22238955823293172
1594,Kerman,61.0,0.0,0.0,103556.6263700219,0.20130522088353414
1595,,0.0,0.0,0.0,0.0,0.0
1596,,0.0,0.0,0.0,0.0,0.0
1597,,0.0,0.0,0.0,0.0,0.0
1598,,0.0,0.0,0.0,0.0,0.0
1599,,0.0,0.0,0.0,0.0,0.0
1600,,0.0,0.0,0.0,0.0,0.0
1601,,0.0,0.0,0.0,0.0,0.0
1602,,0.0,0.0,0.0,0.0,0.0
1603,,0.0,0.0,0.0,0.0,0.0
1604,,0.0,0.0,0.0,0.0,0.0
1605,,0.0,0.0,0.0,0.0,0.0
1606,,0.0,0.0,0.0,0.0,0.0
1607,,0.0,0.0,0.0,0.0,0.0
1608,,0.0,0.0,0.0,0.0,0.0
1609,,0.0,0.0,0.0,0.0,0.0
1610,,0.0,0.0,0.0,0.0,0.0
1611,Kerman,0.0,0.0,0.0,105739.22012481018,0.2043172690763052
1612,Kerman,1.0,1276.0,0.027458492975734355,117580.95868139737,0.24146586345381527
1613,Kerman,80.0,0.0,0.0,100330.59177966154,0.1932730923694779
1614,Kerman,0.0,0.0,0.0,98927.19739710435,0.1897590361445783
1615,Kerman,0.0,0.0,0.0,100357.81678045908,0.19377510040160642
1616,Kerman,14.0,0.0,0.0,106206.56935688481,0.20532128514056225
1617,Kerman,0.0,0.0,0.0,108727.51886196955,0.21285140562248997
1618,,0.0,0.0,0.0,0.0,0.0
1619,,0.0,0.0,0.0,0.0,0.0
1620,,0.0,0.0,0.0,0.0,0.0
1621,,0.0,0.0,0.0,0.0,0.0
1622,,0.0,0.0,0.0,0.0,0.0
1623,,0.0,0.0,0.0,0.0,0.0
1624,,0.0,0.0,0.0,0.0,0.0
1625,,0.0,0.0,0.0,0.0,0.0
1626,,0.0,0.0,0.0,0.0,0.0
1627,,0.0,0.0,0.0,0.0,0.0
1628,,0.0,0.0,0.0,0.0,0.0
1629,,0.0,0.0,0.0,0.0,0.0
1630,,0.0,0.0,0.0,0.0,0.0
1631,Kingsburg,280.0,0.0,0.0,120591.71748650484,0.25502008032128515
1632,Kingsburg,48.0,0.0,0.0,115850.07232718449,0.2354417670682731
1633,Kingsburg,163.0,0.0,0.0,116185.6546759047,0.2359437751004016
1634,Kingsburg,39.0,0.0,0.0,111531.082502047,0.22188755020080322
1635,Kingsburg,140.0,0.0,0.0,118369.72629372036,0.24497991967871485
1636,Kingsburg,459.0,0.0,0.0,119523.3690835612,0.25100401606425704
1637,Kingsburg,403.0,0.0,0.0,118628.50752666162,0.24799196787148595
1638,Kingsburg,107.0,0.0,0.0,117414.51112860024,0.24046184738955823
1639,Kingsburg,2.0,0.0,0.0,112567.83139974222,0.22590361445783133
1640,Kingsburg,161.0,0.0,0.0,111142.4683974859,0.22038152610441766
1641,Kingsburg,153.0,0.0,0.0,116459.96543006672,0.23694779116465864
1642,Kingsburg,210.0,0.0,0.0,117895.87627710472,0.24347389558232932
1643,Kingsburg,381.0,4129.0,0.09578544061302682,115443.92881036246,0.2319277108433735
1644,Kingsburg,285.0,4896.0,0.11749680715197956,116741.15322647398,0.23795180722891565
1645,Kingsburg,1869.0,4896.0,0.11749680715197956,118413.43988974426,0.24548192771084337
1646,Kingsburg,160.0,0.0,0.0,113031.1171522144,0.22690763052208834
1647,Kingsburg,19.0,0.0,0.0,110214.0364613051,0.21887550200803213
1648,Kingsburg,19.0,0.0,0.0,109916.11984324615,0.2178714859437751
1649,Kingsburg,131.0,3494.0,0.08939974457215837,110894.23595208625,0.21987951807228914
1650,,0.0,0.0,0.0,0.0,0.0
1651,,0.0,0.0,0.0,0.0,0.0
1652,,0.0,0.0,0.0,0.0,0.0
1653,,0.0,0.0,0.0,0.0,0.0
1654,,0.0,0.0,0.0,0.0,0.0
1655,,0.0,0.0,0.0,0.0,0.0
1656,,0.0,0.0,0.0,0.0,0.0
1657,,0.0,0.0,0.0,0.0,0.0
1658,,0.0,0.0,0.0,0.0,0.0
1659,,0.0,0.0,0.0,0.0,0.0
1660,,0.0,0.0,0.0,0.0,0.0
1661,Kingsburg,22.0,0.0,0.0,119468.0497591894,0.2505020080321285
1662,Kingsburg,30.0,0.0,0.0,128552.39068468851,0.28062248995983935
1663,Kingsburg,768.0,0.0,0.0,127713.19145940688,0.2756024096385542
1664,Kingsburg,213.0,0.0,0.0,118473.2020226183,0.2464859437751004
1665,Kingsburg,47.0,0.0,0.0,115472.7189603146,0.23293172690763053
1666,Kingsburg,18.0,0.0,0.0,112135.63694618765,0.22389558232931728
1667,Kingsburg,0.0,0.0,0.0,111993.14040929987,0.22289156626506024
1668,,0.0,0.0,0.0,0.0,0.0
1669,,0.0,0.0,0.0,0.0,0.0
1670,,0.0,0.0,0.0,0.0,0.0
1671,,0.0,0.0,0.0,0.0,0.0
1672,,0.0,0.0,0.0,0.0,0.0
1673,,0.0,0.0,0.0,0.0,0.0
1674,,0.0,0.0,0.0,0.0,0.0
1675,,0.0,0.0,0.0,0.0,0.0
1676,,0.0,0.0,0.0,0.0,0.0
1677,,0.0,0.0,0.0,0.0,0.0
1678,,0.0,0.0,0.0,0.0,0.0
1679,,0.0,0.0,0.0,0.0,0.0
1680,,0.0,0.0,0.0,0.0,0.0
1681,Mendota,140.0,0.0,0.0,38340.35218862611,0.09437751004016064
1682,Mendota,393.0,0.0,0.0,41977.601077077445,0.10090361445783133
1683,Mendota,2.0,2270.0,0.06513409961685823,40359.294987800095,0.09738955823293173
1684,Mendota,161.0,0.0,0.0,40035.82337707128,0.09688755020080321
1685,Mendota,2.0,0.0,0.0,41290.98528869673,0.09889558232931726
1686,Mendota,549.0,1527.0,0.04086845466155811,43409.94348375448,0.10341365461847389
1687,Mendota,9.0,1527.0,0.04086845466155811,42003.81414186903,0.10140562248995984
1688,Mendota,187.0,1527.0,0.04086845466155811,44447.75853259842,0.10542168674698796
1689,Mendota,5.0,2142.0,0.04980842911877394,43113.572554585044,0.10291164658634538
1690,Mendota,0.0,0.0,0.0,41856.81445621887,0.10040160642570281
1691,Mendota,3.0,2188.0,0.05810983397190294,44359.78394199812,0.10491967871485944
1692,Mendota,76.0,2188.0,0.05810983397190294,45225.676986075065,0.10642570281124498
1693,,0.0,0.0,0.0,0.0,0.0
1694,,0.0,0.0,0.0,0.0,0.0
1695,,0.0,0.0,0.0,0.0,0.0
1696,,0.0,0.0,0.0,0.0,0.0
1697,,0.0,0.0,0.0,0.0,0.0
1698,,0.0,0.0,0.0,0.0,0.0
1699,,0.0,0.0,0.0,0.0,0.0
1700,,0.0,0.0,0.0,0.0,0.0
1701,Mendota,123.0,0.0,0.0,38870.924627089524,0.09487951807228916
1702,Unincorporate,0.0,0.0,0.0,39827.04933483752,0.0963855421686747
1703,,0.0,0.0,0.0,0.0,0.0
1704,,0.0,0.0,0.0,0.0,0.0
1705,,0.0,0.0,0.0,0.0,0.0
1706,,0.0,0.0,0.0,0.0,0.0
1707,,0.0,0.0,0.0,0.0,0.0
1708,,0.0,0.0,0.0,0.0,0.0
1709,,0.0,0.0,0.0,0.0,0.0
1710,,0.0,0.0,0.0,0.0,0.0
1711,,0.0,0.0,0.0,0.0,0.0
1712,,0.0,0.0,0.0,0.0,0.0
1713,,0.0,0.0,0.0,0.0,0.0
1714,,0.0,0.0,0.0,0.0,0.0
1715,,0.0,0.0,0.0,0.0,0.0
1716,,0.0,0.0,0.0,0.0,0.0
1717,,0.0,0.0,0.0,0.0,0.0
1718,,0.0,0.0,0.0,0.0,0.0
1719,,0.0,0.0,0.0,0.0,0.0
1720,,0.0,0.0,0.0,0.0,0.0
1721,Orange Cove,56.0,0.0,0.0,61996.11407561114,0.12751004016064257
1722,Orange Cove,59.0,1149.0,0.022988505747126436,63531.608760417854,0.13002008032128515
1723,Orange Cove,76.0,1149.0,0.022988505747126436,61622.081624522994,0.12449799196787148
1724,Orange Cove,60.0,4303.0,0.09961685823754789,63312.93547732585,0.12951807228915663
1725,Orange Cove,713.0,909.0,0.016602809706257982,62736.9708061897,0.1285140562248996
1726,Orange Cove,87.0,1331.0,0.031928480204342274,60595.54226947631,0.12349397590361445
1727,Orange Cove,41.0,1377.0,0.035759897828863345,65821.97668037588,0.1330321285140562
1728,Orange Cove,78.0,2250.0,0.06385696040868455,63851.79519654674,0.13052208835341367
1729,Orange Cove,170.0,1248.0,0.02554278416347382,62248.948773790275,0.1280120481927711
1730,Orange Cove,134.0,1149.0,0.022988505747126436,61671.04653098807,0.125
1731,Orange Cove,13.0,0.0,0.0,64934.621527091454,0.13102409638554216
1732,Unincorporate,0.0,0.0,0.0,65362.41922788712,0.13152610441767068
1733,,0.0,0.0,0.0,0.0,0.0
1734,,0.0,0.0,0.0,0.0,0.0
1735,,0.0,0.0,0.0,0.0,0.0
1736,,0.0,0.0,0.0,0.0,0.0
1737,,0.0,0.0,0.0,0.0,0.0
1738,,0.0,0.0,0.0,0.0,0.0
1739,,0.0,0.0,0.0,0.0,0.0
1740,,0.0,0.0,0.0,0.0,0.0
1741,Orange Cove,0.0,0.0,0.0,66486.82957935764,0.1360441767068273
1742,Orange Cove,20.0,0.0,0.0,66013.79194314434,0.13403614457831325
1743,Orange Cove,112.0,0.0,0.0,63307.04117543179,0.1290160642570281
1744,Orange Cove,0.0,0.0,0.0,60982.14200551907,0.12399598393574297
1745,,0.0,0.0,0.0,0.0,0.0
1746,,0.0,0.0,0.0,0.0,0.0
1747,,0.0,0.0,0.0,0.0,0.0
1748,,0.0,0.0,0.0,0.0,0.0
1749,,0.0,0.0,0.0,0.0,0.0
1750,,0.0,0.0,0.0,0.0,0.0
1751,Parlier,58.0,5363.0,0.1206896551724138,118428.60917162868,0.2459839357429719
1752,Parlier,774.0,2018.0,0.04597701149425287,114630.26579929258,0.23042168674698796
1753,Parlier,45.0,0.0,0.0,113168.69811857457,0.22740963855421686
1754,Parlier,106.0,11288.0,0.18773946360153257,126792.65535977273,0.27259036144578314
1755,Parlier,147.0,5363.0,0.1206896551724138,121247.08681608373,0.2565261044176707
1756,Parlier,425.0,1321.0,0.03065134099616858,119961.12987607947,0.25251004016064255
1757,Parlier,1214.0,3693.0,0.09067688378033206,119571.17815042415,0.25150602409638556
1758,Parlier,0.0,0.0,0.0,122361.4033365075,0.2595381526104418
1759,Parlier,0.0,0.0,0.0,121460.27349847653,0.2580321285140562
1760,,0.0,0.0,0.0,0.0,0.0
1761,,0.0,0.0,0.0,0.0,0.0
1762,,0.0,0.0,0.0,0.0,0.0
1763,,0.0,0.0,0.0,0.0,0.0
1764,,0.0,0.0,0.0,0.0,0.0
1765,,0.0,0.0,0.0,0.0,0.0
1766,,0.0,0.0,0.0,0.0,0.0
1767,,0.0,0.0,0.0,0.0,0.0
1768,,0.0,0.0,0.0,0.0,0.0
1769,,0.0,0.0,0.0,0.0,0.0
1770,,0.0,0.0,0.0,0.0,0.0
1771,Parlier,47.0,10502.0,0.17879948914431673,124773.41903856886,0.267570281124498
1772,Parlier,16.0,1304.0,0.02937420178799489,115797.04123811664,0.23443775100401607
1773,Parlier,0.0,7077.0,0.14303959131545338,114446.0801761816,0.22991967871485944
1774,Parlier,0.0,0.0,0.0,124085.81018929798,0.2660642570281124
1775,Parlier,225.0,0.0,0.0,125437.0118722961,0.26857429718875503
1776,Parlier,82.0,0.0,0.0,120987.01379134068,0.2560240963855422
1777,Parlier,21.0,0.0,0.0,103360.15041928194,0.20080321285140562
1778,Parlier,0.0,6930.0,0.1417624521072797,115196.3186171361,0.23142570281124497
1779,Unincorporate,25.0,0.0,0.0,105874.00359694171,0.20481927710843373
1780,Unincorporate,0.0,0.0,0.0,107769.80991914627,0.20933734939759036
1781,,0.0,0.0,0.0,0.0,0.0
1782,,0.0,0.0,0.0,0.0,0.0
1783,,0.0,0.0,0.0,0.0,0.0
1784,,0.0,0.0,0.0,0.0,0.0
1785,,0.0,0.0,0.0,0.0,0.0
1786,,0.0,0.0,0.0,0.0,0.0
1787,,0.0,0.0,0.0,0.0,0.0
1788,,0.0,0.0,0.0,0.0,0.0
1789,,0.0,0.0,0.0,0.0,0.0
1790,,0.0,0.0,0.0,0.0,0.0
1791,Reedley,2.0,0.0,0.0,94555.89643918657,0.17821285140562249
1792,Reedley,61.0,0.0,0.0,89236.01407995155,0.17018072289156627
1793,Reedley,697.0,5899.0,0.13154533844189017,96185.60014150699,0.18323293172690763
1794,Reedley,17.0,6324.0,0.13409961685823754,97042.54292305597,0.18473895582329317
1795,Reedley,509.0,2847.0,0.07662835249042145,95138.28463316524,0.18022088353413654
1796,Reedley,112.0,0.0,0.0,92335.01189496154,0.17520080321285142
1797,Reedley,706.0,4441.0,0.1053639846743295,90370.28367886743,0.17269076305220885
1798,Reedley,146.0,0.0,0.0,88210.82247094462,0.16666666666666666
1799,Reedley,211.0,6845.0,0.1392081736909323,98224.38698877307,0.18825301204819278
1800,Reedley,735.0,6340.0,0.13537675606641125,97303.98577575354,0.1857429718875502
1801,Reedley,35.0,3359.0,0.08492975734355045,93099.33694244915,0.17670682730923695
1802,Reedley,51.0,3359.0,0.08492975734355045,91925.3756114537,0.17419678714859438
1803,Reedley,204.0,5663.0,0.1251596424010217,89750.90542041243,0.17118473895582328
1804,Reedley,501.0,0.0,0.0,95753.13629538292,0.1817269076305221
1805,Reedley,1982.0,3419.0,0.08812260536398467,94064.21520113687,0.17720883534136547
1806,Reedley,363.0,3359.0,0.08492975734355045,88605.3353002163,0.16817269076305222
1807,Reedley,53.0,4711.0,0.1111111111111111,87325.88738304874,0.16516064257028112
1808,Reedley,159.0,3359.0,0.08492975734355045,84821.03955806907,0.1576305220883534
1809,Reedley,325.0,0.0,0.0,88257.45452637732,0.1676706827309237
1810,Reedley,10.0,0.0,0.0,87350.97033813506,0.16566265060240964
1811,Reedley,3.0,0.0,0.0,89154.40809584047,0.16967871485943775
1812,Reedley,6.0,0.0,0.0,88922.54749863234,0.1686746987951807
1813,Reedley,149.0,0.0,0.0,89701.3580816599,0.1706827309236948
1814,Reedley,210.0,0.0,0.0,87325.54660896328,0.1646586345381526
1815,Reedley,15.0,0.0,0.0,89001.71179539009,0.16917670682730923
1816,Reedley,597.0,0.0,0.0,86047.95479368453,0.15863453815261044
1817,Reedley,199.0,0.0,0.0,82830.98814970304,0.15411646586345382
1818,Unincorporate,216.0,0.0,0.0,91540.51928809732,0.17369477911646586
1819,,0.0,0.0,0.0,0.0,0.0
1820,,0.0,0.0,0.0,0.0,0.0
1821,,0.0,0.0,0.0,0.0,0.0
1822,,0.0,0.0,0.0,0.0,0.0
1823,,0.0,0.0,0.0,0.0,0.0
1824,,0.0,0.0,0.0,0.0,0.0
1825,,0.0,0.0,0.0,0.0,0.0
1826,,0.0,0.0,0.0,0.0,0.0
1827,,0.0,0.0,0.0,0.0,0.0
1828,,0.0,0.0,0.0,0.0,0.0
1829,,0.0,0.0,0.0,0.0,0.0
1830,,0.0,0.0,0.0,0.0,0.0
1831,Reedley,0.0,0.0,0.0,91388.9949814211,0.17319277108433734
1832,,0.0,0.0,0.0,86680.5608811567,0.15963855421686746
1833,Reedley,0.0,4441.0,0.1053639846743295,87015.63289723368,0.1636546184738956
1834,Reedley,280.0,2854.0,0.07790549169859515,84527.11890287572,0.15562248995983935
1835,Reedley,0.0,0.0,0.0,85314.8301604243,0.15813253012048192
1836,,0.0,0.0,0.0,0.0,0.0
1837,,0.0,0.0,0.0,0.0,0.0
1838,,0.0,0.0,0.0,0.0,0.0
1839,,0.0,0.0,0.0,0.0,0.0
1840,,0.0,0.0,0.0,0.0,0.0
1841,,0.0,0.0,0.0,0.0,0.0
1842,,0.0,0.0,0.0,0.0,0.0
1843,,0.0,0.0,0.0,0.0,0.0
1844,,0.0,0.0,0.0,0.0,0.0
1845,,0.0,0.0,0.0,0.0,0.0
1846,,0.0,0.0,0.0,0.0,0.0
1847,,0.0,0.0,0.0,0.0,0.0
1848,,0.0,0.0,0.0,0.0,0.0
1849,,0.0,0.0,0.0,0.0,0.0
1850,,0.0,0.0,0.0,0.0,0.0
1851,Sanger,30.0,0.0,0.0,157259.95018229313,0.3865461847389558
1852,Sanger,82.0,0.0,0.0,150594.80676038013,0.3539156626506024
1853,Sanger,28.0,0.0,0.0,147481.50943694904,0.34487951807228917
1854,Sanger,252.0,0.0,0.0,142703.10624172635,0.33232931726907633
1855,Sanger,16.0,3919.0,0.09259259259259259,155382.76461717903,0.3709839357429719
1856,Sanger,9.0,2241.0,0.06194125159642401,151798.24498431635,0.35993975903614456
1857,Sanger,110.0,6754.0,0.13793103448275862,154260.62946432777,0.3669678714859438
1858,Sanger,126.0,4190.0,0.09770114942528736,151202.11034367187,0.35542168674698793
1859,Sanger,521.0,7347.0,0.14687100893997446,144553.169838292,0.33684738955823296
1860,Sanger,27.0,8706.0,0.15964240102171137,142725.96643856948,0.3328313253012048
1861,Sanger,19.0,8812.0,0.16091954022988506,138212.49304412777,0.31626506024096385
1862,Sanger,1579.0,3919.0,0.09259259259259259,151257.40860993936,0.3569277108433735
1863,Sanger,305.0,4190.0,0.09770114942528736,151615.02597418224,0.3589357429718876
1864,Sanger,1307.0,7500.0,0.15070242656449553,147098.52107881242,0.34437751004016065
1865,Sanger,225.0,8917.0,0.16602809706257982,142183.35964856867,0.32981927710843373
1866,Sanger,86.0,8859.0,0.16347381864623245,136649.53869852616,0.30823293172690763
1867,Sanger,276.0,2241.0,0.06194125159642401,148517.88097127923,0.34789156626506024
1868,Sanger,440.0,0.0,0.0,141433.3358031694,0.3253012048192771
1869,Sanger,45.0,8859.0,0.16347381864623245,138025.52639153873,0.3157630522088353
1870,Sanger,11.0,8859.0,0.16347381864623245,133869.15643062352,0.29518072289156627
1871,Sanger,56.0,8421.0,0.15644955300127714,132522.78850945312,0.2921686746987952
1872,Sanger,60.0,0.0,0.0,145662.63733004837,0.3413654618473896
1873,Sanger,40.0,0.0,0.0,139507.45902513663,0.32028112449799195
1874,Sanger,1622.0,5800.0,0.1277139208173691,139237.50085168344,0.31877510040160645
1875,Sanger,271.0,2991.0,0.08045977011494253,136140.7888309363,0.30471887550200805
1876,Sanger,68.0,0.0,0.0,132961.48851677237,0.2936746987951807
1877,Sanger,143.0,2560.0,0.06896551724137931,137717.29236715406,0.3137550200803213
1878,Sanger,291.0,2560.0,0.06896551724137931,135192.14879983058,0.30220883534136544
1879,Sanger,2130.0,2560.0,0.06896551724137931,132253.96994355624,0.2916666666666667
1880,Sanger,14.0,0.0,0.0,126736.62994824756,0.2720883534136546
1881,,0.0,0.0,0.0,0.0,0.0
1882,,0.0,0.0,0.0,0.0,0.0
1883,,0.0,0.0,0.0,0.0,0.0
1884,,0.0,0.0,0.0,0.0,0.0
1885,,0.0,0.0,0.0,0.0,0.0
1886,,0.0,0.0,0.0,0.0,0.0
1887,,0.0,0.0,0.0,0.0,0.0
1888,,0.0,0.0,0.0,0.0,0.0
1889,,0.0,0.0,0.0,0.0,0.0
1890,,0.0,0.0,0.0,0.0,0.0
1891,Sanger,0.0,0.0,0.0,162515.67262061028,0.4171686746987952
1892,Sanger,0.0,0.0,0.0,158833.87970255798,0.392570281124498
1893,Sanger,2.0,0.0,0.0,153020.6053104301,0.3634538152610442
1894,Sanger,1.0,0.0,0.0,161646.15447149388,0.41214859437751006
1895,Sanger,29.0,0.0,0.0,150376.55488954607,0.3534136546184739
1896,Sanger,431.0,0.0,0.0,147615.12297912152,0.3458835341365462
1897,Sanger,0.0,0.0,0.0,140399.76651013218,0.32279116465863456
1898,Sanger,0.0,8421.0,0.15644955300127714,128766.83247395723,0.28112449799196787
1899,Sanger,6.0,0.0,0.0,129985.0468326925,0.285140562248996
1900,Sanger,0.0,0.0,0.0,130313.46286142852,0.2856425702811245
1901,Sanger,0.0,0.0,0.0,120055.42045065561,0.2535140562248996
1902,Sanger,2.0,0.0,0.0,136845.65797206183,0.3092369477911647
1903,Sanger,75.0,0.0,0.0,134753.88576276923,0.29869477911646586
1904,Sanger,0.0,0.0,0.0,141960.94850717345,0.32831325301204817
1905,Sanger,0.0,0.0,0.0,143272.56797629024,0.33433734939759036
1906,Sanger,67.0,0.0,0.0,148389.9715497371,0.3473895582329317
1907,Sanger,14.0,0.0,0.0,151271.23636642087,0.357429718875502
1908,Sanger,430.0,0.0,0.0,159020.5723828133,0.3950803212851406
1909,,0.0,0.0,0.0,0.0,0.0
1910,,0.0,0.0,0.0,0.0,0.0
1911,,0.0,0.0,0.0,0.0,0.0
1912,,0.0,0.0,0.0,0.0,0.0
1913,,0.0,0.0,0.0,0.0,0.0
1914,,0.0,0.0,0.0,0.0,0.0
1915,,0.0,0.0,0.0,0.0,0.0
1916,,0.0,0.0,0.0,0.0,0.0
1917,,0.0,0.0,0.0,0.0,0.0
1918,,0.0,0.0,0.0,0.0,0.0
1919,,0.0,0.0,0.0,0.0,0.0
1920,,0.0,0.0,0.0,0.0,0.0
1921,San Joaquin,154.0,0.0,0.0,55879.50077499282,0.11746987951807229
1922,San Joaquin,42.0,0.0,0.0,55620.4291099509,0.11646586345381527
1923,San Joaquin,9.0,0.0,0.0,57995.63355492639,0.1209839357429719
1924,San Joaquin,392.0,0.0,0.0,56038.46510984666,0.1179718875502008
1925,San Joaquin,8.0,0.0,0.0,55223.533475262404,0.11596385542168675
1926,San Joaquin,11.0,0.0,0.0,57246.508187213374,0.11947791164658635
1927,Unincorporate,43.0,0.0,0.0,45044.37124293482,0.10592369477911646
1928,,0.0,0.0,0.0,0.0,0.0
1929,,0.0,0.0,0.0,0.0,0.0
1930,,0.0,0.0,0.0,0.0,0.0
1931,,0.0,0.0,0.0,0.0,0.0
1932,,0.0,0.0,0.0,0.0,0.0
1933,,0.0,0.0,0.0,0.0,0.0
1934,,0.0,0.0,0.0,0.0,0.0
1935,,0.0,0.0,0.0,0.0,0.0
1936,,0.0,0.0,0.0,0.0,0.0
1937,,0.0,0.0,0.0,0.0,0.0
1938,,0.0,0.0,0.0,0.0,0.0
1939,,0.0,0.0,0.0,0.0,0.0
1940,,0.0,0.0,0.0,0.0,0.0
1941,San Joaquin,1.0,0.0,0.0,54669.923638936954,0.11495983935742972
1942,San Joaquin,0.0,0.0,0.0,59514.5690905722,0.12299196787148595
1943,,0.0,0.0,0.0,0.0,0.0
1944,,0.0,0.0,0.0,0.0,0.0
1945,,0.0,0.0,0.0,0.0,0.0
1946,,0.0,0.0,0.0,0.0,0.0
1947,,0.0,0.0,0.0,0.0,0.0
1948,,0.0,0.0,0.0,0.0,0.0
1949,,0.0,0.0,0.0,0.0,0.0
1950,,0.0,0.0,0.0,0.0,0.0
1951,Selma,8.0,0.0,0.0,147512.4200782146,0.3453815261044177
1952,Selma,25.0,0.0,0.0,135000.14485331252,0.30120481927710846
1953,Selma,753.0,0.0,0.0,139043.16768414187,0.3177710843373494
1954,Selma,19.0,0.0,0.0,147044.8513053172,0.34387550200803213
1955,Selma,142.0,26055.0,0.32950191570881227,144920.90670405954,0.33835341365461846
1956,Selma,128.0,7434.0,0.14814814814814814,143859.55150623864,0.33634538152610444
1957,Selma,38.0,0.0,0.0,141977.3886657948,0.3288152610441767
1958,Selma,90.0,0.0,0.0,138865.7682172592,0.3172690763052209
1959,Selma,141.0,0.0,0.0,134970.12572908582,0.30070281124497994
1960,Selma,108.0,0.0,0.0,126433.40091734982,0.2715863453815261
1961,Selma,232.0,0.0,0.0,134782.24550959654,0.2991967871485944
1962,Selma,443.0,0.0,0.0,139326.03792960988,0.31977911646586343
1963,Selma,975.0,0.0,0.0,138491.51353977714,0.31676706827309237
1964,Selma,370.0,0.0,0.0,141540.72274117626,0.32630522088353414
1965,Selma,309.0,25888.0,0.3282247765006386,144843.14811274724,0.33785140562248994
1966,Selma,0.0,15719.0,0.24010217113665389,143387.26165806613,0.3353413654618474
1967,Selma,1750.0,10912.0,0.1839080459770115,141798.1365474398,0.3278112449799197
1968,Selma,395.0,0.0,0.0,136298.3512424488,0.3057228915662651
1969,Selma,39.0,0.0,0.0,130447.42395359922,0.286144578313253
1970,Selma,210.0,0.0,0.0,137851.35469913884,0.3142570281124498
1971,Selma,17.0,7545.0,0.15197956577266922,141479.73600808706,0.3258032128514056
1972,Selma,201.0,12461.0,0.20051085568326948,139080.29901766463,0.31827309236947793
1973,Selma,285.0,7277.0,0.14431673052362706,136001.11266510515,0.303714859437751
1974,Selma,196.0,0.0,0.0,127064.63365507842,0.2740963855421687
1975,Selma,23.0,0.0,0.0,136348.35043051396,0.30672690763052207
1976,Selma,121.0,7441.0,0.14942528735632185,139292.97947787467,0.3192771084337349
1977,Selma,18.0,0.0,0.0,132174.948012673,0.29116465863453816
1978,Selma,669.0,6893.0,0.140485312899106,136357.8510653641,0.3072289156626506
1979,Selma,0.0,4896.0,0.11749680715197956,134860.0836954476,0.3002008032128514
1980,,0.0,0.0,0.0,0.0,0.0
1981,,0.0,0.0,0.0,0.0,0.0
1982,,0.0,0.0,0.0,0.0,0.0
1983,,0.0,0.0,0.0,0.0,0.0
1984,,0.0,0.0,0.0,0.0,0.0
1985,,0.0,0.0,0.0,0.0,0.0
1986,,0.0,0.0,0.0,0.0,0.0
1987,,0.0,0.0,0.0,0.0,0.0
1988,,0.0,0.0,0.0,0.0,0.0
1989,,0.0,0.0,0.0,0.0,0.0
1990,,0.0,0.0,0.0,0.0,0.0
1991,Selma,0.0,0.0,0.0,134280.76402958672,0.2961847389558233
1992,Selma,0.0,0.0,0.0,154951.63055560098,0.3704819277108434
1993,Selma,1020.0,0.0,0.0,148724.80452445333,0.3488955823293173
1994,Selma,6.0,0.0,0.0,137141.69433100516,0.3107429718875502
1995,Selma,10.0,0.0,0.0,134823.266981279,0.2996987951807229
1996,Selma,0.0,0.0,0.0,136449.23829112516,0.3077309236947791
1997,Selma,10.0,0.0,0.0,134694.73435754963,0.29819277108433734
1998,Selma,1.0,0.0,0.0,136902.82818768887,0.3097389558232932
1999,Selma,29.0,0.0,0.0,135703.40013361152,0.30271084337349397
2000,Selma,170.0,0.0,0.0,126110.00411678533,0.26907630522088355
2001,Selma,1.0,0.0,0.0,128162.31726107444,0.2786144578313253
2002,Selma,57.0,0.0,0.0,132067.4950625959,0.29066265060240964
2003,Selma,14.0,0.0,0.0,128908.31620384843,0.2816265060240964
2004,,0.0,0.0,0.0,0.0,0.0
2005,,0.0,0.0,0.0,0.0,0.0
2006,,0.0,0.0,0.0,0.0,0.0
2007,,0.0,0.0,0.0,0.0,0.0
2008,,0.0,0.0,0.0,0.0,0.0
2009,,0.0,0.0,0.0,0.0,0.0
2010,,0.0,0.0,0.0,0.0,0.0
2011,,0.0,0.0,0.0,0.0,0.0
2012,,0.0,0.0,0.0,0.0,0.0
2013,,0.0,0.0,0.0,0.0,0.0
2014,,0.0,0.0,0.0,0.0,0.0
2015,,0.0,0.0,0.0,0.0,0.0
2016,,0.0,0.0,0.0,0.0,0.0
2017,,0.0,0.0,0.0,0.0,0.0
2018,,0.0,0.0,0.0,0.0,0.0
2019,,0.0,0.0,0.0,0.0,0.0
2020,Unincorporate,331.0,0.0,0.0,37144.26662684011,0.09236947791164658
2021,Unincorporate,1604.0,0.0,0.0,86864.39456460977,0.16164658634538154
2022,,0.0,0.0,0.0,0.0,0.0
2023,,0.0,0.0,0.0,0.0,0.0
2024,,0.0,0.0,0.0,0.0,0.0
2025,,0.0,0.0,0.0,0.0,0.0
2026,,0.0,0.0,0.0,0.0,0.0
2027,,0.0,0.0,0.0,0.0,0.0
2028,,0.0,0.0,0.0,0.0,0.0
2029,,0.0,0.0,0.0,0.0,0.0
2030,,0.0,0.0,0.0,0.0,0.0
2031,Unincorporate,386.0,0.0,0.0,115809.72088327483,0.23493975903614459
2032,Unincorporate,151.0,0.0,0.0,112150.76734304057,0.22439759036144577
2033,Unincorporate,98.0,0.0,0.0,102438.47791180156,0.196285140562249
2034,,0.0,0.0,0.0,0.0,0.0
2035,,0.0,0.0,0.0,0.0,0.0
2036,,0.0,0.0,0.0,0.0,0.0
2037,,0.0,0.0,0.0,0.0,0.0
2038,,0.0,0.0,0.0,0.0,0.0
2039,,0.0,0.0,0.0,0.0,0.0
2040,,0.0,0.0,0.0,0.0,0.0
2041,Unincorporate,785.0,0.0,0.0,156221.4752098486,0.37751004016064255
2042,Unincorporate,2136.0,0.0,0.0,134002.35013130243,0.2956827309236948
2043,,0.0,0.0,0.0,0.0,0.0
2044,,0.0,0.0,0.0,0.0,0.0
2045,,0.0,0.0,0.0,0.0,0.0
2046,,0.0,0.0,0.0,0.0,0.0
2047,,0.0,0.0,0.0,0.0,0.0
2048,,0.0,0.0,0.0,0.0,0.0
2049,,0.0,0.0,0.0,0.0,0.0
2050,,0.0,0.0,0.0,0.0,0.0
2051,Unincorporate,209.0,9151.0,0.1685823754789272,193283.39636852045,0.6887550200803213
2052,,0.0,0.0,0.0,0.0,0.0
2053,,0.0,0.0,0.0,0.0,0.0
2054,,0.0,0.0,0.0,0.0,0.0
2055,,0.0,0.0,0.0,0.0,0.0
2056,,0.0,0.0,0.0,0.0,0.0
2057,,0.0,0.0,0.0,0.0,0.0
2058,,0.0,0.0,0.0,0.0,0.0
2059,,0.0,0.0,0.0,0.0,0.0
2060,,0.0,0.0,0.0,0.0,0.0
2061,Unincorporate,41.0,0.0,0.0,27718.912119425127,0.0788152610441767
2062,Unincorporate,503.0,0.0,0.0,31470.878674368985,0.08734939759036145
2063,,0.0,0.0,0.0,0.0,0.0
2064,,0.0,0.0,0.0,0.0,0.0
2065,,0.0,0.0,0.0,0.0,0.0
2066,,0.0,0.0,0.0,0.0,0.0
2067,,0.0,0.0,0.0,0.0,0.0
2068,,0.0,0.0,0.0,0.0,0.0
2069,,0.0,0.0,0.0,0.0,0.0
2070,,0.0,0.0,0.0,0.0,0.0
2071,Unincorporate,39.0,0.0,0.0,112315.82291237876,0.2248995983935743
2072,Unincorporate,109.0,0.0,0.0,116499.21784993392,0.23744979919678716
2073,Unincorporate,178.0,0.0,0.0,118516.58925128094,0.2469879518072289
2074,Unincorporate,213.0,0.0,0.0,127582.33166656573,0.2751004016064257
2075,,0.0,0.0,0.0,0.0,0.0
2076,,0.0,0.0,0.0,0.0,0.0
2077,,0.0,0.0,0.0,0.0,0.0
2078,,0.0,0.0,0.0,0.0,0.0
2079,,0.0,0.0,0.0,0.0,0.0
2080,,0.0,0.0,0.0,0.0,0.0
2081,Unincorporate,140.0,0.0,0.0,147011.11393622577,0.3433734939759036
2082,Unincorporate,5.0,0.0,0.0,143202.16625503066,0.33383534136546184
2083,Unincorporate,265.0,0.0,0.0,141747.57932801422,0.3273092369477912
2084,,0.0,0.0,0.0,0.0,0.0
2085,,0.0,0.0,0.0,0.0,0.0
2086,,0.0,0.0,0.0,0.0,0.0
2087,,0.0,0.0,0.0,0.0,0.0
2088,,0.0,0.0,0.0,0.0,0.0
2089,,0.0,0.0,0.0,0.0,0.0
2090,,0.0,0.0,0.0,0.0,0.0
2091,Unincorporate,33.0,0.0,0.0,180481.87487502856,0.5727911646586346
2092,Unincorporate,97.0,0.0,0.0,187026.45545691228,0.6305220883534136
2093,Unincorporate,104.0,0.0,0.0,175539.90756769656,0.5276104417670683
2094,Unincorporate,0.0,0.0,0.0,193652.50323485356,0.6937751004016064
2095,Unincorporate,131.0,0.0,0.0,184827.65326045518,0.6099397590361446
2096,Unincorporate,7.0,0.0,0.0,180368.3744473535,0.571285140562249
2097,Unincorporate,0.0,0.0,0.0,184475.15315324752,0.606425702811245
2098,Unincorporate,1.0,0.0,0.0,180585.6624809347,0.5732931726907631
2099,Unincorporate,25.0,0.0,0.0,189122.8630352926,0.6490963855421686
2100,,0.0,0.0,0.0,0.0,0.0
2101,,0.0,0.0,0.0,0.0,0.0
2102,,0.0,0.0,0.0,0.0,0.0
2103,,0.0,0.0,0.0,0.0,0.0
2104,,0.0,0.0,0.0,0.0,0.0
2105,,0.0,0.0,0.0,0.0,0.0
2106,,0.0,0.0,0.0,0.0,0.0
2107,,0.0,0.0,0.0,0.0,0.0
2108,,0.0,0.0,0.0,0.0,0.0
2109,,0.0,0.0,0.0,0.0,0.0
2110,,0.0,0.0,0.0,0.0,0.0
2111,Unincorporate,3.0,0.0,0.0,116877.26672560736,0.2389558232931727
2112,Unincorporate,45.0,0.0,0.0,114940.91891660744,0.23092369477911648
2113,,0.0,0.0,0.0,0.0,0.0
2114,,0.0,0.0,0.0,0.0,0.0
2115,,0.0,0.0,0.0,0.0,0.0
2116,,0.0,0.0,0.0,0.0,0.0
2117,,0.0,0.0,0.0,0.0,0.0
2118,,0.0,0.0,0.0,0.0,0.0
2119,,0.0,0.0,0.0,0.0,0.0
2120,,0.0,0.0,0.0,0.0,0.0
2121,Unincorporate,382.0,0.0,0.0,52618.8011914473,0.11144578313253012
2122,,0.0,0.0,0.0,0.0,0.0
2123,,0.0,0.0,0.0,0.0,0.0
2124,,0.0,0.0,0.0,0.0,0.0
2125,,0.0,0.0,0.0,0.0,0.0
2126,,0.0,0.0,0.0,0.0,0.0
2127,,0.0,0.0,0.0,0.0,0.0
2128,,0.0,0.0,0.0,0.0,0.0
2129,,0.0,0.0,0.0,0.0,0.0
2130,,0.0,0.0,0.0,0.0,0.0
2131,Unincorporate,235.0,0.0,0.0,76265.53489732825,0.14508032128514056
2132,,0.0,0.0,0.0,0.0,0.0
2133,,0.0,0.0,0.0,0.0,0.0
2134,,0.0,0.0,0.0,0.0,0.0
2135,,0.0,0.0,0.0,0.0,0.0
2136,,0.0,0.0,0.0,0.0,0.0
2137,,0.0,0.0,0.0,0.0,0.0
2138,,0.0,0.0,0.0,0.0,0.0
2139,,0.0,0.0,0.0,0.0,0.0
2140,,0.0,0.0,0.0,0.0,0.0
2141,Unincorporate,323.0,0.0,0.0,119259.33087362311,0.24949799196787148
2142,Unincorporate,467.0,0.0,0.0,97153.5219516884,0.1852409638554217
2143,Unincorporate,5.0,0.0,0.0,112025.84876824068,0.22339357429718876
2144,,0.0,0.0,0.0,0.0,0.0
2145,,0.0,0.0,0.0,0.0,0.0
2146,,0.0,0.0,0.0,0.0,0.0
2147,,0.0,0.0,0.0,0.0,0.0
2148,,0.0,0.0,0.0,0.0,0.0
2149,,0.0,0.0,0.0,0.0,0.0
2150,,0.0,0.0,0.0,0.0,0.0
2151,Unincorporate,249.0,0.0,0.0,61761.964402500664,0.12600401606425704
2152,Unincorporate,376.0,0.0,0.0,84578.48519392367,0.15612449799196787
2153,Unincorporate,48.0,0.0,0.0,77398.70700297004,0.1465863453815261
2154,Unincorporate,289.0,0.0,0.0,84461.05430736764,0.15512048192771086
2155,Unincorporate,37.0,0.0,0.0,87091.56496426507,0.16415662650602408
2156,,0.0,0.0,0.0,0.0,0.0
2157,,0.0,0.0,0.0,0.0,0.0
2158,,0.0,0.0,0.0,0.0,0.0
2159,,0.0,0.0,0.0,0.0,0.0
2160,,0.0,0.0,0.0,0.0,0.0
2161,Unincorporate,51.0,0.0,0.0,19809.50524397516,0.050200803212851405
2162,Unincorporate,107.0,0.0,0.0,17408.784052563453,0.043674698795180725
2163,Unincorporate,0.0,0.0,0.0,20973.648268047185,0.05622489959839357
2164,Unincorporate,9.0,0.0,0.0,24985.240274437372,0.07228915662650602
2165,,0.0,0.0,0.0,0.0,0.0
2166,,0.0,0.0,0.0,0.0,0.0
2167,,0.0,0.0,0.0,0.0,0.0
2168,,0.0,0.0,0.0,0.0,0.0
2169,,0.0,0.0,0.0,0.0,0.0
2170,,0.0,0.0,0.0,0.0,0.0
2171,Unincorporate,231.0,0.0,0.0,42141.20375737463,0.10190763052208836
2172,Unincorporate,83.0,0.0,0.0,23392.908768302463,0.0677710843373494
2173,,0.0,0.0,0.0,0.0,0.0
2174,,0.0,0.0,0.0,0.0,0.0
2175,,0.0,0.0,0.0,0.0,0.0
2176,,0.0,0.0,0.0,0.0,0.0
2177,,0.0,0.0,0.0,0.0,0.0
2178,,0.0,0.0,0.0,0.0,0.0
2179,,0.0,0.0,0.0,0.0,0.0
2180,,0.0,0.0,0.0,0.0,0.0
2181,Unincorporate,97.0,0.0,0.0,50147.273599236214,0.10943775100401607
2182,Unincorporate,23.0,0.0,0.0,35309.96887450099,0.09086345381526105
2183,,0.0,0.0,0.0,0.0,0.0
2184,,0.0,0.0,0.0,0.0,0.0
2185,,0.0,0.0,0.0,0.0,0.0
2186,,0.0,0.0,0.0,0.0,0.0
2187,,0.0,0.0,0.0,0.0,0.0
2188,,0.0,0.0,0.0,0.0,0.0
2189,,0.0,0.0,0.0,0.0,0.0
2190,,0.0,0.0,0.0,0.0,0.0
2191,,0.0,0.0,0.0,0.0,0.0
2192,,0.0,0.0,0.0,0.0,0.0
2193,,0.0,0.0,0.0,0.0,0.0
2194,,0.0,0.0,0.0,0.0,0.0
2195,,0.0,0.0,0.0,0.0,0.0
2196,,0.0,0.0,0.0,0.0,0.0
2197,,0.0,0.0,0.0,0.0,0.0
2198,,0.0,0.0,0.0,0.0,0.0
2199,,0.0,0.0,0.0,0.0,0.0
2200,,0.0,0.0,0.0,0.0,0.0
2201,Unincorporate,3.0,0.0,0.0,9325.161304005822,0.015060240963855422
2202,Unincorporate,185.0,0.0,0.0,8145.107609300469,0.014056224899598393
2203,Unincorporate,50.0,0.0,0.0,8848.757511129144,0.014558232931726908
2204,Unincorporate,122.0,0.0,0.0,3257.9500999678603,0.00853413654618474
2205,Unincorporate,0.0,0.0,0.0,3282.426301746222,0.009538152610441768
2206,Unincorporate,33.0,0.0,0.0,4929.929222246411,0.010542168674698794
2207,Unincorporate,98.0,0.0,0.0,11200.607046715013,0.01606425702811245
2208,,0.0,0.0,0.0,0.0,0.0
2209,,0.0,0.0,0.0,0.0,0.0
2210,,0.0,0.0,0.0,0.0,0.0
2211,,0.0,0.0,0.0,0.0,0.0
2212,,0.0,0.0,0.0,0.0,0.0
2213,,0.0,0.0,0.0,0.0,0.0
2214,,0.0,0.0,0.0,0.0,0.0
2215,,0.0,0.0,0.0,0.0,0.0
2216,,0.0,0.0,0.0,0.0,0.0
2217,,0.0,0.0,0.0,0.0,0.0
2218,,0.0,0.0,0.0,0.0,0.0
2219,,0.0,0.0,0.0,0.0,0.0
2220,,0.0,0.0,0.0,0.0,0.0
2221,Unincorporate,88.0,0.0,0.0,14096.338483441108,0.020582329317269075
2222,Unincorporate,12.0,0.0,0.0,13110.396914102785,0.017570281124497992
2223,Unincorporate,179.0,0.0,0.0,12577.509634996186,0.01706827309236948
2224,Unincorporate,307.0,0.0,0.0,15255.975937761044,0.029116465863453816
2225,Unincorporate,4.0,0.0,0.0,20081.70102057595,0.05220883534136546
2226,Unincorporate,45.0,0.0,0.0,20035.221104116918,0.051706827309236945
2227,Unincorporate,1.0,0.0,0.0,22992.65127539373,0.06576305220883534
2228,Unincorporate,0.0,0.0,0.0,24497.085301457715,0.071285140562249
2229,Unincorporate,33.0,0.0,0.0,20013.612813905354,0.05120481927710843
2230,Unincorporate,1.0,0.0,0.0,20766.425645811552,0.05471887550200803
2231,Unincorporate,64.0,0.0,0.0,10398.333844223884,0.015562248995983935
2232,Unincorporate,333.0,0.0,0.0,13495.741070663911,0.020080321285140562
2233,Unincorporate,722.0,0.0,0.0,15000.897779025778,0.026606425702811246
2234,Unincorporate,323.0,0.0,0.0,18950.061139642043,0.04769076305220884
2235,Unincorporate,4.0,0.0,0.0,25147.62033517196,0.07379518072289157
2236,Unincorporate,1.0,0.0,0.0,30284.83924861227,0.0858433734939759
2237,Unincorporate,0.0,0.0,0.0,28821.225814522266,0.08132530120481928
2238,Unincorporate,0.0,0.0,0.0,34089.22510451116,0.08985943775100401
2239,Unincorporate,22.0,0.0,0.0,29641.55736334112,0.08283132530120482
2240,Unincorporate,0.0,0.0,0.0,35865.415155743496,0.09186746987951808
2241,Unincorporate,36.0,0.0,0.0,24992.913211923507,0.07279116465863454
2242,Unincorporate,61.0,0.0,0.0,17356.681541139253,0.04317269076305221
2243,Unincorporate,15.0,0.0,0.0,16764.21078341956,0.038654618473895584
2244,Unincorporate,127.0,0.0,0.0,14760.998487858193,0.024096385542168676
2245,Unincorporate,139.0,0.0,0.0,14261.588842860248,0.02108433734939759
2246,Unincorporate,332.0,0.0,0.0,14967.834739058424,0.02610441767068273
2247,Unincorporate,70.0,0.0,0.0,19023.764474456846,0.04819277108433735
2248,Unincorporate,27.0,0.0,0.0,30220.67010540805,0.0853413654618474
2249,Unincorporate,20.0,0.0,0.0,38047.5201804399,0.0928714859437751
2250,Mendota,0.0,0.0,0.0,41317.01482194917,0.09939759036144578
2251,Unincorporate,0.0,0.0,0.0,41235.52357682208,0.09839357429718876
2252,Unincorporate,0.0,0.0,0.0,35766.43965159203,0.09136546184738956
2253,Unincorporate,0.0,0.0,0.0,38301.743015208034,0.09387550200803213
2254,Unincorporate,845.0,0.0,0.0,23743.805021041084,0.06827309236947791
2255,Unincorporate,15.0,0.0,0.0,21286.044531032392,0.056726907630522086
2256,Unincorporate,171.0,0.0,0.0,17642.983928912534,0.04467871485943775
2257,Unincorporate,58.0,0.0,0.0,22746.28433784691,0.06375502008032129
2258,Unincorporate,0.0,0.0,0.0,29721.254862685637,0.08383534136546185
2259,Unincorporate,0.0,0.0,0.0,44021.813706548506,0.10441767068273092
2260,Unincorporate,0.0,0.0,0.0,39342.16140759315,0.09588353413654618
2261,Unincorporate,0.0,0.0,0.0,43471.95218608444,0.10391566265060241
2262,Unincorporate,119.0,0.0,0.0,52966.332879828755,0.11295180722891567
2263,Unincorporate,255.0,0.0,0.0,46948.02280665968,0.10742971887550201
2264,Unincorporate,21.0,0.0,0.0,49545.43013792846,0.10893574297188754
2265,Unincorporate,5.0,0.0,0.0,28356.626719350534,0.07981927710843373
2266,Unincorporate,0.0,0.0,0.0,50997.6658536952,0.10993975903614457
2267,Unincorporate,76.0,0.0,0.0,46453.46720856933,0.10692771084337349
2268,Unincorporate,70.0,0.0,0.0,15151.949812861463,0.028112449799196786
2269,Unincorporate,5.0,0.0,0.0,24060.943635984964,0.07078313253012049
2270,Unincorporate,145.0,0.0,0.0,18278.97948091335,0.04618473895582329
2271,Unincorporate,0.0,0.0,0.0,30125.520072942032,0.08483935742971888
2272,Unincorporate,4.0,0.0,0.0,31083.497405148257,0.08684738955823293
2273,Unincorporate,20.0,0.0,0.0,31802.645970173773,0.08835341365461848
2274,Unincorporate,35.0,0.0,0.0,42513.35533145387,0.10240963855421686
2275,Unincorporate,13.0,0.0,0.0,49238.074663572304,0.10843373493975904
2276,Unincorporate,0.0,0.0,0.0,51928.0361661253,0.11094377510040161
2277,Unincorporate,0.0,0.0,0.0,57657.70187561194,0.12048192771084337
2278,Unincorporate,0.0,0.0,0.0,57136.86426576648,0.11897590361445783
2279,Unincorporate,0.0,0.0,0.0,56934.64608837822,0.11847389558232932
2280,Unincorporate,0.0,0.0,0.0,55223.48584799828,0.11546184738955824
2281,Unincorporate,0.0,0.0,0.0,52735.91870443606,0.11194779116465864
2282,Unincorporate,0.0,0.0,0.0,52913.869672371904,0.11244979919678715
2283,Unincorporate,0.0,0.0,0.0,51797.21872031634,0.11044176706827309
2284,Unincorporate,8.0,0.0,0.0,54131.73925659641,0.11395582329317269
2285,Unincorporate,97.0,0.0,0.0,54406.98239317087,0.1144578313253012
2286,Unincorporate,0.0,0.0,0.0,61920.05956881345,0.12700803212851405
2287,Unincorporate,297.0,0.0,0.0,38111.97395578366,0.09337349397590361
2288,Unincorporate,41.0,0.0,0.0,25050.1077320506,0.07329317269076305
2289,Unincorporate,39.0,0.0,0.0,19202.653352889192,0.048694779116465865
2290,Unincorporate,206.0,0.0,0.0,19519.442849164785,0.04969879518072289
2291,Unincorporate,395.0,0.0,0.0,24642.917996251497,0.07178714859437751
2292,Unincorporate,285.0,0.0,0.0,34365.76632456186,0.09036144578313253
2293,Unincorporate,676.0,0.0,0.0,32061.585417017497,0.08885542168674698
2294,Unincorporate,219.0,0.0,0.0,33883.31325953049,0.0893574297188755
2295,Unincorporate,14.0,0.0,0.0,41644.76009916482,0.09989959839357429
2296,Unincorporate,107.0,0.0,0.0,25244.247100873174,0.07429718875502007
2297,Unincorporate,16.0,0.0,0.0,22688.085409196545,0.06325301204819277
2298,Unincorporate,0.0,0.0,0.0,29516.088127160358,0.0823293172690763
2299,Unincorporate,86.0,0.0,0.0,20640.596754271617,0.05421686746987952
2300,Unincorporate,58.0,0.0,0.0,22857.613392737585,0.0642570281124498
2301,Unincorporate,162.0,0.0,0.0,27313.65252397712,0.0783132530120482
2302,Unincorporate,0.0,0.0,0.0,22459.451518282047,0.06124497991967871
2303,Unincorporate,20.0,0.0,0.0,19482.245670804612,0.04919678714859438
2304,Unincorporate,397.0,0.0,0.0,14791.550783096776,0.02459839357429719
2305,Unincorporate,173.0,0.0,0.0,15944.257772989475,0.0321285140562249
2306,Unincorporate,231.0,2789.0,0.07535121328224777,23749.333282675776,0.06877510040160642
2307,Unincorporate,270.0,2750.0,0.07407407407407407,23865.310411949806,0.06927710843373494
2308,Unincorporate,0.0,0.0,0.0,14538.206615873962,0.02208835341365462
2309,Unincorporate,42.0,0.0,0.0,14627.674480286798,0.022590361445783132
2310,Unincorporate,0.0,0.0,0.0,14674.09830592547,0.023092369477911646
2311,Coalinga,0.0,0.0,0.0,13270.70621255847,0.01857429718875502
2312,Unincorporate,0.0,0.0,0.0,13146.136921039204,0.018072289156626505
2313,Unincorporate,23.0,0.0,0.0,20831.665023560137,0.055220883534136546
2314,Unincorporate,90.0,0.0,0.0,15634.278555475448,0.03112449799196787
2315,Unincorporate,227.0,0.0,0.0,17499.7609996343,0.04417670682730924
2316,Unincorporate,0.0,0.0,0.0,22657.13193326361,0.06224899598393574
2317,Unincorporate,0.0,0.0,0.0,22660.569904461096,0.06275100401606426
2318,Unincorporate,0.0,0.0,0.0,20258.69141471622,0.05271084337349398
2319,Unincorporate,89.0,0.0,0.0,12454.331674139174,0.016566265060240965
2320,Unincorporate,0.0,0.0,0.0,17252.043085631078,0.0426706827309237
2321,Unincorporate,0.0,0.0,0.0,20338.81447422057,0.05321285140562249
2322,Unincorporate,0.0,0.0,0.0,19848.22984428,0.05070281124497992
2323,Unincorporate,86.0,0.0,0.0,18790.76249048012,0.04718875502008032
2324,Unincorporate,8.0,0.0,0.0,16580.84376958497,0.03815261044176707
2325,Unincorporate,16.0,0.0,0.0,14681.886145551747,0.02359437751004016
2326,Unincorporate,30.0,0.0,0.0,16046.765422693217,0.033634538152610444
2327,Unincorporate,103.0,0.0,0.0,13345.598412785112,0.019076305220883535
2328,,0.0,0.0,0.0,0.0,0.0
2329,,0.0,0.0,0.0,0.0,0.0
2330,,0.0,0.0,0.0,0.0,0.0
2331,,0.0,0.0,0.0,0.0,0.0
2332,,0.0,0.0,0.0,0.0,0.0
2333,,0.0,0.0,0.0,0.0,0.0
2334,,0.0,0.0,0.0,0.0,0.0
2335,,0.0,0.0,0.0,0.0,0.0
2336,,0.0,0.0,0.0,0.0,0.0
2337,,0.0,0.0,0.0,0.0,0.0
2338,,0.0,0.0,0.0,0.0,0.0
2339,,0.0,0.0,0.0,0.0,0.0
2340,,0.0,0.0,0.0,0.0,0.0
2341,,0.0,0.0,0.0,0.0,0.0
2342,,0.0,0.0,0.0,0.0,0.0
2343,,0.0,0.0,0.0,0.0,0.0
2344,,0.0,0.0,0.0,0.0,0.0
2345,,0.0,0.0,0.0,0.0,0.0
2346,,0.0,0.0,0.0,0.0,0.0
2347,,0.0,0.0,0.0,0.0,0.0
2348,,0.0,0.0,0.0,0.0,0.0
2349,,0.0,0.0,0.0,0.0,0.0
2350,,0.0,0.0,0.0,0.0,0.0
2351,,0.0,0.0,0.0,0.0,0.0
2352,,0.0,0.0,0.0,0.0,0.0
2353,,0.0,0.0,0.0,0.0,0.0
2354,,0.0,0.0,0.0,0.0,0.0
2355,,0.0,0.0,0.0,0.0,0.0
2356,,0.0,0.0,0.0,0.0,0.0
2357,,0.0,0.0,0.0,0.0,0.0
2358,,0.0,0.0,0.0,0.0,0.0
2359,,0.0,0.0,0.0,0.0,0.0
2360,,0.0,0.0,0.0,0.0,0.0
2361,Unincorporate,210.0,0.0,0.0,65377.85455494198,0.1320281124497992
2362,Unincorporate,61.0,0.0,0.0,71382.16524620102,0.14156626506024098
2363,Unincorporate,317.0,0.0,0.0,86932.1086337422,0.16265060240963855
2364,Unincorporate,81.0,0.0,0.0,107743.18574546152,0.20883534136546184
2365,Unincorporate,129.0,0.0,0.0,119794.76141651781,0.2520080321285141
2366,Unincorporate,36.0,0.0,0.0,133576.38687513385,0.29417670682730923
2367,Unincorporate,24.0,0.0,0.0,150739.5287983048,0.35441767068273095
2368,Fresno,0.0,0.0,0.0,161451.63968943476,0.411144578313253
2369,Unincorporate,0.0,0.0,0.0,157211.45895515,0.3855421686746988
2370,Unincorporate,50.0,0.0,0.0,84748.12090875133,0.1571285140562249
2371,Unincorporate,958.0,0.0,0.0,99533.05374278696,0.19176706827309237
2372,Unincorporate,167.0,0.0,0.0,107627.75737622753,0.20833333333333334
2373,Unincorporate,97.0,0.0,0.0,117203.69216455272,0.2399598393574297
2374,Unincorporate,58.0,0.0,0.0,130831.59218392636,0.28714859437751006
2375,Unincorporate,0.0,0.0,0.0,157176.55352308258,0.3850401606425703
2376,Unincorporate,0.0,0.0,0.0,145217.63675810973,0.339859437751004
2377,Unincorporate,70.0,0.0,0.0,152569.03288462278,0.3629518072289157
2378,Unincorporate,10.0,0.0,0.0,139992.10652334077,0.3217871485943775
2379,Unincorporate,93.0,0.0,0.0,122818.9718419735,0.2600401606425703
2380,Unincorporate,41.0,0.0,0.0,108881.23228953278,0.21385542168674698
2381,Unincorporate,55.0,0.0,0.0,124120.35974199066,0.26656626506024095
2382,Unincorporate,16.0,0.0,0.0,137972.64204684057,0.3147590361445783
2383,Unincorporate,64.0,0.0,0.0,154361.70076825187,0.3674698795180723
2384,Unincorporate,20.0,0.0,0.0,97485.32477062871,0.18624497991967873
2385,Unincorporate,5.0,0.0,0.0,103027.17212311934,0.19829317269076305
2386,Unincorporate,38.0,0.0,0.0,111348.16220166252,0.22088353413654618
2387,Unincorporate,0.0,0.0,0.0,117065.3150789373,0.2394578313253012
2388,Unincorporate,3.0,0.0,0.0,122854.75888017968,0.26104417670682734
2389,Unincorporate,36.0,0.0,0.0,132886.5538580615,0.29267068273092367
2390,Unincorporate,48.0,0.0,0.0,149398.71939995588,0.3509036144578313
2391,Unincorporate,1.0,0.0,0.0,160915.797098802,0.40562248995983935
2392,Unincorporate,0.0,0.0,0.0,167863.7036620594,0.4603413654618474
2393,Unincorporate,1.0,0.0,0.0,176936.66442899845,0.5401606425702812
2394,Unincorporate,0.0,0.0,0.0,186831.9842870584,0.6270080321285141
2395,Unincorporate,297.0,0.0,0.0,71900.04632813443,0.14206827309236947
2396,Unincorporate,42.0,0.0,0.0,98377.96597134323,0.18875502008032127
2397,Unincorporate,0.0,0.0,0.0,91956.51439013146,0.1746987951807229
2398,Unincorporate,0.0,0.0,0.0,96511.95747045404,0.18373493975903615
2399,Unincorporate,0.0,0.0,0.0,103127.73148311512,0.1992971887550201
2400,Unincorporate,18.0,0.0,0.0,108040.49381704828,0.21084337349397592
2401,Unincorporate,24.0,0.0,0.0,113663.97716194802,0.2284136546184739
2402,Unincorporate,25.0,0.0,0.0,116292.23707963063,0.23644578313253012
2403,Unincorporate,0.0,0.0,0.0,115755.2027297341,0.23393574297188754
2404,Unincorporate,1.0,0.0,0.0,120021.96873279702,0.25301204819277107
2405,Unincorporate,20.0,0.0,0.0,120838.64883100706,0.25552208835341367
2406,Unincorporate,38.0,0.0,0.0,123683.410850476,0.2640562248995984
2407,Unincorporate,272.0,0.0,0.0,148685.47912213314,0.34839357429718876
2408,Unincorporate,92.0,0.0,0.0,136225.4443930945,0.30522088353413657
2409,Unincorporate,59.0,0.0,0.0,163893.47442517267,0.4267068273092369
2410,Unincorporate,13.0,0.0,0.0,172916.23768922722,0.5050200803212851
2411,Unincorporate,0.0,0.0,0.0,181284.4695453048,0.5778112449799196
2412,Unincorporate,0.0,0.0,0.0,187024.08324920747,0.6300200803212851
2413,Unincorporate,0.0,0.0,0.0,192439.27228984775,0.6812248995983936
2414,Unincorporate,1.0,0.0,0.0,165748.10364296535,0.44528112449799195
2415,Unincorporate,0.0,0.0,0.0,175310.00630361203,0.5261044176706827
2416,Unincorporate,26.0,0.0,0.0,183470.56749845465,0.5978915662650602
2417,Unincorporate,0.0,0.0,0.0,190808.96036345622,0.6631526104417671
2418,Unincorporate,0.0,0.0,0.0,195791.6045963554,0.7108433734939759
2419,Unincorporate,9.0,0.0,0.0,167995.08296155802,0.46134538152610444
2420,Unincorporate,24.0,0.0,0.0,182008.29020747007,0.5843373493975904
2421,Unincorporate,0.0,0.0,0.0,185963.84732480787,0.6219879518072289
2422,Unincorporate,0.0,0.0,0.0,188066.87817141233,0.6400602409638554
2423,Unincorporate,20.0,0.0,0.0,157126.88280714196,0.38403614457831325
2424,Unincorporate,22.0,0.0,0.0,173672.37510248763,0.5120481927710844
2425,Unincorporate,0.0,0.0,0.0,180858.19600639842,0.5737951807228916
2426,Unincorporate,1.0,0.0,0.0,185684.97792019363,0.6194779116465864
2427,Unincorporate,1.0,0.0,0.0,188039.0913772978,0.6395582329317269
2428,Unincorporate,14.0,0.0,0.0,191580.94844848834,0.6731927710843374
2429,Unincorporate,2.0,0.0,0.0,176778.95776727545,0.5391566265060241
2430,Unincorporate,14.0,0.0,0.0,182630.2062451762,0.5883534136546185
2431,Unincorporate,1.0,0.0,0.0,184833.55062466918,0.6104417670682731
2432,Unincorporate,94.0,0.0,0.0,188534.7585497555,0.643574297188755
2433,Unincorporate,289.0,0.0,0.0,105691.83787725122,0.20381526104417672
2434,Unincorporate,31.0,0.0,0.0,128980.60993500937,0.2821285140562249
2435,Unincorporate,7.0,0.0,0.0,168912.49906441133,0.4718875502008032
2436,Unincorporate,128.0,0.0,0.0,173735.63040374336,0.5130522088353414
2437,Unincorporate,6.0,0.0,0.0,176951.43197806433,0.5406626506024096
2438,Unincorporate,19.0,0.0,0.0,152225.2421195343,0.3609437751004016
2439,Unincorporate,2.0,0.0,0.0,161210.0094219197,0.40813253012048195
2440,Unincorporate,12.0,0.0,0.0,174271.4050857557,0.5210843373493976
2441,Unincorporate,6.0,0.0,0.0,171256.5635684759,0.4929718875502008
2442,Unincorporate,0.0,0.0,0.0,176003.97542836075,0.5321285140562249
2443,Unincorporate,1.0,0.0,0.0,180091.02440945545,0.5672690763052208
2444,Unincorporate,0.0,46114.0,0.45977011494252873,186863.04831803206,0.6275100401606426
2445,Unincorporate,369.0,0.0,0.0,59415.93264960687,0.12198795180722892
2446,Unincorporate,105.0,0.0,0.0,80472.45890149922,0.1495983935742972
2447,Unincorporate,77.0,0.0,0.0,88252.11525286594,0.16716867469879518
2448,Unincorporate,92.0,0.0,0.0,92959.34537642205,0.17620481927710843
2449,Unincorporate,4.0,0.0,0.0,147969.37799104894,0.3463855421686747
2450,Unincorporate,0.0,0.0,0.0,150153.82095227583,0.35240963855421686
2451,Unincorporate,0.0,0.0,0.0,163417.58599013503,0.4221887550200803
2452,Unincorporate,0.0,0.0,0.0,164092.83706449717,0.4282128514056225
2453,Unincorporate,19.0,0.0,0.0,168344.1493417755,0.463855421686747
2454,Unincorporate,1.0,0.0,0.0,171436.8933380255,0.49497991967871485
2455,Unincorporate,3.0,0.0,0.0,187402.0315027268,0.6340361445783133
2456,Unincorporate,44.0,0.0,0.0,190835.68481375658,0.6641566265060241
2457,Unincorporate,2.0,0.0,0.0,192912.4579553472,0.6847389558232931
2458,Unincorporate,16.0,0.0,0.0,196502.47438997054,0.7173694779116466
2459,Unincorporate,69.0,0.0,0.0,195572.82888937753,0.7088353413654619
2460,Unincorporate,0.0,0.0,0.0,191328.51997774674,0.6701807228915663
2461,Unincorporate,42.0,0.0,0.0,67099.5511895062,0.13704819277108435
2462,Unincorporate,226.0,0.0,0.0,70282.9709230063,0.14006024096385541
2463,Unincorporate,117.0,0.0,0.0,73643.97177670528,0.142570281124498
2464,Unincorporate,249.0,0.0,0.0,57504.26212796604,0.11997991967871485
2465,Unincorporate,509.0,0.0,0.0,66160.56027592889,0.1350401606425703
2466,Unincorporate,12.0,0.0,0.0,55812.06750195834,0.11696787148594377
2467,Unincorporate,106.0,0.0,0.0,65684.83117227146,0.13253012048192772
2468,Unincorporate,51.0,0.0,0.0,86942.46794155723,0.16315261044176707
2469,Unincorporate,164.0,0.0,0.0,95024.11008057612,0.17971887550200802
2470,Unincorporate,565.0,0.0,0.0,107957.4683628376,0.2103413654618474
2471,Unincorporate,105.0,0.0,0.0,94899.24340851585,0.17921686746987953
2472,Unincorporate,126.0,0.0,0.0,106848.2099723987,0.2063253012048193
2473,Unincorporate,56.0,0.0,0.0,128986.31167850953,0.28263052208835343
2474,Unincorporate,482.0,0.0,0.0,127901.29324370236,0.2761044176706827
2475,Unincorporate,64.0,0.0,0.0,115603.30067282032,0.23343373493975902
2476,Unincorporate,63.0,0.0,0.0,113653.3828351702,0.22791164658634538
2477,Unincorporate,759.0,0.0,0.0,140192.4476509304,0.32228915662650603
2478,Unincorporate,24.0,0.0,0.0,124041.32693743339,0.26556224899598396
2479,Unincorporate,55.0,0.0,0.0,151213.75282571366,0.35592369477911645
2480,Unincorporate,16.0,0.0,0.0,151294.28346637276,0.35793172690763053
2481,Unincorporate,160.0,0.0,0.0,154468.17722994895,0.3679718875502008
2482,Unincorporate,123.0,0.0,0.0,177001.2763054336,0.5416666666666666
2483,Unincorporate,34.0,0.0,0.0,168777.76365384756,0.46937751004016065
2484,Unincorporate,4.0,0.0,0.0,160270.72001432674,0.4011044176706827
2485,Unincorporate,56.0,0.0,0.0,151213.95793455833,0.35642570281124497
2486,Unincorporate,6.0,0.0,0.0,135179.04018542802,0.3017068273092369
2487,Unincorporate,0.0,0.0,0.0,128185.95206721546,0.2791164658634538
2488,Unincorporate,63.0,0.0,0.0,121300.90266886703,0.2570281124497992
2489,Unincorporate,60.0,0.0,0.0,104995.69784204262,0.20230923694779115
2490,Unincorporate,179.0,0.0,0.0,86761.8494013122,0.1606425702811245
2491,Unincorporate,909.0,0.0,0.0,81444.03248787935,0.15110441767068272
2492,Unincorporate,159.0,0.0,0.0,82626.90217482613,0.1536144578313253
2493,Unincorporate,63.0,0.0,0.0,81918.1173306092,0.15261044176706828
2494,Unincorporate,68.0,0.0,0.0,122842.00623087818,0.2605421686746988
2495,Unincorporate,9.0,0.0,0.0,126226.19044594167,0.2700803212851406
2496,Unincorporate,43.0,0.0,0.0,137286.51453614014,0.3117469879518072
2497,Unincorporate,40.0,0.0,0.0,128044.74369164652,0.27710843373493976
2498,Unincorporate,13.0,0.0,0.0,149134.24035537808,0.35040160642570284
2499,Unincorporate,25.0,0.0,0.0,160440.63078153855,0.4031124497991968
2500,Unincorporate,30.0,0.0,0.0,175619.85784016314,0.5281124497991968
2501,Unincorporate,99.0,0.0,0.0,165435.87451823283,0.44126506024096385
2502,Unincorporate,85.0,0.0,0.0,169858.44059729463,0.48293172690763053
2503,Unincorporate,256.0,0.0,0.0,186883.94960716408,0.6280120481927711
2504,Unincorporate,252.0,0.0,0.0,187023.49989584478,0.6295180722891566
2505,Unincorporate,395.0,0.0,0.0,179378.42307991855,0.5587349397590361
2506,Unincorporate,2.0,0.0,0.0,156550.30190453155,0.3790160642570281
2507,Unincorporate,67.0,0.0,0.0,167452.82841075736,0.45732931726907633
2508,Unincorporate,94.0,0.0,0.0,155853.5084668508,0.375
2509,Unincorporate,106.0,0.0,0.0,158863.96604005952,0.39357429718875503
2510,Unincorporate,22.0,0.0,0.0,159777.97807849295,0.39809236947791166
2511,Unincorporate,13.0,0.0,0.0,136312.79921544844,0.30622489959839355
2512,Unincorporate,22.0,0.0,0.0,137641.7282820231,0.3132530120481928
2513,Unincorporate,8.0,0.0,0.0,152325.70258496056,0.3614457831325301
2514,Unincorporate,181.0,0.0,0.0,144966.74989349424,0.338855421686747
2515,Unincorporate,338.0,0.0,0.0,135717.95186848,0.3032128514056225
2516,Unincorporate,0.0,0.0,0.0,151424.43910876563,0.35843373493975905
2517,Unincorporate,1.0,0.0,0.0,142661.90931728168,0.3318273092369478
2518,Unincorporate,0.0,0.0,0.0,127943.35137822237,0.27660642570281124
2519,Unincorporate,257.0,0.0,0.0,109023.4539648508,0.2143574297188755
2520,Unincorporate,16.0,0.0,0.0,137994.89432402176,0.3152610441767068
2521,Unincorporate,0.0,0.0,0.0,124715.41302741072,0.26706827309236947
2522,Unincorporate,0.0,0.0,0.0,131942.0416344898,0.2891566265060241
2523,Unincorporate,28.0,0.0,0.0,129860.15729547168,0.28463855421686746
2524,Unincorporate,32.0,0.0,0.0,121314.73341240642,0.2575301204819277
2525,Unincorporate,2.0,0.0,0.0,132001.21445505437,0.2901606425702811
2526,Unincorporate,31.0,0.0,0.0,126129.66478096649,0.26957831325301207
2527,Unincorporate,18.0,0.0,0.0,120405.81064222076,0.2545180722891566
2528,Unincorporate,0.0,0.0,0.0,126922.8220582359,0.2735943775100402
2529,Unincorporate,33.0,0.0,0.0,123064.46925435145,0.2620481927710843
2530,Unincorporate,5.0,0.0,0.0,118246.67767961316,0.24447791164658633
2531,Unincorporate,0.0,0.0,0.0,123895.23173744726,0.2645582329317269
2532,Unincorporate,5.0,0.0,0.0,128304.2927317447,0.2796184738955823
2533,Unincorporate,8.0,0.0,0.0,129140.32312964441,0.28313253012048195
2534,Unincorporate,0.0,0.0,0.0,128088.68742717667,0.2776104417670683
2535,Unincorporate,311.0,0.0,0.0,98207.1885127429,0.18775100401606426
2536,Unincorporate,137.0,0.0,0.0,95863.13214293675,0.1822289156626506
2537,Unincorporate,1022.0,0.0,0.0,115450.00918218268,0.232429718875502
2538,Unincorporate,192.0,0.0,0.0,118555.13249194586,0.24748995983935743
2539,Unincorporate,3.0,0.0,0.0,114047.82104611104,0.2289156626506024
2540,Unincorporate,25.0,0.0,0.0,103193.96063573024,0.19979919678714858
2541,Unincorporate,146.0,0.0,0.0,109271.13460767758,0.21485943775100402
2542,Unincorporate,124.0,0.0,0.0,94840.9120217069,0.178714859437751
2543,Unincorporate,314.0,0.0,0.0,103283.44247149341,0.2003012048192771
2544,Unincorporate,214.0,0.0,0.0,106557.47578187486,0.20582329317269077
2545,Unincorporate,114.0,0.0,0.0,77946.17346805503,0.14708835341365462
2546,Unincorporate,871.0,0.0,0.0,86874.83023989128,0.16214859437751003
2547,Unincorporate,9.0,0.0,0.0,70527.84270515174,0.14056224899598393
2548,Unincorporate,4.0,0.0,0.0,100217.96025738826,0.1922690763052209
2549,Unincorporate,95.0,0.0,0.0,107212.34781537601,0.2073293172690763
2550,Unincorporate,123.0,0.0,0.0,107491.38562582593,0.20783132530120482
2551,Unincorporate,1.0,0.0,0.0,104298.8284132895,0.20180722891566266
2552,Unincorporate,0.0,0.0,0.0,116795.5714759201,0.23845381526104417
2553,Unincorporate,0.0,0.0,0.0,118750.30603482931,0.24849397590361447
2554,Unincorporate,0.0,0.0,0.0,126341.80667900639,0.2710843373493976
2555,Unincorporate,18.0,0.0,0.0,120384.52450554608,0.2540160642570281
2556,Unincorporate,2.0,0.0,0.0,112401.80003474985,0.2254016064257028
2557,Unincorporate,45.0,0.0,0.0,97952.76082775716,0.18674698795180722
2558,Unincorporate,23.0,0.0,0.0,76444.95006150218,0.14558232931726908
2559,Unincorporate,0.0,0.0,0.0,92352.03683606478,0.1757028112449799
2560,Unincorporate,951.0,0.0,0.0,90167.01972126123,0.1716867469879518
2561,Unincorporate,153.0,0.0,0.0,95292.9034524646,0.18072289156626506
2562,Unincorporate,2.0,0.0,0.0,101046.00849981187,0.19528112449799198
2563,Unincorporate,5.0,0.0,0.0,107181.07387720674,0.20682730923694778
2564,Unincorporate,23.0,0.0,0.0,117850.35315665053,0.2429718875502008
2565,Unincorporate,7.0,0.0,0.0,121508.7408657599,0.25853413654618473
2566,Unincorporate,1.0,0.0,0.0,128130.00092103056,0.2781124497991968
2567,Unincorporate,11.0,0.0,0.0,125135.16442864452,0.2680722891566265
2568,Unincorporate,3.0,0.0,0.0,123681.25072479853,0.2635542168674699
2569,Unincorporate,9.0,0.0,0.0,109573.47466215139,0.21536144578313254
2570,Parlier,0.0,0.0,0.0,117994.1800853631,0.24397590361445784
2571,Parlier,44.0,0.0,0.0,101518.91938965276,0.19578313253012047
2572,Unincorporate,27.0,0.0,0.0,99265.06253763358,0.19126506024096385
2573,Unincorporate,47.0,0.0,0.0,100697.31476523343,0.19477911646586346
2574,Parlier,0.0,0.0,0.0,109703.27289894586,0.21636546184738956
2575,Parlier,0.0,0.0,0.0,102661.52401494785,0.19728915662650603
2576,Parlier,0.0,0.0,0.0,127267.68664908581,0.27459839357429716
2577,Unincorporate,50.0,0.0,0.0,132889.96460846148,0.2931726907630522
2578,Unincorporate,220.0,0.0,0.0,122875.53736469457,0.2615461847389558
2579,Unincorporate,10.0,0.0,0.0,134420.89564297674,0.2971887550200803
2580,Unincorporate,36.0,0.0,0.0,145540.78647760281,0.34086345381526106
2581,Fowler,0.0,0.0,0.0,151151.28195031412,0.3549196787148594
2582,Unincorporate,0.0,0.0,0.0,150375.84302371106,0.3529116465863454
2583,Unincorporate,6.0,0.0,0.0,139906.23521463643,0.321285140562249
2584,Unincorporate,0.0,0.0,0.0,123069.27340382122,0.26255020080321284
2585,Unincorporate,0.0,0.0,0.0,121693.85632420877,0.25903614457831325
2586,Unincorporate,1.0,0.0,0.0,114160.31547666261,0.22941767068273092
2587,Unincorporate,0.0,0.0,0.0,109745.03886978303,0.21686746987951808
2588,Unincorporate,12.0,0.0,0.0,100242.90682292424,0.1927710843373494
2589,Unincorporate,0.0,0.0,0.0,86852.22134566252,0.16114457831325302
2590,Unincorporate,42.0,0.0,0.0,88010.15639444464,0.16616465863453816
2591,Unincorporate,0.0,0.0,0.0,82210.79073410018,0.15311244979919678
2592,Unincorporate,1.0,0.0,0.0,77140.22677770347,0.1460843373493976
2593,Unincorporate,3.0,0.0,0.0,84044.83288736924,0.15461847389558234
2594,Unincorporate,5.0,0.0,0.0,81864.73778878048,0.15210843373493976
2595,Unincorporate,103.0,0.0,0.0,79286.4006176545,0.14859437751004015
2596,Unincorporate,30.0,0.0,0.0,75773.10238648785,0.14407630522088352
2597,Unincorporate,88.0,0.0,0.0,68049.95077883934,0.13855421686746988
2598,Unincorporate,344.0,0.0,0.0,58743.63599074498,0.1214859437751004
2599,Unincorporate,5.0,0.0,0.0,61723.637236265466,0.12550200803212852
2600,Unincorporate,60.0,0.0,0.0,79272.87870271716,0.14809236947791166
2601,Unincorporate,240.0,0.0,0.0,81706.70574723426,0.15160642570281124
2602,Unincorporate,13.0,0.0,0.0,75576.62391738502,0.1430722891566265
2603,Unincorporate,261.0,0.0,0.0,68340.2474672437,0.1390562248995984
2604,Unincorporate,0.0,0.0,0.0,66654.67436957074,0.13654618473895583
2605,Unincorporate,0.0,0.0,0.0,66119.38139854254,0.13453815261044177
2606,Unincorporate,0.0,0.0,0.0,67839.78761603902,0.13805220883534136
2607,Unincorporate,439.0,0.0,0.0,75743.41238991251,0.14357429718875503
2608,Unincorporate,0.0,0.0,0.0,79695.12394245388,0.14909638554216867
2609,Unincorporate,56.0,0.0,0.0,61840.23616883441,0.12650602409638553
2610,Unincorporate,121.0,0.0,0.0,70769.93040522544,0.14106425702811246
2611,Unincorporate,10.0,0.0,0.0,81155.93737089164,0.15060240963855423
2612,Unincorporate,142.0,0.0,0.0,80799.62930412265,0.1501004016064257
2613,Unincorporate,4.0,0.0,0.0,84705.3408423355,0.1566265060240964
2614,Unincorporate,189.0,0.0,0.0,100518.52030901263,0.19427710843373494
2615,Unincorporate,87.0,0.0,0.0,109654.61328308567,0.21586345381526104
2616,Unincorporate,4.0,0.0,0.0,129330.48796411122,0.2836345381526104
2617,Unincorporate,1.0,0.0,0.0,131584.00090753165,0.28865461847389556
2618,Unincorporate,12.0,0.0,0.0,136713.77487407275,0.30873493975903615
2619,Unincorporate,134.0,0.0,0.0,143317.80168125848,0.3348393574297189
2620,Unincorporate,0.0,0.0,0.0,149119.67951972724,0.3498995983935743
2621,Unincorporate,24.0,0.0,0.0,158470.63045782756,0.39056224899598396
2622,Unincorporate,0.0,0.0,0.0,156620.68611722643,0.38002008032128515
2623,Unincorporate,0.0,0.0,0.0,164313.70871463884,0.42971887550200805
2624,Unincorporate,46.0,0.0,0.0,165139.8908172096,0.43775100401606426
2625,Unincorporate,10.0,0.0,0.0,170976.5712245862,0.49146586345381527
2626,Unincorporate,1.0,0.0,0.0,188590.5458871795,0.6440763052208835
2627,Unincorporate,671.0,4360.0,0.10217113665389528,192888.9408515342,0.6842369477911646
2628,Unincorporate,0.0,0.0,0.0,193839.93279436365,0.6957831325301205
2629,Unincorporate,7.0,0.0,0.0,194637.85051271482,0.7008032128514057
2630,Unincorporate,13.0,0.0,0.0,193406.63450243173,0.6907630522088354
2631,Unincorporate,648.0,0.0,0.0,192938.56206663983,0.6857429718875502
2632,Unincorporate,231.0,10190.0,0.17624521072796934,197189.07927520497,0.7259036144578314
2633,Unincorporate,311.0,0.0,0.0,188766.08859115606,0.6450803212851406
2634,Unincorporate,728.0,0.0,0.0,179856.11848753507,0.5647590361445783
2635,Unincorporate,111.0,0.0,0.0,173053.34897761716,0.5065261044176707
2636,Unincorporate,0.0,0.0,0.0,167322.2381096362,0.4563253012048193
2637,Unincorporate,1.0,0.0,0.0,162546.512326549,0.41767068273092367
2638,Unincorporate,47.0,0.0,0.0,153194.33892014658,0.3649598393574297
2639,Unincorporate,0.0,0.0,0.0,146380.56575041145,0.34186746987951805
2640,Unincorporate,3.0,0.0,0.0,142524.33164863757,0.3313253012048193
2641,Unincorporate,0.0,0.0,0.0,145457.5983305805,0.34036144578313254
2642,Unincorporate,64.0,0.0,0.0,137443.34975643991,0.31224899598393574
2643,Unincorporate,0.0,0.0,0.0,136140.3241148675,0.3042168674698795
2644,Unincorporate,77.0,0.0,0.0,134566.28105894985,0.2976907630522088
2645,Unincorporate,6.0,0.0,0.0,129722.95179402504,0.28413654618473894
2646,Unincorporate,1.0,0.0,0.0,133710.84591546337,0.29467871485943775
2647,Unincorporate,24.0,0.0,0.0,142209.86363978055,0.33032128514056225
2648,Unincorporate,1383.0,7685.0,0.1532567049808429,188970.33516664713,0.6465863453815262
2649,Unincorporate,0.0,0.0,0.0,181994.68221348536,0.5838353413654619
2650,Unincorporate,37.0,0.0,0.0,175720.05130702036,0.5286144578313253
2651,Unincorporate,41.0,0.0,0.0,167010.08986264985,0.45532128514056225
2652,Unincorporate,12.0,0.0,0.0,165464.2051072786,0.44176706827309237
2653,Unincorporate,127.0,0.0,0.0,156682.70062551214,0.3815261044176707
2654,Unincorporate,60.0,0.0,0.0,156938.91512998103,0.3830321285140562
2655,Unincorporate,7.0,0.0,0.0,142038.97249197913,0.3293172690763052
2656,Unincorporate,0.0,0.0,0.0,151733.60325396137,0.35943775100401604
2657,Unincorporate,0.0,0.0,0.0,155618.40288087074,0.37198795180722893
2658,Unincorporate,22.0,0.0,0.0,152032.8860293095,0.3604417670682731
2659,Unincorporate,152.0,0.0,0.0,164808.13097958485,0.4342369477911647
2660,Unincorporate,0.0,0.0,0.0,167495.93014488422,0.4578313253012048
2661,Unincorporate,0.0,0.0,0.0,169445.57881058956,0.47941767068273095
2662,Unincorporate,2.0,0.0,0.0,165909.70082535697,0.44728915662650603
2663,Unincorporate,2.0,0.0,0.0,161170.44820254372,0.40763052208835343
2664,Unincorporate,1.0,0.0,0.0,159517.02685915952,0.3965863453815261
2665,Unincorporate,0.0,0.0,0.0,171275.8188523644,0.4934738955823293
2666,Unincorporate,4.0,0.0,0.0,164488.30029802426,0.4322289156626506
2667,Unincorporate,0.0,0.0,0.0,173680.91068001185,0.5125502008032129
2668,Unincorporate,4.0,0.0,0.0,169470.82635420322,0.4799196787148594
2669,Unincorporate,0.0,0.0,0.0,169850.30808263068,0.482429718875502
2670,Unincorporate,19.0,0.0,0.0,160408.7198600042,0.40210843373493976
2671,Unincorporate,0.0,0.0,0.0,177801.55096031333,0.5466867469879518
2672,Unincorporate,0.0,0.0,0.0,172030.927412186,0.49899598393574296
2673,Unincorporate,21.0,0.0,0.0,167541.18167343023,0.4583333333333333
2674,Unincorporate,0.0,0.0,0.0,165704.58036256908,0.4442771084337349
2675,Unincorporate,5.0,0.0,0.0,139743.75047875146,0.3207831325301205
2676,Unincorporate,13.0,0.0,0.0,119399.97534298808,0.25
2677,Unincorporate,1.0,0.0,0.0,126917.35990561897,0.27309236947791166
2678,Sanger,0.0,0.0,0.0,126332.36994431817,0.27058232931726905
2679,Unincorporate,1.0,0.0,0.0,117778.49648994322,0.24246987951807228
2680,Unincorporate,0.0,0.0,0.0,128447.35958429045,0.28012048192771083
2681,Unincorporate,21.0,0.0,0.0,108750.69768388031,0.21335341365461846
2682,Unincorporate,27.0,0.0,0.0,99198.29932892096,0.19076305220883535
2683,Unincorporate,7.0,0.0,0.0,99063.36447587903,0.19026104417670683
2684,Unincorporate,69.0,0.0,0.0,123986.05508656717,0.26506024096385544
2685,Unincorporate,62.0,0.0,0.0,76224.82477385252,0.14457831325301204
2686,Unincorporate,63.0,0.0,0.0,95580.52880439088,0.18122489959839358
2687,Unincorporate,0.0,0.0,0.0,117575.27064486945,0.24096385542168675
2688,Unincorporate,2487.0,0.0,0.0,130574.84090120325,0.28664658634538154
2689,Unincorporate,40.0,0.0,0.0,140951.32237360597,0.3247991967871486
2690,Unincorporate,3.0,0.0,0.0,146493.8439214516,0.3428714859437751
2691,Unincorporate,0.0,0.0,0.0,160249.27965426887,0.4006024096385542
2692,Unincorporate,46.0,0.0,0.0,163883.40952307667,0.42620481927710846
2693,Unincorporate,0.0,0.0,0.0,171490.4808202135,0.4954819277108434
2694,Unincorporate,0.0,0.0,0.0,178074.20175504166,0.5496987951807228
2695,Unincorporate,0.0,0.0,0.0,173055.59817889082,0.5070281124497992
2696,Unincorporate,1.0,0.0,0.0,165508.60844264142,0.4427710843373494
2697,Unincorporate,2.0,0.0,0.0,166370.62975993514,0.45130522088353414
2698,Unincorporate,9.0,0.0,0.0,165058.4129451628,0.4367469879518072
2699,Unincorporate,24.0,0.0,0.0,143679.96082690853,0.3358433734939759
2700,Unincorporate,236.0,0.0,0.0,109956.8010202003,0.2183734939759036
2701,Unincorporate,0.0,0.0,0.0,161298.84892174668,0.410140562248996
2702,Unincorporate,45.0,0.0,0.0,162588.6531463112,0.41917670682730923
2703,Unincorporate,2.0,0.0,0.0,152502.63249924412,0.36244979919678716
2704,Unincorporate,32.0,0.0,0.0,142374.90271017313,0.33082329317269077
2705,Fresno,0.0,0.0,0.0,163473.6903373217,0.42369477911646586
2706,Unincorporate,0.0,0.0,0.0,155729.64577481628,0.37349397590361444
2707,Unincorporate,13.0,0.0,0.0,149415.81126016672,0.3514056224899598
2708,Unincorporate,0.0,0.0,0.0,140772.0275025276,0.32379518072289154
2709,Unincorporate,201.0,0.0,0.0,142992.3451218724,0.3333333333333333
2710,Unincorporate,63.0,0.0,0.0,123486.8275502606,0.26305220883534136
2711,Unincorporate,181.0,0.0,0.0,137248.7600507085,0.3112449799196787
2712,Unincorporate,0.0,0.0,0.0,159819.48425342914,0.3985943775100402
2713,Unincorporate,2.0,0.0,0.0,158897.56284668006,0.39407630522088355
2714,Unincorporate,4.0,0.0,0.0,157800.51974465844,0.3895582329317269
2715,Unincorporate,22.0,0.0,0.0,154911.82195696599,0.36997991967871485
2716,Unincorporate,2.0,0.0,0.0,157064.6064856162,0.38353413654618473
2717,Unincorporate,10.0,0.0,0.0,171143.66360090533,0.4919678714859438
2718,Unincorporate,44.0,0.0,0.0,170307.12561002202,0.4864457831325301
2719,Unincorporate,2.0,0.0,0.0,159458.35284752367,0.3960843373493976
2720,Unincorporate,0.0,0.0,0.0,157577.69533897217,0.38755020080321284
2721,Unincorporate,47.0,0.0,0.0,155434.03610186776,0.3714859437751004
2722,Unincorporate,2.0,0.0,0.0,152494.98963453155,0.36194779116465864
2723,Unincorporate,2.0,0.0,0.0,174805.68422955752,0.5235943775100401
2724,Unincorporate,0.0,0.0,0.0,173984.426836658,0.5180722891566265
2725,Unincorporate,8.0,0.0,0.0,168925.8310267706,0.4723895582329317
2726,Unincorporate,1.0,0.0,0.0,164127.4254690148,0.428714859437751
2727,Unincorporate,1.0,0.0,0.0,160638.18964940216,0.4046184738955823
2728,Unincorporate,0.0,0.0,0.0,154034.58388420282,0.36646586345381527
2729,Unincorporate,0.0,0.0,0.0,171520.5757836112,0.4959839357429719
2730,Unincorporate,1.0,0.0,0.0,168541.62207242672,0.46536144578313254
2731,Unincorporate,24.0,0.0,0.0,165391.00246075654,0.4407630522088353
2732,Unincorporate,4.0,0.0,0.0,162610.3439602129,0.41967871485943775
2733,Unincorporate,48.0,0.0,0.0,174103.1287679712,0.5190763052208835
2734,Clovis,1.0,0.0,0.0,173289.64873441105,0.5090361445783133
2735,Clovis,0.0,0.0,0.0,173932.35745899004,0.516566265060241
2736,Unincorporate,5.0,0.0,0.0,168667.4369912282,0.46736947791164657
2737,Unincorporate,11.0,0.0,0.0,165174.05910458256,0.4382530120481928
2738,Clovis,29.0,0.0,0.0,165132.20884650655,0.43724899598393574
2739,,0.0,0.0,0.0,0.0,0.0
2740,,0.0,0.0,0.0,0.0,0.0
2741,,0.0,0.0,0.0,0.0,0.0
2742,,0.0,0.0,0.0,0.0,0.0
2743,,0.0,0.0,0.0,0.0,0.0
2744,,0.0,0.0,0.0,0.0,0.0
2745,,0.0,0.0,0.0,0.0,0.0
2746,,0.0,0.0,0.0,0.0,0.0
2747,,0.0,0.0,0.0,0.0,0.0
2748,,0.0,0.0,0.0,0.0,0.0
2749,,0.0,0.0,0.0,0.0,0.0
2750,,0.0,0.0,0.0,0.0,0.0
2751,,0.0,0.0,0.0,0.0,0.0
2752,,0.0,0.0,0.0,0.0,0.0
2753,,0.0,0.0,0.0,0.0,0.0
2754,,0.0,0.0,0.0,0.0,0.0
2755,,0.0,0.0,0.0,0.0,0.0
2756,,0.0,0.0,0.0,0.0,0.0
2757,,0.0,0.0,0.0,0.0,0.0
2758,,0.0,0.0,0.0,0.0,0.0
2759,,0.0,0.0,0.0,0.0,0.0
2760,,0.0,0.0,0.0,0.0,0.0
2761,,0.0,0.0,0.0,0.0,0.0
2762,,0.0,0.0,0.0,0.0,0.0
2763,,0.0,0.0,0.0,0.0,0.0
2764,,0.0,0.0,0.0,0.0,0.0
2765,,0.0,0.0,0.0,0.0,0.0
2766,,0.0,0.0,0.0,0.0,0.0
2767,,0.0,0.0,0.0,0.0,0.0
2768,,0.0,0.0,0.0,0.0,0.0
2769,,0.0,0.0,0.0,0.0,0.0
2770,,0.0,0.0,0.0,0.0,0.0
2771,Clovis,156.0,0.0,0.0,159332.98878427254,0.39558232931726905
2772,Unincorporate,24.0,0.0,0.0,162145.44945271514,0.4146586345381526
2773,Unincorporate,0.0,0.0,0.0,137525.71385961343,0.31275100401606426
2774,Unincorporate,17.0,0.0,0.0,153022.1165959215,0.36395582329317266
2775,Unincorporate,0.0,0.0,0.0,0.0,0.0
2776,Unincorporate,0.0,0.0,0.0,148741.65049872038,0.3493975903614458
2777,Unincorporate,0.0,0.0,0.0,166291.68403631845,0.4503012048192771
2778,Unincorporate,0.0,0.0,0.0,162479.4145685711,0.4166666666666667
2779,Unincorporate,0.0,0.0,0.0,153327.41226865328,0.3654618473895582
2780,Clovis,0.0,0.0,0.0,157589.43867818,0.38805220883534136
2781,Clovis,0.0,0.0,0.0,166895.06987821782,0.4538152610441767
2782,Clovis,0.0,0.0,0.0,155695.92661451426,0.3729919678714859
2783,Unincorporate,0.0,0.0,0.0,157799.97613668366,0.3890562248995984
2784,Unincorporate,4.0,0.0,0.0,140939.32856956983,0.32429718875502006
2785,Unincorporate,0.0,0.0,0.0,140420.08031816914,0.3232931726907631
2786,Unincorporate,0.0,0.0,0.0,146488.47406522004,0.34236947791164657
2787,Unincorporate,1.0,0.0,0.0,131182.27138551523,0.28815261044176704
2788,Unincorporate,0.0,0.0,0.0,105344.63933878561,0.2033132530120482
2789,,0.0,0.0,0.0,0.0,0.0
2790,,0.0,0.0,0.0,0.0,0.0
2791,,0.0,0.0,0.0,0.0,0.0
2792,,0.0,0.0,0.0,0.0,0.0
2793,,0.0,0.0,0.0,0.0,0.0
2794,,0.0,0.0,0.0,0.0,0.0
2795,,0.0,0.0,0.0,0.0,0.0
2796,,0.0,0.0,0.0,0.0,0.0
2797,,0.0,0.0,0.0,0.0,0.0
2798,,0.0,0.0,0.0,0.0,0.0
2799,,0.0,0.0,0.0,0.0,0.0
2800,,0.0,0.0,0.0,0.0,0.0
2801,Unincorporate,0.0,0.0,0.0,141597.63204951765,0.32680722891566266
2802,Unincorporate,153.0,0.0,0.0,136993.86338977795,0.3102409638554217
2803,Unincorporate,13.0,0.0,0.0,154512.6801607451,0.3684738955823293
2804,Unincorporate,40.0,0.0,0.0,144560.79947524986,0.3373493975903614
2805,Unincorporate,38.0,0.0,0.0,131954.63007213423,0.2896586345381526
2806,Unincorporate,48.0,0.0,0.0,118820.01332765978,0.24899598393574296
2807,Unincorporate,22.0,0.0,0.0,96733.21954632502,0.18423694779116465
2808,,0.0,0.0,0.0,0.0,0.0
2809,,0.0,0.0,0.0,0.0,0.0
2810,,0.0,0.0,0.0,0.0,0.0
2811,,0.0,0.0,0.0,0.0,0.0
2812,,0.0,0.0,0.0,0.0,0.0
2813,,0.0,0.0,0.0,0.0,0.0
2814,,0.0,0.0,0.0,0.0,0.0
2815,,0.0,0.0,0.0,0.0,0.0
2816,,0.0,0.0,0.0,0.0,0.0
2817,,0.0,0.0,0.0,0.0,0.0
2818,,0.0,0.0,0.0,0.0,0.0
2819,,0.0,0.0,0.0,0.0,0.0
2820,,0.0,0.0,0.0,0.0,0.0
2821,Unincorporate,427.0,0.0,0.0,96128.79746750822,0.1827309236947791
2822,Unincorporate,142.0,0.0,0.0,86711.63313544498,0.16014056224899598
2823,Unincorporate,1.0,0.0,0.0,98817.48515382432,0.1892570281124498
2824,Unincorporate,27.0,0.0,0.0,110678.05756406387,0.21937751004016065
2825,Unincorporate,146.0,0.0,0.0,67425.90767286811,0.13755020080321284
2826,Unincorporate,93.0,0.0,0.0,53557.37784698565,0.11345381526104417
2827,Unincorporate,90.0,0.0,0.0,48181.17020662603,0.10793172690763052
2828,Unincorporate,13.0,0.0,0.0,86530.46912884127,0.15913654618473896
2829,Unincorporate,47.0,0.0,0.0,130951.0557642937,0.2876506024096386
2830,Unincorporate,12.0,0.0,0.0,94458.25460642882,0.17771084337349397
2831,Unincorporate,24.0,0.0,0.0,41227.57575914131,0.09789156626506024
2832,Unincorporate,722.0,0.0,0.0,59425.55736506428,0.12248995983935743
2833,Unincorporate,2.0,0.0,0.0,90208.1508445692,0.17218875502008033
2834,Unincorporate,201.0,0.0,0.0,65980.15618839236,0.13353413654618473
2835,Unincorporate,77.0,0.0,0.0,21375.68645277734,0.0572289156626506
2836,Unincorporate,14.0,0.0,0.0,70075.54230431328,0.1395582329317269
2837,Unincorporate,67.0,0.0,0.0,66334.6750042022,0.1355421686746988
2838,Unincorporate,31.0,0.0,0.0,39008.37595836318,0.09538152610441768
2839,,0.0,0.0,0.0,0.0,0.0
2840,,0.0,0.0,0.0,0.0,0.0
2841,,0.0,0.0,0.0,0.0,0.0
2842,,0.0,0.0,0.0,0.0,0.0
2843,,0.0,0.0,0.0,0.0,0.0
2844,,0.0,0.0,0.0,0.0,0.0
2845,,0.0,0.0,0.0,0.0,0.0
2846,,0.0,0.0,0.0,0.0,0.0
2847,,0.0,0.0,0.0,0.0,0.0
2848,,0.0,0.0,0.0,0.0,0.0
2849,,0.0,0.0,0.0,0.0,0.0
2850,,0.0,0.0,0.0,0.0,0.0
2851,Unincorporate,245.0,0.0,0.0,20926.234041941025,0.05572289156626506
2852,Unincorporate,170.0,0.0,0.0,4936.34715918936,0.01104417670682731
2853,Unincorporate,43.0,0.0,0.0,936.7021325424429,0.0050200803212851405
2854,Unincorporate,107.0,0.0,0.0,16812.96388986564,0.0391566265060241
2855,Unincorporate,0.0,0.0,0.0,1018.0612112348674,0.005522088353413655
2856,,0.0,0.0,0.0,0.0,0.0
2857,,0.0,0.0,0.0,0.0,0.0
2858,,0.0,0.0,0.0,0.0,0.0
2859,,0.0,0.0,0.0,0.0,0.0
2860,,0.0,0.0,0.0,0.0,0.0
2861,,0.0,0.0,0.0,0.0,0.0
2862,,0.0,0.0,0.0,0.0,0.0
2863,,0.0,0.0,0.0,0.0,0.0
2864,,0.0,0.0,0.0,0.0,0.0
2865,,0.0,0.0,0.0,0.0,0.0
2866,,0.0,0.0,0.0,0.0,0.0
2867,,0.0,0.0,0.0,0.0,0.0
2868,,0.0,0.0,0.0,0.0,0.0
2869,,0.0,0.0,0.0,0.0,0.0
2870,,0.0,0.0,0.0,0.0,0.0
2871,,0.0,0.0,0.0,0.0,0.0
2872,,0.0,0.0,0.0,0.0,0.0
2873,,0.0,0.0,0.0,0.0,0.0
2874,,0.0,0.0,0.0,0.0,0.0
2875,,0.0,0.0,0.0,0.0,0.0
2876,,0.0,0.0,0.0,0.0,0.0
2877,,0.0,0.0,0.0,0.0,0.0
2878,,0.0,0.0,0.0,0.0,0.0
2879,,0.0,0.0,0.0,0.0,0.0
2880,,0.0,0.0,0.0,0.0,0.0
2881,,0.0,0.0,0.0,0.0,0.0
2882,,0.0,0.0,0.0,0.0,0.0
2883,,0.0,0.0,0.0,0.0,0.0
2884,,0.0,0.0,0.0,0.0,0.0
2885,,0.0,0.0,0.0,0.0,0.0
2886,,0.0,0.0,0.0,0.0,0.0
2887,,0.0,0.0,0.0,0.0,0.0
2888,,0.0,0.0,0.0,0.0,0.0
2889,,0.0,0.0,0.0,0.0,0.0
2890,,0.0,0.0,0.0,0.0,0.0
2891,,0.0,0.0,0.0,0.0,0.0
2892,,0.0,0.0,0.0,0.0,0.0
2893,,0.0,0.0,0.0,0.0,0.0
2894,,0.0,0.0,0.0,0.0,0.0
2895,,0.0,0.0,0.0,0.0,0.0
2896,,0.0,0.0,0.0,0.0,0.0
2897,,0.0,0.0,0.0,0.0,0.0
2898,,0.0,0.0,0.0,0.0,0.0
2899,,0.0,0.0,0.0,0.0,0.0
2900,,0.0,0.0,0.0,0.0,0.0
2901,,0.0,0.0,0.0,0.0,0.0
2902,,0.0,0.0,0.0,0.0,0.0
2903,,0.0,0.0,0.0,0.0,0.0
2904,,0.0,0.0,0.0,0.0,0.0
2905,,0.0,0.0,0.0,0.0,0.0
2906,,0.0,0.0,0.0,0.0,0.0
2907,,0.0,0.0,0.0,0.0,0.0
2908,,0.0,0.0,0.0,0.0,0.0
2909,,0.0,0.0,0.0,0.0,0.0
2910,,0.0,0.0,0.0,0.0,0.0
2911,,0.0,0.0,0.0,0.0,0.0
2912,,0.0,0.0,0.0,0.0,0.0
2913,,0.0,0.0,0.0,0.0,0.0
2914,,0.0,0.0,0.0,0.0,0.0
2915,,0.0,0.0,0.0,0.0,0.0
2916,,0.0,0.0,0.0,0.0,0.0
2917,,0.0,0.0,0.0,0.0,0.0
2918,,0.0,0.0,0.0,0.0,0.0
2919,,0.0,0.0,0.0,0.0,0.0
2920,,0.0,0.0,0.0,0.0,0.0
2921,,0.0,0.0,0.0,0.0,0.0
2922,,0.0,0.0,0.0,0.0,0.0
2923,,0.0,0.0,0.0,0.0,0.0
2924,,0.0,0.0,0.0,0.0,0.0
2925,,0.0,0.0,0.0,0.0,0.0
2926,,0.0,0.0,0.0,0.0,0.0
2927,,0.0,0.0,0.0,0.0,0.0
2928,,0.0,0.0,0.0,0.0,0.0
2929,,0.0,0.0,0.0,0.0,0.0
2930,,0.0,0.0,0.0,0.0,0.0
2931,,0.0,0.0,0.0,0.0,0.0
2932,,0.0,0.0,0.0,0.0,0.0
2933,,0.0,0.0,0.0,0.0,0.0
2934,,0.0,0.0,0.0,0.0,0.0
2935,,0.0,0.0,0.0,0.0,0.0
2936,,0.0,0.0,0.0,0.0,0.0
2937,,0.0,0.0,0.0,0.0,0.0
2938,,0.0,0.0,0.0,0.0,0.0
2939,,0.0,0.0,0.0,0.0,0.0
2940,,0.0,0.0,0.0,0.0,0.0
2941,,0.0,0.0,0.0,0.0,0.0
2942,,0.0,0.0,0.0,0.0,0.0
2943,,0.0,0.0,0.0,0.0,0.0
2944,,0.0,0.0,0.0,0.0,0.0
2945,,0.0,0.0,0.0,0.0,0.0
2946,,0.0,0.0,0.0,0.0,0.0
2947,,0.0,0.0,0.0,0.0,0.0
2948,,0.0,0.0,0.0,0.0,0.0
2949,,0.0,0.0,0.0,0.0,0.0
2950,,0.0,0.0,0.0,0.0,0.0
2951,,0.0,0.0,0.0,0.0,0.0
2952,,0.0,0.0,0.0,0.0,0.0
2953,,0.0,0.0,0.0,0.0,0.0
2954,,0.0,0.0,0.0,0.0,0.0
2955,,0.0,0.0,0.0,0.0,0.0
2956,,0.0,0.0,0.0,0.0,0.0
2957,,0.0,0.0,0.0,0.0,0.0
2958,,0.0,0.0,0.0,0.0,0.0
2959,,0.0,0.0,0.0,0.0,0.0
2960,,0.0,0.0,0.0,0.0,0.0
2961,,0.0,0.0,0.0,0.0,0.0
2962,,0.0,0.0,0.0,0.0,0.0
2963,,0.0,0.0,0.0,0.0,0.0
2964,,0.0,0.0,0.0,0.0,0.0
2965,,0.0,0.0,0.0,0.0,0.0
2966,,0.0,0.0,0.0,0.0,0.0
2967,,0.0,0.0,0.0,0.0,0.0
2968,,0.0,0.0,0.0,0.0,0.0
2969,,0.0,0.0,0.0,0.0,0.0
2970,,0.0,0.0,0.0,0.0,0.0
2971,,0.0,0.0,0.0,0.0,0.0
2972,,0.0,0.0,0.0,0.0,0.0
2973,,0.0,0.0,0.0,0.0,0.0
2974,,0.0,0.0,0.0,0.0,0.0
2975,,0.0,0.0,0.0,0.0,0.0
2976,,0.0,0.0,0.0,0.0,0.0
2977,,0.0,0.0,0.0,0.0,0.0
2978,,0.0,0.0,0.0,0.0,0.0
2979,,0.0,0.0,0.0,0.0,0.0
2980,,0.0,0.0,0.0,0.0,0.0
2981,,0.0,0.0,0.0,0.0,0.0
2982,,0.0,0.0,0.0,0.0,0.0
2983,,0.0,0.0,0.0,0.0,0.0
2984,,0.0,0.0,0.0,0.0,0.0
2985,,0.0,0.0,0.0,0.0,0.0
2986,,0.0,0.0,0.0,0.0,0.0
2987,,0.0,0.0,0.0,0.0,0.0
2988,,0.0,0.0,0.0,0.0,0.0
2989,,0.0,0.0,0.0,0.0,0.0
2990,,0.0,0.0,0.0,0.0,0.0
2991,,0.0,0.0,0.0,0.0,0.0
2992,,0.0,0.0,0.0,0.0,0.0
2993,,0.0,0.0,0.0,0.0,0.0
2994,,0.0,0.0,0.0,0.0,0.0
2995,,0.0,0.0,0.0,0.0,0.0
2996,,0.0,0.0,0.0,0.0,0.0
2997,,0.0,0.0,0.0,0.0,0.0
2998,,0.0,0.0,0.0,0.0,0.0
2999,,0.0,0.0,0.0,0.0,0.0
3000,,0.0,0.0,0.0,0.0,0.0
