MAZ,TAZ,SOI,bike_skim,IDX_Bike
1,2221,Unincorporate,1.0,0.007465382299819386
2,2221,Unincorporate,0.0,0.0
3,2221,Unincorporate,4.0,0.04298615291992775
4,2221,Unincorporate,0.0,0.0
5,2221,Unincorporate,0.0,0.0
6,2221,Unincorporate,0.0,0.0
7,2221,Unincorporate,0.0,0.0
8,2221,Unincorporate,0.0,0.0
9,2221,Unincorporate,0.0,0.0
10,2221,Unincorporate,0.0,0.0
11,2221,Unincorporate,3.0,0.033564118001204096
12,2221,Unincorporate,0.0,0.0
13,2221,Unincorporate,18.0,0.11815171583383503
14,2221,Unincorporate,0.0,0.0
15,2221,Unincorporate,0.0,0.0
16,2221,Unincorporate,0.0,0.0
17,2221,Unincorporate,23.0,0.14145093317278748
18,2221,Unincorporate,0.0,0.0
19,2221,Unincorporate,0.0,0.0
20,2221,Unincorporate,0.0,0.0
21,2221,Unincorporate,9.0,0.07393136664659844
22,2221,Unincorporate,0.0,0.0
23,2221,Unincorporate,0.0,0.0
24,2221,Unincorporate,1.0,0.007465382299819386
25,2221,Unincorporate,0.0,0.0
26,2221,Unincorporate,0.0,0.0
27,2221,Unincorporate,6.0,0.05770620108368453
28,2221,Unincorporate,2.0,0.021763997591812162
29,2221,Unincorporate,0.0,0.0
30,2221,Unincorporate,3.0,0.033564118001204096
31,2221,Unincorporate,0.0,0.0
32,2221,Unincorporate,0.0,0.0
33,2221,Unincorporate,3.0,0.033564118001204096
34,2221,Unincorporate,0.0,0.0
35,2221,Unincorporate,0.0,0.0
36,2221,Unincorporate,0.0,0.0
37,2221,Unincorporate,0.0,0.0
38,2221,Unincorporate,0.0,0.0
39,2221,Unincorporate,0.0,0.0
40,2221,Unincorporate,0.0,0.0
41,2221,Unincorporate,0.0,0.0
42,2221,Unincorporate,2.0,0.021763997591812162
43,2221,Unincorporate,0.0,0.0
44,2221,Unincorporate,3.0,0.033564118001204096
45,2221,Unincorporate,0.0,0.0
46,2221,Unincorporate,0.0,0.0
47,2221,Unincorporate,37.0,0.1790487658037327
48,2223,Unincorporate,0.0,0.0
49,2223,Unincorporate,0.0,0.0
50,2223,Unincorporate,0.0,0.0
51,2223,Unincorporate,0.0,0.0
52,2223,Unincorporate,0.0,0.0
53,2223,Unincorporate,0.0,0.0
54,2223,Unincorporate,0.0,0.0
55,2223,Unincorporate,0.0,0.0
56,2223,Unincorporate,2.0,0.021763997591812162
57,2223,Unincorporate,152.0,0.30033112582781457
58,2223,Unincorporate,152.0,0.30033112582781457
59,2223,Unincorporate,0.0,0.0
60,2223,Unincorporate,0.0,0.0
61,2223,Unincorporate,0.0,0.0
62,2223,Unincorporate,2.0,0.021763997591812162
63,2223,Unincorporate,0.0,0.0
64,2223,Unincorporate,0.0,0.0
65,2223,Unincorporate,0.0,0.0
66,2223,Unincorporate,0.0,0.0
67,2223,Unincorporate,0.0,0.0
68,2223,Unincorporate,0.0,0.0
69,2223,Unincorporate,0.0,0.0
70,2223,Unincorporate,0.0,0.0
71,2223,Unincorporate,0.0,0.0
72,2223,Unincorporate,0.0,0.0
73,2223,Unincorporate,264.0,0.3513546056592414
74,2223,Unincorporate,0.0,0.0
75,2223,Unincorporate,0.0,0.0
76,2223,Unincorporate,0.0,0.0
77,2223,Unincorporate,0.0,0.0
78,2223,Unincorporate,0.0,0.0
79,2223,Unincorporate,132.0,0.28750752558699577
80,2223,Unincorporate,0.0,0.0
81,2223,Unincorporate,0.0,0.0
82,2223,Unincorporate,0.0,0.0
83,2223,Unincorporate,0.0,0.0
84,2223,Unincorporate,0.0,0.0
85,2223,Unincorporate,0.0,0.0
86,2223,Unincorporate,0.0,0.0
87,2223,Unincorporate,30.0,0.1627031908488862
88,2223,Unincorporate,15.0,0.10361228175797713
89,2223,Unincorporate,20.0,0.1290487658037327
90,2223,Unincorporate,0.0,0.0
91,2223,Unincorporate,0.0,0.0
92,2223,Unincorporate,0.0,0.0
93,2223,Unincorporate,0.0,0.0
94,2223,Unincorporate,0.0,0.0
95,2223,Unincorporate,0.0,0.0
96,2223,Unincorporate,0.0,0.0
97,2223,Unincorporate,0.0,0.0
98,2223,Unincorporate,0.0,0.0
99,2223,Unincorporate,0.0,0.0
100,2223,Unincorporate,0.0,0.0
101,2223,Unincorporate,0.0,0.0
102,2223,Unincorporate,8.0,0.06815171583383504
103,2223,Unincorporate,0.0,0.0
104,2223,Unincorporate,0.0,0.0
105,2223,Unincorporate,0.0,0.0
106,2223,Unincorporate,0.0,0.0
107,2223,Unincorporate,40.0,0.18552077062010836
108,2223,Unincorporate,0.0,0.0
109,2222,Unincorporate,0.0,0.0
110,2222,Unincorporate,0.0,0.0
111,2222,Unincorporate,0.0,0.0
112,2222,Unincorporate,0.0,0.0
113,2222,Unincorporate,0.0,0.0
114,2222,Unincorporate,0.0,0.0
115,2222,Unincorporate,0.0,0.0
116,2222,Unincorporate,0.0,0.0
117,2222,Unincorporate,0.0,0.0
118,2222,Unincorporate,0.0,0.0
119,2222,Unincorporate,0.0,0.0
120,2222,Unincorporate,0.0,0.0
121,2222,Unincorporate,0.0,0.0
122,2222,Unincorporate,0.0,0.0
123,2222,Unincorporate,0.0,0.0
124,2222,Unincorporate,0.0,0.0
125,2222,Unincorporate,0.0,0.0
126,2222,Unincorporate,0.0,0.0
127,2222,Unincorporate,0.0,0.0
128,2222,Unincorporate,0.0,0.0
129,2222,Unincorporate,0.0,0.0
130,2222,Unincorporate,0.0,0.0
131,2222,Unincorporate,0.0,0.0
132,2222,Unincorporate,0.0,0.0
133,2222,Unincorporate,0.0,0.0
134,2222,Unincorporate,0.0,0.0
135,2222,Unincorporate,0.0,0.0
136,2222,Unincorporate,0.0,0.0
137,2222,Unincorporate,0.0,0.0
138,2222,Unincorporate,0.0,0.0
139,2222,Unincorporate,0.0,0.0
140,2222,Unincorporate,12.0,0.08880192655027092
141,2224,Unincorporate,0.0,0.0
142,2224,Unincorporate,0.0,0.0
143,2224,Unincorporate,168.0,0.3082781456953642
144,2224,Unincorporate,0.0,0.0
145,2224,Unincorporate,0.0,0.0
146,2224,Unincorporate,0.0,0.0
147,2224,Unincorporate,0.0,0.0
148,2224,Unincorporate,0.0,0.0
149,2224,Unincorporate,0.0,0.0
150,2224,Unincorporate,0.0,0.0
151,2224,Unincorporate,0.0,0.0
152,2224,Unincorporate,0.0,0.0
153,2224,Unincorporate,0.0,0.0
154,2224,Unincorporate,0.0,0.0
155,2224,Unincorporate,0.0,0.0
156,2224,Unincorporate,0.0,0.0
157,2224,Unincorporate,0.0,0.0
158,2224,Unincorporate,0.0,0.0
159,2224,Unincorporate,0.0,0.0
160,2224,Unincorporate,0.0,0.0
161,2224,Unincorporate,0.0,0.0
162,2224,Unincorporate,0.0,0.0
163,2224,Unincorporate,0.0,0.0
164,2224,Unincorporate,0.0,0.0
165,2224,Unincorporate,0.0,0.0
166,2224,Unincorporate,0.0,0.0
167,2231,Unincorporate,0.0,0.0
168,2231,Unincorporate,0.0,0.0
169,2231,Unincorporate,20.0,0.1290487658037327
170,2231,Unincorporate,0.0,0.0
171,2231,Unincorporate,0.0,0.0
172,2202,Unincorporate,13.0,0.09331727874774233
173,2202,Unincorporate,0.0,0.0
174,2202,Unincorporate,0.0,0.0
175,2202,Unincorporate,0.0,0.0
176,2202,Unincorporate,0.0,0.0
177,2202,Unincorporate,0.0,0.0
178,2242,Unincorporate,0.0,0.0
179,2242,Unincorporate,0.0,0.0
180,2242,Unincorporate,0.0,0.0
181,2242,Unincorporate,0.0,0.0
182,2242,Unincorporate,0.0,0.0
183,2242,Unincorporate,0.0,0.0
184,2242,Unincorporate,10.0,0.07874774232390126
185,2242,Unincorporate,31.0,0.1650812763395545
186,2242,Unincorporate,0.0,0.0
187,2242,Unincorporate,20.0,0.1290487658037327
188,2242,Unincorporate,0.0,0.0
189,2242,Unincorporate,0.0,0.0
190,2241,Unincorporate,0.0,0.0
191,2241,Unincorporate,0.0,0.0
192,2241,Unincorporate,0.0,0.0
193,2241,Unincorporate,0.0,0.0
194,2241,Unincorporate,0.0,0.0
195,2241,Unincorporate,0.0,0.0
196,2241,Unincorporate,0.0,0.0
197,2241,Unincorporate,0.0,0.0
198,2241,Unincorporate,0.0,0.0
199,2254,Unincorporate,0.0,0.0
200,2254,Unincorporate,0.0,0.0
201,2254,Unincorporate,0.0,0.0
202,2224,Unincorporate,22.0,0.1382299819385912
203,2224,Unincorporate,0.0,0.0
204,2224,Unincorporate,0.0,0.0
205,2224,Unincorporate,0.0,0.0
206,2224,Unincorporate,0.0,0.0
207,2229,Unincorporate,0.0,0.0
208,2229,Unincorporate,0.0,0.0
209,2229,Unincorporate,0.0,0.0
210,2229,Unincorporate,16.0,0.10885009030704396
211,2229,Unincorporate,0.0,0.0
212,2229,Unincorporate,0.0,0.0
213,2229,Unincorporate,0.0,0.0
214,2229,Unincorporate,0.0,0.0
215,2229,Unincorporate,0.0,0.0
216,2229,Unincorporate,0.0,0.0
217,2229,Unincorporate,17.0,0.11363636363636363
218,2229,Unincorporate,0.0,0.0
219,2229,Unincorporate,0.0,0.0
220,2226,Unincorporate,0.0,0.0
221,2226,Unincorporate,23.0,0.14145093317278748
222,2226,Unincorporate,0.0,0.0
223,2226,Unincorporate,0.0,0.0
224,2226,Unincorporate,0.0,0.0
225,2226,Unincorporate,0.0,0.0
226,2226,Unincorporate,0.0,0.0
227,2226,Unincorporate,0.0,0.0
228,2226,Unincorporate,0.0,0.0
229,2226,Unincorporate,0.0,0.0
230,2226,Unincorporate,0.0,0.0
231,2226,Unincorporate,0.0,0.0
232,2226,Unincorporate,0.0,0.0
233,2226,Unincorporate,0.0,0.0
234,2226,Unincorporate,0.0,0.0
235,2226,Unincorporate,0.0,0.0
236,2226,Unincorporate,0.0,0.0
237,2226,Unincorporate,0.0,0.0
238,2226,Unincorporate,0.0,0.0
239,2226,Unincorporate,0.0,0.0
240,2226,Unincorporate,0.0,0.0
241,2226,Unincorporate,0.0,0.0
242,2226,Unincorporate,0.0,0.0
243,2226,Unincorporate,0.0,0.0
244,2226,Unincorporate,0.0,0.0
245,2226,Unincorporate,0.0,0.0
246,2226,Unincorporate,22.0,0.1382299819385912
247,2225,Unincorporate,0.0,0.0
248,2225,Unincorporate,0.0,0.0
249,2225,Unincorporate,4.0,0.04298615291992775
250,2225,Unincorporate,0.0,0.0
251,2225,Unincorporate,0.0,0.0
252,2201,Unincorporate,0.0,0.0
253,2201,Unincorporate,0.0,0.0
254,2201,Unincorporate,0.0,0.0
255,2201,Unincorporate,0.0,0.0
256,2201,Unincorporate,0.0,0.0
257,2201,Unincorporate,6.0,0.05770620108368453
258,2201,Unincorporate,0.0,0.0
259,2201,Unincorporate,0.0,0.0
260,2201,Unincorporate,0.0,0.0
261,2201,Unincorporate,0.0,0.0
262,2201,Unincorporate,0.0,0.0
263,2201,Unincorporate,0.0,0.0
264,2201,Unincorporate,0.0,0.0
265,2201,Unincorporate,0.0,0.0
266,2201,Unincorporate,0.0,0.0
267,2201,Unincorporate,0.0,0.0
268,2201,Unincorporate,0.0,0.0
269,2201,Unincorporate,0.0,0.0
270,2201,Unincorporate,0.0,0.0
271,2201,Unincorporate,0.0,0.0
272,2201,Unincorporate,0.0,0.0
273,2201,Unincorporate,0.0,0.0
274,2201,Unincorporate,0.0,0.0
275,2201,Unincorporate,0.0,0.0
276,2201,Unincorporate,0.0,0.0
277,2201,Unincorporate,0.0,0.0
278,2201,Unincorporate,0.0,0.0
279,2201,Unincorporate,0.0,0.0
280,2201,Unincorporate,0.0,0.0
281,2201,Unincorporate,0.0,0.0
282,2201,Unincorporate,0.0,0.0
283,2201,Unincorporate,0.0,0.0
284,2201,Unincorporate,0.0,0.0
285,2201,Unincorporate,0.0,0.0
286,2201,Unincorporate,0.0,0.0
287,2201,Unincorporate,0.0,0.0
288,2201,Unincorporate,0.0,0.0
289,2201,Unincorporate,0.0,0.0
290,2201,Unincorporate,0.0,0.0
291,2201,Unincorporate,0.0,0.0
292,2201,Unincorporate,0.0,0.0
293,2201,Unincorporate,0.0,0.0
294,2201,Unincorporate,0.0,0.0
295,2201,Unincorporate,0.0,0.0
296,2201,Unincorporate,0.0,0.0
297,2201,Unincorporate,0.0,0.0
298,2201,Unincorporate,0.0,0.0
299,2201,Unincorporate,0.0,0.0
300,2201,Unincorporate,0.0,0.0
301,2201,Unincorporate,0.0,0.0
302,2201,Unincorporate,0.0,0.0
303,2201,Unincorporate,0.0,0.0
304,2201,Unincorporate,0.0,0.0
305,2201,Unincorporate,0.0,0.0
306,2201,Unincorporate,0.0,0.0
307,2201,Unincorporate,0.0,0.0
308,2201,Unincorporate,0.0,0.0
309,2201,Unincorporate,0.0,0.0
310,2201,Unincorporate,0.0,0.0
311,2201,Unincorporate,0.0,0.0
312,2201,Unincorporate,0.0,0.0
313,2201,Unincorporate,0.0,0.0
314,2201,Unincorporate,0.0,0.0
315,2201,Unincorporate,0.0,0.0
316,2201,Unincorporate,0.0,0.0
317,2201,Unincorporate,0.0,0.0
318,2201,Unincorporate,0.0,0.0
319,2201,Unincorporate,0.0,0.0
320,2201,Unincorporate,0.0,0.0
321,2201,Unincorporate,0.0,0.0
322,2201,Unincorporate,0.0,0.0
323,2201,Unincorporate,0.0,0.0
324,2201,Unincorporate,0.0,0.0
325,2201,Unincorporate,0.0,0.0
326,2201,Unincorporate,0.0,0.0
327,2201,Unincorporate,0.0,0.0
328,2201,Unincorporate,0.0,0.0
329,2201,Unincorporate,0.0,0.0
330,2201,Unincorporate,0.0,0.0
331,2201,Unincorporate,0.0,0.0
332,2201,Unincorporate,0.0,0.0
333,2201,Unincorporate,0.0,0.0
334,2201,Unincorporate,0.0,0.0
335,2201,Unincorporate,0.0,0.0
336,2201,Unincorporate,0.0,0.0
337,2201,Unincorporate,0.0,0.0
338,2201,Unincorporate,0.0,0.0
339,2201,Unincorporate,0.0,0.0
340,2201,Unincorporate,0.0,0.0
341,2201,Unincorporate,0.0,0.0
342,2201,Unincorporate,0.0,0.0
343,2201,Unincorporate,0.0,0.0
344,2201,Unincorporate,0.0,0.0
345,2201,Unincorporate,0.0,0.0
346,2201,Unincorporate,0.0,0.0
347,2201,Unincorporate,0.0,0.0
348,2201,Unincorporate,0.0,0.0
349,2201,Unincorporate,0.0,0.0
350,2201,Unincorporate,0.0,0.0
351,2201,Unincorporate,0.0,0.0
352,2201,Unincorporate,0.0,0.0
353,2201,Unincorporate,0.0,0.0
354,2201,Unincorporate,0.0,0.0
355,2201,Unincorporate,0.0,0.0
356,2231,Unincorporate,0.0,0.0
357,2231,Unincorporate,0.0,0.0
358,2231,Unincorporate,0.0,0.0
359,2231,Unincorporate,0.0,0.0
360,2231,Unincorporate,0.0,0.0
361,2231,Unincorporate,0.0,0.0
362,2231,Unincorporate,0.0,0.0
363,2231,Unincorporate,0.0,0.0
364,2231,Unincorporate,0.0,0.0
365,2231,Unincorporate,0.0,0.0
366,2231,Unincorporate,8.0,0.06815171583383504
367,2231,Unincorporate,0.0,0.0
368,2231,Unincorporate,0.0,0.0
369,2231,Unincorporate,0.0,0.0
370,2231,Unincorporate,21.0,0.1343467790487658
371,2231,Unincorporate,0.0,0.0
372,2232,Unincorporate,0.0,0.0
373,2232,Unincorporate,0.0,0.0
374,2232,Unincorporate,0.0,0.0
375,2232,Unincorporate,0.0,0.0
376,2232,Unincorporate,0.0,0.0
377,2232,Unincorporate,0.0,0.0
378,2232,Unincorporate,0.0,0.0
379,2232,Unincorporate,0.0,0.0
380,2232,Unincorporate,0.0,0.0
381,2232,Unincorporate,0.0,0.0
382,2232,Unincorporate,0.0,0.0
383,2232,Unincorporate,0.0,0.0
384,2232,Unincorporate,0.0,0.0
385,2232,Unincorporate,0.0,0.0
386,2232,Unincorporate,0.0,0.0
387,2232,Unincorporate,0.0,0.0
388,2232,Unincorporate,0.0,0.0
389,2232,Unincorporate,0.0,0.0
390,2232,Unincorporate,10.0,0.07874774232390126
391,2232,Unincorporate,0.0,0.0
392,2232,Unincorporate,304.0,0.36405779650812764
393,2232,Unincorporate,0.0,0.0
394,2232,Unincorporate,0.0,0.0
395,2233,Unincorporate,84.0,0.24909692956050572
396,2233,Unincorporate,0.0,0.0
397,2233,Unincorporate,0.0,0.0
398,2233,Unincorporate,523.0,0.43001204093919326
399,2233,Unincorporate,0.0,0.0
400,2233,Unincorporate,0.0,0.0
401,2233,Unincorporate,0.0,0.0
402,2233,Unincorporate,0.0,0.0
403,2233,Unincorporate,0.0,0.0
404,2233,Unincorporate,15.0,0.10361228175797713
405,2233,Unincorporate,0.0,0.0
406,2233,Unincorporate,0.0,0.0
407,2233,Unincorporate,0.0,0.0
408,2233,Unincorporate,0.0,0.0
409,2233,Unincorporate,0.0,0.0
410,2233,Unincorporate,0.0,0.0
411,2233,Unincorporate,0.0,0.0
412,2233,Unincorporate,0.0,0.0
413,2233,Unincorporate,0.0,0.0
414,2233,Unincorporate,0.0,0.0
415,2233,Unincorporate,47.0,0.19861529199277544
416,2233,Unincorporate,0.0,0.0
417,2233,Unincorporate,23.0,0.14145093317278748
418,2233,Unincorporate,0.0,0.0
419,2233,Unincorporate,104.0,0.267940999397953
420,2233,Unincorporate,10.0,0.07874774232390126
421,2233,Unincorporate,0.0,0.0
422,2233,Unincorporate,0.0,0.0
423,2233,Unincorporate,0.0,0.0
424,2234,Unincorporate,0.0,0.0
425,2234,Unincorporate,0.0,0.0
426,2234,Unincorporate,0.0,0.0
427,2234,Unincorporate,0.0,0.0
428,2234,Unincorporate,0.0,0.0
429,2234,Unincorporate,0.0,0.0
430,2234,Unincorporate,0.0,0.0
431,2234,Unincorporate,0.0,0.0
432,2234,Unincorporate,265.0,0.3516255267910897
433,2234,Unincorporate,265.0,0.3516255267910897
434,2234,Unincorporate,285.0,0.3580975316074654
435,2234,Unincorporate,3.0,0.033564118001204096
436,2234,Unincorporate,0.0,0.0
437,2234,Unincorporate,0.0,0.0
438,2234,Unincorporate,0.0,0.0
439,2234,Unincorporate,0.0,0.0
440,2234,Unincorporate,11.0,0.08383503913305237
441,2234,Unincorporate,37.0,0.1790487658037327
442,2234,Unincorporate,37.0,0.1790487658037327
443,2234,Unincorporate,25.0,0.14864539434075857
444,2234,Unincorporate,265.0,0.3516255267910897
445,2234,Unincorporate,25.0,0.14864539434075857
446,2234,Unincorporate,93.0,0.2581878386514148
447,2234,Unincorporate,1.0,0.007465382299819386
448,2234,Unincorporate,11.0,0.08383503913305237
449,2234,Unincorporate,40.0,0.18552077062010836
450,2234,Unincorporate,295.0,0.3612281757977122
451,2234,Unincorporate,0.0,0.0
452,2234,Unincorporate,0.0,0.0
453,2234,Unincorporate,11.0,0.08383503913305237
454,2234,Unincorporate,3.0,0.033564118001204096
455,2234,Unincorporate,3.0,0.033564118001204096
456,2234,Unincorporate,0.0,0.0
457,2234,Unincorporate,0.0,0.0
458,2234,Unincorporate,0.0,0.0
459,2234,Unincorporate,0.0,0.0
460,2234,Unincorporate,0.0,0.0
461,2234,Unincorporate,0.0,0.0
462,2234,Unincorporate,0.0,0.0
463,2234,Unincorporate,0.0,0.0
464,2234,Unincorporate,37.0,0.1790487658037327
465,2234,Unincorporate,0.0,0.0
466,2234,Unincorporate,0.0,0.0
467,2234,Unincorporate,26.0,0.1517760385310054
468,2234,Unincorporate,0.0,0.0
469,2234,Unincorporate,0.0,0.0
470,2234,Unincorporate,0.0,0.0
471,2234,Unincorporate,8.0,0.06815171583383504
472,2234,Unincorporate,16.0,0.10885009030704396
473,2234,Unincorporate,8.0,0.06815171583383504
474,2234,Unincorporate,11.0,0.08383503913305237
475,2234,Unincorporate,37.0,0.1790487658037327
476,2234,Unincorporate,0.0,0.0
477,2234,Unincorporate,8.0,0.06815171583383504
478,2234,Unincorporate,50.0,0.20463576158940397
479,2234,Unincorporate,0.0,0.0
480,2234,Unincorporate,0.0,0.0
481,2234,Unincorporate,11.0,0.08383503913305237
482,2234,Unincorporate,8.0,0.06815171583383504
483,2234,Unincorporate,0.0,0.0
484,2234,Unincorporate,0.0,0.0
485,2234,Unincorporate,0.0,0.0
486,2234,Unincorporate,37.0,0.1790487658037327
487,2234,Unincorporate,437.0,0.4054485249849488
488,2234,Unincorporate,0.0,0.0
489,2234,Unincorporate,0.0,0.0
490,2234,Unincorporate,0.0,0.0
491,2234,Unincorporate,0.0,0.0
492,2234,Unincorporate,1.0,0.007465382299819386
493,2234,Unincorporate,0.0,0.0
494,2234,Unincorporate,0.0,0.0
495,2234,Unincorporate,0.0,0.0
496,2234,Unincorporate,0.0,0.0
497,2234,Unincorporate,0.0,0.0
498,2234,Unincorporate,1.0,0.007465382299819386
499,2234,Unincorporate,3.0,0.033564118001204096
500,2234,Unincorporate,0.0,0.0
501,2234,Unincorporate,93.0,0.2581878386514148
502,2234,Unincorporate,4.0,0.04298615291992775
503,2234,Unincorporate,0.0,0.0
504,2234,Unincorporate,0.0,0.0
505,2234,Unincorporate,0.0,0.0
506,2234,Unincorporate,0.0,0.0
507,2234,Unincorporate,0.0,0.0
508,2234,Unincorporate,0.0,0.0
509,2234,Unincorporate,1.0,0.007465382299819386
510,2238,Unincorporate,0.0,0.0
511,2238,Unincorporate,8.0,0.06815171583383504
512,2238,Unincorporate,0.0,0.0
513,2238,Unincorporate,0.0,0.0
514,2238,Mendota,0.0,0.0
515,2238,Unincorporate,0.0,0.0
516,2238,Unincorporate,0.0,0.0
517,2238,Unincorporate,0.0,0.0
518,2238,Unincorporate,12.0,0.08880192655027092
519,2238,Unincorporate,0.0,0.0
520,2238,Unincorporate,0.0,0.0
521,2238,Unincorporate,0.0,0.0
522,2238,Unincorporate,0.0,0.0
523,2238,Unincorporate,0.0,0.0
524,2238,Unincorporate,0.0,0.0
525,2238,Unincorporate,35.0,0.17357013847080072
526,2238,Unincorporate,0.0,0.0
527,2238,Unincorporate,0.0,0.0
528,2238,Unincorporate,0.0,0.0
529,2238,Unincorporate,0.0,0.0
530,2238,Unincorporate,0.0,0.0
531,2238,Unincorporate,0.0,0.0
532,2238,Unincorporate,0.0,0.0
533,2238,Mendota,0.0,0.0
534,2238,Unincorporate,140.0,0.29193257074051776
535,2238,Unincorporate,140.0,0.29193257074051776
536,2238,Unincorporate,0.0,0.0
537,2238,Unincorporate,0.0,0.0
538,2238,Unincorporate,8.0,0.06815171583383504
539,2238,Unincorporate,8.0,0.06815171583383504
540,2238,Unincorporate,0.0,0.0
541,2238,Unincorporate,0.0,0.0
542,2238,Unincorporate,0.0,0.0
543,2238,Unincorporate,0.0,0.0
544,2238,Unincorporate,0.0,0.0
545,2238,Unincorporate,15.0,0.10361228175797713
546,2202,Unincorporate,0.0,0.0
547,2202,Unincorporate,0.0,0.0
548,2202,Unincorporate,0.0,0.0
549,2202,Unincorporate,0.0,0.0
550,2202,Unincorporate,0.0,0.0
551,2202,Unincorporate,0.0,0.0
552,2202,Unincorporate,0.0,0.0
553,2202,Unincorporate,0.0,0.0
554,2202,Unincorporate,0.0,0.0
555,2202,Unincorporate,0.0,0.0
556,2202,Unincorporate,0.0,0.0
557,2202,Unincorporate,0.0,0.0
558,2202,Unincorporate,0.0,0.0
559,2202,Unincorporate,0.0,0.0
560,2202,Unincorporate,0.0,0.0
561,2202,Unincorporate,0.0,0.0
562,2202,Unincorporate,0.0,0.0
563,2202,Unincorporate,0.0,0.0
564,2202,Unincorporate,0.0,0.0
565,2202,Unincorporate,0.0,0.0
566,2202,Unincorporate,0.0,0.0
567,2202,Unincorporate,0.0,0.0
568,2202,Unincorporate,0.0,0.0
569,2202,Unincorporate,0.0,0.0
570,2202,Unincorporate,0.0,0.0
571,2202,Unincorporate,0.0,0.0
572,2202,Unincorporate,0.0,0.0
573,2202,Unincorporate,0.0,0.0
574,2202,Unincorporate,0.0,0.0
575,2202,Unincorporate,0.0,0.0
576,2202,Unincorporate,0.0,0.0
577,2202,Unincorporate,80.0,0.24530403371462975
578,2202,Unincorporate,0.0,0.0
579,2202,Unincorporate,0.0,0.0
580,2202,Unincorporate,0.0,0.0
581,2202,Unincorporate,0.0,0.0
582,2202,Unincorporate,0.0,0.0
583,2202,Unincorporate,0.0,0.0
584,2202,Unincorporate,0.0,0.0
585,2202,Unincorporate,0.0,0.0
586,2202,Unincorporate,0.0,0.0
587,2202,Unincorporate,0.0,0.0
588,2202,Unincorporate,0.0,0.0
589,2202,Unincorporate,0.0,0.0
590,2202,Unincorporate,0.0,0.0
591,2202,Unincorporate,0.0,0.0
592,2202,Unincorporate,0.0,0.0
593,2202,Unincorporate,0.0,0.0
594,2202,Unincorporate,0.0,0.0
595,2202,Unincorporate,0.0,0.0
596,2202,Unincorporate,0.0,0.0
597,2202,Unincorporate,0.0,0.0
598,2202,Unincorporate,0.0,0.0
599,2202,Unincorporate,0.0,0.0
600,2202,Unincorporate,0.0,0.0
601,2202,Unincorporate,0.0,0.0
602,2202,Unincorporate,0.0,0.0
603,2202,Unincorporate,0.0,0.0
604,2202,Unincorporate,0.0,0.0
605,2202,Unincorporate,0.0,0.0
606,2202,Unincorporate,16.0,0.10885009030704396
607,2202,Unincorporate,0.0,0.0
608,2202,Unincorporate,0.0,0.0
609,2202,Unincorporate,0.0,0.0
610,2202,Unincorporate,27.0,0.15460565924142083
611,2202,Unincorporate,0.0,0.0
612,2202,Unincorporate,27.0,0.15460565924142083
613,2202,Unincorporate,0.0,0.0
614,2202,Unincorporate,0.0,0.0
615,2202,Unincorporate,0.0,0.0
616,2202,Unincorporate,27.0,0.15460565924142083
617,2202,Unincorporate,27.0,0.15460565924142083
618,2202,Unincorporate,0.0,0.0
619,2202,Unincorporate,0.0,0.0
620,2202,Unincorporate,0.0,0.0
621,2202,Unincorporate,0.0,0.0
622,2202,Unincorporate,54.0,0.21351595424443107
623,2202,Unincorporate,0.0,0.0
624,2202,Unincorporate,0.0,0.0
625,2202,Unincorporate,0.0,0.0
626,2202,Unincorporate,0.0,0.0
627,2202,Unincorporate,0.0,0.0
628,2202,Unincorporate,0.0,0.0
629,2202,Unincorporate,0.0,0.0
630,2202,Unincorporate,0.0,0.0
631,2202,Unincorporate,0.0,0.0
632,2202,Unincorporate,0.0,0.0
633,2202,Unincorporate,0.0,0.0
634,2202,Unincorporate,0.0,0.0
635,2202,Unincorporate,0.0,0.0
636,2202,Unincorporate,0.0,0.0
637,2202,Unincorporate,0.0,0.0
638,2202,Unincorporate,0.0,0.0
639,2202,Unincorporate,0.0,0.0
640,2202,Unincorporate,0.0,0.0
641,2202,Unincorporate,0.0,0.0
642,2202,Unincorporate,0.0,0.0
643,2202,Unincorporate,0.0,0.0
644,2202,Unincorporate,0.0,0.0
645,2202,Unincorporate,0.0,0.0
646,2202,Unincorporate,0.0,0.0
647,2202,Unincorporate,0.0,0.0
648,2202,Unincorporate,0.0,0.0
649,2202,Unincorporate,0.0,0.0
650,2202,Unincorporate,0.0,0.0
651,2202,Unincorporate,0.0,0.0
652,2202,Unincorporate,0.0,0.0
653,2202,Unincorporate,0.0,0.0
654,2202,Unincorporate,0.0,0.0
655,2202,Unincorporate,0.0,0.0
656,2202,Unincorporate,0.0,0.0
657,2202,Unincorporate,0.0,0.0
658,2202,Unincorporate,0.0,0.0
659,2202,Unincorporate,18.0,0.11815171583383503
660,2202,Unincorporate,0.0,0.0
661,2202,Unincorporate,0.0,0.0
662,2202,Unincorporate,0.0,0.0
663,2202,Unincorporate,0.0,0.0
664,2202,Unincorporate,0.0,0.0
665,2202,Unincorporate,0.0,0.0
666,2202,Unincorporate,0.0,0.0
667,2202,Unincorporate,0.0,0.0
668,2202,Unincorporate,0.0,0.0
669,2202,Unincorporate,0.0,0.0
670,2202,Unincorporate,0.0,0.0
671,2202,Unincorporate,0.0,0.0
672,2202,Unincorporate,0.0,0.0
673,2202,Unincorporate,0.0,0.0
674,2202,Unincorporate,0.0,0.0
675,2202,Unincorporate,0.0,0.0
676,2202,Unincorporate,0.0,0.0
677,2202,Unincorporate,0.0,0.0
678,2202,Unincorporate,0.0,0.0
679,2202,Unincorporate,0.0,0.0
680,2202,Unincorporate,0.0,0.0
681,2202,Unincorporate,0.0,0.0
682,2202,Unincorporate,0.0,0.0
683,2202,Unincorporate,0.0,0.0
684,2202,Unincorporate,0.0,0.0
685,2202,Unincorporate,0.0,0.0
686,2202,Unincorporate,0.0,0.0
687,2202,Unincorporate,0.0,0.0
688,2202,Unincorporate,0.0,0.0
689,2202,Unincorporate,0.0,0.0
690,2202,Unincorporate,0.0,0.0
691,2202,Unincorporate,0.0,0.0
692,2202,Unincorporate,28.0,0.15755568934376882
693,2202,Unincorporate,0.0,0.0
694,2202,Unincorporate,0.0,0.0
695,2202,Unincorporate,0.0,0.0
696,2202,Unincorporate,0.0,0.0
697,2202,Unincorporate,0.0,0.0
698,2202,Unincorporate,0.0,0.0
699,2202,Unincorporate,0.0,0.0
700,2202,Unincorporate,0.0,0.0
701,2202,Unincorporate,0.0,0.0
702,2202,Unincorporate,0.0,0.0
703,2202,Unincorporate,160.0,0.3044551475015051
704,2202,Unincorporate,0.0,0.0
705,2202,Unincorporate,0.0,0.0
706,2202,Unincorporate,0.0,0.0
707,2202,Unincorporate,0.0,0.0
708,2202,Unincorporate,0.0,0.0
709,2202,Unincorporate,0.0,0.0
710,2202,Unincorporate,0.0,0.0
711,2202,Unincorporate,0.0,0.0
712,2202,Unincorporate,0.0,0.0
713,2202,Unincorporate,0.0,0.0
714,2202,Unincorporate,0.0,0.0
715,2202,Unincorporate,0.0,0.0
716,2202,Unincorporate,0.0,0.0
717,2202,Unincorporate,36.0,0.17606863335340156
718,2202,Unincorporate,0.0,0.0
719,2202,Unincorporate,27.0,0.15460565924142083
720,2202,Unincorporate,0.0,0.0
721,2202,Unincorporate,0.0,0.0
722,2202,Unincorporate,0.0,0.0
723,2202,Unincorporate,0.0,0.0
724,2202,Unincorporate,0.0,0.0
725,2202,Unincorporate,0.0,0.0
726,2202,Unincorporate,0.0,0.0
727,2202,Unincorporate,0.0,0.0
728,2202,Unincorporate,0.0,0.0
729,2202,Unincorporate,0.0,0.0
730,2202,Unincorporate,0.0,0.0
731,2202,Unincorporate,0.0,0.0
732,2202,Unincorporate,0.0,0.0
733,2202,Unincorporate,0.0,0.0
734,2202,Unincorporate,0.0,0.0
735,2202,Unincorporate,0.0,0.0
736,2202,Unincorporate,0.0,0.0
737,2202,Unincorporate,0.0,0.0
738,2202,Unincorporate,0.0,0.0
739,2202,Unincorporate,0.0,0.0
740,2202,Unincorporate,27.0,0.15460565924142083
741,2202,Unincorporate,0.0,0.0
742,2202,Unincorporate,0.0,0.0
743,2202,Unincorporate,0.0,0.0
744,2202,Unincorporate,0.0,0.0
745,2202,Unincorporate,0.0,0.0
746,2202,Unincorporate,0.0,0.0
747,2244,Unincorporate,127.0,0.2848284166164961
748,2244,Unincorporate,0.0,0.0
749,2244,Unincorporate,0.0,0.0
750,2242,Unincorporate,0.0,0.0
751,2246,Unincorporate,0.0,0.0
752,2246,Unincorporate,17.0,0.11363636363636363
753,2246,Unincorporate,90.0,0.2554184226369657
754,2246,Unincorporate,0.0,0.0
755,2246,Unincorporate,16.0,0.10885009030704396
756,2246,Unincorporate,0.0,0.0
757,2246,Unincorporate,19.0,0.12332931968693558
758,2246,Unincorporate,0.0,0.0
759,2246,Unincorporate,0.0,0.0
760,2246,Unincorporate,0.0,0.0
761,2246,Unincorporate,0.0,0.0
762,2246,Unincorporate,0.0,0.0
763,2246,Unincorporate,11.0,0.08383503913305237
764,2246,Unincorporate,0.0,0.0
765,2246,Unincorporate,12.0,0.08880192655027092
766,2246,Unincorporate,0.0,0.0
767,2246,Unincorporate,0.0,0.0
768,2246,Unincorporate,0.0,0.0
769,2246,Unincorporate,0.0,0.0
770,2246,Unincorporate,0.0,0.0
771,2246,Unincorporate,0.0,0.0
772,2246,Unincorporate,0.0,0.0
773,2246,Unincorporate,68.0,0.23305237808549067
774,2246,Unincorporate,0.0,0.0
775,2246,Unincorporate,0.0,0.0
776,2246,Unincorporate,0.0,0.0
777,2246,Unincorporate,31.0,0.1650812763395545
778,2246,Unincorporate,0.0,0.0
779,2246,Unincorporate,12.0,0.08880192655027092
780,2246,Unincorporate,53.0,0.21080674292594823
781,2246,Unincorporate,0.0,0.0
782,2246,Unincorporate,0.0,0.0
783,2246,Unincorporate,0.0,0.0
784,2246,Unincorporate,0.0,0.0
785,2246,Unincorporate,1.0,0.007465382299819386
786,2246,Unincorporate,0.0,0.0
787,2246,Unincorporate,0.0,0.0
788,2246,Unincorporate,0.0,0.0
789,2246,Unincorporate,12.0,0.08880192655027092
790,2241,Unincorporate,0.0,0.0
791,2241,Unincorporate,0.0,0.0
792,2241,Unincorporate,0.0,0.0
793,2241,Unincorporate,0.0,0.0
794,2241,Unincorporate,0.0,0.0
795,2241,Unincorporate,0.0,0.0
796,2241,Unincorporate,0.0,0.0
797,2241,Unincorporate,0.0,0.0
798,2241,Unincorporate,0.0,0.0
799,2241,Unincorporate,0.0,0.0
800,2241,Unincorporate,0.0,0.0
801,2241,Unincorporate,0.0,0.0
802,2241,Unincorporate,0.0,0.0
803,2241,Unincorporate,0.0,0.0
804,2241,Unincorporate,0.0,0.0
805,2241,Unincorporate,0.0,0.0
806,2241,Unincorporate,0.0,0.0
807,2241,Unincorporate,0.0,0.0
808,2241,Unincorporate,0.0,0.0
809,2241,Unincorporate,0.0,0.0
810,2241,Unincorporate,0.0,0.0
811,2241,Unincorporate,0.0,0.0
812,2241,Unincorporate,0.0,0.0
813,2241,Unincorporate,0.0,0.0
814,2241,Unincorporate,0.0,0.0
815,2241,Unincorporate,27.0,0.15460565924142083
816,2241,Unincorporate,0.0,0.0
817,2241,Unincorporate,0.0,0.0
818,2241,Unincorporate,0.0,0.0
819,2241,Unincorporate,0.0,0.0
820,2241,Unincorporate,0.0,0.0
821,2241,Unincorporate,0.0,0.0
822,2241,Unincorporate,0.0,0.0
823,2241,Unincorporate,0.0,0.0
824,2241,Unincorporate,52.0,0.20875978326309452
825,2241,Unincorporate,0.0,0.0
826,2241,Unincorporate,0.0,0.0
827,2241,Unincorporate,0.0,0.0
828,2241,Unincorporate,0.0,0.0
829,2241,Unincorporate,0.0,0.0
830,2241,Unincorporate,10.0,0.07874774232390126
831,2254,Unincorporate,20.0,0.1290487658037327
832,2254,Unincorporate,0.0,0.0
833,2254,Unincorporate,127.0,0.2848284166164961
834,2254,Unincorporate,127.0,0.2848284166164961
835,2254,Unincorporate,0.0,0.0
836,2254,Unincorporate,0.0,0.0
837,2247,Unincorporate,0.0,0.0
838,2254,Unincorporate,16.0,0.10885009030704396
839,2254,Unincorporate,0.0,0.0
840,2254,Unincorporate,0.0,0.0
841,2254,Unincorporate,0.0,0.0
842,2254,Unincorporate,0.0,0.0
843,2254,Unincorporate,21.0,0.1343467790487658
844,2254,Unincorporate,254.0,0.3488260084286574
845,2254,Unincorporate,628.0,0.4590909090909091
846,2254,Unincorporate,0.0,0.0
847,2254,Unincorporate,0.0,0.0
848,2254,Unincorporate,628.0,0.4590909090909091
849,2254,Unincorporate,0.0,0.0
850,2254,Unincorporate,0.0,0.0
851,2254,Unincorporate,28.0,0.15755568934376882
852,2254,Unincorporate,0.0,0.0
853,2254,Unincorporate,0.0,0.0
854,2254,Unincorporate,1256.0,0.5798314268512944
855,2254,Unincorporate,127.0,0.2848284166164961
856,2254,Unincorporate,38.0,0.18133654425045154
857,2254,Unincorporate,0.0,0.0
858,2254,Unincorporate,0.0,0.0
859,2254,Unincorporate,0.0,0.0
860,2254,Unincorporate,0.0,0.0
861,2254,Unincorporate,0.0,0.0
862,2254,Unincorporate,0.0,0.0
863,2254,Unincorporate,0.0,0.0
864,2254,Unincorporate,0.0,0.0
865,2254,Unincorporate,0.0,0.0
866,2254,Unincorporate,0.0,0.0
867,2254,Unincorporate,28.0,0.15755568934376882
868,2254,Unincorporate,0.0,0.0
869,2254,Unincorporate,0.0,0.0
870,2254,Unincorporate,0.0,0.0
871,2254,Unincorporate,0.0,0.0
872,2254,Unincorporate,0.0,0.0
873,2254,Unincorporate,34.0,0.17146297411198075
874,2254,Unincorporate,0.0,0.0
875,2254,Unincorporate,0.0,0.0
876,2254,Unincorporate,0.0,0.0
877,2254,Unincorporate,0.0,0.0
878,2254,Unincorporate,19.0,0.12332931968693558
879,2255,Unincorporate,0.0,0.0
880,2255,Unincorporate,13.0,0.09331727874774233
881,2255,Unincorporate,0.0,0.0
882,2255,Unincorporate,0.0,0.0
883,2255,Unincorporate,0.0,0.0
884,2255,Unincorporate,0.0,0.0
885,2255,Unincorporate,2.0,0.021763997591812162
886,2255,Unincorporate,0.0,0.0
887,2255,Unincorporate,0.0,0.0
888,2239,Unincorporate,1.0,0.007465382299819386
889,2239,Unincorporate,0.0,0.0
890,2239,Unincorporate,0.0,0.0
891,2239,Unincorporate,0.0,0.0
892,2239,Unincorporate,22.0,0.1382299819385912
893,2239,Unincorporate,1.0,0.007465382299819386
894,2252,Unincorporate,20.0,0.1290487658037327
895,2252,Unincorporate,0.0,0.0
896,2252,Unincorporate,0.0,0.0
897,2252,Unincorporate,0.0,0.0
898,2252,Unincorporate,0.0,0.0
899,2252,Unincorporate,0.0,0.0
900,2252,Unincorporate,0.0,0.0
901,2252,Unincorporate,0.0,0.0
902,2252,Unincorporate,0.0,0.0
903,2252,Unincorporate,0.0,0.0
904,2259,Unincorporate,74.0,0.23976520168573148
905,2259,Unincorporate,74.0,0.23976520168573148
906,2259,Unincorporate,0.0,0.0
907,2259,Unincorporate,378.0,0.38564118001204095
908,2261,Unincorporate,0.0,0.0
909,2261,Unincorporate,0.0,0.0
910,2261,Unincorporate,2.0,0.021763997591812162
911,2261,Mendota,0.0,0.0
912,2261,Unincorporate,0.0,0.0
913,2261,Mendota,0.0,0.0
914,2261,Unincorporate,80.0,0.24530403371462975
915,2262,Unincorporate,0.0,0.0
916,2262,Unincorporate,0.0,0.0
917,2262,Unincorporate,0.0,0.0
918,2262,Unincorporate,0.0,0.0
919,2262,Unincorporate,0.0,0.0
920,2262,Unincorporate,0.0,0.0
921,2262,Unincorporate,0.0,0.0
922,2262,Unincorporate,0.0,0.0
923,2262,Unincorporate,0.0,0.0
924,2262,Unincorporate,0.0,0.0
925,2262,Unincorporate,0.0,0.0
926,2262,Unincorporate,40.0,0.18552077062010836
927,2262,Unincorporate,0.0,0.0
928,2262,Unincorporate,0.0,0.0
929,2262,Unincorporate,0.0,0.0
930,2262,Unincorporate,20.0,0.1290487658037327
931,2262,Unincorporate,0.0,0.0
932,2262,Unincorporate,27.0,0.15460565924142083
933,2262,Unincorporate,0.0,0.0
934,2262,Unincorporate,0.0,0.0
935,2262,Unincorporate,0.0,0.0
936,2262,Unincorporate,0.0,0.0
937,2262,Unincorporate,0.0,0.0
938,2262,Unincorporate,0.0,0.0
939,2262,Unincorporate,0.0,0.0
940,2262,Unincorporate,0.0,0.0
941,2262,Unincorporate,0.0,0.0
942,2262,Unincorporate,0.0,0.0
943,2262,Unincorporate,0.0,0.0
944,2262,Unincorporate,0.0,0.0
945,2262,Unincorporate,0.0,0.0
946,2262,Unincorporate,0.0,0.0
947,2262,Unincorporate,53.0,0.21080674292594823
948,2262,Unincorporate,0.0,0.0
949,2262,Unincorporate,6.0,0.05770620108368453
950,2203,Unincorporate,0.0,0.0
951,2203,Unincorporate,0.0,0.0
952,2203,Unincorporate,0.0,0.0
953,2203,Unincorporate,0.0,0.0
954,2203,Unincorporate,0.0,0.0
955,2203,Unincorporate,0.0,0.0
956,2203,Unincorporate,0.0,0.0
957,2203,Unincorporate,0.0,0.0
958,2203,Unincorporate,0.0,0.0
959,2203,Unincorporate,0.0,0.0
960,2203,Unincorporate,0.0,0.0
961,2203,Unincorporate,0.0,0.0
962,2203,Unincorporate,0.0,0.0
963,2203,Unincorporate,0.0,0.0
964,2203,Unincorporate,0.0,0.0
965,2203,Unincorporate,0.0,0.0
966,2203,Unincorporate,0.0,0.0
967,2203,Unincorporate,0.0,0.0
968,2203,Unincorporate,0.0,0.0
969,2203,Unincorporate,0.0,0.0
970,2203,Unincorporate,0.0,0.0
971,2203,Unincorporate,0.0,0.0
972,2203,Unincorporate,0.0,0.0
973,2203,Unincorporate,0.0,0.0
974,2203,Unincorporate,0.0,0.0
975,2203,Unincorporate,0.0,0.0
976,2203,Unincorporate,0.0,0.0
977,2203,Unincorporate,0.0,0.0
978,2203,Unincorporate,0.0,0.0
979,2203,Unincorporate,0.0,0.0
980,2203,Unincorporate,0.0,0.0
981,2203,Unincorporate,0.0,0.0
982,2203,Unincorporate,0.0,0.0
983,2203,Unincorporate,0.0,0.0
984,2203,Unincorporate,0.0,0.0
985,2203,Unincorporate,0.0,0.0
986,2203,Unincorporate,0.0,0.0
987,2203,Unincorporate,0.0,0.0
988,2203,Unincorporate,0.0,0.0
989,2203,Unincorporate,0.0,0.0
990,2203,Unincorporate,0.0,0.0
991,2203,Unincorporate,0.0,0.0
992,2203,Unincorporate,0.0,0.0
993,2203,Unincorporate,0.0,0.0
994,2203,Unincorporate,0.0,0.0
995,2203,Unincorporate,0.0,0.0
996,2203,Unincorporate,0.0,0.0
997,2203,Unincorporate,0.0,0.0
998,2203,Unincorporate,0.0,0.0
999,2203,Unincorporate,0.0,0.0
1000,2203,Unincorporate,0.0,0.0
1001,2203,Unincorporate,0.0,0.0
1002,2203,Unincorporate,0.0,0.0
1003,2203,Unincorporate,0.0,0.0
1004,2203,Unincorporate,0.0,0.0
1005,2203,Unincorporate,0.0,0.0
1006,2203,Unincorporate,0.0,0.0
1007,2203,Unincorporate,0.0,0.0
1008,2203,Unincorporate,0.0,0.0
1009,2203,Unincorporate,0.0,0.0
1010,2203,Unincorporate,0.0,0.0
1011,2203,Unincorporate,0.0,0.0
1012,2203,Unincorporate,0.0,0.0
1013,2203,Unincorporate,0.0,0.0
1014,2203,Unincorporate,0.0,0.0
1015,2203,Unincorporate,0.0,0.0
1016,2203,Unincorporate,0.0,0.0
1017,2203,Unincorporate,0.0,0.0
1018,2203,Unincorporate,0.0,0.0
1019,2203,Unincorporate,0.0,0.0
1020,2203,Unincorporate,0.0,0.0
1021,2203,Unincorporate,0.0,0.0
1022,2203,Unincorporate,0.0,0.0
1023,2203,Unincorporate,0.0,0.0
1024,2203,Unincorporate,0.0,0.0
1025,2203,Unincorporate,0.0,0.0
1026,2203,Unincorporate,0.0,0.0
1027,2203,Unincorporate,0.0,0.0
1028,2203,Unincorporate,0.0,0.0
1029,2203,Unincorporate,0.0,0.0
1030,2203,Unincorporate,0.0,0.0
1031,2203,Unincorporate,0.0,0.0
1032,2203,Unincorporate,0.0,0.0
1033,2203,Unincorporate,0.0,0.0
1034,2203,Unincorporate,0.0,0.0
1035,2203,Unincorporate,0.0,0.0
1036,2203,Unincorporate,0.0,0.0
1037,2203,Unincorporate,0.0,0.0
1038,2203,Unincorporate,0.0,0.0
1039,2203,Unincorporate,0.0,0.0
1040,2203,Unincorporate,0.0,0.0
1041,2203,Unincorporate,0.0,0.0
1042,2203,Unincorporate,0.0,0.0
1043,2203,Unincorporate,0.0,0.0
1044,2203,Unincorporate,0.0,0.0
1045,2203,Unincorporate,0.0,0.0
1046,2203,Unincorporate,0.0,0.0
1047,2203,Unincorporate,0.0,0.0
1048,2203,Unincorporate,0.0,0.0
1049,2203,Unincorporate,0.0,0.0
1050,2203,Unincorporate,0.0,0.0
1051,2203,Unincorporate,0.0,0.0
1052,2203,Unincorporate,0.0,0.0
1053,2203,Unincorporate,0.0,0.0
1054,2203,Unincorporate,0.0,0.0
1055,2203,Unincorporate,0.0,0.0
1056,2203,Unincorporate,0.0,0.0
1057,2203,Unincorporate,0.0,0.0
1058,2203,Unincorporate,0.0,0.0
1059,2203,Unincorporate,0.0,0.0
1060,2203,Unincorporate,0.0,0.0
1061,2203,Unincorporate,0.0,0.0
1062,2203,Unincorporate,0.0,0.0
1063,2203,Unincorporate,0.0,0.0
1064,2203,Unincorporate,0.0,0.0
1065,2203,Unincorporate,0.0,0.0
1066,2203,Unincorporate,0.0,0.0
1067,2203,Unincorporate,0.0,0.0
1068,2203,Unincorporate,0.0,0.0
1069,2203,Unincorporate,0.0,0.0
1070,2203,Unincorporate,0.0,0.0
1071,2203,Unincorporate,0.0,0.0
1072,2203,Unincorporate,0.0,0.0
1073,2203,Unincorporate,0.0,0.0
1074,2203,Unincorporate,0.0,0.0
1075,2203,Unincorporate,0.0,0.0
1076,2203,Unincorporate,0.0,0.0
1077,2203,Unincorporate,0.0,0.0
1078,2203,Unincorporate,0.0,0.0
1079,2203,Unincorporate,0.0,0.0
1080,2203,Unincorporate,0.0,0.0
1081,2203,Unincorporate,0.0,0.0
1082,2203,Unincorporate,0.0,0.0
1083,2203,Unincorporate,0.0,0.0
1084,2203,Unincorporate,0.0,0.0
1085,2203,Unincorporate,0.0,0.0
1086,2203,Unincorporate,0.0,0.0
1087,2203,Unincorporate,0.0,0.0
1088,2203,Unincorporate,15.0,0.10361228175797713
1089,2203,Unincorporate,0.0,0.0
1090,2203,Unincorporate,0.0,0.0
1091,2203,Unincorporate,0.0,0.0
1092,2203,Unincorporate,0.0,0.0
1093,2203,Unincorporate,0.0,0.0
1094,2203,Unincorporate,0.0,0.0
1095,2203,Unincorporate,0.0,0.0
1096,2203,Unincorporate,0.0,0.0
1097,2203,Unincorporate,0.0,0.0
1098,2203,Unincorporate,0.0,0.0
1099,2203,Unincorporate,0.0,0.0
1100,2203,Unincorporate,0.0,0.0
1101,2203,Unincorporate,0.0,0.0
1102,2203,Unincorporate,0.0,0.0
1103,2203,Unincorporate,0.0,0.0
1104,2203,Unincorporate,0.0,0.0
1105,2203,Unincorporate,0.0,0.0
1106,2203,Unincorporate,0.0,0.0
1107,2203,Unincorporate,0.0,0.0
1108,2203,Unincorporate,0.0,0.0
1109,2203,Unincorporate,0.0,0.0
1110,2203,Unincorporate,0.0,0.0
1111,2203,Unincorporate,0.0,0.0
1112,2203,Unincorporate,0.0,0.0
1113,2203,Unincorporate,0.0,0.0
1114,2203,Unincorporate,0.0,0.0
1115,2203,Unincorporate,0.0,0.0
1116,2203,Unincorporate,0.0,0.0
1117,2203,Unincorporate,0.0,0.0
1118,2203,Unincorporate,0.0,0.0
1119,2203,Unincorporate,0.0,0.0
1120,2203,Unincorporate,0.0,0.0
1121,2203,Unincorporate,0.0,0.0
1122,2203,Unincorporate,0.0,0.0
1123,2203,Unincorporate,0.0,0.0
1124,2203,Unincorporate,0.0,0.0
1125,2203,Unincorporate,0.0,0.0
1126,2203,Unincorporate,0.0,0.0
1127,2203,Unincorporate,15.0,0.10361228175797713
1128,2203,Unincorporate,0.0,0.0
1129,2203,Unincorporate,0.0,0.0
1130,2203,Unincorporate,0.0,0.0
1131,2203,Unincorporate,0.0,0.0
1132,2203,Unincorporate,0.0,0.0
1133,2203,Unincorporate,0.0,0.0
1134,2203,Unincorporate,0.0,0.0
1135,2203,Unincorporate,0.0,0.0
1136,2203,Unincorporate,0.0,0.0
1137,2203,Unincorporate,0.0,0.0
1138,2203,Unincorporate,0.0,0.0
1139,2203,Unincorporate,0.0,0.0
1140,2203,Unincorporate,0.0,0.0
1141,2203,Unincorporate,0.0,0.0
1142,2203,Unincorporate,0.0,0.0
1143,2203,Unincorporate,0.0,0.0
1144,2203,Unincorporate,0.0,0.0
1145,2203,Unincorporate,0.0,0.0
1146,2203,Unincorporate,0.0,0.0
1147,2203,Unincorporate,0.0,0.0
1148,2203,Unincorporate,0.0,0.0
1149,2203,Unincorporate,0.0,0.0
1150,2203,Unincorporate,0.0,0.0
1151,2203,Unincorporate,0.0,0.0
1152,2203,Unincorporate,0.0,0.0
1153,2203,Unincorporate,34.0,0.17146297411198075
1154,2203,Unincorporate,0.0,0.0
1155,2203,Unincorporate,0.0,0.0
1156,2203,Unincorporate,0.0,0.0
1157,2203,Unincorporate,0.0,0.0
1158,2203,Unincorporate,0.0,0.0
1159,2203,Unincorporate,0.0,0.0
1160,2203,Unincorporate,0.0,0.0
1161,2203,Unincorporate,0.0,0.0
1162,2203,Unincorporate,0.0,0.0
1163,2203,Unincorporate,0.0,0.0
1164,2203,Unincorporate,0.0,0.0
1165,2203,Unincorporate,0.0,0.0
1166,2203,Unincorporate,16.0,0.10885009030704396
1167,2203,Unincorporate,0.0,0.0
1168,2203,Unincorporate,0.0,0.0
1169,2203,Unincorporate,0.0,0.0
1170,2256,Unincorporate,0.0,0.0
1171,2256,Unincorporate,0.0,0.0
1172,2256,Unincorporate,27.0,0.15460565924142083
1173,2256,Unincorporate,0.0,0.0
1174,2256,Unincorporate,20.0,0.1290487658037327
1175,2256,Unincorporate,16.0,0.10885009030704396
1176,2256,Unincorporate,12.0,0.08880192655027092
1177,2256,Unincorporate,16.0,0.10885009030704396
1178,2256,Unincorporate,0.0,0.0
1179,2256,Unincorporate,0.0,0.0
1180,2256,Unincorporate,0.0,0.0
1181,2256,Unincorporate,0.0,0.0
1182,2256,Unincorporate,0.0,0.0
1183,2256,Unincorporate,0.0,0.0
1184,2256,Unincorporate,24.0,0.1451234196267309
1185,2256,Unincorporate,71.0,0.23696568332329923
1186,2256,Unincorporate,0.0,0.0
1187,2256,Unincorporate,21.0,0.1343467790487658
1188,2256,Unincorporate,0.0,0.0
1189,2256,Unincorporate,0.0,0.0
1190,2256,Unincorporate,0.0,0.0
1191,2256,Unincorporate,0.0,0.0
1192,2256,Unincorporate,0.0,0.0
1193,2256,Unincorporate,0.0,0.0
1194,2256,Unincorporate,15.0,0.10361228175797713
1195,2256,Unincorporate,0.0,0.0
1196,2256,Unincorporate,0.0,0.0
1197,2256,Unincorporate,0.0,0.0
1198,2256,Unincorporate,0.0,0.0
1199,2256,Unincorporate,0.0,0.0
1200,2256,Unincorporate,0.0,0.0
1201,2256,Unincorporate,0.0,0.0
1202,2256,Unincorporate,0.0,0.0
1203,2256,Unincorporate,0.0,0.0
1204,2256,Unincorporate,0.0,0.0
1205,2256,Unincorporate,0.0,0.0
1206,2256,Unincorporate,0.0,0.0
1207,2257,Unincorporate,0.0,0.0
1208,2257,Unincorporate,2.0,0.021763997591812162
1209,2257,Unincorporate,0.0,0.0
1210,2257,Unincorporate,0.0,0.0
1211,2257,Unincorporate,0.0,0.0
1212,2257,Unincorporate,0.0,0.0
1213,2257,Unincorporate,0.0,0.0
1214,2257,Unincorporate,0.0,0.0
1215,2257,Unincorporate,4.0,0.04298615291992775
1216,2257,Unincorporate,2.0,0.021763997591812162
1217,2257,Unincorporate,0.0,0.0
1218,2257,Unincorporate,0.0,0.0
1219,2257,Unincorporate,0.0,0.0
1220,2257,Unincorporate,0.0,0.0
1221,2257,Unincorporate,0.0,0.0
1222,2257,Unincorporate,0.0,0.0
1223,2257,Unincorporate,0.0,0.0
1224,2257,Unincorporate,0.0,0.0
1225,2257,Unincorporate,0.0,0.0
1226,2257,Unincorporate,0.0,0.0
1227,2257,Unincorporate,2.0,0.021763997591812162
1228,2257,Unincorporate,0.0,0.0
1229,2257,Unincorporate,0.0,0.0
1230,2257,Unincorporate,0.0,0.0
1231,2257,Unincorporate,0.0,0.0
1232,2257,Unincorporate,0.0,0.0
1233,2257,Unincorporate,0.0,0.0
1234,2257,Unincorporate,0.0,0.0
1235,2257,Unincorporate,0.0,0.0
1236,2257,Unincorporate,0.0,0.0
1237,2257,Unincorporate,0.0,0.0
1238,2257,Unincorporate,0.0,0.0
1239,2257,Unincorporate,0.0,0.0
1240,2257,Unincorporate,47.0,0.19861529199277544
1241,2257,Unincorporate,28.0,0.15755568934376882
1242,2257,Unincorporate,28.0,0.15755568934376882
1243,2257,Unincorporate,28.0,0.15755568934376882
1244,2257,Unincorporate,16.0,0.10885009030704396
1245,2257,Unincorporate,0.0,0.0
1246,2257,Unincorporate,0.0,0.0
1247,2257,Unincorporate,40.0,0.18552077062010836
1248,2257,Unincorporate,0.0,0.0
1249,2257,Unincorporate,20.0,0.1290487658037327
1250,2257,Unincorporate,0.0,0.0
1251,2257,Unincorporate,0.0,0.0
1252,2257,Unincorporate,0.0,0.0
1253,2257,Unincorporate,0.0,0.0
1254,2257,Unincorporate,0.0,0.0
1255,2257,Unincorporate,0.0,0.0
1256,2257,Unincorporate,28.0,0.15755568934376882
1257,2257,Unincorporate,0.0,0.0
1258,2257,Unincorporate,2.0,0.021763997591812162
1259,2257,Unincorporate,0.0,0.0
1260,2257,Unincorporate,0.0,0.0
1261,2257,Unincorporate,0.0,0.0
1262,2257,Unincorporate,0.0,0.0
1263,2257,Unincorporate,0.0,0.0
1264,2257,Unincorporate,0.0,0.0
1265,2257,Unincorporate,0.0,0.0
1266,2257,Unincorporate,0.0,0.0
1267,2257,Unincorporate,0.0,0.0
1268,2257,Unincorporate,0.0,0.0
1269,2257,Unincorporate,0.0,0.0
1270,2257,Unincorporate,0.0,0.0
1271,2257,Unincorporate,28.0,0.15755568934376882
1272,2257,Unincorporate,56.0,0.21694762191450934
1273,2257,Unincorporate,28.0,0.15755568934376882
1274,2257,Unincorporate,28.0,0.15755568934376882
1275,2257,Unincorporate,28.0,0.15755568934376882
1276,2257,Unincorporate,0.0,0.0
1277,2257,Unincorporate,0.0,0.0
1278,2257,Unincorporate,0.0,0.0
1279,2257,Unincorporate,0.0,0.0
1280,2257,Unincorporate,0.0,0.0
1281,2257,Unincorporate,0.0,0.0
1282,372,Firebaugh,1095.0,0.5506622516556291
1283,372,Firebaugh,1040.0,0.5395845875978327
1284,372,Firebaugh,99.0,0.26462974111980736
1285,372,Firebaugh,85.0,0.2503010234798314
1286,372,Firebaugh,18.0,0.11815171583383503
1287,372,Firebaugh,1040.0,0.5395845875978327
1288,372,Firebaugh,86.0,0.251475015051174
1289,372,Firebaugh,1041.0,0.5399458157736303
1290,372,Firebaugh,1158.0,0.5622817579771222
1291,372,Firebaugh,136.0,0.2890728476821192
1292,372,Firebaugh,1133.0,0.5568332329921734
1293,372,Firebaugh,1040.0,0.5395845875978327
1294,372,Firebaugh,1041.0,0.5399458157736303
1295,372,Firebaugh,1041.0,0.5399458157736303
1296,372,Firebaugh,1155.0,0.5615593016255268
1297,372,Firebaugh,127.0,0.2848284166164961
1298,372,Firebaugh,1056.0,0.5431667670078266
1299,372,Firebaugh,667.0,0.4684226369656833
1300,372,Firebaugh,1090.0,0.5498494882600843
1301,372,Firebaugh,1149.0,0.5603251053582179
1302,374,Firebaugh,984.0,0.5302829620710415
1303,374,Firebaugh,425.0,0.4019566526189043
1304,374,Firebaugh,1158.0,0.5622817579771222
1305,374,Firebaugh,449.0,0.40933172787477423
1306,374,Firebaugh,1132.0,0.5564720048163757
1307,374,Firebaugh,128.0,0.2854605659241421
1308,374,Firebaugh,425.0,0.4019566526189043
1309,374,Firebaugh,1057.0,0.5432871763997592
1310,374,Firebaugh,1100.0,0.5516556291390728
1311,375,Firebaugh,1206.0,0.5712823600240818
1312,375,Firebaugh,1212.0,0.5727272727272728
1313,375,Firebaugh,1264.0,0.5810656231186032
1314,375,Firebaugh,1279.0,0.5839253461770018
1315,375,Firebaugh,1155.0,0.5615593016255268
1316,375,Firebaugh,1173.0,0.5654124021673691
1317,375,Firebaugh,1276.0,0.5833835039133053
1318,375,Firebaugh,0.0,0.0
1319,2305,Unincorporate,0.0,0.0
1320,2305,Unincorporate,0.0,0.0
1321,2305,Unincorporate,0.0,0.0
1322,2305,Unincorporate,0.0,0.0
1323,2305,Unincorporate,0.0,0.0
1324,2305,Unincorporate,0.0,0.0
1325,2305,Unincorporate,0.0,0.0
1326,2305,Unincorporate,0.0,0.0
1327,2305,Unincorporate,0.0,0.0
1328,2305,Unincorporate,0.0,0.0
1329,2305,Unincorporate,0.0,0.0
1330,2305,Unincorporate,0.0,0.0
1331,2305,Unincorporate,0.0,0.0
1332,2305,Unincorporate,0.0,0.0
1333,2305,Unincorporate,0.0,0.0
1334,2305,Unincorporate,0.0,0.0
1335,2305,Unincorporate,0.0,0.0
1336,2305,Unincorporate,0.0,0.0
1337,2305,Unincorporate,0.0,0.0
1338,2305,Unincorporate,0.0,0.0
1339,2305,Unincorporate,0.0,0.0
1340,2305,Unincorporate,0.0,0.0
1341,2305,Unincorporate,6.0,0.05770620108368453
1342,2305,Unincorporate,0.0,0.0
1343,2305,Unincorporate,0.0,0.0
1344,2305,Unincorporate,0.0,0.0
1345,2305,Unincorporate,0.0,0.0
1346,2305,Unincorporate,0.0,0.0
1347,2305,Unincorporate,0.0,0.0
1348,2305,Unincorporate,0.0,0.0
1349,2305,Unincorporate,0.0,0.0
1350,2305,Unincorporate,0.0,0.0
1351,2305,Unincorporate,0.0,0.0
1352,2305,Unincorporate,3.0,0.033564118001204096
1353,2305,Unincorporate,0.0,0.0
1354,2305,Unincorporate,0.0,0.0
1355,2305,Unincorporate,0.0,0.0
1356,2710,Unincorporate,0.0,0.0
1357,2707,Unincorporate,0.0,0.0
1358,2707,Unincorporate,4.0,0.04298615291992775
1359,2707,Unincorporate,26.0,0.1517760385310054
1360,2707,Unincorporate,0.0,0.0
1361,2703,Unincorporate,0.0,0.0
1362,2703,Unincorporate,0.0,0.0
1363,2703,Unincorporate,0.0,0.0
1364,2703,Unincorporate,3.0,0.033564118001204096
1365,2703,Unincorporate,3.0,0.033564118001204096
1366,2699,Unincorporate,19.0,0.12332931968693558
1367,2699,Unincorporate,1.0,0.007465382299819386
1368,2699,Unincorporate,0.0,0.0
1369,2699,Unincorporate,0.0,0.0
1370,2699,Unincorporate,73.0,0.23883202889825406
1371,2699,Unincorporate,19.0,0.12332931968693558
1372,2699,Unincorporate,10.0,0.07874774232390126
1373,2708,Unincorporate,0.0,0.0
1374,2708,Unincorporate,0.0,0.0
1375,2708,Unincorporate,2.0,0.021763997591812162
1376,2708,Unincorporate,0.0,0.0
1377,2708,Unincorporate,0.0,0.0
1378,2704,Unincorporate,2.0,0.021763997591812162
1379,2704,Unincorporate,0.0,0.0
1380,2704,Unincorporate,1.0,0.007465382299819386
1381,2704,Unincorporate,56.0,0.21694762191450934
1382,2704,Unincorporate,6.0,0.05770620108368453
1383,2704,Unincorporate,3.0,0.033564118001204096
1384,2704,Unincorporate,33.0,0.16887417218543047
1385,2700,Unincorporate,11.0,0.08383503913305237
1386,2700,Unincorporate,0.0,0.0
1387,2700,Unincorporate,0.0,0.0
1388,2700,Unincorporate,0.0,0.0
1389,2700,Unincorporate,3.0,0.033564118001204096
1390,2700,Unincorporate,0.0,0.0
1391,2700,Unincorporate,18.0,0.11815171583383503
1392,2700,Unincorporate,28.0,0.15755568934376882
1393,2598,Unincorporate,0.0,0.0
1394,2598,Unincorporate,1.0,0.007465382299819386
1395,2598,Unincorporate,17.0,0.11363636363636363
1396,2598,Unincorporate,168.0,0.3082781456953642
1397,2598,Unincorporate,2.0,0.021763997591812162
1398,2598,Unincorporate,84.0,0.24909692956050572
1399,2598,Unincorporate,84.0,0.24909692956050572
1400,2801,Unincorporate,0.0,0.0
1401,2801,Unincorporate,0.0,0.0
1402,2804,Unincorporate,31.0,0.1650812763395545
1403,2804,Unincorporate,39.0,0.18323299217338954
1404,2804,Unincorporate,20.0,0.1290487658037327
1405,2804,Unincorporate,8.0,0.06815171583383504
1406,2804,Unincorporate,0.0,0.0
1407,2804,Unincorporate,22.0,0.1382299819385912
1408,1855,Sanger,21.0,0.1343467790487658
1409,1855,Sanger,16.0,0.10885009030704396
1410,1855,Sanger,16.0,0.10885009030704396
1411,1855,Sanger,117.0,0.2779349789283564
1412,1855,Sanger,16.0,0.10885009030704396
1413,1855,Sanger,3.0,0.033564118001204096
1414,1855,Sanger,117.0,0.2779349789283564
1415,1855,Sanger,124.0,0.28269114990969296
1416,1858,Sanger,3007.0,0.7909090909090909
1417,1858,Sanger,3442.0,0.8209512341962673
1418,1858,Sanger,3030.0,0.79262492474413
1419,1858,Sanger,3059.0,0.7954545454545454
1420,1858,Sanger,3611.0,0.8298013245033112
1421,1858,Sanger,4942.0,0.882480433473811
1422,1858,Sanger,3384.0,0.8179108970499699
1423,1858,Sanger,3041.0,0.793889223359422
1424,1858,Sanger,2752.0,0.7701384708007225
1425,1858,Sanger,3043.0,0.7942504515352198
1426,1858,Sanger,3053.0,0.794942805538832
1427,1858,Sanger,2677.0,0.7644792293798917
1428,1858,Sanger,3008.0,0.7910897049969897
1429,1859,Sanger,2563.0,0.7545454545454545
1430,2853,Unincorporate,0.0,0.0
1431,2853,Unincorporate,0.0,0.0
1432,2853,Unincorporate,0.0,0.0
1433,2853,Unincorporate,15.0,0.10361228175797713
1434,2853,Unincorporate,0.0,0.0
1435,2853,Unincorporate,0.0,0.0
1436,2853,Unincorporate,0.0,0.0
1437,2852,Unincorporate,10.0,0.07874774232390126
1438,2853,Unincorporate,0.0,0.0
1439,2853,Unincorporate,0.0,0.0
1440,2853,Unincorporate,0.0,0.0
1441,2853,Unincorporate,0.0,0.0
1442,1757,Parlier,2571.0,0.7555087296809151
1443,1757,Parlier,1873.0,0.6759783263094521
1444,1757,Parlier,1833.0,0.669837447320891
1445,1757,Parlier,2459.0,0.7448524984948826
1446,1757,Parlier,2481.0,0.7472004816375677
1447,1752,Parlier,2457.0,0.7445213726670681
1448,1752,Parlier,851.0,0.50737507525587
1449,1752,Parlier,2343.0,0.7332931968693558
1450,1752,Parlier,2200.0,0.7191751956652619
1451,1752,Parlier,2457.0,0.7445213726670681
1452,1752,Parlier,966.0,0.5281155930162552
1453,1752,Parlier,908.0,0.5168573148705599
1454,1752,Parlier,850.0,0.507164358819988
1455,1752,Parlier,2082.0,0.7035520770620108
1456,1752,Parlier,848.0,0.506953642384106
1457,1752,Parlier,2489.0,0.7485851896447923
1458,1752,Parlier,2347.0,0.7337748344370861
1459,1752,Parlier,2169.0,0.7156532209512342
1460,1752,Parlier,2085.0,0.7040939193257074
1461,1752,Parlier,851.0,0.50737507525587
1462,1752,Parlier,1253.0,0.5794099939795304
1463,1752,Parlier,1725.0,0.6549367850692354
1464,1752,Parlier,2345.0,0.7334738109572546
1465,1752,Parlier,2457.0,0.7445213726670681
1466,1454,Fresno,1353.0,0.598314268512944
1467,109,Clovis,2148.0,0.7124021673690548
1468,109,Clovis,4382.0,0.8628537025888019
1469,113,Clovis,1580.0,0.6350391330523781
1470,113,Clovis,1461.0,0.6172185430463576
1471,113,Clovis,206.0,0.32808549066827214
1472,113,Clovis,425.0,0.4019566526189043
1473,121,Clovis,3889.0,0.8408789885611078
1474,121,Clovis,1877.0,0.6768512944009633
1475,122,Clovis,1166.0,0.5642685129440096
1476,122,Clovis,3867.0,0.839855508729681
1477,126,Clovis,5253.0,0.8928055388320288
1478,126,Clovis,1605.0,0.6391932570740517
1479,127,Clovis,4503.0,0.8670078266104756
1480,127,Clovis,3277.0,0.8107766405779651
1481,127,Clovis,4170.0,0.8541240216736905
1482,127,Clovis,5828.0,0.9077062010836845
1483,127,Clovis,3197.0,0.8054184226369657
1484,2736,Unincorporate,11.0,0.08383503913305237
1485,2736,Unincorporate,35.0,0.17357013847080072
1486,128,Clovis,1900.0,0.6798916315472607
1487,128,Clovis,1433.0,0.6128838049367851
1488,128,Clovis,2489.0,0.7485851896447923
1489,128,Clovis,1869.0,0.6750752558699579
1490,128,Clovis,2377.0,0.7368151715833835
1491,128,Clovis,1860.0,0.6736905478627333
1492,128,Clovis,2029.0,0.6953341360626129
1493,128,Clovis,1249.0,0.5785972305839856
1494,128,Clovis,1507.0,0.6249849488260084
1495,128,Clovis,506.0,0.42507525586995787
1496,128,Clovis,762.0,0.48877182420228776
1497,128,Clovis,1994.0,0.6915713425647201
1498,128,Clovis,449.0,0.40933172787477423
1499,128,Clovis,452.0,0.4102347983142685
1500,128,Clovis,1489.0,0.6218543046357616
1501,128,Clovis,2546.0,0.7530704394942805
1502,128,Clovis,1391.0,0.6051776038531005
1503,128,Clovis,506.0,0.42507525586995787
1504,202,Clovis,1702.0,0.6521974714027694
1505,202,Clovis,3211.0,0.8062612883804937
1506,202,Clovis,1797.0,0.6650210716435881
1507,202,Clovis,7309.0,0.9335039133052379
1508,202,Clovis,1796.0,0.6648404575556893
1509,202,Clovis,1194.0,0.5692956050571945
1510,202,Clovis,2963.0,0.7869957856712824
1511,202,Clovis,1795.0,0.6645695364238411
1512,202,Clovis,1795.0,0.6645695364238411
1513,202,Clovis,4375.0,0.8626128838049368
1514,202,Clovis,2623.0,0.7592414208308248
1515,202,Clovis,3345.0,0.8158639373871162
1516,202,Clovis,1373.0,0.6020770620108369
1517,202,Clovis,2675.0,0.7642986152919927
1518,202,Clovis,6236.0,0.9154124021673691
1519,202,Clovis,7202.0,0.9313967489464178
1520,202,Clovis,1178.0,0.5666164960866947
1521,193,Clovis,6572.0,0.9215532811559302
1522,203,Clovis,2421.0,0.7410897049969898
1523,203,Clovis,5675.0,0.9043347381095725
1524,203,Clovis,3680.0,0.8327212522576761
1525,203,Clovis,5078.0,0.8872968091511138
1526,203,Clovis,3818.0,0.8382901866345575
1527,203,Clovis,5931.0,0.9095725466586394
1528,203,Clovis,5696.0,0.9048163756773028
1529,203,Clovis,2362.0,0.7353100541842263
1530,203,Clovis,9615.0,0.9571342564720048
1531,203,Clovis,2355.0,0.7344370860927152
1532,203,Clovis,3642.0,0.8314870559903672
1533,203,Clovis,5506.0,0.8996387718242023
1534,203,Clovis,5750.0,0.9061408789885611
1535,203,Clovis,3791.0,0.8370860927152318
1536,203,Clovis,4265.0,0.8579771222155328
1537,203,Clovis,5354.0,0.8960264900662251
1538,203,Clovis,2352.0,0.7341360626128838
1539,203,Clovis,2303.0,0.7295605057194461
1540,203,Clovis,2581.0,0.7562010836845274
1541,2257,Unincorporate,0.0,0.0
1542,2257,Unincorporate,0.0,0.0
1543,2257,Unincorporate,0.0,0.0
1544,2257,Unincorporate,28.0,0.15755568934376882
1545,2257,Unincorporate,0.0,0.0
1546,2257,Unincorporate,0.0,0.0
1547,2257,Unincorporate,0.0,0.0
1548,2257,Unincorporate,0.0,0.0
1549,2257,Unincorporate,0.0,0.0
1550,2257,Unincorporate,0.0,0.0
1551,2257,Unincorporate,0.0,0.0
1552,2257,Unincorporate,0.0,0.0
1553,2257,Unincorporate,0.0,0.0
1554,2257,Unincorporate,0.0,0.0
1555,2257,Unincorporate,0.0,0.0
1556,2257,Unincorporate,0.0,0.0
1557,2257,Unincorporate,28.0,0.15755568934376882
1558,2257,Unincorporate,0.0,0.0
1559,2257,Unincorporate,0.0,0.0
1560,2257,Unincorporate,0.0,0.0
1561,2257,Unincorporate,0.0,0.0
1562,2257,Unincorporate,28.0,0.15755568934376882
1563,2257,Unincorporate,28.0,0.15755568934376882
1564,2257,Unincorporate,28.0,0.15755568934376882
1565,2257,Unincorporate,2.0,0.021763997591812162
1566,2257,Unincorporate,0.0,0.0
1567,2257,Unincorporate,0.0,0.0
1568,2257,Unincorporate,0.0,0.0
1569,2257,Unincorporate,0.0,0.0
1570,2257,Unincorporate,0.0,0.0
1571,2257,Unincorporate,0.0,0.0
1572,2257,Unincorporate,0.0,0.0
1573,2257,Unincorporate,0.0,0.0
1574,2257,Unincorporate,0.0,0.0
1575,2257,Unincorporate,0.0,0.0
1576,2257,Unincorporate,0.0,0.0
1577,2257,Unincorporate,0.0,0.0
1578,2257,Unincorporate,0.0,0.0
1579,2257,Unincorporate,0.0,0.0
1580,2257,Unincorporate,0.0,0.0
1581,2257,Unincorporate,0.0,0.0
1582,2257,Unincorporate,0.0,0.0
1583,2257,Unincorporate,0.0,0.0
1584,2257,Unincorporate,19.0,0.12332931968693558
1585,2258,Unincorporate,0.0,0.0
1586,2258,Unincorporate,0.0,0.0
1587,2258,Unincorporate,0.0,0.0
1588,2258,Unincorporate,0.0,0.0
1589,2258,Unincorporate,0.0,0.0
1590,2258,Unincorporate,0.0,0.0
1591,2258,Unincorporate,0.0,0.0
1592,2258,Unincorporate,0.0,0.0
1593,2258,Unincorporate,0.0,0.0
1594,2258,Unincorporate,0.0,0.0
1595,2258,Unincorporate,0.0,0.0
1596,2258,Unincorporate,5.0,0.050752558699578565
1597,2258,Unincorporate,0.0,0.0
1598,2258,Unincorporate,0.0,0.0
1599,2258,Unincorporate,0.0,0.0
1600,2258,Unincorporate,0.0,0.0
1601,2258,Unincorporate,0.0,0.0
1602,2258,Unincorporate,0.0,0.0
1603,2258,Unincorporate,0.0,0.0
1604,2258,Unincorporate,0.0,0.0
1605,2258,Unincorporate,0.0,0.0
1606,2258,Unincorporate,0.0,0.0
1607,2258,Unincorporate,0.0,0.0
1608,2258,Unincorporate,0.0,0.0
1609,2258,Unincorporate,0.0,0.0
1610,2258,Unincorporate,0.0,0.0
1611,2258,Unincorporate,0.0,0.0
1612,2258,Unincorporate,0.0,0.0
1613,2258,Unincorporate,0.0,0.0
1614,2258,Unincorporate,0.0,0.0
1615,2258,Unincorporate,0.0,0.0
1616,2258,Unincorporate,0.0,0.0
1617,2258,Unincorporate,0.0,0.0
1618,2258,Unincorporate,0.0,0.0
1619,2258,Unincorporate,0.0,0.0
1620,2258,Unincorporate,0.0,0.0
1621,2258,Unincorporate,0.0,0.0
1622,2258,Unincorporate,0.0,0.0
1623,2258,Unincorporate,0.0,0.0
1624,2258,Unincorporate,0.0,0.0
1625,2258,Unincorporate,0.0,0.0
1626,2258,Unincorporate,0.0,0.0
1627,2258,Unincorporate,0.0,0.0
1628,2258,Unincorporate,0.0,0.0
1629,2258,Unincorporate,0.0,0.0
1630,2258,Unincorporate,0.0,0.0
1631,2258,Unincorporate,0.0,0.0
1632,2258,Unincorporate,0.0,0.0
1633,2258,Unincorporate,0.0,0.0
1634,2258,Unincorporate,0.0,0.0
1635,2258,Unincorporate,0.0,0.0
1636,2258,Unincorporate,0.0,0.0
1637,2258,Unincorporate,0.0,0.0
1638,2258,Unincorporate,0.0,0.0
1639,2258,Unincorporate,0.0,0.0
1640,2258,Unincorporate,0.0,0.0
1641,2258,Unincorporate,0.0,0.0
1642,2258,Unincorporate,0.0,0.0
1643,2258,Unincorporate,0.0,0.0
1644,2258,Unincorporate,0.0,0.0
1645,2258,Unincorporate,0.0,0.0
1646,2258,Unincorporate,0.0,0.0
1647,2258,Unincorporate,8.0,0.06815171583383504
1648,2258,Unincorporate,0.0,0.0
1649,2258,Unincorporate,0.0,0.0
1650,2258,Unincorporate,0.0,0.0
1651,2258,Unincorporate,0.0,0.0
1652,2258,Unincorporate,0.0,0.0
1653,2258,Unincorporate,0.0,0.0
1654,2258,Unincorporate,0.0,0.0
1655,2258,Unincorporate,0.0,0.0
1656,2182,Unincorporate,0.0,0.0
1657,2182,Unincorporate,0.0,0.0
1658,2182,Unincorporate,0.0,0.0
1659,2182,Unincorporate,0.0,0.0
1660,2182,Unincorporate,0.0,0.0
1661,2182,Unincorporate,0.0,0.0
1662,2182,Unincorporate,0.0,0.0
1663,2182,Unincorporate,0.0,0.0
1664,2182,Unincorporate,13.0,0.09331727874774233
1665,2182,Unincorporate,26.0,0.1517760385310054
1666,2182,Unincorporate,101.0,0.26619506321493075
1667,2182,Unincorporate,0.0,0.0
1668,2182,Unincorporate,0.0,0.0
1669,2182,Unincorporate,0.0,0.0
1670,2182,Unincorporate,0.0,0.0
1671,2182,Unincorporate,0.0,0.0
1672,2182,Unincorporate,0.0,0.0
1673,2182,Unincorporate,13.0,0.09331727874774233
1674,2182,Unincorporate,98.0,0.2637266706803131
1675,2182,Unincorporate,4.0,0.04298615291992775
1676,2182,Unincorporate,0.0,0.0
1677,2182,Unincorporate,0.0,0.0
1678,2182,Unincorporate,0.0,0.0
1679,2182,Unincorporate,0.0,0.0
1680,2182,Unincorporate,0.0,0.0
1681,2182,Unincorporate,0.0,0.0
1682,2182,Unincorporate,0.0,0.0
1683,2182,Unincorporate,0.0,0.0
1684,2182,Unincorporate,10.0,0.07874774232390126
1685,2182,Unincorporate,0.0,0.0
1686,2182,Unincorporate,0.0,0.0
1687,2182,Unincorporate,0.0,0.0
1688,2182,Unincorporate,0.0,0.0
1689,2182,Unincorporate,0.0,0.0
1690,2182,Unincorporate,13.0,0.09331727874774233
1691,2182,Unincorporate,0.0,0.0
1692,2182,Unincorporate,0.0,0.0
1693,2182,Unincorporate,0.0,0.0
1694,2182,Unincorporate,0.0,0.0
1695,2268,Unincorporate,0.0,0.0
1696,2268,Unincorporate,0.0,0.0
1697,2268,Unincorporate,0.0,0.0
1698,2268,Unincorporate,12.0,0.08880192655027092
1699,2268,Unincorporate,0.0,0.0
1700,2268,Unincorporate,15.0,0.10361228175797713
1701,2268,Unincorporate,0.0,0.0
1702,2268,Unincorporate,0.0,0.0
1703,2268,Unincorporate,0.0,0.0
1704,2271,Unincorporate,0.0,0.0
1705,2271,Unincorporate,0.0,0.0
1706,2271,Unincorporate,0.0,0.0
1707,2271,Unincorporate,0.0,0.0
1708,2271,Unincorporate,0.0,0.0
1709,2271,Unincorporate,0.0,0.0
1710,2271,Unincorporate,0.0,0.0
1711,2274,Unincorporate,0.0,0.0
1712,2274,Unincorporate,0.0,0.0
1713,2270,Unincorporate,0.0,0.0
1714,2270,Unincorporate,0.0,0.0
1715,2270,Unincorporate,0.0,0.0
1716,2270,Unincorporate,0.0,0.0
1717,2270,Unincorporate,34.0,0.17146297411198075
1718,2061,Unincorporate,0.0,0.0
1719,2061,Unincorporate,0.0,0.0
1720,2061,Unincorporate,27.0,0.15460565924142083
1721,2061,Unincorporate,54.0,0.21351595424443107
1722,2273,Unincorporate,0.0,0.0
1723,2273,Unincorporate,0.0,0.0
1724,2273,Unincorporate,0.0,0.0
1725,1927,Unincorporate,0.0,0.0
1726,1927,Unincorporate,0.0,0.0
1727,1927,Unincorporate,0.0,0.0
1728,1927,Unincorporate,0.0,0.0
1729,1927,Unincorporate,0.0,0.0
1730,1927,Unincorporate,0.0,0.0
1731,1927,Unincorporate,0.0,0.0
1732,1927,Unincorporate,0.0,0.0
1733,2182,Unincorporate,0.0,0.0
1734,2182,Unincorporate,0.0,0.0
1735,2182,Unincorporate,0.0,0.0
1736,2182,Unincorporate,0.0,0.0
1737,2182,Unincorporate,0.0,0.0
1738,2182,Unincorporate,0.0,0.0
1739,2182,Unincorporate,0.0,0.0
1740,2182,Unincorporate,0.0,0.0
1741,2182,Unincorporate,0.0,0.0
1742,2182,Unincorporate,0.0,0.0
1743,2265,Unincorporate,0.0,0.0
1744,2265,Unincorporate,0.0,0.0
1745,2265,Unincorporate,0.0,0.0
1746,2265,Unincorporate,0.0,0.0
1747,2265,Unincorporate,0.0,0.0
1748,2265,Unincorporate,0.0,0.0
1749,2265,Unincorporate,0.0,0.0
1750,2265,Unincorporate,0.0,0.0
1751,2265,Unincorporate,0.0,0.0
1752,2265,Unincorporate,0.0,0.0
1753,2265,Unincorporate,0.0,0.0
1754,2265,Unincorporate,0.0,0.0
1755,2265,Unincorporate,0.0,0.0
1756,2265,Unincorporate,0.0,0.0
1757,2265,Unincorporate,0.0,0.0
1758,2265,Unincorporate,0.0,0.0
1759,2265,Unincorporate,0.0,0.0
1760,2265,Unincorporate,0.0,0.0
1761,2265,Unincorporate,0.0,0.0
1762,2265,Unincorporate,0.0,0.0
1763,2265,Unincorporate,13.0,0.09331727874774233
1764,2265,Unincorporate,0.0,0.0
1765,2265,Unincorporate,0.0,0.0
1766,2265,Unincorporate,0.0,0.0
1767,2265,Unincorporate,0.0,0.0
1768,2265,Unincorporate,0.0,0.0
1769,2265,Unincorporate,10.0,0.07874774232390126
1770,2265,Unincorporate,0.0,0.0
1771,2265,Unincorporate,0.0,0.0
1772,2265,Unincorporate,0.0,0.0
1773,2265,Unincorporate,0.0,0.0
1774,2265,Unincorporate,0.0,0.0
1775,2265,Unincorporate,5.0,0.050752558699578565
1776,2265,Unincorporate,0.0,0.0
1777,2265,Unincorporate,0.0,0.0
1778,2265,Unincorporate,0.0,0.0
1779,2265,Unincorporate,1.0,0.007465382299819386
1780,2265,Unincorporate,0.0,0.0
1781,2265,Unincorporate,0.0,0.0
1782,2265,Unincorporate,0.0,0.0
1783,2265,Unincorporate,0.0,0.0
1784,2263,Unincorporate,0.0,0.0
1785,2263,Unincorporate,0.0,0.0
1786,2263,Unincorporate,0.0,0.0
1787,2263,Unincorporate,0.0,0.0
1788,2263,Unincorporate,0.0,0.0
1789,2263,Unincorporate,0.0,0.0
1790,2263,Unincorporate,0.0,0.0
1791,2263,Unincorporate,0.0,0.0
1792,2263,Unincorporate,0.0,0.0
1793,2263,Unincorporate,0.0,0.0
1794,2263,Unincorporate,0.0,0.0
1795,2263,Unincorporate,20.0,0.1290487658037327
1796,2263,Unincorporate,0.0,0.0
1797,2263,Unincorporate,0.0,0.0
1798,2263,Unincorporate,0.0,0.0
1799,2263,Unincorporate,12.0,0.08880192655027092
1800,2263,Unincorporate,0.0,0.0
1801,2263,Unincorporate,0.0,0.0
1802,2263,Unincorporate,0.0,0.0
1803,2263,Unincorporate,0.0,0.0
1804,2263,Unincorporate,0.0,0.0
1805,2263,Unincorporate,0.0,0.0
1806,2263,Unincorporate,21.0,0.1343467790487658
1807,2263,Unincorporate,0.0,0.0
1808,2263,Unincorporate,4.0,0.04298615291992775
1809,2263,Unincorporate,0.0,0.0
1810,2263,Unincorporate,10.0,0.07874774232390126
1811,2263,Unincorporate,0.0,0.0
1812,2263,Unincorporate,0.0,0.0
1813,2263,Unincorporate,0.0,0.0
1814,2263,Unincorporate,0.0,0.0
1815,2263,Unincorporate,21.0,0.1343467790487658
1816,2263,Unincorporate,8.0,0.06815171583383504
1817,2263,Unincorporate,0.0,0.0
1818,2263,Unincorporate,8.0,0.06815171583383504
1819,2263,Unincorporate,54.0,0.21351595424443107
1820,2263,Unincorporate,0.0,0.0
1821,2263,Unincorporate,0.0,0.0
1822,2263,Unincorporate,0.0,0.0
1823,2263,Unincorporate,152.0,0.30033112582781457
1824,2263,Unincorporate,0.0,0.0
1825,2264,Unincorporate,34.0,0.17146297411198075
1826,2264,Unincorporate,0.0,0.0
1827,2264,Unincorporate,5.0,0.050752558699578565
1828,2264,Unincorporate,29.0,0.16047561709813365
1829,2268,Unincorporate,3.0,0.033564118001204096
1830,2268,Unincorporate,0.0,0.0
1831,2268,Unincorporate,0.0,0.0
1832,2268,Unincorporate,0.0,0.0
1833,2268,Unincorporate,0.0,0.0
1834,2268,Unincorporate,0.0,0.0
1835,2256,Unincorporate,0.0,0.0
1836,2268,Unincorporate,0.0,0.0
1837,2268,Unincorporate,0.0,0.0
1838,2268,Unincorporate,0.0,0.0
1839,2268,Unincorporate,0.0,0.0
1840,2268,Unincorporate,0.0,0.0
1841,2268,Unincorporate,30.0,0.1627031908488862
1842,2268,Unincorporate,0.0,0.0
1843,2268,Unincorporate,0.0,0.0
1844,2268,Unincorporate,0.0,0.0
1845,2268,Unincorporate,0.0,0.0
1846,2268,Unincorporate,0.0,0.0
1847,2268,Unincorporate,0.0,0.0
1848,2268,Unincorporate,0.0,0.0
1849,2268,Unincorporate,25.0,0.14864539434075857
1850,2268,Unincorporate,0.0,0.0
1851,2268,Unincorporate,0.0,0.0
1852,2268,Unincorporate,0.0,0.0
1853,2268,Unincorporate,0.0,0.0
1854,2268,Unincorporate,0.0,0.0
1855,2269,Unincorporate,0.0,0.0
1856,2269,Unincorporate,0.0,0.0
1857,2269,Unincorporate,0.0,0.0
1858,2269,Unincorporate,0.0,0.0
1859,2269,Unincorporate,0.0,0.0
1860,2269,Unincorporate,0.0,0.0
1861,2269,Unincorporate,0.0,0.0
1862,2269,Unincorporate,0.0,0.0
1863,2269,Unincorporate,0.0,0.0
1864,2269,Unincorporate,0.0,0.0
1865,2269,Unincorporate,0.0,0.0
1866,2269,Unincorporate,0.0,0.0
1867,2269,Unincorporate,0.0,0.0
1868,2269,Unincorporate,0.0,0.0
1869,2269,Unincorporate,0.0,0.0
1870,2269,Unincorporate,10.0,0.07874774232390126
1871,2269,Unincorporate,0.0,0.0
1872,2269,Unincorporate,0.0,0.0
1873,2269,Unincorporate,0.0,0.0
1874,2269,Unincorporate,0.0,0.0
1875,2269,Unincorporate,0.0,0.0
1876,2269,Unincorporate,0.0,0.0
1877,2269,Unincorporate,0.0,0.0
1878,2269,Unincorporate,0.0,0.0
1879,2269,Unincorporate,0.0,0.0
1880,2269,Unincorporate,0.0,0.0
1881,2269,Unincorporate,0.0,0.0
1882,2269,Unincorporate,0.0,0.0
1883,2269,Unincorporate,0.0,0.0
1884,2269,Unincorporate,0.0,0.0
1885,2269,Unincorporate,0.0,0.0
1886,2269,Unincorporate,5.0,0.050752558699578565
1887,2269,Unincorporate,0.0,0.0
1888,2269,Unincorporate,0.0,0.0
1889,2269,Unincorporate,0.0,0.0
1890,2269,Unincorporate,0.0,0.0
1891,2269,Unincorporate,0.0,0.0
1892,2269,Unincorporate,0.0,0.0
1893,2269,Unincorporate,0.0,0.0
1894,2269,Unincorporate,0.0,0.0
1895,2269,Unincorporate,0.0,0.0
1896,2269,Unincorporate,0.0,0.0
1897,2269,Unincorporate,0.0,0.0
1898,2269,Unincorporate,0.0,0.0
1899,2269,Unincorporate,0.0,0.0
1900,2269,Unincorporate,0.0,0.0
1901,2269,Unincorporate,0.0,0.0
1902,2269,Unincorporate,0.0,0.0
1903,2269,Unincorporate,0.0,0.0
1904,2269,Unincorporate,0.0,0.0
1905,2269,Unincorporate,0.0,0.0
1906,2269,Unincorporate,0.0,0.0
1907,2269,Unincorporate,0.0,0.0
1908,2269,Unincorporate,0.0,0.0
1909,2269,Unincorporate,0.0,0.0
1910,2269,Unincorporate,0.0,0.0
1911,2269,Unincorporate,5.0,0.050752558699578565
1912,2269,Unincorporate,0.0,0.0
1913,2269,Unincorporate,0.0,0.0
1914,2269,Unincorporate,0.0,0.0
1915,2269,Unincorporate,0.0,0.0
1916,2269,Unincorporate,0.0,0.0
1917,2269,Unincorporate,0.0,0.0
1918,2269,Unincorporate,0.0,0.0
1919,2269,Unincorporate,0.0,0.0
1920,2269,Unincorporate,0.0,0.0
1921,2269,Unincorporate,0.0,0.0
1922,2269,Unincorporate,0.0,0.0
1923,2269,Unincorporate,0.0,0.0
1924,2269,Unincorporate,0.0,0.0
1925,2269,Unincorporate,0.0,0.0
1926,2271,Unincorporate,0.0,0.0
1927,2271,Unincorporate,0.0,0.0
1928,2271,Unincorporate,0.0,0.0
1929,2271,Unincorporate,0.0,0.0
1930,2271,Unincorporate,0.0,0.0
1931,2271,Unincorporate,0.0,0.0
1932,2271,Unincorporate,0.0,0.0
1933,2271,Unincorporate,0.0,0.0
1934,2271,Unincorporate,0.0,0.0
1935,2271,Unincorporate,0.0,0.0
1936,2271,Unincorporate,0.0,0.0
1937,2271,Unincorporate,0.0,0.0
1938,2271,Unincorporate,0.0,0.0
1939,2271,Unincorporate,0.0,0.0
1940,2271,Unincorporate,0.0,0.0
1941,2271,Unincorporate,0.0,0.0
1942,2271,Unincorporate,0.0,0.0
1943,2271,Unincorporate,0.0,0.0
1944,2271,Unincorporate,0.0,0.0
1945,2271,Unincorporate,5.0,0.050752558699578565
1946,2271,Unincorporate,0.0,0.0
1947,2271,Unincorporate,0.0,0.0
1948,2271,Unincorporate,0.0,0.0
1949,2271,Unincorporate,5.0,0.050752558699578565
1950,2271,Unincorporate,0.0,0.0
1951,2271,Unincorporate,0.0,0.0
1952,2271,Unincorporate,0.0,0.0
1953,2271,Unincorporate,5.0,0.050752558699578565
1954,2271,Unincorporate,0.0,0.0
1955,2271,Unincorporate,0.0,0.0
1956,2271,Unincorporate,0.0,0.0
1957,2271,Unincorporate,0.0,0.0
1958,2271,Unincorporate,0.0,0.0
1959,2271,Unincorporate,0.0,0.0
1960,2271,Unincorporate,0.0,0.0
1961,2271,Unincorporate,0.0,0.0
1962,2271,Unincorporate,0.0,0.0
1963,2271,Unincorporate,0.0,0.0
1964,2271,Unincorporate,0.0,0.0
1965,2271,Unincorporate,0.0,0.0
1966,2271,Unincorporate,0.0,0.0
1967,2271,Unincorporate,0.0,0.0
1968,2271,Unincorporate,0.0,0.0
1969,2271,Unincorporate,0.0,0.0
1970,2271,Unincorporate,0.0,0.0
1971,2271,Unincorporate,0.0,0.0
1972,2271,Unincorporate,0.0,0.0
1973,2271,Unincorporate,0.0,0.0
1974,2271,Unincorporate,0.0,0.0
1975,2271,Unincorporate,0.0,0.0
1976,2271,Unincorporate,0.0,0.0
1977,2271,Unincorporate,0.0,0.0
1978,2271,Unincorporate,0.0,0.0
1979,2271,Unincorporate,0.0,0.0
1980,2271,Unincorporate,0.0,0.0
1981,2271,Unincorporate,0.0,0.0
1982,2271,Unincorporate,0.0,0.0
1983,2271,Unincorporate,0.0,0.0
1984,2271,Unincorporate,0.0,0.0
1985,2271,Unincorporate,0.0,0.0
1986,2271,Unincorporate,0.0,0.0
1987,2271,Unincorporate,0.0,0.0
1988,2271,Unincorporate,0.0,0.0
1989,2271,Unincorporate,0.0,0.0
1990,2271,Unincorporate,0.0,0.0
1991,2271,Unincorporate,0.0,0.0
1992,2271,Unincorporate,0.0,0.0
1993,2271,Unincorporate,0.0,0.0
1994,2271,Unincorporate,0.0,0.0
1995,2271,Unincorporate,0.0,0.0
1996,2271,Unincorporate,0.0,0.0
1997,2271,Unincorporate,0.0,0.0
1998,2271,Unincorporate,0.0,0.0
1999,2271,Unincorporate,0.0,0.0
2000,2271,Unincorporate,0.0,0.0
2001,2271,Unincorporate,0.0,0.0
2002,2181,Unincorporate,98.0,0.2637266706803131
2003,2181,Unincorporate,97.0,0.26222155328115593
2004,2181,Unincorporate,97.0,0.26222155328115593
2005,2181,Unincorporate,97.0,0.26222155328115593
2006,2181,Unincorporate,97.0,0.26222155328115593
2007,2181,Unincorporate,97.0,0.26222155328115593
2008,2181,Unincorporate,177.0,0.31393738711619507
2009,2181,Unincorporate,2.0,0.021763997591812162
2010,2181,Unincorporate,97.0,0.26222155328115593
2011,2181,Unincorporate,97.0,0.26222155328115593
2012,2181,Unincorporate,97.0,0.26222155328115593
2013,2181,Unincorporate,97.0,0.26222155328115593
2014,2181,Unincorporate,97.0,0.26222155328115593
2015,2181,Unincorporate,97.0,0.26222155328115593
2016,2181,Unincorporate,97.0,0.26222155328115593
2017,2181,Unincorporate,82.0,0.2473208910295003
2018,2181,Unincorporate,99.0,0.26462974111980736
2019,2181,Unincorporate,97.0,0.26222155328115593
2020,2181,Unincorporate,97.0,0.26222155328115593
2021,2181,Unincorporate,97.0,0.26222155328115593
2022,2181,Unincorporate,106.0,0.26992775436484046
2023,2181,Unincorporate,97.0,0.26222155328115593
2024,2181,Unincorporate,101.0,0.26619506321493075
2025,2181,Unincorporate,97.0,0.26222155328115593
2026,2181,Unincorporate,97.0,0.26222155328115593
2027,2181,Unincorporate,97.0,0.26222155328115593
2028,2181,Unincorporate,98.0,0.2637266706803131
2029,2181,Unincorporate,97.0,0.26222155328115593
2030,2181,Unincorporate,97.0,0.26222155328115593
2031,2181,Unincorporate,97.0,0.26222155328115593
2032,2181,Unincorporate,97.0,0.26222155328115593
2033,2181,Unincorporate,97.0,0.26222155328115593
2034,2181,Unincorporate,98.0,0.2637266706803131
2035,2181,Unincorporate,97.0,0.26222155328115593
2036,2181,Unincorporate,96.0,0.26056592414208307
2037,2274,Unincorporate,22.0,0.1382299819385912
2038,2274,Unincorporate,0.0,0.0
2039,2274,Unincorporate,0.0,0.0
2040,2274,Unincorporate,0.0,0.0
2041,2274,Unincorporate,1.0,0.007465382299819386
2042,2274,Unincorporate,80.0,0.24530403371462975
2043,2274,Unincorporate,0.0,0.0
2044,2181,Unincorporate,0.0,0.0
2045,2274,Unincorporate,0.0,0.0
2046,2274,Unincorporate,0.0,0.0
2047,2274,Unincorporate,0.0,0.0
2048,2274,Unincorporate,0.0,0.0
2049,2274,Unincorporate,26.0,0.1517760385310054
2050,2274,Unincorporate,0.0,0.0
2051,2266,Unincorporate,0.0,0.0
2052,2266,Unincorporate,0.0,0.0
2053,2266,Unincorporate,2.0,0.021763997591812162
2054,2266,Unincorporate,94.0,0.2590307043949428
2055,2266,Unincorporate,0.0,0.0
2056,2266,Unincorporate,2.0,0.021763997591812162
2057,2266,Unincorporate,0.0,0.0
2058,2267,Unincorporate,0.0,0.0
2059,2267,Unincorporate,10.0,0.07874774232390126
2060,2267,Unincorporate,18.0,0.11815171583383503
2061,2267,Unincorporate,0.0,0.0
2062,2267,Unincorporate,0.0,0.0
2063,2267,Unincorporate,46.0,0.19686935580975315
2064,2267,Unincorporate,0.0,0.0
2065,2267,Unincorporate,0.0,0.0
2066,2267,Unincorporate,0.0,0.0
2067,2267,Unincorporate,0.0,0.0
2068,2267,Unincorporate,0.0,0.0
2069,2267,Unincorporate,0.0,0.0
2070,2267,Unincorporate,0.0,0.0
2071,2267,Unincorporate,0.0,0.0
2072,2267,Unincorporate,0.0,0.0
2073,2267,Unincorporate,30.0,0.1627031908488862
2074,2267,Unincorporate,0.0,0.0
2075,2267,Unincorporate,0.0,0.0
2076,2275,Unincorporate,23.0,0.14145093317278748
2077,2275,Unincorporate,0.0,0.0
2078,2204,Unincorporate,0.0,0.0
2079,2204,Unincorporate,0.0,0.0
2080,2204,Unincorporate,0.0,0.0
2081,2204,Unincorporate,0.0,0.0
2082,2204,Unincorporate,0.0,0.0
2083,2204,Unincorporate,0.0,0.0
2084,2204,Unincorporate,0.0,0.0
2085,2204,Unincorporate,0.0,0.0
2086,2204,Unincorporate,0.0,0.0
2087,2204,Unincorporate,0.0,0.0
2088,2204,Unincorporate,0.0,0.0
2089,2204,Unincorporate,0.0,0.0
2090,2204,Unincorporate,0.0,0.0
2091,2204,Unincorporate,0.0,0.0
2092,2204,Unincorporate,0.0,0.0
2093,2204,Unincorporate,0.0,0.0
2094,2204,Unincorporate,0.0,0.0
2095,2204,Unincorporate,0.0,0.0
2096,2204,Unincorporate,0.0,0.0
2097,2204,Unincorporate,0.0,0.0
2098,2204,Unincorporate,0.0,0.0
2099,2204,Unincorporate,0.0,0.0
2100,2204,Unincorporate,0.0,0.0
2101,2204,Unincorporate,0.0,0.0
2102,2204,Unincorporate,0.0,0.0
2103,2204,Unincorporate,14.0,0.098314268512944
2104,2204,Unincorporate,0.0,0.0
2105,2204,Unincorporate,0.0,0.0
2106,2204,Unincorporate,0.0,0.0
2107,2204,Unincorporate,0.0,0.0
2108,2204,Unincorporate,0.0,0.0
2109,2204,Unincorporate,0.0,0.0
2110,2204,Unincorporate,0.0,0.0
2111,2204,Unincorporate,0.0,0.0
2112,2204,Unincorporate,0.0,0.0
2113,2204,Unincorporate,0.0,0.0
2114,2204,Unincorporate,0.0,0.0
2115,2204,Unincorporate,0.0,0.0
2116,2204,Unincorporate,0.0,0.0
2117,2204,Unincorporate,0.0,0.0
2118,2204,Unincorporate,0.0,0.0
2119,2204,Unincorporate,0.0,0.0
2120,2204,Unincorporate,0.0,0.0
2121,2204,Unincorporate,0.0,0.0
2122,2204,Unincorporate,0.0,0.0
2123,2204,Unincorporate,0.0,0.0
2124,2204,Unincorporate,0.0,0.0
2125,2204,Unincorporate,0.0,0.0
2126,2204,Unincorporate,0.0,0.0
2127,2204,Unincorporate,0.0,0.0
2128,2204,Unincorporate,0.0,0.0
2129,2362,Unincorporate,0.0,0.0
2130,2362,Unincorporate,15.0,0.10361228175797713
2131,2362,Unincorporate,1.0,0.007465382299819386
2132,2362,Unincorporate,2.0,0.021763997591812162
2133,2362,Unincorporate,8.0,0.06815171583383504
2134,2362,Unincorporate,10.0,0.07874774232390126
2135,2362,Unincorporate,0.0,0.0
2136,2362,Unincorporate,20.0,0.1290487658037327
2137,2362,Unincorporate,5.0,0.050752558699578565
2138,2362,Unincorporate,12.0,0.08880192655027092
2139,2362,Unincorporate,5.0,0.050752558699578565
2140,2363,Unincorporate,34.0,0.17146297411198075
2141,2363,Unincorporate,6.0,0.05770620108368453
2142,2363,Unincorporate,36.0,0.17606863335340156
2143,2363,Unincorporate,53.0,0.21080674292594823
2144,2363,Unincorporate,69.0,0.2342865743527995
2145,2363,Unincorporate,2.0,0.021763997591812162
2146,2363,Unincorporate,53.0,0.21080674292594823
2147,2363,Unincorporate,0.0,0.0
2148,2363,Unincorporate,70.0,0.23573148705599037
2149,2363,Unincorporate,5.0,0.050752558699578565
2150,2363,Unincorporate,99.0,0.26462974111980736
2151,2363,Unincorporate,19.0,0.12332931968693558
2152,2363,Unincorporate,24.0,0.1451234196267309
2153,2363,Unincorporate,13.0,0.09331727874774233
2154,2363,Unincorporate,13.0,0.09331727874774233
2155,2363,Unincorporate,26.0,0.1517760385310054
2156,2363,Unincorporate,10.0,0.07874774232390126
2157,2363,Unincorporate,14.0,0.098314268512944
2158,2363,Unincorporate,5.0,0.050752558699578565
2159,2363,Unincorporate,5.0,0.050752558699578565
2160,2363,Unincorporate,64.0,0.227423239012643
2161,2363,Unincorporate,105.0,0.26878386514148106
2162,2363,Unincorporate,31.0,0.1650812763395545
2163,2363,Unincorporate,0.0,0.0
2164,2363,Unincorporate,12.0,0.08880192655027092
2165,2363,Unincorporate,58.0,0.2197471402769416
2166,2363,Unincorporate,38.0,0.18133654425045154
2167,2363,Unincorporate,955.0,0.5256773028296207
2168,2363,Unincorporate,17.0,0.11363636363636363
2169,2363,Unincorporate,164.0,0.30638169777242624
2170,2363,Unincorporate,1.0,0.007465382299819386
2171,2363,Unincorporate,36.0,0.17606863335340156
2172,2363,Unincorporate,19.0,0.12332931968693558
2173,2363,Unincorporate,23.0,0.14145093317278748
2174,2363,Unincorporate,74.0,0.23976520168573148
2175,2363,Unincorporate,0.0,0.0
2176,2363,Unincorporate,0.0,0.0
2177,2363,Unincorporate,114.0,0.2753762793497893
2178,2363,Unincorporate,14.0,0.098314268512944
2179,2363,Unincorporate,24.0,0.1451234196267309
2180,2154,Unincorporate,580.0,0.4464780252859723
2181,2155,Unincorporate,514.0,0.42760385310054183
2182,2155,Unincorporate,511.0,0.42679108970499696
2183,2155,Unincorporate,132.0,0.28750752558699577
2184,2155,Unincorporate,515.0,0.42775436484045753
2185,2155,Unincorporate,516.0,0.4279951836243227
2186,2155,Unincorporate,535.0,0.4341962673088501
2187,2155,Unincorporate,512.0,0.4271523178807947
2188,2155,Unincorporate,130.0,0.2866044551475015
2189,2153,Unincorporate,0.0,0.0
2190,2153,Unincorporate,295.0,0.3612281757977122
2191,2153,Unincorporate,0.0,0.0
2192,2153,Unincorporate,191.0,0.3218844069837447
2193,2153,Unincorporate,0.0,0.0
2194,2153,Unincorporate,0.0,0.0
2195,2272,Unincorporate,5.0,0.050752558699578565
2196,2272,Unincorporate,13.0,0.09331727874774233
2197,2272,Unincorporate,0.0,0.0
2198,2272,Unincorporate,1.0,0.007465382299819386
2199,2272,Unincorporate,0.0,0.0
2200,2272,Unincorporate,0.0,0.0
2201,2272,Unincorporate,0.0,0.0
2202,2272,Unincorporate,0.0,0.0
2203,2272,Unincorporate,0.0,0.0
2204,2272,Unincorporate,0.0,0.0
2205,2272,Unincorporate,0.0,0.0
2206,2272,Unincorporate,0.0,0.0
2207,2272,Unincorporate,0.0,0.0
2208,2272,Unincorporate,0.0,0.0
2209,2272,Unincorporate,0.0,0.0
2210,2272,Unincorporate,0.0,0.0
2211,2272,Unincorporate,0.0,0.0
2212,2272,Unincorporate,0.0,0.0
2213,2272,Unincorporate,0.0,0.0
2214,2272,Unincorporate,0.0,0.0
2215,2272,Unincorporate,3.0,0.033564118001204096
2216,2272,Unincorporate,0.0,0.0
2217,2272,Unincorporate,0.0,0.0
2218,2272,Unincorporate,0.0,0.0
2219,2272,Unincorporate,0.0,0.0
2220,2272,Unincorporate,0.0,0.0
2221,2272,Unincorporate,0.0,0.0
2222,2272,Unincorporate,0.0,0.0
2223,2272,Unincorporate,0.0,0.0
2224,2272,Unincorporate,0.0,0.0
2225,2272,Unincorporate,0.0,0.0
2226,2272,Unincorporate,0.0,0.0
2227,2272,Unincorporate,0.0,0.0
2228,2272,Unincorporate,0.0,0.0
2229,2272,Unincorporate,0.0,0.0
2230,2272,Unincorporate,0.0,0.0
2231,1649,Kingsburg,544.0,0.43600240818783864
2232,1644,Kingsburg,1808.0,0.6662251655629139
2233,1644,Kingsburg,3455.0,0.8217940999397954
2234,1644,Kingsburg,3536.0,0.8261288380493679
2235,1644,Kingsburg,2679.0,0.7646899458157737
2236,1644,Kingsburg,2686.0,0.7653220951234196
2237,1644,Kingsburg,2948.0,0.7860325105358218
2238,1645,Kingsburg,3330.0,0.8151414810355208
2239,1645,Kingsburg,2976.0,0.7883202889825406
2240,1645,Kingsburg,2837.0,0.7781456953642384
2241,1645,Kingsburg,2797.0,0.774894641782059
2242,1645,Kingsburg,3039.0,0.793467790487658
2243,1645,Kingsburg,2970.0,0.7878988561107766
2244,1645,Kingsburg,2804.0,0.7755568934376882
2245,1645,Kingsburg,2821.0,0.7767609873570138
2246,1645,Kingsburg,2762.0,0.7711619506321493
2247,1645,Kingsburg,3481.0,0.8229379891631547
2248,1645,Kingsburg,2855.0,0.7795906080674293
2249,1645,Kingsburg,3021.0,0.7919325707405177
2250,1645,Kingsburg,3147.0,0.8015051173991571
2251,1645,Kingsburg,3252.0,0.8090006020469597
2252,1645,Kingsburg,3057.0,0.7953341360626128
2253,1645,Kingsburg,3312.0,0.8136664659843468
2254,1645,Kingsburg,2854.0,0.7795003010234798
2255,1645,Kingsburg,2893.0,0.7823299217338953
2256,1645,Kingsburg,3292.0,0.811619506321493
2257,1645,Kingsburg,3514.0,0.8249247441300421
2258,1645,Kingsburg,2897.0,0.7826610475617098
2259,1645,Kingsburg,3177.0,0.8039133052378086
2260,1645,Kingsburg,3410.0,0.8195063214930765
2261,1645,Kingsburg,3061.0,0.7956050571944612
2262,1645,Kingsburg,3350.0,0.8161348585189645
2263,1645,Kingsburg,2606.0,0.758007224563516
2264,1645,Kingsburg,2945.0,0.7858217940999398
2265,1646,Kingsburg,2345.0,0.7334738109572546
2266,1646,Kingsburg,2486.0,0.748103552077062
2267,1646,Kingsburg,2486.0,0.748103552077062
2268,1646,Kingsburg,2274.0,0.7271824202287779
2269,1646,Kingsburg,2486.0,0.748103552077062
2270,1646,Kingsburg,2771.0,0.7723359422034919
2271,1646,Kingsburg,2750.0,0.7699277543648405
2272,1646,Kingsburg,2578.0,0.756110776640578
2273,1646,Kingsburg,2755.0,0.7704093919325707
2274,1646,Kingsburg,2277.0,0.7274834437086093
2275,1646,Kingsburg,2436.0,0.7427152317880795
2276,1646,Kingsburg,2762.0,0.7711619506321493
2277,1646,Kingsburg,2261.0,0.7257977122215533
2278,1646,Kingsburg,2786.0,0.7739915713425647
2279,1646,Kingsburg,2486.0,0.748103552077062
2280,1647,Kingsburg,2082.0,0.7035520770620108
2281,1647,Kingsburg,2044.0,0.6977724262492474
2282,2852,Unincorporate,0.0,0.0
2283,2852,Unincorporate,0.0,0.0
2284,2852,Unincorporate,0.0,0.0
2285,2852,Unincorporate,7.0,0.06303431667670079
2286,2852,Unincorporate,39.0,0.18323299217338954
2287,2852,Unincorporate,0.0,0.0
2288,2852,Unincorporate,7.0,0.06303431667670079
2289,2852,Unincorporate,0.0,0.0
2290,2852,Unincorporate,0.0,0.0
2291,2852,Unincorporate,0.0,0.0
2292,2852,Unincorporate,0.0,0.0
2293,2852,Unincorporate,0.0,0.0
2294,2852,Unincorporate,39.0,0.18323299217338954
2295,2852,Unincorporate,0.0,0.0
2296,2852,Unincorporate,0.0,0.0
2297,2852,Unincorporate,14.0,0.098314268512944
2298,2852,Unincorporate,0.0,0.0
2299,2852,Unincorporate,0.0,0.0
2300,2852,Unincorporate,0.0,0.0
2301,2852,Unincorporate,82.0,0.2473208910295003
2302,2852,Unincorporate,0.0,0.0
2303,2852,Unincorporate,0.0,0.0
2304,2852,Unincorporate,0.0,0.0
2305,2852,Unincorporate,0.0,0.0
2306,2852,Unincorporate,0.0,0.0
2307,2852,Unincorporate,0.0,0.0
2308,2852,Unincorporate,0.0,0.0
2309,2852,Unincorporate,0.0,0.0
2310,2852,Unincorporate,0.0,0.0
2311,2852,Unincorporate,0.0,0.0
2312,2852,Unincorporate,0.0,0.0
2313,2852,Unincorporate,14.0,0.098314268512944
2314,2852,Unincorporate,0.0,0.0
2315,2852,Unincorporate,4.0,0.04298615291992775
2316,2852,Unincorporate,8.0,0.06815171583383504
2317,2852,Unincorporate,4.0,0.04298615291992775
2318,2852,Unincorporate,39.0,0.18323299217338954
2319,2852,Unincorporate,7.0,0.06303431667670079
2320,2852,Unincorporate,0.0,0.0
2321,2852,Unincorporate,0.0,0.0
2322,2852,Unincorporate,0.0,0.0
2323,2852,Unincorporate,4.0,0.04298615291992775
2324,2852,Unincorporate,0.0,0.0
2325,2852,Unincorporate,0.0,0.0
2326,2852,Unincorporate,0.0,0.0
2327,2852,Unincorporate,0.0,0.0
2328,2852,Unincorporate,39.0,0.18323299217338954
2329,2852,Unincorporate,0.0,0.0
2330,2852,Unincorporate,0.0,0.0
2331,2852,Unincorporate,0.0,0.0
2332,2852,Unincorporate,0.0,0.0
2333,2852,Unincorporate,0.0,0.0
2334,2852,Unincorporate,0.0,0.0
2335,2852,Unincorporate,0.0,0.0
2336,2852,Unincorporate,0.0,0.0
2337,2852,Unincorporate,11.0,0.08383503913305237
2338,2852,Unincorporate,4.0,0.04298615291992775
2339,2852,Unincorporate,11.0,0.08383503913305237
2340,2852,Unincorporate,0.0,0.0
2341,2852,Unincorporate,39.0,0.18323299217338954
2342,2852,Unincorporate,0.0,0.0
2343,2852,Unincorporate,0.0,0.0
2344,2852,Unincorporate,0.0,0.0
2345,2852,Unincorporate,0.0,0.0
2346,2852,Unincorporate,39.0,0.18323299217338954
2347,2852,Unincorporate,0.0,0.0
2348,2852,Unincorporate,0.0,0.0
2349,2020,Unincorporate,0.0,0.0
2350,2020,Unincorporate,8.0,0.06815171583383504
2351,2020,Unincorporate,30.0,0.1627031908488862
2352,2020,Unincorporate,0.0,0.0
2353,2020,Unincorporate,18.0,0.11815171583383503
2354,2020,Unincorporate,31.0,0.1650812763395545
2355,2020,Unincorporate,1.0,0.007465382299819386
2356,2020,Unincorporate,80.0,0.24530403371462975
2357,2020,Unincorporate,80.0,0.24530403371462975
2358,2020,Unincorporate,155.0,0.30237808549066825
2359,2020,Unincorporate,0.0,0.0
2360,2020,Unincorporate,30.0,0.1627031908488862
2361,2020,Unincorporate,160.0,0.3044551475015051
2362,2020,Unincorporate,18.0,0.11815171583383503
2363,2020,Unincorporate,14.0,0.098314268512944
2364,2020,Unincorporate,14.0,0.098314268512944
2365,2020,Unincorporate,0.0,0.0
2366,2020,Unincorporate,0.0,0.0
2367,2020,Unincorporate,0.0,0.0
2368,2020,Unincorporate,0.0,0.0
2369,2020,Unincorporate,0.0,0.0
2370,2020,Unincorporate,68.0,0.23305237808549067
2371,2020,Unincorporate,0.0,0.0
2372,2020,Unincorporate,108.0,0.2714629741119807
2373,2020,Unincorporate,18.0,0.11815171583383503
2374,2020,Unincorporate,0.0,0.0
2375,2020,Unincorporate,59.0,0.2213726670680313
2376,2020,Unincorporate,151.0,0.2995183624322697
2377,2020,Unincorporate,0.0,0.0
2378,2020,Unincorporate,0.0,0.0
2379,2020,Unincorporate,0.0,0.0
2380,2020,Unincorporate,151.0,0.2995183624322697
2381,2838,Unincorporate,0.0,0.0
2382,2838,Unincorporate,0.0,0.0
2383,2838,Unincorporate,0.0,0.0
2384,2172,Unincorporate,6.0,0.05770620108368453
2385,2838,Unincorporate,0.0,0.0
2386,2838,Unincorporate,0.0,0.0
2387,2838,Unincorporate,1.0,0.007465382299819386
2388,2838,Unincorporate,1.0,0.007465382299819386
2389,2838,Unincorporate,5.0,0.050752558699578565
2390,2838,Unincorporate,0.0,0.0
2391,2838,Unincorporate,0.0,0.0
2392,2838,Unincorporate,10.0,0.07874774232390126
2393,2172,Unincorporate,0.0,0.0
2394,2172,Unincorporate,0.0,0.0
2395,2172,Unincorporate,0.0,0.0
2396,2172,Unincorporate,6.0,0.05770620108368453
2397,2172,Unincorporate,0.0,0.0
2398,2172,Unincorporate,8.0,0.06815171583383504
2399,2172,Unincorporate,0.0,0.0
2400,2172,Unincorporate,1.0,0.007465382299819386
2401,2172,Unincorporate,4.0,0.04298615291992775
2402,2172,Unincorporate,0.0,0.0
2403,2172,Unincorporate,5.0,0.050752558699578565
2404,2172,Unincorporate,5.0,0.050752558699578565
2405,2172,Unincorporate,0.0,0.0
2406,2172,Unincorporate,9.0,0.07393136664659844
2407,2172,Unincorporate,0.0,0.0
2408,2172,Unincorporate,0.0,0.0
2409,2172,Unincorporate,0.0,0.0
2410,2172,Unincorporate,1.0,0.007465382299819386
2411,2172,Unincorporate,0.0,0.0
2412,2172,Unincorporate,0.0,0.0
2413,2172,Unincorporate,30.0,0.1627031908488862
2414,2172,Unincorporate,1.0,0.007465382299819386
2415,2172,Unincorporate,0.0,0.0
2416,2172,Unincorporate,4.0,0.04298615291992775
2417,2172,Unincorporate,0.0,0.0
2418,2172,Unincorporate,14.0,0.098314268512944
2419,2172,Unincorporate,0.0,0.0
2420,2172,Unincorporate,16.0,0.10885009030704396
2421,2172,Unincorporate,6.0,0.05770620108368453
2422,2172,Unincorporate,0.0,0.0
2423,2172,Unincorporate,0.0,0.0
2424,2172,Unincorporate,9.0,0.07393136664659844
2425,2172,Unincorporate,1.0,0.007465382299819386
2426,2172,Unincorporate,0.0,0.0
2427,2172,Unincorporate,2.0,0.021763997591812162
2428,2172,Unincorporate,0.0,0.0
2429,2275,Unincorporate,26.0,0.1517760385310054
2430,2275,Unincorporate,0.0,0.0
2431,2275,Unincorporate,0.0,0.0
2432,2275,Unincorporate,0.0,0.0
2433,2275,Unincorporate,13.0,0.09331727874774233
2434,2275,Unincorporate,13.0,0.09331727874774233
2435,2275,Unincorporate,13.0,0.09331727874774233
2436,2275,Unincorporate,13.0,0.09331727874774233
2437,2275,Unincorporate,0.0,0.0
2438,2284,Unincorporate,0.0,0.0
2439,2284,Unincorporate,8.0,0.06815171583383504
2440,2284,Unincorporate,0.0,0.0
2441,2284,Unincorporate,0.0,0.0
2442,2284,Unincorporate,0.0,0.0
2443,2284,Unincorporate,0.0,0.0
2444,2284,Unincorporate,0.0,0.0
2445,2284,Unincorporate,0.0,0.0
2446,2284,Unincorporate,0.0,0.0
2447,2284,Unincorporate,0.0,0.0
2448,2284,Unincorporate,0.0,0.0
2449,2270,Unincorporate,0.0,0.0
2450,2270,Unincorporate,0.0,0.0
2451,2270,Unincorporate,0.0,0.0
2452,2270,Unincorporate,0.0,0.0
2453,2270,Unincorporate,0.0,0.0
2454,2270,Unincorporate,0.0,0.0
2455,2270,Unincorporate,0.0,0.0
2456,2270,Unincorporate,0.0,0.0
2457,2270,Unincorporate,0.0,0.0
2458,2270,Unincorporate,16.0,0.10885009030704396
2459,2270,Unincorporate,0.0,0.0
2460,2270,Unincorporate,29.0,0.16047561709813365
2461,2270,Unincorporate,0.0,0.0
2462,2270,Unincorporate,0.0,0.0
2463,2270,Unincorporate,0.0,0.0
2464,2270,Unincorporate,0.0,0.0
2465,2270,Unincorporate,0.0,0.0
2466,2270,Unincorporate,0.0,0.0
2467,2270,Unincorporate,0.0,0.0
2468,2270,Unincorporate,0.0,0.0
2469,2270,Unincorporate,0.0,0.0
2470,2270,Unincorporate,18.0,0.11815171583383503
2471,2270,Unincorporate,0.0,0.0
2472,2270,Unincorporate,0.0,0.0
2473,2270,Unincorporate,0.0,0.0
2474,2270,Unincorporate,0.0,0.0
2475,2270,Unincorporate,0.0,0.0
2476,2270,Unincorporate,0.0,0.0
2477,2270,Unincorporate,0.0,0.0
2478,2270,Unincorporate,0.0,0.0
2479,2270,Unincorporate,0.0,0.0
2480,2270,Unincorporate,0.0,0.0
2481,2270,Unincorporate,18.0,0.11815171583383503
2482,2270,Unincorporate,0.0,0.0
2483,2270,Unincorporate,0.0,0.0
2484,2270,Unincorporate,0.0,0.0
2485,2270,Unincorporate,0.0,0.0
2486,2270,Unincorporate,0.0,0.0
2487,2270,Unincorporate,0.0,0.0
2488,2270,Unincorporate,0.0,0.0
2489,2270,Unincorporate,0.0,0.0
2490,2270,Unincorporate,1.0,0.007465382299819386
2491,2270,Unincorporate,14.0,0.098314268512944
2492,2270,Unincorporate,0.0,0.0
2493,2270,Unincorporate,0.0,0.0
2494,2270,Unincorporate,0.0,0.0
2495,2270,Unincorporate,15.0,0.10361228175797713
2496,2270,Unincorporate,0.0,0.0
2497,2270,Unincorporate,0.0,0.0
2498,2270,Unincorporate,0.0,0.0
2499,2270,Unincorporate,0.0,0.0
2500,2270,Unincorporate,0.0,0.0
2501,2288,Unincorporate,0.0,0.0
2502,2288,Unincorporate,0.0,0.0
2503,2288,Unincorporate,0.0,0.0
2504,2288,Unincorporate,0.0,0.0
2505,2288,Unincorporate,19.0,0.12332931968693558
2506,2288,Unincorporate,0.0,0.0
2507,2288,Unincorporate,22.0,0.1382299819385912
2508,2061,Unincorporate,27.0,0.15460565924142083
2509,2061,Unincorporate,0.0,0.0
2510,2061,Unincorporate,0.0,0.0
2511,2061,Unincorporate,0.0,0.0
2512,2061,Unincorporate,0.0,0.0
2513,2061,Unincorporate,0.0,0.0
2514,2061,Unincorporate,0.0,0.0
2515,2061,Unincorporate,27.0,0.15460565924142083
2516,2061,Unincorporate,0.0,0.0
2517,2061,Unincorporate,27.0,0.15460565924142083
2518,2061,Unincorporate,0.0,0.0
2519,2061,Unincorporate,0.0,0.0
2520,2061,Unincorporate,0.0,0.0
2521,2061,Unincorporate,0.0,0.0
2522,2061,Unincorporate,0.0,0.0
2523,2061,Unincorporate,15.0,0.10361228175797713
2524,2061,Unincorporate,0.0,0.0
2525,2061,Unincorporate,0.0,0.0
2526,2061,Unincorporate,0.0,0.0
2527,2061,Unincorporate,0.0,0.0
2528,2061,Unincorporate,0.0,0.0
2529,2061,Unincorporate,0.0,0.0
2530,2061,Unincorporate,0.0,0.0
2531,2061,Unincorporate,27.0,0.15460565924142083
2532,2061,Unincorporate,0.0,0.0
2533,2061,Unincorporate,0.0,0.0
2534,2061,Unincorporate,0.0,0.0
2535,2273,Unincorporate,0.0,0.0
2536,2273,Unincorporate,0.0,0.0
2537,2273,Unincorporate,0.0,0.0
2538,2273,Unincorporate,0.0,0.0
2539,2273,Unincorporate,0.0,0.0
2540,2273,Unincorporate,0.0,0.0
2541,2273,Unincorporate,0.0,0.0
2542,2273,Unincorporate,0.0,0.0
2543,2273,Unincorporate,0.0,0.0
2544,2273,Unincorporate,0.0,0.0
2545,2273,Unincorporate,0.0,0.0
2546,2273,Unincorporate,0.0,0.0
2547,2273,Unincorporate,0.0,0.0
2548,2273,Unincorporate,0.0,0.0
2549,2273,Unincorporate,0.0,0.0
2550,2273,Unincorporate,0.0,0.0
2551,2273,Unincorporate,0.0,0.0
2552,2273,Unincorporate,0.0,0.0
2553,2273,Unincorporate,0.0,0.0
2554,2273,Unincorporate,0.0,0.0
2555,2273,Unincorporate,0.0,0.0
2556,2273,Unincorporate,0.0,0.0
2557,2273,Unincorporate,0.0,0.0
2558,2273,Unincorporate,0.0,0.0
2559,2273,Unincorporate,0.0,0.0
2560,2273,Unincorporate,0.0,0.0
2561,2273,Unincorporate,0.0,0.0
2562,2273,Unincorporate,0.0,0.0
2563,2273,Unincorporate,0.0,0.0
2564,2273,Unincorporate,0.0,0.0
2565,2273,Unincorporate,0.0,0.0
2566,2273,Unincorporate,0.0,0.0
2567,2273,Unincorporate,0.0,0.0
2568,2273,Unincorporate,0.0,0.0
2569,2273,Unincorporate,0.0,0.0
2570,2273,Unincorporate,0.0,0.0
2571,2273,Unincorporate,0.0,0.0
2572,2273,Unincorporate,0.0,0.0
2573,2273,Unincorporate,0.0,0.0
2574,2273,Unincorporate,0.0,0.0
2575,2273,Unincorporate,0.0,0.0
2576,2273,Unincorporate,20.0,0.1290487658037327
2577,2273,Unincorporate,0.0,0.0
2578,2273,Unincorporate,0.0,0.0
2579,2273,Unincorporate,0.0,0.0
2580,2273,Unincorporate,0.0,0.0
2581,2273,Unincorporate,0.0,0.0
2582,2273,Unincorporate,0.0,0.0
2583,2273,Unincorporate,0.0,0.0
2584,2273,Unincorporate,0.0,0.0
2585,2273,Unincorporate,0.0,0.0
2586,2273,Unincorporate,0.0,0.0
2587,2273,Unincorporate,0.0,0.0
2588,2273,Unincorporate,0.0,0.0
2589,2273,Unincorporate,0.0,0.0
2590,2273,Unincorporate,0.0,0.0
2591,2273,Unincorporate,0.0,0.0
2592,2273,Unincorporate,0.0,0.0
2593,2273,Unincorporate,0.0,0.0
2594,2273,Unincorporate,0.0,0.0
2595,2273,Unincorporate,0.0,0.0
2596,2273,Unincorporate,0.0,0.0
2597,2273,Unincorporate,0.0,0.0
2598,2273,Unincorporate,0.0,0.0
2599,1927,Unincorporate,0.0,0.0
2600,1927,Unincorporate,0.0,0.0
2601,1927,Unincorporate,0.0,0.0
2602,1927,Unincorporate,0.0,0.0
2603,1927,Unincorporate,0.0,0.0
2604,1927,Unincorporate,0.0,0.0
2605,1927,Unincorporate,0.0,0.0
2606,1927,Unincorporate,0.0,0.0
2607,1927,Unincorporate,0.0,0.0
2608,1927,Unincorporate,0.0,0.0
2609,1927,Unincorporate,0.0,0.0
2610,1927,Unincorporate,0.0,0.0
2611,1927,Unincorporate,0.0,0.0
2612,1927,Unincorporate,0.0,0.0
2613,1927,Unincorporate,0.0,0.0
2614,1927,Unincorporate,0.0,0.0
2615,1927,Unincorporate,26.0,0.1517760385310054
2616,1927,Unincorporate,0.0,0.0
2617,1927,Unincorporate,0.0,0.0
2618,1927,Unincorporate,1.0,0.007465382299819386
2619,1927,Unincorporate,0.0,0.0
2620,1927,Unincorporate,16.0,0.10885009030704396
2621,1927,Unincorporate,0.0,0.0
2622,1927,Unincorporate,0.0,0.0
2623,1927,Unincorporate,0.0,0.0
2624,1927,Unincorporate,0.0,0.0
2625,1927,Unincorporate,0.0,0.0
2626,1927,Unincorporate,0.0,0.0
2627,1927,Unincorporate,0.0,0.0
2628,1927,Unincorporate,0.0,0.0
2629,1927,Unincorporate,0.0,0.0
2630,1927,Unincorporate,0.0,0.0
2631,1927,Unincorporate,0.0,0.0
2632,1927,Unincorporate,0.0,0.0
2633,1927,Unincorporate,0.0,0.0
2634,1927,Unincorporate,16.0,0.10885009030704396
2635,1927,Unincorporate,0.0,0.0
2636,1927,Unincorporate,0.0,0.0
2637,1927,Unincorporate,0.0,0.0
2638,1927,Unincorporate,0.0,0.0
2639,1927,Unincorporate,0.0,0.0
2640,1927,Unincorporate,0.0,0.0
2641,1927,Unincorporate,0.0,0.0
2642,1927,Unincorporate,156.0,0.3031005418422637
2643,1927,Unincorporate,156.0,0.3031005418422637
2644,1927,Unincorporate,0.0,0.0
2645,1927,Unincorporate,0.0,0.0
2646,1927,Unincorporate,0.0,0.0
2647,1927,Unincorporate,0.0,0.0
2648,1927,Unincorporate,32.0,0.1669175195665262
2649,1927,Unincorporate,0.0,0.0
2650,1927,Unincorporate,0.0,0.0
2651,1927,Unincorporate,0.0,0.0
2652,1927,Unincorporate,0.0,0.0
2653,1927,Unincorporate,0.0,0.0
2654,1927,Unincorporate,0.0,0.0
2655,1927,Unincorporate,0.0,0.0
2656,1927,Unincorporate,16.0,0.10885009030704396
2657,1927,Unincorporate,0.0,0.0
2658,1927,Unincorporate,0.0,0.0
2659,1927,Unincorporate,0.0,0.0
2660,1927,Unincorporate,0.0,0.0
2661,2285,Unincorporate,0.0,0.0
2662,2285,Unincorporate,0.0,0.0
2663,2285,Unincorporate,0.0,0.0
2664,2285,Unincorporate,0.0,0.0
2665,2285,Unincorporate,52.0,0.20875978326309452
2666,2285,Unincorporate,0.0,0.0
2667,2285,Unincorporate,0.0,0.0
2668,2285,Unincorporate,0.0,0.0
2669,2285,Unincorporate,62.0,0.22441300421432872
2670,2285,Unincorporate,0.0,0.0
2671,2285,Unincorporate,0.0,0.0
2672,2285,Unincorporate,109.0,0.271733895243829
2673,2285,Unincorporate,5.0,0.050752558699578565
2674,2285,Unincorporate,6.0,0.05770620108368453
2675,2285,Unincorporate,0.0,0.0
2676,2285,Unincorporate,68.0,0.23305237808549067
2677,2285,Unincorporate,0.0,0.0
2678,2285,Unincorporate,57.0,0.2181216134858519
2679,2285,Unincorporate,86.0,0.251475015051174
2680,2285,Unincorporate,0.0,0.0
2681,2285,Unincorporate,0.0,0.0
2682,2285,Unincorporate,5.0,0.050752558699578565
2683,2285,Unincorporate,86.0,0.251475015051174
2684,2285,Unincorporate,52.0,0.20875978326309452
2685,1927,Unincorporate,0.0,0.0
2686,2285,Unincorporate,0.0,0.0
2687,2285,Unincorporate,86.0,0.251475015051174
2688,2285,Unincorporate,86.0,0.251475015051174
2689,2285,Unincorporate,0.0,0.0
2690,2285,Unincorporate,0.0,0.0
2691,2285,Unincorporate,0.0,0.0
2692,2285,Unincorporate,0.0,0.0
2693,2285,Unincorporate,34.0,0.17146297411198075
2694,2285,Unincorporate,0.0,0.0
2695,2285,Unincorporate,0.0,0.0
2696,2285,Unincorporate,0.0,0.0
2697,2285,Unincorporate,0.0,0.0
2698,2285,Unincorporate,0.0,0.0
2699,2286,Unincorporate,0.0,0.0
2700,2286,Unincorporate,0.0,0.0
2701,2286,Unincorporate,0.0,0.0
2702,2286,Unincorporate,34.0,0.17146297411198075
2703,2286,Unincorporate,33.0,0.16887417218543047
2704,2286,Unincorporate,0.0,0.0
2705,2286,Unincorporate,0.0,0.0
2706,2286,Unincorporate,0.0,0.0
2707,2286,Unincorporate,33.0,0.16887417218543047
2708,2289,Unincorporate,0.0,0.0
2709,2289,Unincorporate,0.0,0.0
2710,2289,Unincorporate,9.0,0.07393136664659844
2711,2289,Unincorporate,0.0,0.0
2712,2289,Unincorporate,0.0,0.0
2713,2289,Unincorporate,16.0,0.10885009030704396
2714,2289,Unincorporate,0.0,0.0
2715,2289,Unincorporate,0.0,0.0
2716,2289,Unincorporate,0.0,0.0
2717,2289,Unincorporate,0.0,0.0
2718,2289,Unincorporate,9.0,0.07393136664659844
2719,2289,Unincorporate,0.0,0.0
2720,2289,Unincorporate,18.0,0.11815171583383503
2721,2289,Unincorporate,0.0,0.0
2722,2289,Unincorporate,14.0,0.098314268512944
2723,2289,Unincorporate,0.0,0.0
2724,2289,Unincorporate,0.0,0.0
2725,2289,Unincorporate,0.0,0.0
2726,2062,Unincorporate,4.0,0.04298615291992775
2727,2062,Unincorporate,0.0,0.0
2728,2062,Unincorporate,0.0,0.0
2729,2062,Unincorporate,101.0,0.26619506321493075
2730,2062,Unincorporate,0.0,0.0
2731,2062,Unincorporate,0.0,0.0
2732,2062,Unincorporate,0.0,0.0
2733,2062,Unincorporate,0.0,0.0
2734,2062,Unincorporate,39.0,0.18323299217338954
2735,2062,Unincorporate,0.0,0.0
2736,2062,Unincorporate,0.0,0.0
2737,2062,Unincorporate,0.0,0.0
2738,2062,Unincorporate,0.0,0.0
2739,2062,Unincorporate,0.0,0.0
2740,2062,Unincorporate,0.0,0.0
2741,2062,Unincorporate,0.0,0.0
2742,2062,Unincorporate,0.0,0.0
2743,2062,Unincorporate,26.0,0.1517760385310054
2744,2062,Unincorporate,0.0,0.0
2745,2062,Unincorporate,0.0,0.0
2746,2062,Unincorporate,0.0,0.0
2747,2062,Unincorporate,0.0,0.0
2748,2062,Unincorporate,0.0,0.0
2749,2062,Unincorporate,33.0,0.16887417218543047
2750,2062,Unincorporate,0.0,0.0
2751,2062,Unincorporate,0.0,0.0
2752,2062,Unincorporate,0.0,0.0
2753,2062,Unincorporate,0.0,0.0
2754,2062,Unincorporate,0.0,0.0
2755,2062,Unincorporate,0.0,0.0
2756,2062,Unincorporate,0.0,0.0
2757,2062,Unincorporate,0.0,0.0
2758,377,Firebaugh,1267.0,0.5816074653822998
2759,377,Firebaugh,1306.0,0.5886815171583384
2760,377,Firebaugh,296.0,0.3614990969295605
2761,377,Firebaugh,344.0,0.3762191450933173
2762,377,Firebaugh,1317.0,0.5911800120409392
2763,377,Firebaugh,1314.0,0.590487658037327
2764,377,Firebaugh,564.0,0.4406080674292595
2765,377,Firebaugh,1321.0,0.5922937989163155
2766,1129,Fresno,39.0,0.18323299217338954
2767,278,Clovis,736.0,0.4845574954846478
2768,278,Clovis,629.0,0.4594521372667068
2769,2204,Unincorporate,0.0,0.0
2770,2204,Unincorporate,0.0,0.0
2771,2204,Unincorporate,0.0,0.0
2772,2204,Unincorporate,0.0,0.0
2773,2204,Unincorporate,0.0,0.0
2774,2204,Unincorporate,0.0,0.0
2775,2204,Unincorporate,0.0,0.0
2776,2204,Unincorporate,0.0,0.0
2777,2204,Unincorporate,0.0,0.0
2778,2204,Unincorporate,0.0,0.0
2779,2204,Unincorporate,0.0,0.0
2780,2204,Unincorporate,0.0,0.0
2781,2204,Unincorporate,0.0,0.0
2782,2204,Unincorporate,0.0,0.0
2783,2204,Unincorporate,0.0,0.0
2784,2204,Unincorporate,0.0,0.0
2785,2204,Unincorporate,0.0,0.0
2786,2204,Unincorporate,0.0,0.0
2787,2204,Unincorporate,0.0,0.0
2788,2204,Unincorporate,0.0,0.0
2789,2204,Unincorporate,0.0,0.0
2790,2204,Unincorporate,0.0,0.0
2791,2204,Unincorporate,0.0,0.0
2792,2204,Unincorporate,0.0,0.0
2793,2204,Unincorporate,0.0,0.0
2794,2204,Unincorporate,0.0,0.0
2795,2204,Unincorporate,0.0,0.0
2796,2204,Unincorporate,0.0,0.0
2797,2204,Unincorporate,0.0,0.0
2798,2204,Unincorporate,0.0,0.0
2799,2204,Unincorporate,0.0,0.0
2800,2204,Unincorporate,0.0,0.0
2801,2204,Unincorporate,0.0,0.0
2802,2204,Unincorporate,0.0,0.0
2803,2204,Unincorporate,0.0,0.0
2804,2204,Unincorporate,0.0,0.0
2805,2204,Unincorporate,0.0,0.0
2806,2062,Unincorporate,0.0,0.0
2807,2062,Unincorporate,0.0,0.0
2808,2062,Unincorporate,0.0,0.0
2809,2062,Unincorporate,0.0,0.0
2810,2062,Unincorporate,0.0,0.0
2811,2062,Unincorporate,0.0,0.0
2812,2062,Unincorporate,3.0,0.033564118001204096
2813,2062,Unincorporate,0.0,0.0
2814,2062,Unincorporate,0.0,0.0
2815,2062,Unincorporate,0.0,0.0
2816,2062,Unincorporate,0.0,0.0
2817,2062,Unincorporate,0.0,0.0
2818,2062,Unincorporate,0.0,0.0
2819,2062,Unincorporate,0.0,0.0
2820,2062,Unincorporate,0.0,0.0
2821,2062,Unincorporate,0.0,0.0
2822,2062,Unincorporate,0.0,0.0
2823,2062,Unincorporate,0.0,0.0
2824,2062,Unincorporate,49.0,0.20270921131848285
2825,2062,Unincorporate,0.0,0.0
2826,2062,Unincorporate,0.0,0.0
2827,2062,Unincorporate,0.0,0.0
2828,2062,Unincorporate,23.0,0.14145093317278748
2829,2062,Unincorporate,0.0,0.0
2830,2062,Unincorporate,0.0,0.0
2831,2062,Unincorporate,9.0,0.07393136664659844
2832,2062,Unincorporate,0.0,0.0
2833,2062,Unincorporate,0.0,0.0
2834,2062,Unincorporate,0.0,0.0
2835,2062,Unincorporate,0.0,0.0
2836,2062,Unincorporate,0.0,0.0
2837,2062,Unincorporate,0.0,0.0
2838,2062,Unincorporate,0.0,0.0
2839,2062,Unincorporate,66.0,0.2300421432871764
2840,2062,Unincorporate,0.0,0.0
2841,2062,Unincorporate,0.0,0.0
2842,2062,Unincorporate,0.0,0.0
2843,2062,Unincorporate,0.0,0.0
2844,2062,Unincorporate,0.0,0.0
2845,2062,Unincorporate,0.0,0.0
2846,2062,Unincorporate,24.0,0.1451234196267309
2847,2062,Unincorporate,0.0,0.0
2848,2062,Unincorporate,0.0,0.0
2849,2062,Unincorporate,12.0,0.08880192655027092
2850,2062,Unincorporate,0.0,0.0
2851,2062,Unincorporate,0.0,0.0
2852,2062,Unincorporate,0.0,0.0
2853,2062,Unincorporate,0.0,0.0
2854,2062,Unincorporate,0.0,0.0
2855,2062,Unincorporate,0.0,0.0
2856,2062,Unincorporate,0.0,0.0
2857,2062,Unincorporate,0.0,0.0
2858,2062,Unincorporate,0.0,0.0
2859,2062,Unincorporate,0.0,0.0
2860,2062,Unincorporate,0.0,0.0
2861,2062,Unincorporate,0.0,0.0
2862,2062,Unincorporate,0.0,0.0
2863,2062,Unincorporate,0.0,0.0
2864,2062,Unincorporate,0.0,0.0
2865,2062,Unincorporate,0.0,0.0
2866,2062,Unincorporate,0.0,0.0
2867,2062,Unincorporate,0.0,0.0
2868,2062,Unincorporate,0.0,0.0
2869,2062,Unincorporate,0.0,0.0
2870,2062,Unincorporate,0.0,0.0
2871,2062,Unincorporate,0.0,0.0
2872,2062,Unincorporate,0.0,0.0
2873,2062,Unincorporate,0.0,0.0
2874,2062,Unincorporate,11.0,0.08383503913305237
2875,2062,Unincorporate,0.0,0.0
2876,2062,Unincorporate,0.0,0.0
2877,2062,Unincorporate,0.0,0.0
2878,2062,Unincorporate,0.0,0.0
2879,2062,Unincorporate,0.0,0.0
2880,2062,Unincorporate,0.0,0.0
2881,2062,Unincorporate,0.0,0.0
2882,2062,Unincorporate,0.0,0.0
2883,2062,Unincorporate,312.0,0.3665863937387116
2884,2062,Unincorporate,0.0,0.0
2885,2062,Unincorporate,0.0,0.0
2886,2062,Unincorporate,0.0,0.0
2887,2062,Unincorporate,4.0,0.04298615291992775
2888,2062,Unincorporate,0.0,0.0
2889,2062,Unincorporate,0.0,0.0
2890,2062,Unincorporate,0.0,0.0
2891,2062,Unincorporate,12.0,0.08880192655027092
2892,2062,Unincorporate,0.0,0.0
2893,2062,Unincorporate,0.0,0.0
2894,2062,Unincorporate,0.0,0.0
2895,2062,Unincorporate,0.0,0.0
2896,2062,Unincorporate,0.0,0.0
2897,2062,Unincorporate,0.0,0.0
2898,2062,Unincorporate,0.0,0.0
2899,2062,Unincorporate,0.0,0.0
2900,2062,Unincorporate,0.0,0.0
2901,2062,Unincorporate,0.0,0.0
2902,2062,Unincorporate,0.0,0.0
2903,2062,Unincorporate,0.0,0.0
2904,2062,Unincorporate,0.0,0.0
2905,2062,Unincorporate,0.0,0.0
2906,2062,Unincorporate,21.0,0.1343467790487658
2907,2062,Unincorporate,0.0,0.0
2908,2062,Unincorporate,0.0,0.0
2909,2062,Unincorporate,0.0,0.0
2910,2062,Unincorporate,0.0,0.0
2911,2287,Unincorporate,0.0,0.0
2912,2287,Unincorporate,0.0,0.0
2913,2287,Unincorporate,0.0,0.0
2914,2287,Unincorporate,33.0,0.16887417218543047
2915,2287,Unincorporate,0.0,0.0
2916,2287,Unincorporate,21.0,0.1343467790487658
2917,2287,Unincorporate,66.0,0.2300421432871764
2918,2287,Unincorporate,0.0,0.0
2919,2287,Unincorporate,18.0,0.11815171583383503
2920,2287,Unincorporate,16.0,0.10885009030704396
2921,2287,Unincorporate,16.0,0.10885009030704396
2922,2287,Unincorporate,0.0,0.0
2923,2287,Unincorporate,0.0,0.0
2924,2287,Unincorporate,0.0,0.0
2925,2287,Unincorporate,0.0,0.0
2926,2287,Unincorporate,0.0,0.0
2927,2287,Unincorporate,0.0,0.0
2928,2287,Unincorporate,66.0,0.2300421432871764
2929,2287,Unincorporate,0.0,0.0
2930,2287,Unincorporate,0.0,0.0
2931,2287,Unincorporate,0.0,0.0
2932,2287,Unincorporate,0.0,0.0
2933,2287,Unincorporate,33.0,0.16887417218543047
2934,2287,Unincorporate,0.0,0.0
2935,2287,Unincorporate,0.0,0.0
2936,2287,Unincorporate,0.0,0.0
2937,2287,Unincorporate,0.0,0.0
2938,2287,Unincorporate,0.0,0.0
2939,2287,Unincorporate,0.0,0.0
2940,2287,Unincorporate,25.0,0.14864539434075857
2941,2287,Unincorporate,0.0,0.0
2942,2287,Unincorporate,32.0,0.1669175195665262
2943,2287,Unincorporate,0.0,0.0
2944,2287,Unincorporate,0.0,0.0
2945,2287,Unincorporate,0.0,0.0
2946,2287,Unincorporate,0.0,0.0
2947,2287,Unincorporate,0.0,0.0
2948,2287,Unincorporate,0.0,0.0
2949,2287,Unincorporate,0.0,0.0
2950,2287,Unincorporate,154.0,0.30150511739915714
2951,2287,Unincorporate,0.0,0.0
2952,2287,Unincorporate,0.0,0.0
2953,2287,Unincorporate,27.0,0.15460565924142083
2954,2287,Unincorporate,0.0,0.0
2955,2287,Unincorporate,0.0,0.0
2956,2287,Unincorporate,0.0,0.0
2957,2287,Unincorporate,0.0,0.0
2958,2287,Unincorporate,0.0,0.0
2959,2287,Unincorporate,26.0,0.1517760385310054
2960,2287,Unincorporate,0.0,0.0
2961,2287,Unincorporate,0.0,0.0
2962,2287,Unincorporate,0.0,0.0
2963,2287,Unincorporate,0.0,0.0
2964,2287,Unincorporate,0.0,0.0
2965,2287,Unincorporate,0.0,0.0
2966,2287,Unincorporate,0.0,0.0
2967,2287,Unincorporate,0.0,0.0
2968,2287,Unincorporate,24.0,0.1451234196267309
2969,2287,Unincorporate,12.0,0.08880192655027092
2970,2287,Unincorporate,0.0,0.0
2971,2287,Unincorporate,0.0,0.0
2972,2287,Unincorporate,0.0,0.0
2973,2287,Unincorporate,0.0,0.0
2974,2287,Unincorporate,0.0,0.0
2975,2287,Unincorporate,0.0,0.0
2976,2287,Unincorporate,0.0,0.0
2977,2287,Unincorporate,0.0,0.0
2978,2287,Unincorporate,0.0,0.0
2979,2287,Unincorporate,0.0,0.0
2980,2287,Unincorporate,0.0,0.0
2981,2287,Unincorporate,0.0,0.0
2982,2287,Unincorporate,0.0,0.0
2983,2287,Unincorporate,0.0,0.0
2984,2287,Unincorporate,0.0,0.0
2985,2287,Unincorporate,0.0,0.0
2986,2287,Unincorporate,0.0,0.0
2987,785,Fresno,6988.0,0.9282059000602046
2988,816,Fresno,1313.0,0.5902167369054786
2989,2458,Unincorporate,65.0,0.22859723058398554
2990,2458,Unincorporate,36.0,0.17606863335340156
2991,2094,Unincorporate,135.0,0.2887116195063215
2992,2500,Unincorporate,45.0,0.1942203491872366
2993,2500,Unincorporate,0.0,0.0
2994,2500,Unincorporate,25.0,0.14864539434075857
2995,2500,Unincorporate,34.0,0.17146297411198075
2996,2500,Unincorporate,22.0,0.1382299819385912
2997,1083,Fresno,2224.0,0.721944611679711
2998,1083,Fresno,2061.0,0.7003010234798315
2999,1083,Fresno,1130.0,0.5560505719446117
3000,1083,Fresno,1314.0,0.590487658037327
3001,1083,Fresno,1999.0,0.6924142083082481
3002,1083,Fresno,635.0,0.46095725466586396
3003,1083,Fresno,3709.0,0.8335942203491873
3004,1083,Fresno,2229.0,0.7226670680313064
3005,1083,Fresno,1777.0,0.6614689945815774
3006,1083,Fresno,1312.0,0.589885611077664
3007,1083,Fresno,1594.0,0.6374172185430463
3008,1083,Fresno,2347.0,0.7337748344370861
3009,1083,Fresno,868.0,0.5106562311860325
3010,1083,Fresno,2225.0,0.7220650210716436
3011,1083,Fresno,1415.0,0.6093016255267911
3012,1083,Fresno,637.0,0.46158940397350995
3013,1084,Fresno,1162.0,0.5629741119807345
3014,1084,Fresno,931.0,0.5197772426249248
3015,1084,Fresno,1116.0,0.5540337146297412
3016,1084,Fresno,0.0,0.0
3017,1084,Fresno,1016.0,0.5358217940999398
3018,1084,Fresno,959.0,0.5264900662251656
3019,1084,Fresno,1082.0,0.5484647802528597
3020,1084,Fresno,1077.0,0.5475316074653823
3021,1084,Fresno,1123.0,0.5551475015051174
3022,1084,Fresno,740.0,0.48527995183624323
3023,1084,Fresno,902.0,0.5158940397350993
3024,1084,Fresno,1082.0,0.5484647802528597
3025,1084,Fresno,710.0,0.4773630343166767
3026,1084,Fresno,1067.0,0.5455147501505118
3027,1084,Fresno,838.0,0.5041240216736905
3028,1065,Fresno,2587.0,0.7566225165562914
3029,1065,Fresno,2360.0,0.7350391330523781
3030,1065,Fresno,2386.0,0.7376279349789283
3031,1065,Fresno,2646.0,0.7612883804936785
3032,1065,Fresno,2213.0,0.7204394942805539
3033,1065,Fresno,2020.0,0.694310656231186
3034,1065,Fresno,1895.0,0.6791992775436484
3035,372,Firebaugh,1040.0,0.5395845875978327
3036,372,Firebaugh,116.0,0.2770620108368453
3037,372,Firebaugh,86.0,0.251475015051174
3038,372,Firebaugh,123.0,0.2817278747742324
3039,375,Firebaugh,1334.0,0.5951234196267309
3040,375,Firebaugh,1561.0,0.6321493076459964
3041,375,Firebaugh,1290.0,0.5863636363636363
3042,375,Firebaugh,1516.0,0.625948223961469
3043,1076,Fresno,2854.0,0.7795003010234798
3044,1076,Fresno,2768.0,0.7719446116797111
3045,376,Firebaugh,50.0,0.20463576158940397
3046,376,Firebaugh,1288.0,0.5860927152317881
3047,376,Firebaugh,1284.0,0.5854003612281758
3048,376,Firebaugh,1137.0,0.5575556893437689
3049,376,Unincorporate,24.0,0.1451234196267309
3050,376,Firebaugh,2.0,0.021763997591812162
3051,376,Firebaugh,876.0,0.5119205298013245
3052,376,Firebaugh,968.0,0.5284166164960867
3053,376,Firebaugh,2.0,0.021763997591812162
3054,374,Firebaugh,944.0,0.522998193859121
3055,376,Firebaugh,4.0,0.04298615291992775
3056,376,Firebaugh,273.0,0.35421432871763997
3057,376,Firebaugh,48.0,0.200632149307646
3058,376,Firebaugh,275.0,0.35463576158940396
3059,376,Firebaugh,272.0,0.3539434075857917
3060,376,Firebaugh,1025.0,0.5370559903672486
3061,376,Firebaugh,1192.0,0.5689644792293799
3062,377,Firebaugh,1326.0,0.5934978928356411
3063,377,Firebaugh,426.0,0.40249849488260087
3064,377,Firebaugh,241.0,0.3434978928356412
3065,377,Firebaugh,1302.0,0.588199879590608
3066,377,Firebaugh,1257.0,0.5799819385912102
3067,377,Firebaugh,1293.0,0.5870258880192655
3068,377,Firebaugh,278.0,0.3555087296809151
3069,377,Firebaugh,759.0,0.48832028898254065
3070,377,Firebaugh,1208.0,0.571523178807947
3071,377,Firebaugh,276.0,0.35496688741721855
3072,377,Firebaugh,355.0,0.3786273329319687
3073,377,Firebaugh,1221.0,0.5744130042143287
3074,377,Firebaugh,1316.0,0.5908789885611078
3075,377,Firebaugh,634.0,0.4607766405779651
3076,377,Firebaugh,1321.0,0.5922937989163155
3077,377,Firebaugh,365.0,0.38190848886213125
3078,377,Firebaugh,400.0,0.3925346177001806
3079,377,Firebaugh,1321.0,0.5922937989163155
3080,380,Firebaugh,72.0,0.23783865141481036
3081,380,Firebaugh,41.0,0.18741721854304635
3082,380,Firebaugh,31.0,0.1650812763395545
3083,380,Firebaugh,31.0,0.1650812763395545
3084,380,Firebaugh,73.0,0.23883202889825406
3085,380,Firebaugh,296.0,0.3614990969295605
3086,380,Firebaugh,88.0,0.25343166767007824
3087,380,Firebaugh,162.0,0.3052077062010837
3088,380,Firebaugh,71.0,0.23696568332329923
3089,380,Firebaugh,35.0,0.17357013847080072
3090,380,Firebaugh,71.0,0.23696568332329923
3091,380,Firebaugh,272.0,0.3539434075857917
3092,378,Firebaugh,18.0,0.11815171583383503
3093,378,Firebaugh,1129.0,0.555900060204696
3094,378,Firebaugh,1148.0,0.5598735701384708
3095,378,Firebaugh,12.0,0.08880192655027092
3096,378,Firebaugh,2222.0,0.7216435881998796
3097,376,Firebaugh,29.0,0.16047561709813365
3098,378,Firebaugh,0.0,0.0
3099,378,Firebaugh,37.0,0.1790487658037327
3100,379,Firebaugh,31.0,0.1650812763395545
3101,379,Unincorporate,1148.0,0.5598735701384708
3102,379,Firebaugh,1148.0,0.5598735701384708
3103,379,Firebaugh,1146.0,0.5591511137868754
3104,379,Firebaugh,31.0,0.1650812763395545
3105,379,Firebaugh,1148.0,0.5598735701384708
3106,379,Firebaugh,83.0,0.248103552077062
3107,1085,Fresno,1610.0,0.6401264298615292
3108,1085,Fresno,1958.0,0.687326911499097
3109,1085,Fresno,2639.0,0.7606562311860325
3110,1085,Fresno,2792.0,0.7743527995183624
3111,1085,Fresno,1945.0,0.6855207706201084
3112,1085,Fresno,1223.0,0.5747140276941601
3113,1085,Fresno,2286.0,0.7282962071041541
3114,1085,Fresno,3.0,0.033564118001204096
3115,1085,Fresno,1234.0,0.5764900662251655
3116,1085,Fresno,2608.0,0.7581577363034316
3117,1085,Fresno,1178.0,0.5666164960866947
3118,1085,Fresno,2093.0,0.7049066827212522
3119,1681,Mendota,144.0,0.2942805538832029
3120,1681,Mendota,245.0,0.34551475015051175
3121,1681,Unincorporate,140.0,0.29193257074051776
3122,1681,Mendota,147.0,0.29744130042143285
3123,1681,Mendota,148.0,0.2980132450331126
3124,1681,Mendota,142.0,0.29307645996387716
3125,1681,Mendota,140.0,0.29193257074051776
3126,1681,Unincorporate,140.0,0.29193257074051776
3127,1681,Mendota,147.0,0.29744130042143285
3128,1681,Mendota,142.0,0.29307645996387716
3129,1681,Unincorporate,6.0,0.05770620108368453
3130,1681,Mendota,140.0,0.29193257074051776
3131,1681,Mendota,140.0,0.29193257074051776
3132,1681,Mendota,145.0,0.2948223961468995
3133,1681,Mendota,15.0,0.10361228175797713
3134,1685,Mendota,671.0,0.4692655027092113
3135,1685,Mendota,131.0,0.28705599036724866
3136,1684,Mendota,275.0,0.35463576158940396
3137,1685,Mendota,224.0,0.3349187236604455
3138,1685,Mendota,226.0,0.3353702588801927
3139,1685,Mendota,0.0,0.0
3140,1682,Mendota,133.0,0.28801926550270923
3141,1682,Mendota,138.0,0.2904274533413606
3142,1682,Mendota,396.0,0.3911198073449729
3143,1682,Mendota,2.0,0.021763997591812162
3144,1682,Mendota,14.0,0.098314268512944
3145,1682,Mendota,239.0,0.34229379891631545
3146,1682,Mendota,138.0,0.2904274533413606
3147,1682,Mendota,478.0,0.4170680313064419
3148,1682,Mendota,9.0,0.07393136664659844
3149,1682,Mendota,954.0,0.5255869957856713
3150,1682,Mendota,592.0,0.44879590608067427
3151,1682,Mendota,556.0,0.4385611077664058
3152,1682,Mendota,239.0,0.34229379891631545
3153,1682,Mendota,9.0,0.07393136664659844
3154,1682,Mendota,12.0,0.08880192655027092
3155,1682,Mendota,20.0,0.1290487658037327
3156,1682,Mendota,133.0,0.28801926550270923
3157,1682,Mendota,592.0,0.44879590608067427
3158,1682,Mendota,725.0,0.4822998193859121
3159,1686,Mendota,368.0,0.38260084286574353
3160,1686,Mendota,846.0,0.5065021071643588
3161,1686,Mendota,838.0,0.5041240216736905
3162,1686,Mendota,852.0,0.5076459963877182
3163,1686,Mendota,838.0,0.5041240216736905
3164,1686,Mendota,843.0,0.5059602649006623
3165,1686,Mendota,799.0,0.49686935580975317
3166,1686,Mendota,23.0,0.14145093317278748
3167,1686,Mendota,643.0,0.4634256472004816
3168,1686,Mendota,799.0,0.49686935580975317
3169,1686,Mendota,857.0,0.5086995785671282
3170,1686,Mendota,716.0,0.47895845875978327
3171,1686,Mendota,839.0,0.5045153521974715
3172,1686,Mendota,878.0,0.5121312462372065
3173,1686,Mendota,1111.0,0.5534015653220952
3174,1686,Mendota,887.0,0.5131547260686333
3175,1686,Mendota,397.0,0.39151113786875374
3176,1686,Mendota,777.0,0.49271523178807947
3177,1686,Mendota,842.0,0.5057796508127634
3178,1686,Mendota,856.0,0.5083383503913306
3179,1686,Mendota,841.0,0.5053281155930163
3180,1686,Mendota,806.0,0.49765201685731486
3181,1686,Mendota,854.0,0.5080674292594822
3182,1686,Mendota,799.0,0.49686935580975317
3183,1686,Mendota,475.0,0.41625526791089706
3184,1686,Mendota,716.0,0.47895845875978327
3185,1686,Mendota,381.0,0.38672486453943405
3186,1686,Mendota,909.0,0.5170680313064419
3187,1686,Mendota,846.0,0.5065021071643588
3188,1686,Mendota,850.0,0.507164358819988
3189,1686,Mendota,838.0,0.5041240216736905
3190,1686,Mendota,846.0,0.5065021071643588
3191,1686,Mendota,846.0,0.5065021071643588
3192,1686,Mendota,841.0,0.5053281155930163
3193,1686,Mendota,809.0,0.49825406381697773
3194,1686,Mendota,776.0,0.49250451535219747
3195,1686,Mendota,836.0,0.5034918723660445
3196,1687,Mendota,181.0,0.3164358819987959
3197,1687,Mendota,187.0,0.31965683323299215
3198,1687,Mendota,231.0,0.3383503913305238
3199,1687,Mendota,172.0,0.31005418422636966
3200,1687,Mendota,247.0,0.34629741119807345
3201,1687,Mendota,175.0,0.3124322697170379
3202,1687,Mendota,188.0,0.32013847080072244
3203,1687,Mendota,181.0,0.3164358819987959
3204,1687,Mendota,182.0,0.3169175195665262
3205,1687,Mendota,181.0,0.3164358819987959
3206,1687,Mendota,183.0,0.3173389524382902
3207,1687,Mendota,181.0,0.3164358819987959
3208,1687,Mendota,229.0,0.33684527393136665
3209,1687,Mendota,207.0,0.32832630945213725
3210,1687,Mendota,181.0,0.3164358819987959
3211,1687,Mendota,248.0,0.3469596628537026
3212,1684,Mendota,187.0,0.31965683323299215
3213,1687,Mendota,247.0,0.34629741119807345
3214,1688,Mendota,865.0,0.5102046959662854
3215,1688,Mendota,824.0,0.5010234798314268
3216,1688,Mendota,841.0,0.5053281155930163
3217,1688,Mendota,837.0,0.5037326911499097
3218,1688,Mendota,844.0,0.5060204695966285
3219,1688,Mendota,593.0,0.44909692956050573
3220,1688,Mendota,723.0,0.48148705599036723
3221,1688,Mendota,716.0,0.47895845875978327
3222,1688,Mendota,863.0,0.5099337748344371
3223,1688,Mendota,837.0,0.5037326911499097
3224,1688,Mendota,842.0,0.5057796508127634
3225,1688,Mendota,814.0,0.4994280553883203
3226,1686,Mendota,846.0,0.5065021071643588
3227,1688,Mendota,859.0,0.5091511137868754
3228,1688,Mendota,641.0,0.46300421432871763
3229,1688,Mendota,697.0,0.4741721854304636
3230,1688,Mendota,840.0,0.5048464780252859
3231,1688,Mendota,794.0,0.4961167971101746
3232,1688,Mendota,596.0,0.4499397953040337
3233,1688,Mendota,841.0,0.5053281155930163
3234,1688,Mendota,838.0,0.5041240216736905
3235,1688,Mendota,853.0,0.5078868151715834
3236,1688,Mendota,720.0,0.48037326911499095
3237,1688,Mendota,658.0,0.46625526791089705
3238,1688,Mendota,873.0,0.5113485851896448
3239,1688,Mendota,835.0,0.5032510535821794
3240,1086,Fresno,1624.0,0.6417218543046358
3241,1086,Fresno,2769.0,0.7720650210716435
3242,1086,Fresno,1900.0,0.6798916315472607
3243,1086,Fresno,1791.0,0.6638169777242625
3244,1086,Fresno,1685.0,0.6503311258278146
3245,1086,Fresno,3120.0,0.8000602046959663
3246,1086,Fresno,1628.0,0.642414208308248
3247,1086,Fresno,1661.0,0.6463877182420229
3248,1086,Fresno,1582.0,0.635430463576159
3249,1086,Fresno,2763.0,0.7714328717639976
3250,1086,Fresno,1727.0,0.6552980132450331
3251,1086,Fresno,1765.0,0.659692956050572
3252,1086,Fresno,2657.0,0.7624021673690548
3253,1086,Fresno,2585.0,0.7564419024683925
3254,1086,Fresno,1995.0,0.6916917519566527
3255,1087,Fresno,1752.0,0.6577363034316677
3256,1087,Fresno,510.0,0.42645996387718244
3257,1087,Fresno,597.0,0.4506020469596628
3258,1087,Fresno,1321.0,0.5922937989163155
3259,1087,Fresno,879.0,0.5123720650210717
3260,1087,Fresno,731.0,0.48344370860927155
3261,1087,Fresno,1501.0,0.6240216736905478
3262,1087,Fresno,58.0,0.2197471402769416
3263,1087,Fresno,580.0,0.4464780252859723
3264,1087,Fresno,1325.0,0.5932871763997591
3265,1087,Fresno,1402.0,0.6072546658639374
3266,1087,Fresno,709.0,0.4769416014449127
3267,1088,Fresno,364.0,0.38142685129440096
3268,1088,Fresno,752.0,0.4870258880192655
3269,1088,Fresno,412.0,0.3973810957254666
3270,1088,Fresno,298.0,0.3621312462372065
3271,1088,Fresno,564.0,0.4406080674292595
3272,1089,Fresno,2.0,0.021763997591812162
3273,1089,Fresno,17.0,0.11363636363636363
3274,1089,Fresno,21.0,0.1343467790487658
3275,1089,Fresno,114.0,0.2753762793497893
3276,1089,Fresno,10.0,0.07874774232390126
3277,1089,Fresno,10.0,0.07874774232390126
3278,1089,Fresno,10.0,0.07874774232390126
3279,1089,Fresno,3982.0,0.8456050571944612
3280,1089,Fresno,76.0,0.24211318482841662
3281,1089,Fresno,599.0,0.4512341962673089
3282,1921,San Joaquin,622.0,0.45758579169175195
3283,1921,San Joaquin,605.0,0.45310054184226367
3284,1921,San Joaquin,596.0,0.4499397953040337
3285,1921,San Joaquin,194.0,0.324051776038531
3286,1921,San Joaquin,586.0,0.44786273329319687
3287,1921,San Joaquin,597.0,0.4506020469596628
3288,1921,San Joaquin,597.0,0.4506020469596628
3289,1921,San Joaquin,596.0,0.4499397953040337
3290,1921,San Joaquin,604.0,0.4524683925346177
3291,1921,San Joaquin,604.0,0.4524683925346177
3292,1921,San Joaquin,194.0,0.324051776038531
3293,1921,San Joaquin,605.0,0.45310054184226367
3294,1921,San Joaquin,597.0,0.4506020469596628
3295,1921,San Joaquin,604.0,0.4524683925346177
3296,1921,San Joaquin,611.0,0.4545153521974714
3297,1921,San Joaquin,626.0,0.4587296809151114
3298,1921,San Joaquin,232.0,0.3388621312462372
3299,1921,San Joaquin,595.0,0.44945815773630343
3300,1921,San Joaquin,615.0,0.4554184226369657
3301,1921,San Joaquin,604.0,0.4524683925346177
3302,1921,San Joaquin,720.0,0.48037326911499095
3303,1921,San Joaquin,597.0,0.4506020469596628
3304,1921,San Joaquin,625.0,0.4585189644792294
3305,1921,San Joaquin,596.0,0.4499397953040337
3306,1922,San Joaquin,616.0,0.4558699578567128
3307,1922,San Joaquin,261.0,0.35066225165562914
3308,1922,San Joaquin,291.0,0.3602347983142685
3309,1922,San Joaquin,616.0,0.4558699578567128
3310,1922,San Joaquin,617.0,0.45623118603251056
3311,1922,San Joaquin,116.0,0.2770620108368453
3312,1922,San Joaquin,616.0,0.4558699578567128
3313,1922,San Joaquin,616.0,0.4558699578567128
3314,1922,San Joaquin,616.0,0.4558699578567128
3315,1925,San Joaquin,1.0,0.007465382299819386
3316,1925,San Joaquin,1.0,0.007465382299819386
3317,1925,San Joaquin,252.0,0.3484045755568934
3318,1925,San Joaquin,114.0,0.2753762793497893
3319,1925,San Joaquin,2.0,0.021763997591812162
3320,1925,San Joaquin,2.0,0.021763997591812162
3321,1925,San Joaquin,267.0,0.3520469596628537
3322,1925,San Joaquin,1.0,0.007465382299819386
3323,1925,San Joaquin,1.0,0.007465382299819386
3324,1925,San Joaquin,260.0,0.35036122817579773
3325,1925,San Joaquin,0.0,0.0
3326,1925,San Joaquin,1.0,0.007465382299819386
3327,1925,San Joaquin,46.0,0.19686935580975315
3328,1090,Fresno,132.0,0.28750752558699577
3329,1038,Fresno,1343.0,0.5963275135460566
3330,1038,Fresno,1048.0,0.5415111378687537
3331,1038,Fresno,764.0,0.48931366646598434
3332,1040,Fresno,908.0,0.5168573148705599
3333,1106,Fresno,38.0,0.18133654425045154
3334,1106,Fresno,76.0,0.24211318482841662
3335,1106,Fresno,76.0,0.24211318482841662
3336,1106,Fresno,38.0,0.18133654425045154
3337,278,Clovis,715.0,0.478476821192053
3338,278,Clovis,666.0,0.4682119205298013
3339,278,Clovis,698.0,0.47435279951836246
3340,278,Clovis,662.0,0.4673389524382902
3341,278,Clovis,733.0,0.4837748344370861
3342,278,Clovis,647.0,0.4643889223359422
3343,278,Clovis,632.0,0.46047561709813367
3344,288,Clovis,330.0,0.3720048163756773
3345,288,Clovis,622.0,0.45758579169175195
3346,288,Clovis,479.0,0.41736905478627334
3347,288,Clovis,567.0,0.4414509331727875
3348,288,Clovis,553.0,0.4376881396748946
3349,288,Clovis,588.0,0.44819385912101145
3350,296,Clovis,85.0,0.2503010234798314
3351,296,Clovis,78.0,0.24370860927152319
3352,297,Clovis,23.0,0.14145093317278748
3353,2097,Unincorporate,8.0,0.06815171583383504
3354,2097,Unincorporate,288.0,0.3590307043949428
3355,2097,Unincorporate,90.0,0.2554184226369657
3356,2098,Unincorporate,19.0,0.12332931968693558
3357,732,Fresno,658.0,0.46625526791089705
3358,732,Fresno,1287.0,0.5858518964479229
3359,732,Fresno,519.0,0.4287778446718844
3360,736,Fresno,2001.0,0.6928958458759783
3361,736,Fresno,1917.0,0.6821794099939795
3362,736,Fresno,793.0,0.4958759783263095
3363,736,Fresno,5.0,0.050752558699578565
3364,736,Fresno,176.0,0.31315472606863337
3365,735,Fresno,63.0,0.22600842865743528
3366,632,Fresno,6488.0,0.9204093919325708
3367,632,Fresno,4333.0,0.8605057194461168
3368,1396,Fresno,0.0,0.0
3369,1396,Fresno,0.0,0.0
3370,1319,Fresno,152.0,0.30033112582781457
3371,1319,Fresno,495.0,0.42203491872366045
3372,2204,Unincorporate,0.0,0.0
3373,2204,Unincorporate,0.0,0.0
3374,2204,Unincorporate,0.0,0.0
3375,2204,Unincorporate,0.0,0.0
3376,2204,Unincorporate,0.0,0.0
3377,2204,Unincorporate,0.0,0.0
3378,2204,Unincorporate,0.0,0.0
3379,2204,Unincorporate,0.0,0.0
3380,2204,Unincorporate,0.0,0.0
3381,2204,Unincorporate,0.0,0.0
3382,2204,Unincorporate,0.0,0.0
3383,2204,Unincorporate,0.0,0.0
3384,2204,Unincorporate,0.0,0.0
3385,2204,Unincorporate,0.0,0.0
3386,2204,Unincorporate,0.0,0.0
3387,2204,Unincorporate,0.0,0.0
3388,2204,Unincorporate,0.0,0.0
3389,2204,Unincorporate,0.0,0.0
3390,2204,Unincorporate,0.0,0.0
3391,2204,Unincorporate,0.0,0.0
3392,2204,Unincorporate,0.0,0.0
3393,2204,Unincorporate,0.0,0.0
3394,2204,Unincorporate,0.0,0.0
3395,2204,Unincorporate,0.0,0.0
3396,2204,Unincorporate,0.0,0.0
3397,2204,Unincorporate,0.0,0.0
3398,2204,Unincorporate,0.0,0.0
3399,2204,Unincorporate,0.0,0.0
3400,2204,Unincorporate,0.0,0.0
3401,2204,Unincorporate,0.0,0.0
3402,2204,Unincorporate,0.0,0.0
3403,2204,Unincorporate,0.0,0.0
3404,2204,Unincorporate,0.0,0.0
3405,2204,Unincorporate,0.0,0.0
3406,2204,Unincorporate,0.0,0.0
3407,2204,Unincorporate,0.0,0.0
3408,2204,Unincorporate,0.0,0.0
3409,2204,Unincorporate,0.0,0.0
3410,2204,Unincorporate,0.0,0.0
3411,2204,Unincorporate,0.0,0.0
3412,2204,Unincorporate,0.0,0.0
3413,2204,Unincorporate,0.0,0.0
3414,2204,Unincorporate,0.0,0.0
3415,2204,Unincorporate,0.0,0.0
3416,2204,Unincorporate,0.0,0.0
3417,2204,Unincorporate,0.0,0.0
3418,2204,Unincorporate,0.0,0.0
3419,2204,Unincorporate,0.0,0.0
3420,2204,Unincorporate,0.0,0.0
3421,2204,Unincorporate,0.0,0.0
3422,2204,Unincorporate,0.0,0.0
3423,2204,Unincorporate,0.0,0.0
3424,2204,Unincorporate,0.0,0.0
3425,2204,Unincorporate,0.0,0.0
3426,2204,Unincorporate,0.0,0.0
3427,2204,Unincorporate,0.0,0.0
3428,2204,Unincorporate,0.0,0.0
3429,2204,Unincorporate,0.0,0.0
3430,2204,Unincorporate,0.0,0.0
3431,2204,Unincorporate,0.0,0.0
3432,2204,Unincorporate,0.0,0.0
3433,2204,Unincorporate,0.0,0.0
3434,2204,Unincorporate,0.0,0.0
3435,2204,Unincorporate,0.0,0.0
3436,2204,Unincorporate,0.0,0.0
3437,2204,Unincorporate,0.0,0.0
3438,2204,Unincorporate,0.0,0.0
3439,2204,Unincorporate,0.0,0.0
3440,2204,Unincorporate,0.0,0.0
3441,2204,Unincorporate,0.0,0.0
3442,2204,Unincorporate,0.0,0.0
3443,2204,Unincorporate,0.0,0.0
3444,2204,Unincorporate,0.0,0.0
3445,2204,Unincorporate,0.0,0.0
3446,2204,Unincorporate,0.0,0.0
3447,2204,Unincorporate,0.0,0.0
3448,2204,Unincorporate,0.0,0.0
3449,2204,Unincorporate,0.0,0.0
3450,2204,Unincorporate,0.0,0.0
3451,2204,Unincorporate,0.0,0.0
3452,2204,Unincorporate,0.0,0.0
3453,2204,Unincorporate,0.0,0.0
3454,2204,Unincorporate,0.0,0.0
3455,2204,Unincorporate,0.0,0.0
3456,2204,Unincorporate,0.0,0.0
3457,2204,Unincorporate,0.0,0.0
3458,2204,Unincorporate,0.0,0.0
3459,2204,Unincorporate,0.0,0.0
3460,2204,Unincorporate,0.0,0.0
3461,2204,Unincorporate,0.0,0.0
3462,2204,Unincorporate,0.0,0.0
3463,2204,Unincorporate,0.0,0.0
3464,2204,Unincorporate,0.0,0.0
3465,2204,Unincorporate,0.0,0.0
3466,2204,Unincorporate,0.0,0.0
3467,2204,Unincorporate,0.0,0.0
3468,2204,Unincorporate,0.0,0.0
3469,2204,Unincorporate,0.0,0.0
3470,2204,Unincorporate,0.0,0.0
3471,2204,Unincorporate,0.0,0.0
3472,2204,Unincorporate,56.0,0.21694762191450934
3473,2204,Unincorporate,18.0,0.11815171583383503
3474,2204,Unincorporate,0.0,0.0
3475,2204,Unincorporate,0.0,0.0
3476,2204,Unincorporate,0.0,0.0
3477,2204,Unincorporate,0.0,0.0
3478,2204,Unincorporate,0.0,0.0
3479,2204,Unincorporate,0.0,0.0
3480,2204,Unincorporate,0.0,0.0
3481,2204,Unincorporate,0.0,0.0
3482,2204,Unincorporate,0.0,0.0
3483,2204,Unincorporate,0.0,0.0
3484,2204,Unincorporate,0.0,0.0
3485,2204,Unincorporate,0.0,0.0
3486,2204,Unincorporate,0.0,0.0
3487,2204,Unincorporate,0.0,0.0
3488,2204,Unincorporate,0.0,0.0
3489,2204,Unincorporate,0.0,0.0
3490,2204,Unincorporate,0.0,0.0
3491,2204,Unincorporate,0.0,0.0
3492,2204,Unincorporate,0.0,0.0
3493,2204,Unincorporate,0.0,0.0
3494,2204,Unincorporate,0.0,0.0
3495,2204,Unincorporate,0.0,0.0
3496,2204,Unincorporate,0.0,0.0
3497,2204,Unincorporate,0.0,0.0
3498,2204,Unincorporate,0.0,0.0
3499,2204,Unincorporate,0.0,0.0
3500,2204,Unincorporate,30.0,0.1627031908488862
3501,2204,Unincorporate,0.0,0.0
3502,2204,Unincorporate,0.0,0.0
3503,2204,Unincorporate,0.0,0.0
3504,2204,Unincorporate,0.0,0.0
3505,2204,Unincorporate,0.0,0.0
3506,2204,Unincorporate,0.0,0.0
3507,2204,Unincorporate,0.0,0.0
3508,2204,Unincorporate,0.0,0.0
3509,2204,Unincorporate,0.0,0.0
3510,2204,Unincorporate,0.0,0.0
3511,2204,Unincorporate,0.0,0.0
3512,2204,Unincorporate,0.0,0.0
3513,2204,Unincorporate,0.0,0.0
3514,2204,Unincorporate,0.0,0.0
3515,2204,Unincorporate,0.0,0.0
3516,2204,Unincorporate,0.0,0.0
3517,2204,Unincorporate,0.0,0.0
3518,2204,Unincorporate,0.0,0.0
3519,2204,Unincorporate,0.0,0.0
3520,2204,Unincorporate,0.0,0.0
3521,2204,Unincorporate,0.0,0.0
3522,2204,Unincorporate,0.0,0.0
3523,2204,Unincorporate,0.0,0.0
3524,2204,Unincorporate,0.0,0.0
3525,2204,Unincorporate,0.0,0.0
3526,2204,Unincorporate,0.0,0.0
3527,2204,Unincorporate,0.0,0.0
3528,2204,Unincorporate,0.0,0.0
3529,2204,Unincorporate,0.0,0.0
3530,2204,Unincorporate,0.0,0.0
3531,2204,Unincorporate,0.0,0.0
3532,2204,Unincorporate,0.0,0.0
3533,2204,Unincorporate,0.0,0.0
3534,2204,Unincorporate,0.0,0.0
3535,2204,Unincorporate,0.0,0.0
3536,2204,Unincorporate,0.0,0.0
3537,2204,Unincorporate,0.0,0.0
3538,2204,Unincorporate,0.0,0.0
3539,2204,Unincorporate,0.0,0.0
3540,2204,Unincorporate,0.0,0.0
3541,2204,Unincorporate,0.0,0.0
3542,2204,Unincorporate,0.0,0.0
3543,2204,Unincorporate,0.0,0.0
3544,2204,Unincorporate,0.0,0.0
3545,2204,Unincorporate,0.0,0.0
3546,2204,Unincorporate,0.0,0.0
3547,2204,Unincorporate,0.0,0.0
3548,2204,Unincorporate,0.0,0.0
3549,2204,Unincorporate,0.0,0.0
3550,2204,Unincorporate,0.0,0.0
3551,2204,Unincorporate,0.0,0.0
3552,2204,Unincorporate,0.0,0.0
3553,2204,Unincorporate,0.0,0.0
3554,2204,Unincorporate,0.0,0.0
3555,2204,Unincorporate,0.0,0.0
3556,2204,Unincorporate,0.0,0.0
3557,2204,Unincorporate,0.0,0.0
3558,2204,Unincorporate,0.0,0.0
3559,2204,Unincorporate,0.0,0.0
3560,2204,Unincorporate,0.0,0.0
3561,2204,Unincorporate,0.0,0.0
3562,2204,Unincorporate,0.0,0.0
3563,2204,Unincorporate,0.0,0.0
3564,2204,Unincorporate,0.0,0.0
3565,2204,Unincorporate,0.0,0.0
3566,2204,Unincorporate,0.0,0.0
3567,2204,Unincorporate,0.0,0.0
3568,2204,Unincorporate,0.0,0.0
3569,2204,Unincorporate,0.0,0.0
3570,2204,Unincorporate,0.0,0.0
3571,2204,Unincorporate,0.0,0.0
3572,2204,Unincorporate,0.0,0.0
3573,2204,Unincorporate,0.0,0.0
3574,2204,Unincorporate,0.0,0.0
3575,2204,Unincorporate,0.0,0.0
3576,2204,Unincorporate,0.0,0.0
3577,2204,Unincorporate,0.0,0.0
3578,2204,Unincorporate,0.0,0.0
3579,2204,Unincorporate,0.0,0.0
3580,2204,Unincorporate,0.0,0.0
3581,2204,Unincorporate,0.0,0.0
3582,2204,Unincorporate,0.0,0.0
3583,2204,Unincorporate,0.0,0.0
3584,2204,Unincorporate,0.0,0.0
3585,2204,Unincorporate,0.0,0.0
3586,2204,Unincorporate,0.0,0.0
3587,2204,Unincorporate,0.0,0.0
3588,2204,Unincorporate,0.0,0.0
3589,2204,Unincorporate,0.0,0.0
3590,2204,Unincorporate,0.0,0.0
3591,2204,Unincorporate,0.0,0.0
3592,2204,Unincorporate,0.0,0.0
3593,2204,Unincorporate,0.0,0.0
3594,2204,Unincorporate,0.0,0.0
3595,2204,Unincorporate,0.0,0.0
3596,2204,Unincorporate,0.0,0.0
3597,2204,Unincorporate,0.0,0.0
3598,2204,Unincorporate,0.0,0.0
3599,2204,Unincorporate,0.0,0.0
3600,2204,Unincorporate,0.0,0.0
3601,2204,Unincorporate,0.0,0.0
3602,2204,Unincorporate,0.0,0.0
3603,2204,Unincorporate,0.0,0.0
3604,2204,Unincorporate,0.0,0.0
3605,2204,Unincorporate,0.0,0.0
3606,2204,Unincorporate,0.0,0.0
3607,2204,Unincorporate,0.0,0.0
3608,2204,Unincorporate,0.0,0.0
3609,2204,Unincorporate,0.0,0.0
3610,2204,Unincorporate,0.0,0.0
3611,2204,Unincorporate,0.0,0.0
3612,2204,Unincorporate,0.0,0.0
3613,2204,Unincorporate,0.0,0.0
3614,2204,Unincorporate,0.0,0.0
3615,2204,Unincorporate,0.0,0.0
3616,2204,Unincorporate,0.0,0.0
3617,2204,Unincorporate,0.0,0.0
3618,2204,Unincorporate,0.0,0.0
3619,2204,Unincorporate,0.0,0.0
3620,2204,Unincorporate,0.0,0.0
3621,2204,Unincorporate,0.0,0.0
3622,2204,Unincorporate,0.0,0.0
3623,2204,Unincorporate,0.0,0.0
3624,2204,Unincorporate,0.0,0.0
3625,2204,Unincorporate,0.0,0.0
3626,2204,Unincorporate,0.0,0.0
3627,2204,Unincorporate,0.0,0.0
3628,2204,Unincorporate,0.0,0.0
3629,2204,Unincorporate,0.0,0.0
3630,2204,Unincorporate,0.0,0.0
3631,2204,Unincorporate,0.0,0.0
3632,2204,Unincorporate,0.0,0.0
3633,2204,Unincorporate,0.0,0.0
3634,2204,Unincorporate,0.0,0.0
3635,2204,Unincorporate,0.0,0.0
3636,2204,Unincorporate,0.0,0.0
3637,2204,Unincorporate,0.0,0.0
3638,2204,Unincorporate,0.0,0.0
3639,2204,Unincorporate,0.0,0.0
3640,2204,Unincorporate,0.0,0.0
3641,2204,Unincorporate,0.0,0.0
3642,2204,Unincorporate,0.0,0.0
3643,2204,Unincorporate,0.0,0.0
3644,2204,Unincorporate,0.0,0.0
3645,2204,Unincorporate,0.0,0.0
3646,2204,Unincorporate,0.0,0.0
3647,2204,Unincorporate,0.0,0.0
3648,2204,Unincorporate,0.0,0.0
3649,2204,Unincorporate,0.0,0.0
3650,2204,Unincorporate,0.0,0.0
3651,2204,Unincorporate,0.0,0.0
3652,2204,Unincorporate,0.0,0.0
3653,2204,Unincorporate,0.0,0.0
3654,2204,Unincorporate,0.0,0.0
3655,2204,Unincorporate,0.0,0.0
3656,2204,Unincorporate,0.0,0.0
3657,2204,Unincorporate,0.0,0.0
3658,2204,Unincorporate,0.0,0.0
3659,2204,Unincorporate,24.0,0.1451234196267309
3660,2204,Unincorporate,0.0,0.0
3661,2204,Unincorporate,0.0,0.0
3662,2204,Unincorporate,0.0,0.0
3663,2204,Unincorporate,0.0,0.0
3664,2204,Unincorporate,0.0,0.0
3665,2204,Unincorporate,0.0,0.0
3666,2204,Unincorporate,0.0,0.0
3667,2204,Unincorporate,0.0,0.0
3668,2204,Unincorporate,0.0,0.0
3669,2204,Unincorporate,0.0,0.0
3670,2204,Unincorporate,0.0,0.0
3671,2204,Unincorporate,0.0,0.0
3672,2204,Unincorporate,0.0,0.0
3673,2204,Unincorporate,0.0,0.0
3674,2204,Unincorporate,0.0,0.0
3675,2204,Unincorporate,0.0,0.0
3676,2204,Unincorporate,0.0,0.0
3677,2204,Unincorporate,0.0,0.0
3678,2204,Unincorporate,0.0,0.0
3679,2204,Unincorporate,0.0,0.0
3680,2204,Unincorporate,0.0,0.0
3681,2204,Unincorporate,0.0,0.0
3682,2204,Unincorporate,0.0,0.0
3683,2204,Unincorporate,0.0,0.0
3684,2204,Unincorporate,0.0,0.0
3685,2204,Unincorporate,0.0,0.0
3686,2204,Unincorporate,0.0,0.0
3687,2204,Unincorporate,0.0,0.0
3688,2204,Unincorporate,0.0,0.0
3689,2204,Unincorporate,0.0,0.0
3690,2204,Unincorporate,0.0,0.0
3691,2204,Unincorporate,0.0,0.0
3692,2204,Unincorporate,0.0,0.0
3693,2204,Unincorporate,0.0,0.0
3694,2204,Unincorporate,0.0,0.0
3695,2204,Unincorporate,0.0,0.0
3696,2204,Unincorporate,0.0,0.0
3697,2204,Unincorporate,0.0,0.0
3698,2204,Unincorporate,0.0,0.0
3699,2204,Unincorporate,0.0,0.0
3700,2204,Unincorporate,0.0,0.0
3701,2204,Unincorporate,0.0,0.0
3702,2204,Unincorporate,0.0,0.0
3703,2204,Unincorporate,0.0,0.0
3704,2204,Unincorporate,0.0,0.0
3705,2204,Unincorporate,0.0,0.0
3706,2204,Unincorporate,0.0,0.0
3707,2204,Unincorporate,0.0,0.0
3708,2204,Unincorporate,0.0,0.0
3709,2204,Unincorporate,0.0,0.0
3710,2204,Unincorporate,0.0,0.0
3711,2204,Unincorporate,0.0,0.0
3712,2204,Unincorporate,0.0,0.0
3713,2204,Unincorporate,0.0,0.0
3714,2204,Unincorporate,0.0,0.0
3715,2204,Unincorporate,0.0,0.0
3716,2204,Unincorporate,0.0,0.0
3717,2204,Unincorporate,0.0,0.0
3718,2204,Unincorporate,0.0,0.0
3719,2204,Unincorporate,0.0,0.0
3720,2204,Unincorporate,0.0,0.0
3721,2204,Unincorporate,0.0,0.0
3722,2204,Unincorporate,0.0,0.0
3723,2204,Unincorporate,0.0,0.0
3724,2204,Unincorporate,0.0,0.0
3725,2204,Unincorporate,0.0,0.0
3726,2204,Unincorporate,0.0,0.0
3727,2204,Unincorporate,0.0,0.0
3728,2204,Unincorporate,0.0,0.0
3729,2204,Unincorporate,0.0,0.0
3730,2204,Unincorporate,0.0,0.0
3731,2204,Unincorporate,0.0,0.0
3732,2204,Unincorporate,0.0,0.0
3733,2204,Unincorporate,24.0,0.1451234196267309
3734,2204,Unincorporate,0.0,0.0
3735,2204,Unincorporate,0.0,0.0
3736,2204,Unincorporate,0.0,0.0
3737,2204,Unincorporate,0.0,0.0
3738,2204,Unincorporate,0.0,0.0
3739,2204,Unincorporate,0.0,0.0
3740,2204,Unincorporate,0.0,0.0
3741,2204,Unincorporate,0.0,0.0
3742,2204,Unincorporate,0.0,0.0
3743,2204,Unincorporate,0.0,0.0
3744,2204,Unincorporate,0.0,0.0
3745,2204,Unincorporate,0.0,0.0
3746,2204,Unincorporate,0.0,0.0
3747,2204,Unincorporate,0.0,0.0
3748,2204,Unincorporate,0.0,0.0
3749,2204,Unincorporate,0.0,0.0
3750,2204,Unincorporate,0.0,0.0
3751,2204,Unincorporate,0.0,0.0
3752,2204,Unincorporate,0.0,0.0
3753,2204,Unincorporate,0.0,0.0
3754,2204,Unincorporate,0.0,0.0
3755,2204,Unincorporate,0.0,0.0
3756,2204,Unincorporate,0.0,0.0
3757,2204,Unincorporate,0.0,0.0
3758,2204,Unincorporate,0.0,0.0
3759,2204,Unincorporate,0.0,0.0
3760,2204,Unincorporate,0.0,0.0
3761,2204,Unincorporate,0.0,0.0
3762,2204,Unincorporate,0.0,0.0
3763,2204,Unincorporate,0.0,0.0
3764,2204,Unincorporate,0.0,0.0
3765,2204,Unincorporate,0.0,0.0
3766,2204,Unincorporate,0.0,0.0
3767,2204,Unincorporate,0.0,0.0
3768,2204,Unincorporate,0.0,0.0
3769,2204,Unincorporate,0.0,0.0
3770,2204,Unincorporate,0.0,0.0
3771,2204,Unincorporate,0.0,0.0
3772,2204,Unincorporate,0.0,0.0
3773,2204,Unincorporate,0.0,0.0
3774,2204,Unincorporate,0.0,0.0
3775,2204,Unincorporate,0.0,0.0
3776,2204,Unincorporate,0.0,0.0
3777,2204,Unincorporate,0.0,0.0
3778,2204,Unincorporate,0.0,0.0
3779,2204,Unincorporate,0.0,0.0
3780,2204,Unincorporate,0.0,0.0
3781,2204,Unincorporate,0.0,0.0
3782,2204,Unincorporate,0.0,0.0
3783,2204,Unincorporate,0.0,0.0
3784,2204,Unincorporate,0.0,0.0
3785,2204,Unincorporate,0.0,0.0
3786,2204,Unincorporate,0.0,0.0
3787,2204,Unincorporate,0.0,0.0
3788,2204,Unincorporate,0.0,0.0
3789,2204,Unincorporate,0.0,0.0
3790,2204,Unincorporate,0.0,0.0
3791,2204,Unincorporate,0.0,0.0
3792,2204,Unincorporate,0.0,0.0
3793,2204,Unincorporate,0.0,0.0
3794,2204,Unincorporate,0.0,0.0
3795,2204,Unincorporate,0.0,0.0
3796,2204,Unincorporate,0.0,0.0
3797,2204,Unincorporate,0.0,0.0
3798,2204,Unincorporate,0.0,0.0
3799,2204,Unincorporate,0.0,0.0
3800,2204,Unincorporate,0.0,0.0
3801,2204,Unincorporate,0.0,0.0
3802,2204,Unincorporate,0.0,0.0
3803,2204,Unincorporate,0.0,0.0
3804,2204,Unincorporate,0.0,0.0
3805,2204,Unincorporate,0.0,0.0
3806,2204,Unincorporate,0.0,0.0
3807,2204,Unincorporate,0.0,0.0
3808,2204,Unincorporate,0.0,0.0
3809,2204,Unincorporate,0.0,0.0
3810,2204,Unincorporate,0.0,0.0
3811,2204,Unincorporate,0.0,0.0
3812,2204,Unincorporate,0.0,0.0
3813,2204,Unincorporate,0.0,0.0
3814,2204,Unincorporate,0.0,0.0
3815,2204,Unincorporate,0.0,0.0
3816,2204,Unincorporate,0.0,0.0
3817,2204,Unincorporate,0.0,0.0
3818,2204,Unincorporate,0.0,0.0
3819,2204,Unincorporate,0.0,0.0
3820,2204,Unincorporate,0.0,0.0
3821,2204,Unincorporate,0.0,0.0
3822,2204,Unincorporate,0.0,0.0
3823,2204,Unincorporate,0.0,0.0
3824,2204,Unincorporate,0.0,0.0
3825,2204,Unincorporate,24.0,0.1451234196267309
3826,2204,Unincorporate,0.0,0.0
3827,2204,Unincorporate,0.0,0.0
3828,2204,Unincorporate,0.0,0.0
3829,2204,Unincorporate,0.0,0.0
3830,2204,Unincorporate,0.0,0.0
3831,2204,Unincorporate,0.0,0.0
3832,2204,Unincorporate,0.0,0.0
3833,2204,Unincorporate,0.0,0.0
3834,2204,Unincorporate,0.0,0.0
3835,2204,Unincorporate,0.0,0.0
3836,2204,Unincorporate,0.0,0.0
3837,2204,Unincorporate,0.0,0.0
3838,2204,Unincorporate,0.0,0.0
3839,2204,Unincorporate,0.0,0.0
3840,2204,Unincorporate,2.0,0.021763997591812162
3841,2204,Unincorporate,0.0,0.0
3842,2204,Unincorporate,0.0,0.0
3843,2204,Unincorporate,0.0,0.0
3844,2204,Unincorporate,0.0,0.0
3845,2204,Unincorporate,0.0,0.0
3846,2204,Unincorporate,0.0,0.0
3847,2204,Unincorporate,0.0,0.0
3848,2204,Unincorporate,0.0,0.0
3849,2204,Unincorporate,0.0,0.0
3850,2204,Unincorporate,0.0,0.0
3851,2204,Unincorporate,0.0,0.0
3852,2204,Unincorporate,0.0,0.0
3853,2204,Unincorporate,2.0,0.021763997591812162
3854,2204,Unincorporate,0.0,0.0
3855,2204,Unincorporate,0.0,0.0
3856,2204,Unincorporate,0.0,0.0
3857,2204,Unincorporate,0.0,0.0
3858,2204,Unincorporate,0.0,0.0
3859,2204,Unincorporate,0.0,0.0
3860,2204,Unincorporate,0.0,0.0
3861,2204,Unincorporate,0.0,0.0
3862,2204,Unincorporate,0.0,0.0
3863,2204,Unincorporate,0.0,0.0
3864,2204,Unincorporate,0.0,0.0
3865,2204,Unincorporate,0.0,0.0
3866,2204,Unincorporate,0.0,0.0
3867,2204,Unincorporate,0.0,0.0
3868,2204,Unincorporate,0.0,0.0
3869,2204,Unincorporate,0.0,0.0
3870,2204,Unincorporate,0.0,0.0
3871,2290,Unincorporate,0.0,0.0
3872,2290,Unincorporate,0.0,0.0
3873,2290,Unincorporate,0.0,0.0
3874,2290,Unincorporate,0.0,0.0
3875,2290,Unincorporate,0.0,0.0
3876,2290,Unincorporate,0.0,0.0
3877,2290,Unincorporate,0.0,0.0
3878,2290,Unincorporate,0.0,0.0
3879,2290,Unincorporate,26.0,0.1517760385310054
3880,2290,Unincorporate,0.0,0.0
3881,2290,Unincorporate,0.0,0.0
3882,2290,Unincorporate,0.0,0.0
3883,2290,Unincorporate,0.0,0.0
3884,2290,Unincorporate,0.0,0.0
3885,2290,Unincorporate,0.0,0.0
3886,2290,Unincorporate,21.0,0.1343467790487658
3887,2290,Unincorporate,13.0,0.09331727874774233
3888,2290,Unincorporate,0.0,0.0
3889,2290,Unincorporate,0.0,0.0
3890,2290,Unincorporate,0.0,0.0
3891,2290,Unincorporate,0.0,0.0
3892,2290,Unincorporate,28.0,0.15755568934376882
3893,2290,Unincorporate,0.0,0.0
3894,2290,Unincorporate,0.0,0.0
3895,2290,Unincorporate,0.0,0.0
3896,2290,Unincorporate,0.0,0.0
3897,2290,Unincorporate,13.0,0.09331727874774233
3898,2290,Unincorporate,0.0,0.0
3899,2290,Unincorporate,43.0,0.19039735099337748
3900,2290,Unincorporate,0.0,0.0
3901,2290,Unincorporate,20.0,0.1290487658037327
3902,2290,Unincorporate,162.0,0.3052077062010837
3903,2290,Unincorporate,50.0,0.20463576158940397
3904,2290,Unincorporate,0.0,0.0
3905,2290,Unincorporate,13.0,0.09331727874774233
3906,2290,Unincorporate,13.0,0.09331727874774233
3907,2290,Unincorporate,0.0,0.0
3908,2290,Unincorporate,0.0,0.0
3909,2290,Unincorporate,0.0,0.0
3910,2290,Unincorporate,0.0,0.0
3911,2290,Unincorporate,0.0,0.0
3912,2290,Unincorporate,0.0,0.0
3913,2290,Unincorporate,0.0,0.0
3914,2290,Unincorporate,0.0,0.0
3915,2290,Unincorporate,0.0,0.0
3916,2290,Unincorporate,0.0,0.0
3917,2290,Unincorporate,0.0,0.0
3918,2290,Unincorporate,0.0,0.0
3919,2290,Unincorporate,0.0,0.0
3920,2290,Unincorporate,0.0,0.0
3921,2290,Unincorporate,18.0,0.11815171583383503
3922,2290,Unincorporate,0.0,0.0
3923,2290,Unincorporate,0.0,0.0
3924,2290,Unincorporate,0.0,0.0
3925,2290,Unincorporate,0.0,0.0
3926,2290,Unincorporate,0.0,0.0
3927,2291,Unincorporate,0.0,0.0
3928,2291,Unincorporate,0.0,0.0
3929,2291,Unincorporate,0.0,0.0
3930,2291,Unincorporate,0.0,0.0
3931,2291,Unincorporate,0.0,0.0
3932,2291,Unincorporate,0.0,0.0
3933,2291,Unincorporate,0.0,0.0
3934,2291,Unincorporate,0.0,0.0
3935,2291,Unincorporate,0.0,0.0
3936,2291,Unincorporate,0.0,0.0
3937,2291,Unincorporate,0.0,0.0
3938,2291,Unincorporate,0.0,0.0
3939,2291,Unincorporate,0.0,0.0
3940,2291,Unincorporate,0.0,0.0
3941,2291,Unincorporate,0.0,0.0
3942,2291,Unincorporate,0.0,0.0
3943,2291,Unincorporate,0.0,0.0
3944,2291,Unincorporate,0.0,0.0
3945,2291,Unincorporate,0.0,0.0
3946,2291,Unincorporate,0.0,0.0
3947,2291,Unincorporate,0.0,0.0
3948,2291,Unincorporate,0.0,0.0
3949,2291,Unincorporate,0.0,0.0
3950,2291,Unincorporate,0.0,0.0
3951,2291,Unincorporate,0.0,0.0
3952,2291,Unincorporate,0.0,0.0
3953,2291,Unincorporate,2.0,0.021763997591812162
3954,2291,Unincorporate,0.0,0.0
3955,2291,Unincorporate,0.0,0.0
3956,2291,Unincorporate,0.0,0.0
3957,2291,Unincorporate,0.0,0.0
3958,2291,Unincorporate,0.0,0.0
3959,2291,Unincorporate,0.0,0.0
3960,2291,Unincorporate,0.0,0.0
3961,2291,Unincorporate,0.0,0.0
3962,2291,Unincorporate,393.0,0.39009632751354606
3963,2291,Unincorporate,0.0,0.0
3964,2291,Unincorporate,0.0,0.0
3965,2291,Unincorporate,0.0,0.0
3966,2294,Unincorporate,23.0,0.14145093317278748
3967,2294,Unincorporate,0.0,0.0
3968,2294,Unincorporate,0.0,0.0
3969,2303,Unincorporate,0.0,0.0
3970,2303,Unincorporate,0.0,0.0
3971,2303,Unincorporate,0.0,0.0
3972,2303,Unincorporate,0.0,0.0
3973,2303,Unincorporate,20.0,0.1290487658037327
3974,2303,Unincorporate,0.0,0.0
3975,2304,Unincorporate,0.0,0.0
3976,2304,Unincorporate,0.0,0.0
3977,2304,Unincorporate,0.0,0.0
3978,2304,Unincorporate,0.0,0.0
3979,2304,Unincorporate,0.0,0.0
3980,2304,Unincorporate,0.0,0.0
3981,2304,Unincorporate,0.0,0.0
3982,2304,Unincorporate,0.0,0.0
3983,2305,Unincorporate,0.0,0.0
3984,2305,Unincorporate,0.0,0.0
3985,2305,Unincorporate,0.0,0.0
3986,2305,Unincorporate,0.0,0.0
3987,2305,Unincorporate,0.0,0.0
3988,2305,Unincorporate,0.0,0.0
3989,2305,Unincorporate,0.0,0.0
3990,2305,Unincorporate,0.0,0.0
3991,2319,Unincorporate,0.0,0.0
3992,2319,Unincorporate,14.0,0.098314268512944
3993,2319,Unincorporate,0.0,0.0
3994,2319,Unincorporate,0.0,0.0
3995,2319,Unincorporate,21.0,0.1343467790487658
3996,2319,Unincorporate,0.0,0.0
3997,2319,Unincorporate,0.0,0.0
3998,2319,Unincorporate,0.0,0.0
3999,2327,Unincorporate,0.0,0.0
4000,2327,Unincorporate,0.0,0.0
4001,2327,Unincorporate,0.0,0.0
4002,2327,Unincorporate,0.0,0.0
4003,2327,Unincorporate,0.0,0.0
4004,2327,Unincorporate,0.0,0.0
4005,2327,Unincorporate,0.0,0.0
4006,2327,Unincorporate,0.0,0.0
4007,2325,Unincorporate,0.0,0.0
4008,2325,Unincorporate,0.0,0.0
4009,2325,Unincorporate,0.0,0.0
4010,2325,Unincorporate,0.0,0.0
4011,2325,Unincorporate,0.0,0.0
4012,2325,Unincorporate,0.0,0.0
4013,2325,Unincorporate,0.0,0.0
4014,2291,Unincorporate,0.0,0.0
4015,2298,Unincorporate,0.0,0.0
4016,2291,Unincorporate,0.0,0.0
4017,2298,Unincorporate,0.0,0.0
4018,2292,Unincorporate,64.0,0.227423239012643
4019,2292,Unincorporate,0.0,0.0
4020,2292,Unincorporate,0.0,0.0
4021,2292,Unincorporate,0.0,0.0
4022,2292,Unincorporate,0.0,0.0
4023,2292,Unincorporate,64.0,0.227423239012643
4024,2292,Unincorporate,171.0,0.30942203491872367
4025,2292,Unincorporate,0.0,0.0
4026,2292,Unincorporate,0.0,0.0
4027,2292,Unincorporate,0.0,0.0
4028,2292,Unincorporate,0.0,0.0
4029,2292,Unincorporate,0.0,0.0
4030,2292,Unincorporate,0.0,0.0
4031,2292,Unincorporate,0.0,0.0
4032,2292,Unincorporate,50.0,0.20463576158940397
4033,2292,Unincorporate,128.0,0.2854605659241421
4034,2292,Unincorporate,0.0,0.0
4035,2292,Unincorporate,0.0,0.0
4036,2292,Unincorporate,0.0,0.0
4037,2292,Unincorporate,0.0,0.0
4038,2293,Unincorporate,180.0,0.3159542444310656
4039,2293,Unincorporate,106.0,0.26992775436484046
4040,2293,Unincorporate,0.0,0.0
4041,2293,Unincorporate,0.0,0.0
4042,2293,Unincorporate,1.0,0.007465382299819386
4043,2293,Unincorporate,0.0,0.0
4044,2293,Unincorporate,0.0,0.0
4045,2293,Unincorporate,0.0,0.0
4046,2293,Unincorporate,0.0,0.0
4047,2293,Unincorporate,0.0,0.0
4048,2293,Unincorporate,212.0,0.3303431667670078
4049,2293,Unincorporate,0.0,0.0
4050,2293,Unincorporate,0.0,0.0
4051,2293,Unincorporate,0.0,0.0
4052,2293,Unincorporate,38.0,0.18133654425045154
4053,2293,Unincorporate,18.0,0.11815171583383503
4054,2293,Unincorporate,18.0,0.11815171583383503
4055,2293,Unincorporate,0.0,0.0
4056,2293,Unincorporate,0.0,0.0
4057,2293,Unincorporate,46.0,0.19686935580975315
4058,2293,Unincorporate,0.0,0.0
4059,2293,Unincorporate,212.0,0.3303431667670078
4060,2293,Unincorporate,0.0,0.0
4061,2293,Unincorporate,0.0,0.0
4062,2293,Unincorporate,0.0,0.0
4063,2293,Unincorporate,80.0,0.24530403371462975
4064,2293,Unincorporate,0.0,0.0
4065,2293,Unincorporate,64.0,0.227423239012643
4066,2293,Unincorporate,0.0,0.0
4067,2293,Unincorporate,0.0,0.0
4068,2294,Unincorporate,0.0,0.0
4069,2294,Unincorporate,0.0,0.0
4070,2294,Unincorporate,0.0,0.0
4071,2294,Unincorporate,0.0,0.0
4072,2294,Unincorporate,0.0,0.0
4073,2294,Unincorporate,0.0,0.0
4074,2294,Unincorporate,0.0,0.0
4075,2294,Unincorporate,0.0,0.0
4076,2294,Unincorporate,0.0,0.0
4077,2294,Unincorporate,154.0,0.30150511739915714
4078,2294,Unincorporate,0.0,0.0
4079,2294,Unincorporate,0.0,0.0
4080,2294,Unincorporate,0.0,0.0
4081,2294,Unincorporate,31.0,0.1650812763395545
4082,2294,Unincorporate,308.0,0.36499096929560504
4083,2294,Unincorporate,0.0,0.0
4084,2294,Unincorporate,0.0,0.0
4085,2294,Unincorporate,0.0,0.0
4086,2294,Unincorporate,0.0,0.0
4087,2294,Unincorporate,0.0,0.0
4088,2294,Unincorporate,15.0,0.10361228175797713
4089,2294,Unincorporate,106.0,0.26992775436484046
4090,2294,Unincorporate,0.0,0.0
4091,2294,Unincorporate,0.0,0.0
4092,2294,Unincorporate,0.0,0.0
4093,2294,Unincorporate,0.0,0.0
4094,2294,Unincorporate,0.0,0.0
4095,2294,Unincorporate,0.0,0.0
4096,2294,Unincorporate,0.0,0.0
4097,2294,Unincorporate,0.0,0.0
4098,2294,Unincorporate,19.0,0.12332931968693558
4099,2294,Unincorporate,0.0,0.0
4100,2294,Unincorporate,0.0,0.0
4101,2294,Unincorporate,0.0,0.0
4102,2294,Unincorporate,0.0,0.0
4103,2295,Unincorporate,0.0,0.0
4104,2295,Unincorporate,0.0,0.0
4105,2295,Unincorporate,0.0,0.0
4106,2295,Unincorporate,0.0,0.0
4107,2295,Unincorporate,0.0,0.0
4108,2295,Unincorporate,0.0,0.0
4109,2295,Unincorporate,0.0,0.0
4110,2295,Unincorporate,0.0,0.0
4111,2295,Unincorporate,0.0,0.0
4112,2295,Unincorporate,3.0,0.033564118001204096
4113,2295,Unincorporate,0.0,0.0
4114,2295,Unincorporate,0.0,0.0
4115,2295,Unincorporate,0.0,0.0
4116,2295,Unincorporate,0.0,0.0
4117,2295,Unincorporate,0.0,0.0
4118,2295,Unincorporate,0.0,0.0
4119,2295,Unincorporate,0.0,0.0
4120,2295,Unincorporate,0.0,0.0
4121,2295,Unincorporate,0.0,0.0
4122,2295,Unincorporate,0.0,0.0
4123,2295,Unincorporate,0.0,0.0
4124,2295,Unincorporate,0.0,0.0
4125,2295,Unincorporate,0.0,0.0
4126,2295,Unincorporate,0.0,0.0
4127,2295,Unincorporate,0.0,0.0
4128,2295,Unincorporate,0.0,0.0
4129,2295,Unincorporate,0.0,0.0
4130,2295,Unincorporate,0.0,0.0
4131,2295,Unincorporate,0.0,0.0
4132,2295,Unincorporate,0.0,0.0
4133,2295,Unincorporate,0.0,0.0
4134,2295,Unincorporate,0.0,0.0
4135,2295,Unincorporate,0.0,0.0
4136,2295,Unincorporate,0.0,0.0
4137,2295,Unincorporate,0.0,0.0
4138,2295,Unincorporate,0.0,0.0
4139,2295,Unincorporate,0.0,0.0
4140,2295,Unincorporate,0.0,0.0
4141,2295,Unincorporate,0.0,0.0
4142,2295,Unincorporate,0.0,0.0
4143,2295,Unincorporate,0.0,0.0
4144,2295,Unincorporate,11.0,0.08383503913305237
4145,2295,Unincorporate,0.0,0.0
4146,2303,Unincorporate,0.0,0.0
4147,2303,Unincorporate,0.0,0.0
4148,2303,Unincorporate,0.0,0.0
4149,2303,Unincorporate,0.0,0.0
4150,2303,Unincorporate,0.0,0.0
4151,2303,Unincorporate,0.0,0.0
4152,2303,Unincorporate,0.0,0.0
4153,2303,Unincorporate,0.0,0.0
4154,2303,Unincorporate,0.0,0.0
4155,2303,Unincorporate,0.0,0.0
4156,2303,Unincorporate,0.0,0.0
4157,2303,Unincorporate,0.0,0.0
4158,2303,Unincorporate,0.0,0.0
4159,2303,Unincorporate,0.0,0.0
4160,2303,Unincorporate,0.0,0.0
4161,2303,Unincorporate,0.0,0.0
4162,2303,Unincorporate,0.0,0.0
4163,2303,Unincorporate,20.0,0.1290487658037327
4164,2303,Unincorporate,0.0,0.0
4165,2303,Unincorporate,20.0,0.1290487658037327
4166,2303,Unincorporate,0.0,0.0
4167,2303,Unincorporate,0.0,0.0
4168,2303,Unincorporate,0.0,0.0
4169,2303,Unincorporate,0.0,0.0
4170,2303,Unincorporate,0.0,0.0
4171,2303,Unincorporate,0.0,0.0
4172,2303,Unincorporate,0.0,0.0
4173,2303,Unincorporate,0.0,0.0
4174,2303,Unincorporate,0.0,0.0
4175,2303,Unincorporate,0.0,0.0
4176,2303,Unincorporate,0.0,0.0
4177,2303,Unincorporate,20.0,0.1290487658037327
4178,2303,Unincorporate,0.0,0.0
4179,2303,Unincorporate,0.0,0.0
4180,2303,Unincorporate,0.0,0.0
4181,2303,Unincorporate,0.0,0.0
4182,2303,Unincorporate,20.0,0.1290487658037327
4183,2303,Unincorporate,20.0,0.1290487658037327
4184,2303,Unincorporate,0.0,0.0
4185,2303,Unincorporate,0.0,0.0
4186,2303,Unincorporate,0.0,0.0
4187,2303,Unincorporate,0.0,0.0
4188,2303,Unincorporate,20.0,0.1290487658037327
4189,2303,Unincorporate,0.0,0.0
4190,2303,Unincorporate,0.0,0.0
4191,2303,Unincorporate,0.0,0.0
4192,2303,Unincorporate,0.0,0.0
4193,2303,Unincorporate,0.0,0.0
4194,2303,Unincorporate,20.0,0.1290487658037327
4195,2303,Unincorporate,0.0,0.0
4196,2303,Unincorporate,0.0,0.0
4197,2303,Unincorporate,0.0,0.0
4198,2303,Unincorporate,0.0,0.0
4199,2303,Unincorporate,0.0,0.0
4200,2303,Unincorporate,0.0,0.0
4201,2303,Unincorporate,0.0,0.0
4202,2303,Unincorporate,0.0,0.0
4203,2303,Unincorporate,0.0,0.0
4204,2303,Unincorporate,0.0,0.0
4205,2303,Unincorporate,0.0,0.0
4206,2303,Unincorporate,0.0,0.0
4207,2303,Unincorporate,0.0,0.0
4208,2303,Unincorporate,0.0,0.0
4209,2303,Unincorporate,0.0,0.0
4210,2303,Unincorporate,0.0,0.0
4211,2303,Unincorporate,20.0,0.1290487658037327
4212,2303,Unincorporate,0.0,0.0
4213,2303,Unincorporate,0.0,0.0
4214,2303,Unincorporate,0.0,0.0
4215,2303,Unincorporate,0.0,0.0
4216,2303,Unincorporate,0.0,0.0
4217,2303,Unincorporate,0.0,0.0
4218,2303,Unincorporate,0.0,0.0
4219,2303,Unincorporate,0.0,0.0
4220,2303,Unincorporate,0.0,0.0
4221,2300,Unincorporate,0.0,0.0
4222,2300,Unincorporate,0.0,0.0
4223,2300,Unincorporate,0.0,0.0
4224,2300,Unincorporate,18.0,0.11815171583383503
4225,2300,Unincorporate,0.0,0.0
4226,2300,Unincorporate,0.0,0.0
4227,2300,Unincorporate,19.0,0.12332931968693558
4228,2300,Unincorporate,0.0,0.0
4229,2300,Unincorporate,36.0,0.17606863335340156
4230,2300,Unincorporate,0.0,0.0
4231,2300,Unincorporate,0.0,0.0
4232,2300,Unincorporate,21.0,0.1343467790487658
4233,2300,Unincorporate,0.0,0.0
4234,2300,Unincorporate,0.0,0.0
4235,2300,Unincorporate,0.0,0.0
4236,2300,Unincorporate,0.0,0.0
4237,2300,Unincorporate,0.0,0.0
4238,2300,Unincorporate,0.0,0.0
4239,2300,Unincorporate,0.0,0.0
4240,2300,Unincorporate,0.0,0.0
4241,2300,Unincorporate,0.0,0.0
4242,2300,Unincorporate,0.0,0.0
4243,2300,Unincorporate,0.0,0.0
4244,2297,Unincorporate,17.0,0.11363636363636363
4245,2297,Unincorporate,0.0,0.0
4246,2297,Unincorporate,0.0,0.0
4247,2297,Unincorporate,0.0,0.0
4248,2297,Unincorporate,0.0,0.0
4249,2297,Unincorporate,16.0,0.10885009030704396
4250,2297,Unincorporate,0.0,0.0
4251,2297,Unincorporate,0.0,0.0
4252,2297,Unincorporate,0.0,0.0
4253,2297,Unincorporate,0.0,0.0
4254,2297,Unincorporate,0.0,0.0
4255,2297,Unincorporate,0.0,0.0
4256,2297,Unincorporate,94.0,0.2590307043949428
4257,2297,Unincorporate,0.0,0.0
4258,2297,Unincorporate,0.0,0.0
4259,2297,Unincorporate,0.0,0.0
4260,2297,Unincorporate,0.0,0.0
4261,2297,Unincorporate,0.0,0.0
4262,2297,Unincorporate,0.0,0.0
4263,2297,Unincorporate,0.0,0.0
4264,2297,Unincorporate,0.0,0.0
4265,2297,Unincorporate,0.0,0.0
4266,2297,Unincorporate,94.0,0.2590307043949428
4267,2297,Unincorporate,0.0,0.0
4268,2297,Unincorporate,0.0,0.0
4269,2297,Unincorporate,0.0,0.0
4270,2297,Unincorporate,94.0,0.2590307043949428
4271,2297,Unincorporate,0.0,0.0
4272,2297,Unincorporate,0.0,0.0
4273,2297,Unincorporate,0.0,0.0
4274,2297,Unincorporate,0.0,0.0
4275,2297,Unincorporate,0.0,0.0
4276,2299,Unincorporate,17.0,0.11363636363636363
4277,2299,Unincorporate,0.0,0.0
4278,2299,Unincorporate,0.0,0.0
4279,2299,Unincorporate,0.0,0.0
4280,2299,Unincorporate,0.0,0.0
4281,2299,Unincorporate,0.0,0.0
4282,2299,Unincorporate,34.0,0.17146297411198075
4283,2297,Unincorporate,0.0,0.0
4284,2299,Unincorporate,0.0,0.0
4285,2299,Unincorporate,0.0,0.0
4286,2299,Unincorporate,0.0,0.0
4287,2299,Unincorporate,0.0,0.0
4288,2299,Unincorporate,0.0,0.0
4289,2299,Unincorporate,1.0,0.007465382299819386
4290,2299,Unincorporate,0.0,0.0
4291,2299,Unincorporate,0.0,0.0
4292,2299,Unincorporate,0.0,0.0
4293,2299,Unincorporate,0.0,0.0
4294,2299,Unincorporate,0.0,0.0
4295,2299,Unincorporate,0.0,0.0
4296,2299,Unincorporate,16.0,0.10885009030704396
4297,2299,Unincorporate,0.0,0.0
4298,2297,Unincorporate,0.0,0.0
4299,2299,Unincorporate,13.0,0.09331727874774233
4300,2299,Unincorporate,0.0,0.0
4301,2299,Unincorporate,0.0,0.0
4302,2299,Unincorporate,0.0,0.0
4303,2299,Unincorporate,0.0,0.0
4304,2299,Unincorporate,25.0,0.14864539434075857
4305,2299,Unincorporate,14.0,0.098314268512944
4306,2299,Unincorporate,0.0,0.0
4307,2296,Unincorporate,0.0,0.0
4308,2296,Unincorporate,9.0,0.07393136664659844
4309,2296,Unincorporate,0.0,0.0
4310,2296,Unincorporate,0.0,0.0
4311,2296,Unincorporate,164.0,0.30638169777242624
4312,2296,Unincorporate,0.0,0.0
4313,2296,Unincorporate,0.0,0.0
4314,2296,Unincorporate,0.0,0.0
4315,2296,Unincorporate,0.0,0.0
4316,2296,Unincorporate,0.0,0.0
4317,2296,Unincorporate,0.0,0.0
4318,2296,Unincorporate,0.0,0.0
4319,2296,Unincorporate,0.0,0.0
4320,2296,Unincorporate,0.0,0.0
4321,2296,Unincorporate,0.0,0.0
4322,2296,Unincorporate,24.0,0.1451234196267309
4323,2296,Unincorporate,0.0,0.0
4324,2296,Unincorporate,0.0,0.0
4325,2296,Unincorporate,0.0,0.0
4326,2296,Unincorporate,4.0,0.04298615291992775
4327,2296,Unincorporate,0.0,0.0
4328,2296,Unincorporate,0.0,0.0
4329,2296,Unincorporate,0.0,0.0
4330,2296,Unincorporate,0.0,0.0
4331,2296,Unincorporate,0.0,0.0
4332,2296,Unincorporate,0.0,0.0
4333,2296,Unincorporate,0.0,0.0
4334,2296,Unincorporate,0.0,0.0
4335,2296,Unincorporate,0.0,0.0
4336,2296,Unincorporate,0.0,0.0
4337,2296,Unincorporate,0.0,0.0
4338,2296,Unincorporate,0.0,0.0
4339,2296,Unincorporate,0.0,0.0
4340,2296,Unincorporate,0.0,0.0
4341,2296,Unincorporate,0.0,0.0
4342,2296,Unincorporate,0.0,0.0
4343,2296,Unincorporate,0.0,0.0
4344,2296,Unincorporate,0.0,0.0
4345,2296,Unincorporate,0.0,0.0
4346,2205,Unincorporate,0.0,0.0
4347,2205,Unincorporate,0.0,0.0
4348,2205,Unincorporate,0.0,0.0
4349,2205,Unincorporate,0.0,0.0
4350,2205,Unincorporate,0.0,0.0
4351,2206,Unincorporate,0.0,0.0
4352,2206,Unincorporate,0.0,0.0
4353,2206,Unincorporate,33.0,0.16887417218543047
4354,2206,Unincorporate,0.0,0.0
4355,2206,Unincorporate,0.0,0.0
4356,2206,Unincorporate,0.0,0.0
4357,2206,Unincorporate,33.0,0.16887417218543047
4358,2206,Unincorporate,33.0,0.16887417218543047
4359,2206,Unincorporate,0.0,0.0
4360,2206,Unincorporate,0.0,0.0
4361,2206,Unincorporate,0.0,0.0
4362,2206,Unincorporate,0.0,0.0
4363,2206,Unincorporate,0.0,0.0
4364,2206,Unincorporate,0.0,0.0
4365,2206,Unincorporate,0.0,0.0
4366,2206,Unincorporate,0.0,0.0
4367,2206,Unincorporate,0.0,0.0
4368,2206,Unincorporate,0.0,0.0
4369,2206,Unincorporate,0.0,0.0
4370,2206,Unincorporate,0.0,0.0
4371,2206,Unincorporate,0.0,0.0
4372,2206,Unincorporate,0.0,0.0
4373,2206,Unincorporate,33.0,0.16887417218543047
4374,2206,Unincorporate,0.0,0.0
4375,2206,Unincorporate,0.0,0.0
4376,2206,Unincorporate,0.0,0.0
4377,2206,Unincorporate,0.0,0.0
4378,2204,Unincorporate,0.0,0.0
4379,2206,Unincorporate,33.0,0.16887417218543047
4380,2206,Unincorporate,0.0,0.0
4381,2206,Unincorporate,0.0,0.0
4382,2206,Unincorporate,0.0,0.0
4383,2206,Unincorporate,33.0,0.16887417218543047
4384,2206,Unincorporate,0.0,0.0
4385,2206,Unincorporate,0.0,0.0
4386,2206,Unincorporate,0.0,0.0
4387,2206,Unincorporate,0.0,0.0
4388,2206,Unincorporate,0.0,0.0
4389,2206,Unincorporate,0.0,0.0
4390,2206,Unincorporate,0.0,0.0
4391,2206,Unincorporate,0.0,0.0
4392,2206,Unincorporate,33.0,0.16887417218543047
4393,2206,Unincorporate,0.0,0.0
4394,2206,Unincorporate,33.0,0.16887417218543047
4395,2206,Unincorporate,0.0,0.0
4396,2206,Unincorporate,0.0,0.0
4397,2206,Unincorporate,0.0,0.0
4398,2206,Unincorporate,0.0,0.0
4399,2206,Unincorporate,0.0,0.0
4400,2206,Unincorporate,0.0,0.0
4401,2206,Unincorporate,0.0,0.0
4402,2206,Unincorporate,0.0,0.0
4403,2206,Unincorporate,0.0,0.0
4404,2206,Unincorporate,0.0,0.0
4405,2206,Unincorporate,0.0,0.0
4406,2206,Unincorporate,0.0,0.0
4407,2206,Unincorporate,0.0,0.0
4408,2206,Unincorporate,0.0,0.0
4409,2206,Unincorporate,0.0,0.0
4410,2206,Unincorporate,0.0,0.0
4411,2206,Unincorporate,0.0,0.0
4412,2206,Unincorporate,0.0,0.0
4413,2206,Unincorporate,0.0,0.0
4414,2206,Unincorporate,0.0,0.0
4415,2206,Unincorporate,0.0,0.0
4416,2206,Unincorporate,0.0,0.0
4417,2206,Unincorporate,0.0,0.0
4418,2206,Unincorporate,0.0,0.0
4419,2206,Unincorporate,0.0,0.0
4420,2206,Unincorporate,33.0,0.16887417218543047
4421,2206,Unincorporate,0.0,0.0
4422,2206,Unincorporate,0.0,0.0
4423,2206,Unincorporate,0.0,0.0
4424,2206,Unincorporate,0.0,0.0
4425,2206,Unincorporate,0.0,0.0
4426,2206,Unincorporate,0.0,0.0
4427,2206,Unincorporate,0.0,0.0
4428,2206,Unincorporate,0.0,0.0
4429,2206,Unincorporate,0.0,0.0
4430,2206,Unincorporate,0.0,0.0
4431,2206,Unincorporate,0.0,0.0
4432,2206,Unincorporate,0.0,0.0
4433,2206,Unincorporate,0.0,0.0
4434,2206,Unincorporate,0.0,0.0
4435,2206,Unincorporate,0.0,0.0
4436,2206,Unincorporate,66.0,0.2300421432871764
4437,2206,Unincorporate,33.0,0.16887417218543047
4438,2206,Unincorporate,0.0,0.0
4439,2206,Unincorporate,0.0,0.0
4440,2206,Unincorporate,0.0,0.0
4441,2206,Unincorporate,0.0,0.0
4442,2206,Unincorporate,0.0,0.0
4443,2206,Unincorporate,0.0,0.0
4444,2206,Unincorporate,0.0,0.0
4445,2206,Unincorporate,0.0,0.0
4446,2206,Unincorporate,0.0,0.0
4447,2206,Unincorporate,0.0,0.0
4448,2206,Unincorporate,0.0,0.0
4449,2206,Unincorporate,0.0,0.0
4450,2206,Unincorporate,0.0,0.0
4451,2206,Unincorporate,0.0,0.0
4452,2304,Unincorporate,0.0,0.0
4453,2304,Unincorporate,0.0,0.0
4454,2304,Unincorporate,0.0,0.0
4455,2304,Unincorporate,0.0,0.0
4456,2304,Unincorporate,0.0,0.0
4457,2304,Unincorporate,0.0,0.0
4458,2304,Unincorporate,0.0,0.0
4459,2304,Unincorporate,0.0,0.0
4460,2304,Unincorporate,0.0,0.0
4461,2304,Unincorporate,7.0,0.06303431667670079
4462,2304,Unincorporate,0.0,0.0
4463,2304,Unincorporate,0.0,0.0
4464,2304,Unincorporate,0.0,0.0
4465,2304,Unincorporate,0.0,0.0
4466,2304,Unincorporate,0.0,0.0
4467,2304,Unincorporate,0.0,0.0
4468,2304,Unincorporate,0.0,0.0
4469,2304,Unincorporate,16.0,0.10885009030704396
4470,2304,Unincorporate,0.0,0.0
4471,2304,Unincorporate,0.0,0.0
4472,2304,Unincorporate,0.0,0.0
4473,2304,Unincorporate,0.0,0.0
4474,2304,Unincorporate,0.0,0.0
4475,2304,Unincorporate,0.0,0.0
4476,2304,Unincorporate,0.0,0.0
4477,2304,Unincorporate,0.0,0.0
4478,2304,Unincorporate,0.0,0.0
4479,2304,Unincorporate,0.0,0.0
4480,2304,Unincorporate,0.0,0.0
4481,2304,Unincorporate,0.0,0.0
4482,2304,Unincorporate,0.0,0.0
4483,2304,Unincorporate,0.0,0.0
4484,2304,Unincorporate,0.0,0.0
4485,2304,Unincorporate,0.0,0.0
4486,2304,Unincorporate,0.0,0.0
4487,2304,Unincorporate,0.0,0.0
4488,2304,Unincorporate,0.0,0.0
4489,2304,Unincorporate,3.0,0.033564118001204096
4490,2304,Unincorporate,0.0,0.0
4491,2304,Unincorporate,0.0,0.0
4492,2304,Unincorporate,0.0,0.0
4493,2304,Unincorporate,0.0,0.0
4494,2304,Unincorporate,0.0,0.0
4495,2304,Unincorporate,0.0,0.0
4496,2304,Unincorporate,0.0,0.0
4497,2304,Unincorporate,0.0,0.0
4498,2304,Unincorporate,0.0,0.0
4499,2304,Unincorporate,0.0,0.0
4500,2304,Unincorporate,0.0,0.0
4501,2304,Unincorporate,0.0,0.0
4502,2304,Unincorporate,0.0,0.0
4503,2304,Unincorporate,0.0,0.0
4504,2304,Unincorporate,0.0,0.0
4505,2304,Unincorporate,0.0,0.0
4506,2304,Unincorporate,0.0,0.0
4507,2304,Unincorporate,7.0,0.06303431667670079
4508,2304,Unincorporate,0.0,0.0
4509,2304,Unincorporate,0.0,0.0
4510,2304,Unincorporate,0.0,0.0
4511,2304,Unincorporate,0.0,0.0
4512,2304,Unincorporate,0.0,0.0
4513,2304,Unincorporate,0.0,0.0
4514,2304,Unincorporate,0.0,0.0
4515,2304,Unincorporate,0.0,0.0
4516,2304,Unincorporate,0.0,0.0
4517,2304,Unincorporate,0.0,0.0
4518,2304,Unincorporate,358.0,0.3793798916315473
4519,2304,Unincorporate,0.0,0.0
4520,2304,Unincorporate,0.0,0.0
4521,2304,Unincorporate,0.0,0.0
4522,2304,Unincorporate,0.0,0.0
4523,2304,Unincorporate,0.0,0.0
4524,2304,Unincorporate,0.0,0.0
4525,2304,Unincorporate,0.0,0.0
4526,2304,Unincorporate,0.0,0.0
4527,2304,Unincorporate,0.0,0.0
4528,2304,Unincorporate,0.0,0.0
4529,2304,Unincorporate,0.0,0.0
4530,2304,Unincorporate,0.0,0.0
4531,2304,Unincorporate,0.0,0.0
4532,2304,Unincorporate,0.0,0.0
4533,2304,Unincorporate,0.0,0.0
4534,2304,Unincorporate,0.0,0.0
4535,2304,Unincorporate,0.0,0.0
4536,2304,Unincorporate,0.0,0.0
4537,2304,Unincorporate,0.0,0.0
4538,2304,Unincorporate,0.0,0.0
4539,2304,Unincorporate,0.0,0.0
4540,2304,Unincorporate,0.0,0.0
4541,2304,Unincorporate,0.0,0.0
4542,2304,Unincorporate,3.0,0.033564118001204096
4543,2304,Unincorporate,0.0,0.0
4544,2304,Unincorporate,0.0,0.0
4545,2304,Unincorporate,0.0,0.0
4546,2304,Unincorporate,0.0,0.0
4547,2304,Unincorporate,0.0,0.0
4548,2304,Unincorporate,0.0,0.0
4549,2304,Unincorporate,0.0,0.0
4550,2304,Unincorporate,0.0,0.0
4551,2304,Unincorporate,0.0,0.0
4552,2304,Unincorporate,0.0,0.0
4553,2304,Unincorporate,0.0,0.0
4554,2304,Unincorporate,0.0,0.0
4555,2304,Unincorporate,0.0,0.0
4556,2304,Unincorporate,0.0,0.0
4557,2304,Unincorporate,0.0,0.0
4558,2304,Unincorporate,0.0,0.0
4559,2304,Unincorporate,0.0,0.0
4560,2304,Unincorporate,0.0,0.0
4561,2304,Unincorporate,0.0,0.0
4562,2304,Unincorporate,0.0,0.0
4563,2304,Unincorporate,0.0,0.0
4564,2304,Unincorporate,0.0,0.0
4565,2304,Unincorporate,0.0,0.0
4566,2304,Unincorporate,0.0,0.0
4567,2304,Unincorporate,0.0,0.0
4568,2304,Unincorporate,0.0,0.0
4569,2304,Unincorporate,0.0,0.0
4570,2304,Unincorporate,0.0,0.0
4571,2304,Unincorporate,0.0,0.0
4572,2304,Unincorporate,0.0,0.0
4573,2304,Unincorporate,0.0,0.0
4574,2304,Unincorporate,0.0,0.0
4575,2304,Unincorporate,0.0,0.0
4576,2304,Unincorporate,3.0,0.033564118001204096
4577,2304,Unincorporate,0.0,0.0
4578,2304,Unincorporate,0.0,0.0
4579,2304,Unincorporate,0.0,0.0
4580,2304,Unincorporate,723.0,0.48148705599036723
4581,2304,Unincorporate,0.0,0.0
4582,2304,Unincorporate,0.0,0.0
4583,2304,Unincorporate,0.0,0.0
4584,2304,Unincorporate,0.0,0.0
4585,2304,Unincorporate,0.0,0.0
4586,2304,Unincorporate,0.0,0.0
4587,2304,Unincorporate,0.0,0.0
4588,2304,Unincorporate,0.0,0.0
4589,2304,Unincorporate,0.0,0.0
4590,2304,Unincorporate,0.0,0.0
4591,2304,Unincorporate,0.0,0.0
4592,2304,Unincorporate,0.0,0.0
4593,2304,Unincorporate,358.0,0.3793798916315473
4594,2304,Unincorporate,0.0,0.0
4595,2304,Unincorporate,0.0,0.0
4596,2304,Unincorporate,0.0,0.0
4597,2304,Unincorporate,3.0,0.033564118001204096
4598,2304,Unincorporate,0.0,0.0
4599,2304,Unincorporate,0.0,0.0
4600,2304,Unincorporate,0.0,0.0
4601,2304,Unincorporate,0.0,0.0
4602,2304,Unincorporate,3.0,0.033564118001204096
4603,2304,Unincorporate,0.0,0.0
4604,2304,Unincorporate,0.0,0.0
4605,2304,Unincorporate,0.0,0.0
4606,2304,Unincorporate,0.0,0.0
4607,2304,Unincorporate,0.0,0.0
4608,2304,Unincorporate,0.0,0.0
4609,2304,Unincorporate,0.0,0.0
4610,2304,Unincorporate,0.0,0.0
4611,2304,Unincorporate,3.0,0.033564118001204096
4612,2304,Unincorporate,0.0,0.0
4613,2304,Unincorporate,0.0,0.0
4614,2304,Unincorporate,0.0,0.0
4615,2304,Unincorporate,0.0,0.0
4616,2304,Unincorporate,0.0,0.0
4617,2304,Unincorporate,0.0,0.0
4618,2304,Unincorporate,0.0,0.0
4619,2304,Unincorporate,0.0,0.0
4620,2304,Unincorporate,0.0,0.0
4621,2304,Unincorporate,0.0,0.0
4622,2304,Unincorporate,0.0,0.0
4623,2304,Unincorporate,0.0,0.0
4624,2304,Unincorporate,0.0,0.0
4625,2304,Unincorporate,372.0,0.3837447320891029
4626,2304,Unincorporate,0.0,0.0
4627,2304,Unincorporate,0.0,0.0
4628,2304,Unincorporate,0.0,0.0
4629,2304,Unincorporate,0.0,0.0
4630,2304,Unincorporate,0.0,0.0
4631,2304,Unincorporate,0.0,0.0
4632,2304,Unincorporate,0.0,0.0
4633,2304,Unincorporate,0.0,0.0
4634,2304,Unincorporate,0.0,0.0
4635,2304,Unincorporate,0.0,0.0
4636,2304,Unincorporate,0.0,0.0
4637,2304,Unincorporate,0.0,0.0
4638,2304,Unincorporate,0.0,0.0
4639,2304,Unincorporate,0.0,0.0
4640,2304,Unincorporate,0.0,0.0
4641,2304,Unincorporate,0.0,0.0
4642,2304,Unincorporate,0.0,0.0
4643,2304,Unincorporate,0.0,0.0
4644,2304,Unincorporate,0.0,0.0
4645,2304,Unincorporate,0.0,0.0
4646,2304,Unincorporate,0.0,0.0
4647,2304,Unincorporate,0.0,0.0
4648,2304,Unincorporate,0.0,0.0
4649,2304,Unincorporate,0.0,0.0
4650,2304,Unincorporate,0.0,0.0
4651,2304,Unincorporate,0.0,0.0
4652,2304,Unincorporate,0.0,0.0
4653,2304,Unincorporate,0.0,0.0
4654,2304,Unincorporate,0.0,0.0
4655,2304,Unincorporate,0.0,0.0
4656,2304,Unincorporate,0.0,0.0
4657,2304,Unincorporate,0.0,0.0
4658,2304,Unincorporate,0.0,0.0
4659,2304,Unincorporate,0.0,0.0
4660,2304,Unincorporate,0.0,0.0
4661,2304,Unincorporate,48.0,0.200632149307646
4662,2304,Unincorporate,0.0,0.0
4663,2304,Unincorporate,0.0,0.0
4664,321,Coalinga,3.0,0.033564118001204096
4665,321,Coalinga,743.0,0.4857013847080072
4666,321,Coalinga,1149.0,0.5603251053582179
4667,321,Coalinga,0.0,0.0
4668,321,Coalinga,1202.0,0.5708609271523178
4669,321,Coalinga,0.0,0.0
4670,321,Coalinga,0.0,0.0
4671,321,Coalinga,3.0,0.033564118001204096
4672,321,Coalinga,3.0,0.033564118001204096
4673,321,Coalinga,3.0,0.033564118001204096
4674,321,Coalinga,0.0,0.0
4675,321,Coalinga,0.0,0.0
4676,321,Coalinga,124.0,0.28269114990969296
4677,321,Coalinga,1147.0,0.5594521372667068
4678,321,Unincorporate,0.0,0.0
4679,321,Coalinga,752.0,0.4870258880192655
4680,321,Coalinga,3.0,0.033564118001204096
4681,321,Coalinga,3.0,0.033564118001204096
4682,321,Coalinga,3.0,0.033564118001204096
4683,321,Coalinga,0.0,0.0
4684,321,Coalinga,0.0,0.0
4685,321,Coalinga,945.0,0.5232390126429861
4686,321,Coalinga,0.0,0.0
4687,321,Coalinga,0.0,0.0
4688,321,Coalinga,3.0,0.033564118001204096
4689,321,Coalinga,3.0,0.033564118001204096
4690,321,Coalinga,0.0,0.0
4691,321,Coalinga,0.0,0.0
4692,352,Unincorporate,0.0,0.0
4693,352,Unincorporate,0.0,0.0
4694,352,Unincorporate,0.0,0.0
4695,352,Unincorporate,0.0,0.0
4696,352,Unincorporate,0.0,0.0
4697,352,Coalinga,0.0,0.0
4698,352,Unincorporate,0.0,0.0
4699,352,Unincorporate,0.0,0.0
4700,352,Coalinga,0.0,0.0
4701,352,Unincorporate,0.0,0.0
4702,352,Unincorporate,0.0,0.0
4703,352,Unincorporate,0.0,0.0
4704,352,Unincorporate,6.0,0.05770620108368453
4705,352,Unincorporate,0.0,0.0
4706,352,Unincorporate,0.0,0.0
4707,352,Unincorporate,0.0,0.0
4708,352,Coalinga,0.0,0.0
4709,352,Unincorporate,3.0,0.033564118001204096
4710,352,Coalinga,1.0,0.007465382299819386
4711,352,Unincorporate,0.0,0.0
4712,352,Unincorporate,0.0,0.0
4713,352,Unincorporate,0.0,0.0
4714,352,Unincorporate,0.0,0.0
4715,352,Unincorporate,0.0,0.0
4716,352,Unincorporate,0.0,0.0
4717,352,Unincorporate,0.0,0.0
4718,352,Unincorporate,0.0,0.0
4719,352,Unincorporate,0.0,0.0
4720,352,Unincorporate,0.0,0.0
4721,352,Unincorporate,0.0,0.0
4722,352,Unincorporate,0.0,0.0
4723,352,Unincorporate,0.0,0.0
4724,352,Coalinga,10.0,0.07874774232390126
4725,322,Unincorporate,1.0,0.007465382299819386
4726,322,Unincorporate,229.0,0.33684527393136665
4727,322,Unincorporate,0.0,0.0
4728,2305,Unincorporate,0.0,0.0
4729,2305,Unincorporate,0.0,0.0
4730,2305,Unincorporate,0.0,0.0
4731,2305,Unincorporate,18.0,0.11815171583383503
4732,2305,Unincorporate,0.0,0.0
4733,2305,Unincorporate,0.0,0.0
4734,2305,Unincorporate,0.0,0.0
4735,2305,Unincorporate,0.0,0.0
4736,2305,Unincorporate,0.0,0.0
4737,2305,Unincorporate,0.0,0.0
4738,2305,Unincorporate,0.0,0.0
4739,2305,Unincorporate,0.0,0.0
4740,2305,Unincorporate,0.0,0.0
4741,2305,Unincorporate,0.0,0.0
4742,2305,Unincorporate,0.0,0.0
4743,2305,Unincorporate,0.0,0.0
4744,2305,Unincorporate,0.0,0.0
4745,2305,Unincorporate,0.0,0.0
4746,2305,Unincorporate,0.0,0.0
4747,2305,Unincorporate,0.0,0.0
4748,2305,Unincorporate,0.0,0.0
4749,2305,Unincorporate,0.0,0.0
4750,2305,Unincorporate,0.0,0.0
4751,2305,Unincorporate,0.0,0.0
4752,2305,Unincorporate,0.0,0.0
4753,2305,Unincorporate,0.0,0.0
4754,2305,Unincorporate,8.0,0.06815171583383504
4755,2305,Unincorporate,0.0,0.0
4756,2305,Unincorporate,0.0,0.0
4757,2305,Unincorporate,0.0,0.0
4758,2305,Unincorporate,0.0,0.0
4759,2305,Unincorporate,0.0,0.0
4760,2305,Unincorporate,0.0,0.0
4761,2305,Unincorporate,0.0,0.0
4762,2305,Unincorporate,0.0,0.0
4763,2305,Unincorporate,0.0,0.0
4764,2305,Unincorporate,0.0,0.0
4765,2305,Unincorporate,0.0,0.0
4766,2305,Unincorporate,0.0,0.0
4767,2305,Unincorporate,0.0,0.0
4768,2305,Unincorporate,0.0,0.0
4769,2305,Unincorporate,0.0,0.0
4770,2305,Unincorporate,0.0,0.0
4771,2305,Unincorporate,0.0,0.0
4772,2305,Unincorporate,0.0,0.0
4773,2305,Unincorporate,0.0,0.0
4774,2305,Unincorporate,0.0,0.0
4775,2305,Unincorporate,0.0,0.0
4776,2305,Unincorporate,0.0,0.0
4777,2305,Unincorporate,0.0,0.0
4778,2305,Unincorporate,0.0,0.0
4779,2305,Unincorporate,0.0,0.0
4780,2305,Unincorporate,0.0,0.0
4781,2305,Unincorporate,0.0,0.0
4782,2305,Unincorporate,0.0,0.0
4783,2305,Unincorporate,0.0,0.0
4784,2305,Unincorporate,0.0,0.0
4785,2305,Unincorporate,0.0,0.0
4786,2305,Unincorporate,0.0,0.0
4787,2305,Unincorporate,0.0,0.0
4788,2305,Unincorporate,0.0,0.0
4789,2305,Unincorporate,0.0,0.0
4790,2305,Unincorporate,0.0,0.0
4791,2305,Unincorporate,0.0,0.0
4792,2305,Unincorporate,0.0,0.0
4793,2305,Unincorporate,0.0,0.0
4794,2305,Unincorporate,0.0,0.0
4795,2305,Unincorporate,0.0,0.0
4796,2305,Unincorporate,0.0,0.0
4797,2305,Unincorporate,0.0,0.0
4798,2305,Unincorporate,0.0,0.0
4799,2305,Unincorporate,0.0,0.0
4800,2305,Unincorporate,0.0,0.0
4801,2305,Unincorporate,0.0,0.0
4802,2305,Unincorporate,0.0,0.0
4803,2305,Unincorporate,0.0,0.0
4804,2305,Unincorporate,14.0,0.098314268512944
4805,2305,Unincorporate,0.0,0.0
4806,2305,Unincorporate,0.0,0.0
4807,2305,Unincorporate,0.0,0.0
4808,2305,Unincorporate,0.0,0.0
4809,2305,Unincorporate,0.0,0.0
4810,2305,Unincorporate,0.0,0.0
4811,2305,Unincorporate,0.0,0.0
4812,2305,Unincorporate,0.0,0.0
4813,2305,Unincorporate,0.0,0.0
4814,2305,Unincorporate,0.0,0.0
4815,2305,Unincorporate,0.0,0.0
4816,2305,Unincorporate,0.0,0.0
4817,2305,Unincorporate,0.0,0.0
4818,2305,Unincorporate,0.0,0.0
4819,2305,Unincorporate,0.0,0.0
4820,2305,Unincorporate,26.0,0.1517760385310054
4821,2305,Unincorporate,0.0,0.0
4822,2305,Unincorporate,0.0,0.0
4823,2305,Unincorporate,0.0,0.0
4824,2305,Unincorporate,0.0,0.0
4825,2305,Unincorporate,0.0,0.0
4826,2305,Unincorporate,0.0,0.0
4827,2305,Unincorporate,0.0,0.0
4828,2305,Unincorporate,0.0,0.0
4829,2305,Unincorporate,0.0,0.0
4830,2305,Unincorporate,0.0,0.0
4831,2305,Unincorporate,0.0,0.0
4832,2305,Unincorporate,0.0,0.0
4833,2305,Unincorporate,0.0,0.0
4834,2305,Unincorporate,0.0,0.0
4835,2305,Unincorporate,0.0,0.0
4836,2305,Unincorporate,0.0,0.0
4837,2305,Unincorporate,0.0,0.0
4838,2305,Unincorporate,0.0,0.0
4839,2305,Unincorporate,0.0,0.0
4840,2305,Unincorporate,0.0,0.0
4841,2305,Unincorporate,0.0,0.0
4842,2305,Unincorporate,0.0,0.0
4843,2305,Unincorporate,0.0,0.0
4844,2305,Unincorporate,0.0,0.0
4845,2305,Unincorporate,0.0,0.0
4846,2305,Unincorporate,0.0,0.0
4847,2305,Unincorporate,0.0,0.0
4848,2305,Unincorporate,0.0,0.0
4849,2305,Unincorporate,0.0,0.0
4850,2305,Unincorporate,0.0,0.0
4851,2305,Unincorporate,0.0,0.0
4852,2305,Unincorporate,0.0,0.0
4853,2305,Unincorporate,0.0,0.0
4854,2305,Unincorporate,0.0,0.0
4855,2305,Unincorporate,0.0,0.0
4856,2305,Unincorporate,0.0,0.0
4857,2305,Unincorporate,0.0,0.0
4858,2305,Unincorporate,0.0,0.0
4859,2305,Unincorporate,15.0,0.10361228175797713
4860,2305,Unincorporate,0.0,0.0
4861,2305,Unincorporate,0.0,0.0
4862,2305,Unincorporate,0.0,0.0
4863,2305,Unincorporate,0.0,0.0
4864,2305,Unincorporate,13.0,0.09331727874774233
4865,2305,Unincorporate,0.0,0.0
4866,2305,Unincorporate,0.0,0.0
4867,2305,Unincorporate,0.0,0.0
4868,2305,Unincorporate,0.0,0.0
4869,2305,Unincorporate,0.0,0.0
4870,2305,Unincorporate,0.0,0.0
4871,2305,Unincorporate,0.0,0.0
4872,2305,Unincorporate,0.0,0.0
4873,2305,Unincorporate,0.0,0.0
4874,2305,Unincorporate,0.0,0.0
4875,2305,Unincorporate,0.0,0.0
4876,2305,Unincorporate,0.0,0.0
4877,2305,Unincorporate,0.0,0.0
4878,2305,Unincorporate,0.0,0.0
4879,2305,Unincorporate,0.0,0.0
4880,2305,Unincorporate,0.0,0.0
4881,2305,Unincorporate,0.0,0.0
4882,2305,Unincorporate,0.0,0.0
4883,2305,Unincorporate,0.0,0.0
4884,2305,Unincorporate,0.0,0.0
4885,2305,Unincorporate,0.0,0.0
4886,2305,Unincorporate,0.0,0.0
4887,2305,Unincorporate,0.0,0.0
4888,2305,Unincorporate,0.0,0.0
4889,2305,Unincorporate,0.0,0.0
4890,2305,Unincorporate,0.0,0.0
4891,2305,Unincorporate,0.0,0.0
4892,2305,Unincorporate,0.0,0.0
4893,2305,Unincorporate,0.0,0.0
4894,2305,Unincorporate,0.0,0.0
4895,2305,Unincorporate,0.0,0.0
4896,2305,Unincorporate,0.0,0.0
4897,2305,Unincorporate,0.0,0.0
4898,2305,Unincorporate,0.0,0.0
4899,2305,Unincorporate,0.0,0.0
4900,2305,Unincorporate,0.0,0.0
4901,2305,Unincorporate,0.0,0.0
4902,2305,Unincorporate,0.0,0.0
4903,2305,Unincorporate,0.0,0.0
4904,2305,Unincorporate,0.0,0.0
4905,2305,Unincorporate,0.0,0.0
4906,2305,Unincorporate,0.0,0.0
4907,2305,Unincorporate,0.0,0.0
4908,2305,Unincorporate,0.0,0.0
4909,2305,Unincorporate,0.0,0.0
4910,2305,Unincorporate,0.0,0.0
4911,2305,Unincorporate,0.0,0.0
4912,2305,Unincorporate,0.0,0.0
4913,2305,Unincorporate,0.0,0.0
4914,2305,Unincorporate,0.0,0.0
4915,2305,Unincorporate,0.0,0.0
4916,2305,Unincorporate,0.0,0.0
4917,2305,Unincorporate,0.0,0.0
4918,2305,Unincorporate,0.0,0.0
4919,2305,Unincorporate,0.0,0.0
4920,2305,Unincorporate,0.0,0.0
4921,2305,Unincorporate,22.0,0.1382299819385912
4922,2305,Unincorporate,0.0,0.0
4923,2305,Unincorporate,0.0,0.0
4924,2305,Unincorporate,0.0,0.0
4925,2305,Unincorporate,0.0,0.0
4926,2305,Unincorporate,0.0,0.0
4927,2305,Unincorporate,0.0,0.0
4928,2305,Unincorporate,0.0,0.0
4929,2305,Unincorporate,15.0,0.10361228175797713
4930,2305,Unincorporate,0.0,0.0
4931,2305,Unincorporate,0.0,0.0
4932,2305,Unincorporate,0.0,0.0
4933,2305,Unincorporate,0.0,0.0
4934,2305,Unincorporate,0.0,0.0
4935,2305,Unincorporate,0.0,0.0
4936,2305,Unincorporate,0.0,0.0
4937,2305,Unincorporate,0.0,0.0
4938,2305,Unincorporate,0.0,0.0
4939,2305,Unincorporate,0.0,0.0
4940,2305,Unincorporate,3.0,0.033564118001204096
4941,2305,Unincorporate,0.0,0.0
4942,2305,Unincorporate,0.0,0.0
4943,2305,Unincorporate,0.0,0.0
4944,2305,Unincorporate,0.0,0.0
4945,2305,Unincorporate,0.0,0.0
4946,2305,Unincorporate,0.0,0.0
4947,2305,Unincorporate,0.0,0.0
4948,2305,Unincorporate,0.0,0.0
4949,2305,Unincorporate,0.0,0.0
4950,2305,Unincorporate,0.0,0.0
4951,2305,Unincorporate,0.0,0.0
4952,2305,Unincorporate,0.0,0.0
4953,2305,Unincorporate,0.0,0.0
4954,2305,Unincorporate,0.0,0.0
4955,2305,Unincorporate,0.0,0.0
4956,2305,Unincorporate,0.0,0.0
4957,2305,Unincorporate,0.0,0.0
4958,2305,Unincorporate,0.0,0.0
4959,2305,Unincorporate,0.0,0.0
4960,2305,Unincorporate,0.0,0.0
4961,2305,Unincorporate,0.0,0.0
4962,2305,Unincorporate,0.0,0.0
4963,2305,Unincorporate,0.0,0.0
4964,2305,Unincorporate,0.0,0.0
4965,2305,Unincorporate,0.0,0.0
4966,2305,Unincorporate,0.0,0.0
4967,2305,Unincorporate,0.0,0.0
4968,2305,Unincorporate,0.0,0.0
4969,2305,Unincorporate,0.0,0.0
4970,2305,Unincorporate,0.0,0.0
4971,2305,Unincorporate,0.0,0.0
4972,2305,Unincorporate,0.0,0.0
4973,2305,Unincorporate,0.0,0.0
4974,2305,Unincorporate,0.0,0.0
4975,2305,Unincorporate,0.0,0.0
4976,2305,Unincorporate,0.0,0.0
4977,2305,Unincorporate,0.0,0.0
4978,2305,Unincorporate,0.0,0.0
4979,2305,Unincorporate,0.0,0.0
4980,2305,Unincorporate,0.0,0.0
4981,2305,Unincorporate,0.0,0.0
4982,2305,Unincorporate,0.0,0.0
4983,2305,Unincorporate,0.0,0.0
4984,2305,Unincorporate,0.0,0.0
4985,2305,Unincorporate,0.0,0.0
4986,2305,Unincorporate,0.0,0.0
4987,2305,Unincorporate,0.0,0.0
4988,2305,Unincorporate,0.0,0.0
4989,2305,Unincorporate,19.0,0.12332931968693558
4990,2305,Unincorporate,3.0,0.033564118001204096
4991,2305,Unincorporate,0.0,0.0
4992,2305,Unincorporate,0.0,0.0
4993,2305,Unincorporate,0.0,0.0
4994,2305,Unincorporate,0.0,0.0
4995,2305,Unincorporate,0.0,0.0
4996,2305,Unincorporate,0.0,0.0
4997,2305,Unincorporate,0.0,0.0
4998,2305,Unincorporate,0.0,0.0
4999,2305,Unincorporate,0.0,0.0
5000,2305,Unincorporate,0.0,0.0
5001,2305,Unincorporate,0.0,0.0
5002,2305,Unincorporate,0.0,0.0
5003,2305,Unincorporate,0.0,0.0
5004,2305,Unincorporate,0.0,0.0
5005,2305,Unincorporate,0.0,0.0
5006,2305,Unincorporate,0.0,0.0
5007,2305,Unincorporate,0.0,0.0
5008,2305,Unincorporate,0.0,0.0
5009,2305,Unincorporate,0.0,0.0
5010,2305,Unincorporate,0.0,0.0
5011,2305,Unincorporate,0.0,0.0
5012,2305,Unincorporate,0.0,0.0
5013,2305,Unincorporate,0.0,0.0
5014,2305,Unincorporate,0.0,0.0
5015,2305,Unincorporate,0.0,0.0
5016,2305,Unincorporate,0.0,0.0
5017,2305,Unincorporate,0.0,0.0
5018,2305,Unincorporate,0.0,0.0
5019,2305,Unincorporate,0.0,0.0
5020,2305,Unincorporate,0.0,0.0
5021,2305,Unincorporate,18.0,0.11815171583383503
5022,2305,Unincorporate,0.0,0.0
5023,2305,Unincorporate,0.0,0.0
5024,2305,Unincorporate,0.0,0.0
5025,2305,Unincorporate,0.0,0.0
5026,2305,Unincorporate,0.0,0.0
5027,2305,Unincorporate,0.0,0.0
5028,2305,Unincorporate,0.0,0.0
5029,2305,Unincorporate,0.0,0.0
5030,2305,Unincorporate,0.0,0.0
5031,2305,Unincorporate,0.0,0.0
5032,2305,Unincorporate,0.0,0.0
5033,2305,Unincorporate,0.0,0.0
5034,2305,Unincorporate,0.0,0.0
5035,2305,Unincorporate,0.0,0.0
5036,2305,Unincorporate,0.0,0.0
5037,2305,Unincorporate,0.0,0.0
5038,2305,Unincorporate,0.0,0.0
5039,2305,Unincorporate,3.0,0.033564118001204096
5040,2305,Unincorporate,13.0,0.09331727874774233
5041,2305,Unincorporate,0.0,0.0
5042,2305,Unincorporate,0.0,0.0
5043,2305,Unincorporate,0.0,0.0
5044,2305,Unincorporate,15.0,0.10361228175797713
5045,2305,Unincorporate,0.0,0.0
5046,2305,Unincorporate,0.0,0.0
5047,2305,Unincorporate,0.0,0.0
5048,2305,Unincorporate,0.0,0.0
5049,2305,Unincorporate,0.0,0.0
5050,2305,Unincorporate,0.0,0.0
5051,2305,Unincorporate,0.0,0.0
5052,2305,Unincorporate,0.0,0.0
5053,2305,Unincorporate,0.0,0.0
5054,2305,Unincorporate,0.0,0.0
5055,2305,Unincorporate,0.0,0.0
5056,2305,Unincorporate,0.0,0.0
5057,2305,Unincorporate,0.0,0.0
5058,2305,Unincorporate,0.0,0.0
5059,2305,Unincorporate,0.0,0.0
5060,2305,Unincorporate,0.0,0.0
5061,2305,Unincorporate,0.0,0.0
5062,2305,Unincorporate,0.0,0.0
5063,2305,Unincorporate,0.0,0.0
5064,2305,Unincorporate,0.0,0.0
5065,2305,Unincorporate,0.0,0.0
5066,2305,Unincorporate,0.0,0.0
5067,2305,Unincorporate,0.0,0.0
5068,2305,Unincorporate,0.0,0.0
5069,2305,Unincorporate,0.0,0.0
5070,2305,Unincorporate,0.0,0.0
5071,2305,Unincorporate,0.0,0.0
5072,2305,Unincorporate,0.0,0.0
5073,2305,Unincorporate,0.0,0.0
5074,2305,Unincorporate,0.0,0.0
5075,2305,Unincorporate,0.0,0.0
5076,2305,Unincorporate,0.0,0.0
5077,2305,Unincorporate,0.0,0.0
5078,2305,Unincorporate,0.0,0.0
5079,2305,Unincorporate,0.0,0.0
5080,2305,Unincorporate,24.0,0.1451234196267309
5081,2305,Unincorporate,0.0,0.0
5082,2305,Unincorporate,0.0,0.0
5083,2305,Unincorporate,0.0,0.0
5084,2305,Unincorporate,0.0,0.0
5085,2305,Unincorporate,0.0,0.0
5086,2305,Unincorporate,0.0,0.0
5087,2305,Unincorporate,0.0,0.0
5088,2305,Unincorporate,0.0,0.0
5089,2305,Unincorporate,0.0,0.0
5090,2305,Unincorporate,0.0,0.0
5091,2305,Unincorporate,0.0,0.0
5092,2305,Unincorporate,0.0,0.0
5093,2305,Unincorporate,0.0,0.0
5094,2305,Unincorporate,0.0,0.0
5095,2305,Unincorporate,0.0,0.0
5096,2305,Unincorporate,0.0,0.0
5097,2305,Unincorporate,0.0,0.0
5098,2305,Unincorporate,0.0,0.0
5099,2305,Unincorporate,0.0,0.0
5100,2305,Unincorporate,0.0,0.0
5101,2305,Unincorporate,0.0,0.0
5102,2305,Unincorporate,0.0,0.0
5103,2305,Unincorporate,0.0,0.0
5104,2305,Unincorporate,0.0,0.0
5105,2305,Unincorporate,0.0,0.0
5106,2305,Unincorporate,0.0,0.0
5107,2305,Unincorporate,0.0,0.0
5108,2305,Unincorporate,0.0,0.0
5109,2305,Unincorporate,0.0,0.0
5110,2305,Unincorporate,0.0,0.0
5111,2305,Unincorporate,0.0,0.0
5112,2305,Unincorporate,0.0,0.0
5113,2305,Unincorporate,0.0,0.0
5114,2305,Unincorporate,0.0,0.0
5115,2305,Unincorporate,0.0,0.0
5116,2305,Unincorporate,0.0,0.0
5117,2305,Unincorporate,0.0,0.0
5118,2305,Unincorporate,0.0,0.0
5119,2305,Unincorporate,0.0,0.0
5120,2305,Unincorporate,0.0,0.0
5121,2305,Unincorporate,0.0,0.0
5122,2305,Unincorporate,0.0,0.0
5123,2305,Unincorporate,0.0,0.0
5124,2305,Unincorporate,3.0,0.033564118001204096
5125,2305,Unincorporate,0.0,0.0
5126,2305,Unincorporate,0.0,0.0
5127,2305,Unincorporate,0.0,0.0
5128,2305,Unincorporate,0.0,0.0
5129,2305,Unincorporate,0.0,0.0
5130,2305,Unincorporate,0.0,0.0
5131,2305,Unincorporate,0.0,0.0
5132,2305,Unincorporate,0.0,0.0
5133,2305,Unincorporate,0.0,0.0
5134,2305,Unincorporate,0.0,0.0
5135,2305,Unincorporate,0.0,0.0
5136,2305,Unincorporate,0.0,0.0
5137,2305,Unincorporate,0.0,0.0
5138,2305,Unincorporate,0.0,0.0
5139,2305,Unincorporate,0.0,0.0
5140,2305,Unincorporate,0.0,0.0
5141,2305,Unincorporate,0.0,0.0
5142,2305,Unincorporate,0.0,0.0
5143,2305,Unincorporate,28.0,0.15755568934376882
5144,2305,Unincorporate,0.0,0.0
5145,2305,Unincorporate,0.0,0.0
5146,2305,Unincorporate,0.0,0.0
5147,2305,Unincorporate,0.0,0.0
5148,2305,Unincorporate,0.0,0.0
5149,2305,Unincorporate,0.0,0.0
5150,2305,Unincorporate,0.0,0.0
5151,2305,Unincorporate,0.0,0.0
5152,2305,Unincorporate,0.0,0.0
5153,2305,Unincorporate,0.0,0.0
5154,2305,Unincorporate,0.0,0.0
5155,2305,Unincorporate,0.0,0.0
5156,2305,Unincorporate,0.0,0.0
5157,2305,Unincorporate,0.0,0.0
5158,2305,Unincorporate,0.0,0.0
5159,2305,Unincorporate,0.0,0.0
5160,2305,Unincorporate,0.0,0.0
5161,2305,Unincorporate,0.0,0.0
5162,2305,Unincorporate,0.0,0.0
5163,2305,Unincorporate,0.0,0.0
5164,2305,Unincorporate,0.0,0.0
5165,2305,Unincorporate,0.0,0.0
5166,2305,Unincorporate,0.0,0.0
5167,2305,Unincorporate,14.0,0.098314268512944
5168,2305,Unincorporate,0.0,0.0
5169,2305,Unincorporate,0.0,0.0
5170,2305,Unincorporate,0.0,0.0
5171,2305,Unincorporate,0.0,0.0
5172,2305,Unincorporate,0.0,0.0
5173,2305,Unincorporate,0.0,0.0
5174,2305,Unincorporate,0.0,0.0
5175,2305,Unincorporate,0.0,0.0
5176,2305,Unincorporate,0.0,0.0
5177,2305,Unincorporate,0.0,0.0
5178,2305,Unincorporate,0.0,0.0
5179,2305,Unincorporate,0.0,0.0
5180,2305,Unincorporate,0.0,0.0
5181,2305,Unincorporate,0.0,0.0
5182,2305,Unincorporate,0.0,0.0
5183,2305,Unincorporate,0.0,0.0
5184,2305,Unincorporate,0.0,0.0
5185,2305,Unincorporate,0.0,0.0
5186,2305,Unincorporate,0.0,0.0
5187,2305,Unincorporate,0.0,0.0
5188,2305,Unincorporate,0.0,0.0
5189,2305,Unincorporate,0.0,0.0
5190,2305,Unincorporate,0.0,0.0
5191,2305,Unincorporate,0.0,0.0
5192,2305,Unincorporate,0.0,0.0
5193,2305,Unincorporate,0.0,0.0
5194,2305,Unincorporate,0.0,0.0
5195,2305,Unincorporate,0.0,0.0
5196,2305,Unincorporate,0.0,0.0
5197,2305,Unincorporate,0.0,0.0
5198,2305,Unincorporate,0.0,0.0
5199,2305,Unincorporate,0.0,0.0
5200,2305,Unincorporate,0.0,0.0
5201,2305,Unincorporate,0.0,0.0
5202,2305,Unincorporate,0.0,0.0
5203,2305,Unincorporate,0.0,0.0
5204,2305,Unincorporate,0.0,0.0
5205,2305,Unincorporate,0.0,0.0
5206,2305,Unincorporate,0.0,0.0
5207,2305,Unincorporate,0.0,0.0
5208,2305,Unincorporate,0.0,0.0
5209,2305,Unincorporate,0.0,0.0
5210,2305,Unincorporate,0.0,0.0
5211,2305,Unincorporate,0.0,0.0
5212,2305,Unincorporate,0.0,0.0
5213,2305,Unincorporate,0.0,0.0
5214,2305,Unincorporate,0.0,0.0
5215,2305,Unincorporate,0.0,0.0
5216,2305,Unincorporate,0.0,0.0
5217,2305,Unincorporate,0.0,0.0
5218,2305,Unincorporate,0.0,0.0
5219,2305,Unincorporate,0.0,0.0
5220,2305,Unincorporate,0.0,0.0
5221,2305,Unincorporate,0.0,0.0
5222,2313,Unincorporate,0.0,0.0
5223,2313,Unincorporate,0.0,0.0
5224,2313,Unincorporate,0.0,0.0
5225,2313,Unincorporate,0.0,0.0
5226,2313,Unincorporate,23.0,0.14145093317278748
5227,2313,Unincorporate,0.0,0.0
5228,2313,Unincorporate,0.0,0.0
5229,2315,Unincorporate,0.0,0.0
5230,2315,Unincorporate,0.0,0.0
5231,2315,Unincorporate,0.0,0.0
5232,2315,Unincorporate,11.0,0.08383503913305237
5233,2315,Unincorporate,0.0,0.0
5234,2315,Unincorporate,0.0,0.0
5235,2315,Unincorporate,0.0,0.0
5236,2315,Unincorporate,0.0,0.0
5237,2315,Unincorporate,0.0,0.0
5238,2315,Unincorporate,0.0,0.0
5239,2315,Unincorporate,0.0,0.0
5240,2315,Unincorporate,0.0,0.0
5241,2315,Unincorporate,0.0,0.0
5242,2315,Unincorporate,30.0,0.1627031908488862
5243,2315,Unincorporate,0.0,0.0
5244,2315,Unincorporate,22.0,0.1382299819385912
5245,2315,Unincorporate,0.0,0.0
5246,2315,Unincorporate,20.0,0.1290487658037327
5247,2315,Unincorporate,0.0,0.0
5248,2315,Unincorporate,0.0,0.0
5249,2315,Unincorporate,0.0,0.0
5250,2315,Unincorporate,0.0,0.0
5251,2315,Unincorporate,0.0,0.0
5252,2315,Unincorporate,0.0,0.0
5253,2315,Unincorporate,0.0,0.0
5254,2315,Unincorporate,0.0,0.0
5255,2315,Unincorporate,0.0,0.0
5256,2315,Unincorporate,0.0,0.0
5257,2315,Unincorporate,0.0,0.0
5258,2315,Unincorporate,0.0,0.0
5259,2315,Unincorporate,0.0,0.0
5260,2315,Unincorporate,0.0,0.0
5261,2315,Unincorporate,0.0,0.0
5262,2315,Unincorporate,0.0,0.0
5263,2315,Unincorporate,0.0,0.0
5264,2315,Unincorporate,0.0,0.0
5265,2315,Unincorporate,0.0,0.0
5266,2315,Unincorporate,43.0,0.19039735099337748
5267,2315,Unincorporate,22.0,0.1382299819385912
5268,2315,Unincorporate,0.0,0.0
5269,2315,Unincorporate,0.0,0.0
5270,2315,Unincorporate,0.0,0.0
5271,2315,Unincorporate,21.0,0.1343467790487658
5272,2315,Unincorporate,0.0,0.0
5273,2315,Unincorporate,0.0,0.0
5274,2315,Unincorporate,0.0,0.0
5275,2315,Unincorporate,0.0,0.0
5276,2315,Unincorporate,14.0,0.098314268512944
5277,2315,Unincorporate,12.0,0.08880192655027092
5278,2315,Unincorporate,0.0,0.0
5279,2315,Unincorporate,0.0,0.0
5280,2315,Unincorporate,0.0,0.0
5281,2315,Unincorporate,0.0,0.0
5282,2315,Unincorporate,17.0,0.11363636363636363
5283,2315,Unincorporate,0.0,0.0
5284,2315,Unincorporate,0.0,0.0
5285,2315,Unincorporate,0.0,0.0
5286,2315,Unincorporate,0.0,0.0
5287,2315,Unincorporate,0.0,0.0
5288,2315,Unincorporate,0.0,0.0
5289,2314,Unincorporate,59.0,0.2213726670680313
5290,2314,Unincorporate,31.0,0.1650812763395545
5291,2314,Unincorporate,62.0,0.22441300421432872
5292,2317,Unincorporate,0.0,0.0
5293,2318,Unincorporate,0.0,0.0
5294,2318,Unincorporate,0.0,0.0
5295,2318,Unincorporate,0.0,0.0
5296,2323,Unincorporate,0.0,0.0
5297,2323,Unincorporate,0.0,0.0
5298,2323,Unincorporate,0.0,0.0
5299,2323,Unincorporate,86.0,0.251475015051174
5300,2323,Unincorporate,17.0,0.11363636363636363
5301,2324,Unincorporate,0.0,0.0
5302,2324,Unincorporate,0.0,0.0
5303,2324,Unincorporate,0.0,0.0
5304,2324,Unincorporate,8.0,0.06815171583383504
5305,2324,Unincorporate,0.0,0.0
5306,2324,Unincorporate,0.0,0.0
5307,2324,Unincorporate,0.0,0.0
5308,2324,Unincorporate,0.0,0.0
5309,2324,Unincorporate,0.0,0.0
5310,2324,Unincorporate,0.0,0.0
5311,2324,Unincorporate,0.0,0.0
5312,2324,Unincorporate,0.0,0.0
5313,2324,Unincorporate,0.0,0.0
5314,2324,Unincorporate,0.0,0.0
5315,2324,Unincorporate,0.0,0.0
5316,2324,Unincorporate,0.0,0.0
5317,2324,Unincorporate,0.0,0.0
5318,2324,Unincorporate,0.0,0.0
5319,2324,Unincorporate,0.0,0.0
5320,2324,Unincorporate,0.0,0.0
5321,2324,Unincorporate,0.0,0.0
5322,2324,Unincorporate,0.0,0.0
5323,2324,Unincorporate,0.0,0.0
5324,2324,Unincorporate,0.0,0.0
5325,2324,Unincorporate,0.0,0.0
5326,2324,Unincorporate,0.0,0.0
5327,2319,Unincorporate,0.0,0.0
5328,2319,Unincorporate,0.0,0.0
5329,2319,Unincorporate,0.0,0.0
5330,2319,Unincorporate,0.0,0.0
5331,2319,Unincorporate,0.0,0.0
5332,2319,Unincorporate,0.0,0.0
5333,2319,Unincorporate,0.0,0.0
5334,2319,Unincorporate,0.0,0.0
5335,2319,Unincorporate,0.0,0.0
5336,2319,Unincorporate,0.0,0.0
5337,2319,Unincorporate,0.0,0.0
5338,2319,Unincorporate,0.0,0.0
5339,2319,Unincorporate,0.0,0.0
5340,2319,Unincorporate,21.0,0.1343467790487658
5341,2319,Unincorporate,0.0,0.0
5342,2319,Unincorporate,0.0,0.0
5343,2319,Unincorporate,0.0,0.0
5344,2319,Unincorporate,0.0,0.0
5345,2319,Unincorporate,0.0,0.0
5346,2319,Unincorporate,0.0,0.0
5347,2319,Unincorporate,0.0,0.0
5348,2319,Unincorporate,0.0,0.0
5349,2319,Unincorporate,0.0,0.0
5350,2319,Unincorporate,21.0,0.1343467790487658
5351,2319,Unincorporate,0.0,0.0
5352,2319,Unincorporate,0.0,0.0
5353,2319,Unincorporate,0.0,0.0
5354,2319,Unincorporate,0.0,0.0
5355,2319,Unincorporate,12.0,0.08880192655027092
5356,2205,Unincorporate,0.0,0.0
5357,2207,Unincorporate,0.0,0.0
5358,2207,Unincorporate,0.0,0.0
5359,2207,Unincorporate,0.0,0.0
5360,2207,Unincorporate,0.0,0.0
5361,2207,Unincorporate,0.0,0.0
5362,2207,Unincorporate,0.0,0.0
5363,2207,Unincorporate,0.0,0.0
5364,2207,Unincorporate,0.0,0.0
5365,2207,Unincorporate,0.0,0.0
5366,2207,Unincorporate,0.0,0.0
5367,2207,Unincorporate,0.0,0.0
5368,2207,Unincorporate,0.0,0.0
5369,2207,Unincorporate,0.0,0.0
5370,2207,Unincorporate,0.0,0.0
5371,2207,Unincorporate,0.0,0.0
5372,2207,Unincorporate,0.0,0.0
5373,2207,Unincorporate,0.0,0.0
5374,2207,Unincorporate,0.0,0.0
5375,2207,Unincorporate,0.0,0.0
5376,2207,Unincorporate,0.0,0.0
5377,2207,Unincorporate,0.0,0.0
5378,2207,Unincorporate,0.0,0.0
5379,2207,Unincorporate,0.0,0.0
5380,2207,Unincorporate,0.0,0.0
5381,2207,Unincorporate,0.0,0.0
5382,2207,Unincorporate,0.0,0.0
5383,2207,Unincorporate,0.0,0.0
5384,2207,Unincorporate,0.0,0.0
5385,2207,Unincorporate,0.0,0.0
5386,2207,Unincorporate,0.0,0.0
5387,2207,Unincorporate,0.0,0.0
5388,2207,Unincorporate,56.0,0.21694762191450934
5389,2207,Unincorporate,0.0,0.0
5390,2207,Unincorporate,0.0,0.0
5391,2207,Unincorporate,0.0,0.0
5392,2207,Unincorporate,0.0,0.0
5393,2207,Unincorporate,0.0,0.0
5394,2207,Unincorporate,0.0,0.0
5395,2207,Unincorporate,0.0,0.0
5396,2207,Unincorporate,0.0,0.0
5397,2207,Unincorporate,0.0,0.0
5398,2207,Unincorporate,0.0,0.0
5399,2207,Unincorporate,0.0,0.0
5400,2207,Unincorporate,0.0,0.0
5401,2207,Unincorporate,0.0,0.0
5402,2207,Unincorporate,0.0,0.0
5403,2207,Unincorporate,0.0,0.0
5404,2207,Unincorporate,0.0,0.0
5405,2207,Unincorporate,0.0,0.0
5406,2207,Unincorporate,0.0,0.0
5407,2207,Unincorporate,42.0,0.18895243829018663
5408,2207,Unincorporate,42.0,0.18895243829018663
5409,2207,Unincorporate,0.0,0.0
5410,2207,Unincorporate,0.0,0.0
5411,2207,Unincorporate,0.0,0.0
5412,2207,Unincorporate,17.0,0.11363636363636363
5413,2207,Unincorporate,0.0,0.0
5414,2207,Unincorporate,0.0,0.0
5415,2207,Unincorporate,0.0,0.0
5416,2207,Unincorporate,0.0,0.0
5417,2207,Unincorporate,0.0,0.0
5418,2207,Unincorporate,0.0,0.0
5419,2207,Unincorporate,0.0,0.0
5420,2207,Unincorporate,0.0,0.0
5421,2207,Unincorporate,0.0,0.0
5422,2207,Unincorporate,0.0,0.0
5423,2207,Unincorporate,0.0,0.0
5424,2207,Unincorporate,0.0,0.0
5425,2207,Unincorporate,0.0,0.0
5426,2207,Unincorporate,0.0,0.0
5427,2207,Unincorporate,0.0,0.0
5428,2207,Unincorporate,0.0,0.0
5429,2207,Unincorporate,0.0,0.0
5430,2207,Unincorporate,0.0,0.0
5431,2207,Unincorporate,0.0,0.0
5432,2207,Unincorporate,0.0,0.0
5433,2207,Unincorporate,0.0,0.0
5434,2207,Unincorporate,0.0,0.0
5435,2207,Unincorporate,0.0,0.0
5436,2207,Unincorporate,0.0,0.0
5437,2207,Unincorporate,0.0,0.0
5438,2207,Unincorporate,84.0,0.24909692956050572
5439,2207,Unincorporate,56.0,0.21694762191450934
5440,2207,Unincorporate,0.0,0.0
5441,2207,Unincorporate,0.0,0.0
5442,2207,Unincorporate,42.0,0.18895243829018663
5443,2207,Unincorporate,0.0,0.0
5444,2207,Unincorporate,0.0,0.0
5445,2207,Unincorporate,0.0,0.0
5446,2207,Unincorporate,0.0,0.0
5447,2207,Unincorporate,0.0,0.0
5448,2207,Unincorporate,0.0,0.0
5449,2207,Unincorporate,0.0,0.0
5450,2207,Unincorporate,0.0,0.0
5451,2207,Unincorporate,0.0,0.0
5452,2207,Unincorporate,0.0,0.0
5453,2207,Unincorporate,0.0,0.0
5454,2207,Unincorporate,0.0,0.0
5455,2207,Unincorporate,0.0,0.0
5456,2207,Unincorporate,0.0,0.0
5457,2207,Unincorporate,0.0,0.0
5458,2207,Unincorporate,0.0,0.0
5459,2207,Unincorporate,2.0,0.021763997591812162
5460,2207,Unincorporate,0.0,0.0
5461,2207,Unincorporate,0.0,0.0
5462,2207,Unincorporate,0.0,0.0
5463,2207,Unincorporate,0.0,0.0
5464,2207,Unincorporate,0.0,0.0
5465,2207,Unincorporate,0.0,0.0
5466,2207,Unincorporate,0.0,0.0
5467,2207,Unincorporate,0.0,0.0
5468,2207,Unincorporate,0.0,0.0
5469,2207,Unincorporate,0.0,0.0
5470,2207,Unincorporate,0.0,0.0
5471,2207,Unincorporate,0.0,0.0
5472,2207,Unincorporate,0.0,0.0
5473,2207,Unincorporate,0.0,0.0
5474,2207,Unincorporate,0.0,0.0
5475,2207,Unincorporate,0.0,0.0
5476,2207,Unincorporate,0.0,0.0
5477,2207,Unincorporate,0.0,0.0
5478,2207,Unincorporate,0.0,0.0
5479,2207,Unincorporate,0.0,0.0
5480,2207,Unincorporate,0.0,0.0
5481,2207,Unincorporate,0.0,0.0
5482,2207,Unincorporate,0.0,0.0
5483,2207,Unincorporate,0.0,0.0
5484,2207,Unincorporate,0.0,0.0
5485,2207,Unincorporate,0.0,0.0
5486,2207,Unincorporate,0.0,0.0
5487,2207,Unincorporate,0.0,0.0
5488,2207,Unincorporate,0.0,0.0
5489,2207,Unincorporate,0.0,0.0
5490,2207,Unincorporate,0.0,0.0
5491,2207,Unincorporate,0.0,0.0
5492,2207,Unincorporate,0.0,0.0
5493,2207,Unincorporate,0.0,0.0
5494,2207,Unincorporate,0.0,0.0
5495,2207,Unincorporate,0.0,0.0
5496,2207,Unincorporate,0.0,0.0
5497,2207,Unincorporate,0.0,0.0
5498,2207,Unincorporate,0.0,0.0
5499,2207,Unincorporate,0.0,0.0
5500,2207,Unincorporate,0.0,0.0
5501,2207,Unincorporate,0.0,0.0
5502,2207,Unincorporate,0.0,0.0
5503,2207,Unincorporate,0.0,0.0
5504,2207,Unincorporate,0.0,0.0
5505,2207,Unincorporate,0.0,0.0
5506,2207,Unincorporate,20.0,0.1290487658037327
5507,2207,Unincorporate,0.0,0.0
5508,2207,Unincorporate,0.0,0.0
5509,2207,Unincorporate,56.0,0.21694762191450934
5510,2207,Unincorporate,56.0,0.21694762191450934
5511,2207,Unincorporate,14.0,0.098314268512944
5512,2207,Unincorporate,0.0,0.0
5513,2207,Unincorporate,0.0,0.0
5514,2207,Unincorporate,42.0,0.18895243829018663
5515,2207,Unincorporate,0.0,0.0
5516,2207,Unincorporate,0.0,0.0
5517,2207,Unincorporate,0.0,0.0
5518,2207,Unincorporate,0.0,0.0
5519,2207,Unincorporate,42.0,0.18895243829018663
5520,2207,Unincorporate,0.0,0.0
5521,2207,Unincorporate,0.0,0.0
5522,2207,Unincorporate,0.0,0.0
5523,2207,Unincorporate,0.0,0.0
5524,2207,Unincorporate,0.0,0.0
5525,2207,Unincorporate,0.0,0.0
5526,2207,Unincorporate,0.0,0.0
5527,2207,Unincorporate,0.0,0.0
5528,2207,Unincorporate,0.0,0.0
5529,2207,Unincorporate,0.0,0.0
5530,2207,Unincorporate,0.0,0.0
5531,2207,Unincorporate,0.0,0.0
5532,2207,Unincorporate,0.0,0.0
5533,2207,Unincorporate,6.0,0.05770620108368453
5534,2207,Unincorporate,0.0,0.0
5535,2207,Unincorporate,0.0,0.0
5536,2207,Unincorporate,0.0,0.0
5537,2207,Unincorporate,0.0,0.0
5538,2207,Unincorporate,0.0,0.0
5539,2207,Unincorporate,0.0,0.0
5540,2207,Unincorporate,0.0,0.0
5541,2207,Unincorporate,0.0,0.0
5542,2207,Unincorporate,0.0,0.0
5543,2207,Unincorporate,0.0,0.0
5544,2207,Unincorporate,0.0,0.0
5545,2207,Unincorporate,0.0,0.0
5546,2207,Unincorporate,0.0,0.0
5547,2207,Unincorporate,0.0,0.0
5548,2207,Unincorporate,0.0,0.0
5549,2207,Unincorporate,0.0,0.0
5550,2207,Unincorporate,0.0,0.0
5551,2207,Unincorporate,0.0,0.0
5552,2207,Unincorporate,31.0,0.1650812763395545
5553,2207,Unincorporate,17.0,0.11363636363636363
5554,2207,Unincorporate,0.0,0.0
5555,2207,Unincorporate,0.0,0.0
5556,2207,Unincorporate,0.0,0.0
5557,2207,Unincorporate,0.0,0.0
5558,2207,Unincorporate,0.0,0.0
5559,341,Unincorporate,0.0,0.0
5560,2207,Unincorporate,0.0,0.0
5561,2207,Unincorporate,0.0,0.0
5562,2207,Unincorporate,0.0,0.0
5563,2207,Unincorporate,0.0,0.0
5564,2207,Unincorporate,0.0,0.0
5565,2207,Unincorporate,0.0,0.0
5566,2207,Unincorporate,0.0,0.0
5567,2207,Unincorporate,28.0,0.15755568934376882
5568,2207,Unincorporate,28.0,0.15755568934376882
5569,2207,Unincorporate,0.0,0.0
5570,2207,Unincorporate,0.0,0.0
5571,2207,Unincorporate,0.0,0.0
5572,2207,Unincorporate,0.0,0.0
5573,2207,Unincorporate,0.0,0.0
5574,2207,Unincorporate,0.0,0.0
5575,2207,Unincorporate,0.0,0.0
5576,2207,Unincorporate,0.0,0.0
5577,2207,Unincorporate,0.0,0.0
5578,2207,Unincorporate,0.0,0.0
5579,2207,Unincorporate,0.0,0.0
5580,2207,Unincorporate,0.0,0.0
5581,2207,Unincorporate,0.0,0.0
5582,2207,Unincorporate,0.0,0.0
5583,2207,Unincorporate,0.0,0.0
5584,2207,Unincorporate,0.0,0.0
5585,2207,Unincorporate,0.0,0.0
5586,2207,Unincorporate,0.0,0.0
5587,2207,Unincorporate,0.0,0.0
5588,2207,Unincorporate,0.0,0.0
5589,2207,Unincorporate,0.0,0.0
5590,2207,Unincorporate,0.0,0.0
5591,2207,Unincorporate,0.0,0.0
5592,2207,Unincorporate,0.0,0.0
5593,2207,Unincorporate,0.0,0.0
5594,2207,Unincorporate,0.0,0.0
5595,2207,Unincorporate,0.0,0.0
5596,2207,Unincorporate,0.0,0.0
5597,2207,Unincorporate,0.0,0.0
5598,2207,Unincorporate,0.0,0.0
5599,341,Unincorporate,0.0,0.0
5600,341,Unincorporate,0.0,0.0
5601,341,Unincorporate,13.0,0.09331727874774233
5602,341,Unincorporate,0.0,0.0
5603,341,Unincorporate,0.0,0.0
5604,341,Unincorporate,0.0,0.0
5605,341,Unincorporate,0.0,0.0
5606,341,Unincorporate,0.0,0.0
5607,341,Unincorporate,15.0,0.10361228175797713
5608,341,Unincorporate,21.0,0.1343467790487658
5609,341,Unincorporate,0.0,0.0
5610,341,Unincorporate,34.0,0.17146297411198075
5611,341,Unincorporate,0.0,0.0
5612,341,Coalinga,7942.0,0.9422034918723661
5613,341,Unincorporate,15.0,0.10361228175797713
5614,341,Unincorporate,0.0,0.0
5615,341,Unincorporate,0.0,0.0
5616,341,Unincorporate,0.0,0.0
5617,341,Unincorporate,0.0,0.0
5618,341,Unincorporate,0.0,0.0
5619,341,Unincorporate,30.0,0.1627031908488862
5620,341,Unincorporate,0.0,0.0
5621,341,Coalinga,3971.0,0.8451836243226972
5622,341,Unincorporate,15.0,0.10361228175797713
5623,341,Unincorporate,0.0,0.0
5624,341,Unincorporate,22.0,0.1382299819385912
5625,341,Unincorporate,0.0,0.0
5626,341,Unincorporate,15.0,0.10361228175797713
5627,341,Unincorporate,0.0,0.0
5628,2327,Unincorporate,0.0,0.0
5629,2327,Unincorporate,0.0,0.0
5630,2327,Unincorporate,0.0,0.0
5631,2327,Unincorporate,0.0,0.0
5632,2327,Unincorporate,0.0,0.0
5633,2327,Unincorporate,0.0,0.0
5634,2327,Unincorporate,0.0,0.0
5635,2327,Unincorporate,0.0,0.0
5636,2327,Unincorporate,0.0,0.0
5637,2327,Unincorporate,0.0,0.0
5638,2327,Unincorporate,0.0,0.0
5639,2327,Unincorporate,0.0,0.0
5640,2327,Unincorporate,0.0,0.0
5641,2327,Unincorporate,0.0,0.0
5642,2327,Unincorporate,0.0,0.0
5643,2327,Unincorporate,13.0,0.09331727874774233
5644,2327,Unincorporate,0.0,0.0
5645,2327,Unincorporate,0.0,0.0
5646,2327,Unincorporate,0.0,0.0
5647,2327,Unincorporate,0.0,0.0
5648,2327,Unincorporate,0.0,0.0
5649,2327,Unincorporate,0.0,0.0
5650,2327,Unincorporate,0.0,0.0
5651,2327,Unincorporate,0.0,0.0
5652,2327,Unincorporate,0.0,0.0
5653,2327,Unincorporate,0.0,0.0
5654,2327,Unincorporate,0.0,0.0
5655,2327,Unincorporate,0.0,0.0
5656,2327,Unincorporate,0.0,0.0
5657,2327,Unincorporate,0.0,0.0
5658,2327,Unincorporate,0.0,0.0
5659,2327,Unincorporate,0.0,0.0
5660,2327,Unincorporate,0.0,0.0
5661,2327,Unincorporate,0.0,0.0
5662,2327,Unincorporate,0.0,0.0
5663,2327,Unincorporate,0.0,0.0
5664,2327,Unincorporate,0.0,0.0
5665,2327,Unincorporate,0.0,0.0
5666,2327,Unincorporate,0.0,0.0
5667,2327,Unincorporate,0.0,0.0
5668,2327,Unincorporate,0.0,0.0
5669,2327,Unincorporate,0.0,0.0
5670,2327,Unincorporate,0.0,0.0
5671,2327,Unincorporate,0.0,0.0
5672,2327,Unincorporate,0.0,0.0
5673,2327,Unincorporate,0.0,0.0
5674,2327,Unincorporate,0.0,0.0
5675,2327,Unincorporate,0.0,0.0
5676,2327,Unincorporate,0.0,0.0
5677,2327,Unincorporate,0.0,0.0
5678,2327,Unincorporate,0.0,0.0
5679,2327,Unincorporate,0.0,0.0
5680,2327,Unincorporate,0.0,0.0
5681,2327,Unincorporate,0.0,0.0
5682,2327,Unincorporate,0.0,0.0
5683,2327,Unincorporate,0.0,0.0
5684,2327,Unincorporate,0.0,0.0
5685,2327,Unincorporate,0.0,0.0
5686,2327,Unincorporate,0.0,0.0
5687,2327,Unincorporate,0.0,0.0
5688,2327,Unincorporate,0.0,0.0
5689,2327,Unincorporate,0.0,0.0
5690,2327,Unincorporate,0.0,0.0
5691,2327,Unincorporate,0.0,0.0
5692,2327,Unincorporate,0.0,0.0
5693,2327,Unincorporate,0.0,0.0
5694,2327,Unincorporate,0.0,0.0
5695,2327,Unincorporate,0.0,0.0
5696,2327,Unincorporate,0.0,0.0
5697,2327,Unincorporate,0.0,0.0
5698,2327,Unincorporate,0.0,0.0
5699,2327,Unincorporate,0.0,0.0
5700,2327,Unincorporate,0.0,0.0
5701,2327,Unincorporate,0.0,0.0
5702,2327,Unincorporate,0.0,0.0
5703,2327,Unincorporate,0.0,0.0
5704,2327,Unincorporate,0.0,0.0
5705,2327,Unincorporate,0.0,0.0
5706,2327,Unincorporate,0.0,0.0
5707,2327,Unincorporate,0.0,0.0
5708,2327,Unincorporate,0.0,0.0
5709,2327,Unincorporate,0.0,0.0
5710,2327,Unincorporate,0.0,0.0
5711,2327,Unincorporate,0.0,0.0
5712,2327,Unincorporate,0.0,0.0
5713,2327,Unincorporate,0.0,0.0
5714,2327,Unincorporate,0.0,0.0
5715,2327,Unincorporate,0.0,0.0
5716,2327,Unincorporate,0.0,0.0
5717,2327,Unincorporate,0.0,0.0
5718,2327,Unincorporate,0.0,0.0
5719,2327,Unincorporate,0.0,0.0
5720,2327,Unincorporate,0.0,0.0
5721,2327,Unincorporate,47.0,0.19861529199277544
5722,2327,Unincorporate,0.0,0.0
5723,2327,Unincorporate,0.0,0.0
5724,2327,Unincorporate,0.0,0.0
5725,2327,Unincorporate,0.0,0.0
5726,2327,Unincorporate,0.0,0.0
5727,2327,Unincorporate,0.0,0.0
5728,2327,Unincorporate,0.0,0.0
5729,2327,Unincorporate,0.0,0.0
5730,2327,Unincorporate,0.0,0.0
5731,2327,Unincorporate,0.0,0.0
5732,2327,Unincorporate,0.0,0.0
5733,2327,Unincorporate,0.0,0.0
5734,2327,Unincorporate,0.0,0.0
5735,2327,Unincorporate,0.0,0.0
5736,2327,Unincorporate,0.0,0.0
5737,2327,Unincorporate,0.0,0.0
5738,2327,Unincorporate,0.0,0.0
5739,2327,Unincorporate,0.0,0.0
5740,2327,Unincorporate,0.0,0.0
5741,2327,Unincorporate,0.0,0.0
5742,2327,Unincorporate,0.0,0.0
5743,2327,Unincorporate,0.0,0.0
5744,2327,Unincorporate,0.0,0.0
5745,2327,Unincorporate,0.0,0.0
5746,2327,Unincorporate,0.0,0.0
5747,2327,Unincorporate,0.0,0.0
5748,2327,Unincorporate,0.0,0.0
5749,2327,Unincorporate,0.0,0.0
5750,2327,Unincorporate,0.0,0.0
5751,2327,Unincorporate,0.0,0.0
5752,2327,Unincorporate,0.0,0.0
5753,2327,Unincorporate,0.0,0.0
5754,2327,Unincorporate,0.0,0.0
5755,2327,Unincorporate,0.0,0.0
5756,2327,Unincorporate,0.0,0.0
5757,2327,Unincorporate,0.0,0.0
5758,2327,Unincorporate,0.0,0.0
5759,2327,Unincorporate,0.0,0.0
5760,2327,Unincorporate,0.0,0.0
5761,2327,Unincorporate,0.0,0.0
5762,2327,Unincorporate,0.0,0.0
5763,2327,Unincorporate,0.0,0.0
5764,2327,Unincorporate,0.0,0.0
5765,2327,Unincorporate,0.0,0.0
5766,2327,Unincorporate,0.0,0.0
5767,2327,Unincorporate,0.0,0.0
5768,2327,Unincorporate,0.0,0.0
5769,2327,Unincorporate,0.0,0.0
5770,2327,Unincorporate,0.0,0.0
5771,2327,Unincorporate,0.0,0.0
5772,2327,Unincorporate,0.0,0.0
5773,2327,Unincorporate,0.0,0.0
5774,2327,Unincorporate,0.0,0.0
5775,2327,Unincorporate,0.0,0.0
5776,2327,Unincorporate,0.0,0.0
5777,2327,Unincorporate,0.0,0.0
5778,2327,Unincorporate,0.0,0.0
5779,2327,Unincorporate,24.0,0.1451234196267309
5780,2327,Unincorporate,19.0,0.12332931968693558
5781,2327,Unincorporate,0.0,0.0
5782,2327,Unincorporate,0.0,0.0
5783,2327,Unincorporate,0.0,0.0
5784,2327,Unincorporate,0.0,0.0
5785,2327,Unincorporate,0.0,0.0
5786,2327,Unincorporate,0.0,0.0
5787,2327,Unincorporate,0.0,0.0
5788,2327,Unincorporate,0.0,0.0
5789,2327,Unincorporate,0.0,0.0
5790,2326,Unincorporate,0.0,0.0
5791,2326,Unincorporate,0.0,0.0
5792,2326,Unincorporate,0.0,0.0
5793,2326,Unincorporate,0.0,0.0
5794,2326,Unincorporate,0.0,0.0
5795,2326,Unincorporate,0.0,0.0
5796,2326,Unincorporate,0.0,0.0
5797,2326,Unincorporate,15.0,0.10361228175797713
5798,2326,Unincorporate,0.0,0.0
5799,2326,Unincorporate,0.0,0.0
5800,2326,Unincorporate,0.0,0.0
5801,2326,Unincorporate,0.0,0.0
5802,2326,Unincorporate,0.0,0.0
5803,2326,Unincorporate,0.0,0.0
5804,2326,Unincorporate,15.0,0.10361228175797713
5805,2326,Unincorporate,0.0,0.0
5806,2325,Unincorporate,0.0,0.0
5807,2325,Unincorporate,0.0,0.0
5808,2325,Unincorporate,0.0,0.0
5809,2325,Unincorporate,0.0,0.0
5810,2325,Unincorporate,0.0,0.0
5811,2325,Unincorporate,0.0,0.0
5812,2325,Unincorporate,0.0,0.0
5813,2325,Unincorporate,0.0,0.0
5814,2325,Unincorporate,0.0,0.0
5815,2325,Unincorporate,0.0,0.0
5816,2325,Unincorporate,0.0,0.0
5817,2325,Unincorporate,0.0,0.0
5818,2325,Unincorporate,0.0,0.0
5819,325,Coalinga,1812.0,0.6666465984346779
5820,325,Coalinga,1341.0,0.5960264900662252
5821,1543,Huron,58.0,0.2197471402769416
5822,1543,Huron,58.0,0.2197471402769416
5823,1543,Huron,58.0,0.2197471402769416
5824,1543,Huron,86.0,0.251475015051174
5825,1543,Huron,58.0,0.2197471402769416
5826,1543,Huron,15.0,0.10361228175797713
5827,2779,Unincorporate,0.0,0.0
5828,2779,Unincorporate,0.0,0.0
5829,2372,Unincorporate,26.0,0.1517760385310054
5830,2372,Unincorporate,155.0,0.30237808549066825
5831,2372,Unincorporate,0.0,0.0
5832,2372,Unincorporate,14.0,0.098314268512944
5833,2372,Unincorporate,171.0,0.30942203491872367
5834,2372,Unincorporate,13.0,0.09331727874774233
5835,2395,Unincorporate,0.0,0.0
5836,2395,Unincorporate,0.0,0.0
5837,2395,Unincorporate,0.0,0.0
5838,2395,Unincorporate,0.0,0.0
5839,2395,Unincorporate,16.0,0.10885009030704396
5840,2395,Unincorporate,0.0,0.0
5841,2395,Unincorporate,0.0,0.0
5842,2395,Unincorporate,6.0,0.05770620108368453
5843,2395,Unincorporate,0.0,0.0
5844,2395,Unincorporate,0.0,0.0
5845,2395,Unincorporate,3.0,0.033564118001204096
5846,2395,Unincorporate,2.0,0.021763997591812162
5847,2395,Unincorporate,0.0,0.0
5848,2395,Unincorporate,56.0,0.21694762191450934
5849,2395,Unincorporate,0.0,0.0
5850,2406,Unincorporate,0.0,0.0
5851,2407,Unincorporate,162.0,0.3052077062010837
5852,2407,Unincorporate,22.0,0.1382299819385912
5853,2407,Unincorporate,15.0,0.10361228175797713
5854,2325,Unincorporate,0.0,0.0
5855,2325,Unincorporate,0.0,0.0
5856,2325,Unincorporate,0.0,0.0
5857,2325,Unincorporate,0.0,0.0
5858,2325,Unincorporate,0.0,0.0
5859,2325,Unincorporate,0.0,0.0
5860,2325,Unincorporate,0.0,0.0
5861,2325,Unincorporate,0.0,0.0
5862,2325,Unincorporate,0.0,0.0
5863,2325,Unincorporate,0.0,0.0
5864,2325,Unincorporate,0.0,0.0
5865,2325,Unincorporate,0.0,0.0
5866,2325,Unincorporate,0.0,0.0
5867,2325,Unincorporate,0.0,0.0
5868,2325,Unincorporate,0.0,0.0
5869,2325,Unincorporate,0.0,0.0
5870,2325,Unincorporate,0.0,0.0
5871,2325,Unincorporate,0.0,0.0
5872,2325,Unincorporate,0.0,0.0
5873,2325,Unincorporate,1.0,0.007465382299819386
5874,2325,Unincorporate,0.0,0.0
5875,1317,Fresno,390.0,0.38910295003010237
5876,1317,Fresno,325.0,0.3703491872366045
5877,1317,Fresno,304.0,0.36405779650812764
5878,1317,Fresno,349.0,0.37745334136062614
5879,1317,Fresno,597.0,0.4506020469596628
5880,1317,Fresno,174.0,0.31152919927754363
5881,522,Fresno,1462.0,0.6174894641782059
5882,522,Fresno,1312.0,0.589885611077664
5883,522,Fresno,1320.0,0.5919626730885009
5884,522,Fresno,1442.0,0.6144190246839254
5885,522,Fresno,1376.0,0.6025888019265503
5886,520,Fresno,84.0,0.24909692956050572
5887,538,Fresno,1773.0,0.6608970499698976
5888,538,Fresno,38.0,0.18133654425045154
5889,539,Fresno,1854.0,0.6726670680313065
5890,539,Fresno,1904.0,0.680373269114991
5891,539,Fresno,38.0,0.18133654425045154
5892,1312,Fresno,0.0,0.0
5893,488,Fresno,186.0,0.31911499096929563
5894,488,Fresno,168.0,0.3082781456953642
5895,488,Fresno,334.0,0.37338952438290185
5896,488,Fresno,333.0,0.3730583985550873
5897,488,Fresno,214.0,0.33175797712221555
5898,488,Fresno,340.0,0.3746237206502107
5899,488,Fresno,281.0,0.3564118001204094
5900,497,Fresno,1095.0,0.5506622516556291
5901,497,Fresno,2054.0,0.6991270319084889
5902,497,Fresno,1737.0,0.6562913907284769
5903,497,Fresno,1011.0,0.535009030704395
5904,497,Fresno,680.0,0.47107164358819986
5905,497,Fresno,1526.0,0.6273931366646598
5906,497,Fresno,963.0,0.5275737507525587
5907,497,Fresno,1040.0,0.5395845875978327
5908,497,Fresno,2011.0,0.6937387116195063
5909,493,Fresno,720.0,0.48037326911499095
5910,493,Fresno,856.0,0.5083383503913306
5911,1471,Fresno,12496.0,0.9659241420830825
5912,1464,Fresno,1302.0,0.588199879590608
5913,1464,Fresno,1913.0,0.6815171583383504
5914,1464,Fresno,1364.0,0.6006622516556291
5915,1464,Fresno,1251.0,0.5791992775436484
5916,1464,Fresno,2176.0,0.7165261890427453
5917,243,Clovis,415.0,0.39888621312462375
5918,243,Clovis,14.0,0.098314268512944
5919,2777,Unincorporate,0.0,0.0
5920,2777,Unincorporate,0.0,0.0
5921,2776,Unincorporate,0.0,0.0
5922,2788,Unincorporate,0.0,0.0
5923,2786,Unincorporate,0.0,0.0
5924,2786,Unincorporate,0.0,0.0
5925,2786,Unincorporate,0.0,0.0
5926,324,Coalinga,1223.0,0.5747140276941601
5927,324,Coalinga,854.0,0.5080674292594822
5928,324,Coalinga,664.0,0.4678506923540036
5929,324,Coalinga,1149.0,0.5603251053582179
5930,324,Coalinga,1148.0,0.5598735701384708
5931,324,Coalinga,1047.0,0.5412703190848887
5932,324,Coalinga,1229.0,0.5758579169175195
5933,324,Coalinga,1228.0,0.5756170981336545
5934,324,Coalinga,994.0,0.5321493076459964
5935,324,Coalinga,1195.0,0.5695364238410596
5936,324,Coalinga,754.0,0.4873570138470801
5937,324,Coalinga,1251.0,0.5791992775436484
5938,324,Coalinga,710.0,0.4773630343166767
5939,324,Coalinga,893.0,0.5139975918121613
5940,324,Coalinga,764.0,0.48931366646598434
5941,324,Coalinga,1042.0,0.5401264298615291
5942,324,Coalinga,873.0,0.5113485851896448
5943,324,Coalinga,1232.0,0.5762191450933173
5944,324,Coalinga,1064.0,0.5448223961468994
5945,324,Coalinga,1064.0,0.5448223961468994
5946,324,Coalinga,1152.0,0.5610475617098134
5947,324,Coalinga,1155.0,0.5615593016255268
5948,324,Coalinga,1231.0,0.5761288380493679
5949,324,Coalinga,809.0,0.49825406381697773
5950,324,Coalinga,874.0,0.5115593016255268
5951,324,Coalinga,763.0,0.48904274533413605
5952,324,Coalinga,1064.0,0.5448223961468994
5953,324,Coalinga,1164.0,0.5636363636363636
5954,324,Coalinga,1134.0,0.5570439494280554
5955,324,Coalinga,1064.0,0.5448223961468994
5956,325,Coalinga,1588.0,0.6361529199277544
5957,325,Coalinga,1747.0,0.6573148705599037
5958,325,Coalinga,1196.0,0.5698073449729079
5959,325,Coalinga,1999.0,0.6924142083082481
5960,325,Coalinga,1895.0,0.6791992775436484
5961,325,Coalinga,1837.0,0.6702287778446718
5962,325,Coalinga,2025.0,0.694942805538832
5963,325,Coalinga,1372.0,0.6019867549668875
5964,325,Coalinga,1969.0,0.6887116195063215
5965,325,Coalinga,1807.0,0.6659843467790487
5966,325,Coalinga,1819.0,0.6678506923540036
5967,325,Coalinga,1067.0,0.5455147501505118
5968,325,Coalinga,2042.0,0.6975015051173992
5969,325,Coalinga,1819.0,0.6678506923540036
5970,325,Coalinga,2091.0,0.7044551475015051
5971,325,Coalinga,1745.0,0.6569837447320891
5972,330,Coalinga,3.0,0.033564118001204096
5973,330,Coalinga,280.0,0.35602046959662853
5974,330,Coalinga,1790.0,0.6636363636363637
5975,330,Coalinga,283.0,0.3571342564720048
5976,330,Coalinga,1816.0,0.6673991571342565
5977,330,Coalinga,1840.0,0.6707706201083684
5978,330,Coalinga,1819.0,0.6678506923540036
5979,330,Coalinga,1880.0,0.6772727272727272
5980,330,Coalinga,1870.0,0.6753461770018061
5981,330,Coalinga,0.0,0.0
5982,330,Coalinga,1624.0,0.6417218543046358
5983,330,Coalinga,0.0,0.0
5984,330,Coalinga,1260.0,0.5803130644190246
5985,330,Coalinga,1812.0,0.6666465984346779
5986,328,Coalinga,1401.0,0.606953642384106
5987,328,Coalinga,1121.0,0.5546056592414208
5988,328,Coalinga,1059.0,0.5437688139674894
5989,328,Coalinga,1033.0,0.5386213124623721
5990,328,Coalinga,1122.0,0.554846478025286
5991,328,Coalinga,1187.0,0.5684527393136665
5992,328,Coalinga,1177.0,0.5662552679108971
5993,328,Coalinga,1213.0,0.572998193859121
5994,328,Coalinga,708.0,0.47661047561709813
5995,328,Coalinga,1342.0,0.596207104154124
5996,328,Coalinga,1229.0,0.5758579169175195
5997,328,Coalinga,937.0,0.5214027694160145
5998,328,Coalinga,1004.0,0.5338952438290187
5999,328,Coalinga,964.0,0.5278747742323902
6000,328,Coalinga,724.0,0.4819385912101144
6001,328,Coalinga,1233.0,0.5763395544852499
6002,328,Coalinga,1155.0,0.5615593016255268
6003,328,Coalinga,1210.0,0.5722155328115593
6004,328,Coalinga,1020.0,0.5363937387116195
6005,328,Coalinga,1061.0,0.5442203491872366
6006,328,Coalinga,1122.0,0.554846478025286
6007,328,Coalinga,1213.0,0.572998193859121
6008,328,Coalinga,231.0,0.3383503913305238
6009,328,Coalinga,873.0,0.5113485851896448
6010,328,Coalinga,1472.0,0.6192956050571945
6011,328,Coalinga,1218.0,0.5742022877784467
6012,328,Coalinga,1122.0,0.554846478025286
6013,328,Coalinga,1211.0,0.5724864539434076
6014,328,Coalinga,1113.0,0.5535219747140276
6015,328,Coalinga,1060.0,0.5440096327513546
6016,328,Coalinga,1103.0,0.5521372667068031
6017,328,Coalinga,1317.0,0.5911800120409392
6018,328,Coalinga,1058.0,0.5434978928356412
6019,328,Coalinga,1178.0,0.5666164960866947
6020,328,Coalinga,1058.0,0.5434978928356412
6021,328,Coalinga,950.0,0.5249247441300422
6022,328,Coalinga,1069.0,0.5459361830222758
6023,328,Coalinga,1138.0,0.5578266104756171
6024,329,Coalinga,1999.0,0.6924142083082481
6025,329,Coalinga,2059.0,0.6998494882600843
6026,329,Coalinga,1958.0,0.687326911499097
6027,329,Coalinga,1340.0,0.5958759783263095
6028,329,Coalinga,1230.0,0.5760385310054185
6029,329,Coalinga,2000.0,0.6927453341360627
6030,329,Coalinga,1845.0,0.6713425647200482
6031,329,Coalinga,1952.0,0.6863636363636364
6032,329,Coalinga,1224.0,0.574894641782059
6033,329,Coalinga,2068.0,0.7014449127031909
6034,329,Coalinga,2058.0,0.6996387718242023
6035,329,Coalinga,2092.0,0.7046658639373872
6036,329,Coalinga,1291.0,0.5865141481035521
6037,329,Coalinga,2069.0,0.7015954244431065
6038,329,Coalinga,1999.0,0.6924142083082481
6039,329,Coalinga,2156.0,0.7142986152919928
6040,329,Coalinga,2108.0,0.7071041541240217
6041,329,Coalinga,2067.0,0.7012040939193257
6042,329,Coalinga,1998.0,0.6920830824804335
6043,329,Coalinga,1985.0,0.6905177603853101
6044,329,Coalinga,1315.0,0.590728476821192
6045,329,Coalinga,1974.0,0.6893136664659844
6046,329,Coalinga,2058.0,0.6996387718242023
6047,329,Coalinga,1235.0,0.576580373269115
6048,329,Coalinga,1959.0,0.6876279349789284
6049,329,Coalinga,1999.0,0.6924142083082481
6050,329,Coalinga,2085.0,0.7040939193257074
6051,329,Coalinga,1225.0,0.5750752558699579
6052,354,Coalinga,234.0,0.3403973509933775
6053,2829,Unincorporate,8.0,0.06815171583383504
6054,2829,Unincorporate,46.0,0.19686935580975315
6055,2829,Unincorporate,41.0,0.18741721854304635
6056,2829,Unincorporate,6.0,0.05770620108368453
6057,2829,Unincorporate,0.0,0.0
6058,2829,Unincorporate,3.0,0.033564118001204096
6059,2829,Unincorporate,45.0,0.1942203491872366
6060,2829,Unincorporate,2.0,0.021763997591812162
6061,2829,Unincorporate,85.0,0.2503010234798314
6062,1542,Huron,220.0,0.3340156532209512
6063,1542,Huron,144.0,0.2942805538832029
6064,1543,Huron,63.0,0.22600842865743528
6065,1543,Huron,55.0,0.21559301625526792
6066,1543,Huron,2.0,0.021763997591812162
6067,1543,Huron,58.0,0.2197471402769416
6068,1543,Huron,4.0,0.04298615291992775
6069,1543,Huron,15.0,0.10361228175797713
6070,1543,Huron,58.0,0.2197471402769416
6071,1543,Huron,62.0,0.22441300421432872
6072,1543,Huron,58.0,0.2197471402769416
6073,1543,Huron,58.0,0.2197471402769416
6074,1543,Huron,58.0,0.2197471402769416
6075,1543,Huron,6.0,0.05770620108368453
6076,1543,Huron,66.0,0.2300421432871764
6077,1543,Huron,64.0,0.227423239012643
6078,1543,Huron,58.0,0.2197471402769416
6079,1543,Huron,58.0,0.2197471402769416
6080,1545,Huron,33.0,0.16887417218543047
6081,1545,Huron,33.0,0.16887417218543047
6082,1545,Huron,153.0,0.30090307043949427
6083,1545,Huron,153.0,0.30090307043949427
6084,1545,Huron,33.0,0.16887417218543047
6085,1545,Huron,165.0,0.3069235400361228
6086,1545,Huron,33.0,0.16887417218543047
6087,1545,Huron,144.0,0.2942805538832029
6088,1545,Huron,152.0,0.30033112582781457
6089,1545,Huron,144.0,0.2942805538832029
6090,1545,Huron,155.0,0.30237808549066825
6091,1545,Huron,34.0,0.17146297411198075
6092,1545,Huron,144.0,0.2942805538832029
6093,1545,Huron,34.0,0.17146297411198075
6094,1545,Huron,81.0,0.24641782059000603
6095,1545,Huron,37.0,0.1790487658037327
6096,1545,Huron,162.0,0.3052077062010837
6097,1545,Huron,150.0,0.2988260084286574
6098,1547,Huron,29.0,0.16047561709813365
6099,1547,Huron,688.0,0.4726670680313064
6100,1547,Huron,3.0,0.033564118001204096
6101,1547,Huron,0.0,0.0
6102,1547,Huron,8.0,0.06815171583383504
6103,1547,Huron,344.0,0.3762191450933173
6104,1547,Huron,344.0,0.3762191450933173
6105,124,Clovis,1100.0,0.5516556291390728
6106,2734,Clovis,0.0,0.0
6107,2734,Clovis,0.0,0.0
6108,2734,Clovis,0.0,0.0
6109,2734,Clovis,0.0,0.0
6110,2734,Clovis,0.0,0.0
6111,2734,Unincorporate,80.0,0.24530403371462975
6112,2734,Clovis,51.0,0.20695364238410596
6113,2735,Clovis,0.0,0.0
6114,2725,Unincorporate,13.0,0.09331727874774233
6115,2725,Unincorporate,9.0,0.07393136664659844
6116,2725,Unincorporate,10.0,0.07874774232390126
6117,276,Clovis,75.0,0.2407585791691752
6118,276,Clovis,75.0,0.2407585791691752
6119,280,Clovis,70.0,0.23573148705599037
6120,285,Clovis,92.0,0.25716435881998795
6121,291,Clovis,41.0,0.18741721854304635
6122,291,Clovis,35.0,0.17357013847080072
6123,291,Clovis,31.0,0.1650812763395545
6124,2787,Unincorporate,1.0,0.007465382299819386
6125,2787,Unincorporate,0.0,0.0
6126,2787,Unincorporate,0.0,0.0
6127,2781,Clovis,0.0,0.0
6128,2362,Unincorporate,8.0,0.06815171583383504
6129,2362,Unincorporate,0.0,0.0
6130,2363,Unincorporate,7.0,0.06303431667670079
6131,2363,Unincorporate,14.0,0.098314268512944
6132,2363,Unincorporate,51.0,0.20695364238410596
6133,2363,Unincorporate,18.0,0.11815171583383503
6134,2363,Unincorporate,0.0,0.0
6135,2364,Unincorporate,303.0,0.36375677302829623
6136,2364,Unincorporate,0.0,0.0
6137,2364,Unincorporate,0.0,0.0
6138,2364,Unincorporate,0.0,0.0
6139,2364,Unincorporate,84.0,0.24909692956050572
6140,2363,Unincorporate,0.0,0.0
6141,2364,Unincorporate,81.0,0.24641782059000603
6142,2364,Unincorporate,0.0,0.0
6143,2033,Unincorporate,15.0,0.10361228175797713
6144,2033,Unincorporate,0.0,0.0
6145,2033,Unincorporate,0.0,0.0
6146,2033,Unincorporate,365.0,0.38190848886213125
6147,2033,Unincorporate,0.0,0.0
6148,2033,Unincorporate,311.0,0.3662853702588802
6149,2033,Unincorporate,0.0,0.0
6150,2033,Unincorporate,0.0,0.0
6151,2033,Unincorporate,29.0,0.16047561709813365
6152,2033,Unincorporate,57.0,0.2181216134858519
6153,2033,Unincorporate,16.0,0.10885009030704396
6154,2033,Unincorporate,62.0,0.22441300421432872
6155,2033,Unincorporate,32.0,0.1669175195665262
6156,2033,Unincorporate,2.0,0.021763997591812162
6157,2372,Unincorporate,0.0,0.0
6158,2372,Unincorporate,307.0,0.3646598434677905
6159,2372,Unincorporate,0.0,0.0
6160,2372,Unincorporate,13.0,0.09331727874774233
6161,2372,Unincorporate,157.0,0.303582179409994
6162,2365,Unincorporate,60.0,0.22218543046357617
6163,2365,Unincorporate,55.0,0.21559301625526792
6164,2365,Unincorporate,11.0,0.08383503913305237
6165,2365,Unincorporate,6.0,0.05770620108368453
6166,2365,Unincorporate,0.0,0.0
6167,2365,Unincorporate,37.0,0.1790487658037327
6168,2365,Unincorporate,177.0,0.31393738711619507
6169,2365,Unincorporate,1.0,0.007465382299819386
6170,2365,Unincorporate,29.0,0.16047561709813365
6171,2365,Unincorporate,44.0,0.1917519566526189
6172,2373,Unincorporate,3.0,0.033564118001204096
6173,2373,Unincorporate,15.0,0.10361228175797713
6174,2373,Unincorporate,6.0,0.05770620108368453
6175,2373,Unincorporate,0.0,0.0
6176,2373,Unincorporate,40.0,0.18552077062010836
6177,2373,Unincorporate,2.0,0.021763997591812162
6178,2373,Unincorporate,26.0,0.1517760385310054
6179,2373,Unincorporate,2.0,0.021763997591812162
6180,2373,Unincorporate,0.0,0.0
6181,2373,Unincorporate,40.0,0.18552077062010836
6182,2373,Unincorporate,386.0,0.3882600842865743
6183,2373,Unincorporate,16.0,0.10885009030704396
6184,2032,Unincorporate,20.0,0.1290487658037327
6185,2032,Unincorporate,88.0,0.25343166767007824
6186,2032,Unincorporate,252.0,0.3484045755568934
6187,2032,Unincorporate,126.0,0.28425647200481635
6188,2032,Unincorporate,2.0,0.021763997591812162
6189,2032,Unincorporate,0.0,0.0
6190,2032,Unincorporate,20.0,0.1290487658037327
6191,2032,Unincorporate,3.0,0.033564118001204096
6192,2032,Unincorporate,126.0,0.28425647200481635
6193,2032,Unincorporate,311.0,0.3662853702588802
6194,2032,Unincorporate,0.0,0.0
6195,2032,Unincorporate,0.0,0.0
6196,2032,Unincorporate,20.0,0.1290487658037327
6197,2032,Unincorporate,4.0,0.04298615291992775
6198,2032,Unincorporate,56.0,0.21694762191450934
6199,2032,Unincorporate,0.0,0.0
6200,2032,Unincorporate,0.0,0.0
6201,2379,Unincorporate,14.0,0.098314268512944
6202,2379,Unincorporate,6.0,0.05770620108368453
6203,2379,Unincorporate,163.0,0.30580975316074654
6204,2379,Unincorporate,0.0,0.0
6205,2366,Unincorporate,3.0,0.033564118001204096
6206,2366,Unincorporate,0.0,0.0
6207,2366,Unincorporate,9.0,0.07393136664659844
6208,2366,Unincorporate,0.0,0.0
6209,2366,Unincorporate,24.0,0.1451234196267309
6210,2366,Unincorporate,0.0,0.0
6211,2366,Unincorporate,9.0,0.07393136664659844
6212,2366,Unincorporate,9.0,0.07393136664659844
6213,2366,Unincorporate,0.0,0.0
6214,2366,Unincorporate,0.0,0.0
6215,2374,Unincorporate,0.0,0.0
6216,2374,Unincorporate,18.0,0.11815171583383503
6217,2374,Unincorporate,0.0,0.0
6218,2374,Unincorporate,8.0,0.06815171583383504
6219,2374,Unincorporate,50.0,0.20463576158940397
6220,2374,Unincorporate,0.0,0.0
6221,2374,Unincorporate,0.0,0.0
6222,2374,Unincorporate,21.0,0.1343467790487658
6223,2374,Unincorporate,34.0,0.17146297411198075
6224,2374,Unincorporate,5.0,0.050752558699578565
6225,2374,Unincorporate,8.0,0.06815171583383504
6226,2374,Unincorporate,42.0,0.18895243829018663
6227,2374,Unincorporate,5.0,0.050752558699578565
6228,2374,Unincorporate,0.0,0.0
6229,2374,Unincorporate,0.0,0.0
6230,2374,Unincorporate,8.0,0.06815171583383504
6231,2378,Unincorporate,87.0,0.25234798314268514
6232,2378,Unincorporate,2.0,0.021763997591812162
6233,2378,Unincorporate,107.0,0.27092113184828415
6234,2378,Unincorporate,14.0,0.098314268512944
6235,2378,Unincorporate,2.0,0.021763997591812162
6236,2378,Unincorporate,0.0,0.0
6237,2361,Unincorporate,0.0,0.0
6238,2361,Unincorporate,0.0,0.0
6239,2361,Unincorporate,0.0,0.0
6240,2361,Unincorporate,2.0,0.021763997591812162
6241,2361,Unincorporate,75.0,0.2407585791691752
6242,2361,Unincorporate,0.0,0.0
6243,2361,Unincorporate,0.0,0.0
6244,2361,Unincorporate,66.0,0.2300421432871764
6245,2361,Unincorporate,1.0,0.007465382299819386
6246,2361,Unincorporate,13.0,0.09331727874774233
6247,2361,Unincorporate,4.0,0.04298615291992775
6248,2361,Unincorporate,2.0,0.021763997591812162
6249,2361,Unincorporate,0.0,0.0
6250,2361,Unincorporate,0.0,0.0
6251,2361,Unincorporate,0.0,0.0
6252,2361,Unincorporate,35.0,0.17357013847080072
6253,2361,Unincorporate,19.0,0.12332931968693558
6254,2361,Unincorporate,0.0,0.0
6255,2361,Unincorporate,46.0,0.19686935580975315
6256,2361,Unincorporate,0.0,0.0
6257,2361,Unincorporate,0.0,0.0
6258,2361,Unincorporate,0.0,0.0
6259,2361,Unincorporate,0.0,0.0
6260,2361,Unincorporate,0.0,0.0
6261,2361,Unincorporate,23.0,0.14145093317278748
6262,2361,Unincorporate,33.0,0.16887417218543047
6263,2361,Unincorporate,8.0,0.06815171583383504
6264,2361,Unincorporate,0.0,0.0
6265,2361,Unincorporate,0.0,0.0
6266,2361,Unincorporate,4.0,0.04298615291992775
6267,2361,Unincorporate,40.0,0.18552077062010836
6268,2361,Unincorporate,0.0,0.0
6269,2361,Unincorporate,0.0,0.0
6270,2361,Unincorporate,20.0,0.1290487658037327
6271,2361,Unincorporate,20.0,0.1290487658037327
6272,2361,Unincorporate,0.0,0.0
6273,2361,Unincorporate,0.0,0.0
6274,2361,Unincorporate,0.0,0.0
6275,2361,Unincorporate,0.0,0.0
6276,2361,Unincorporate,0.0,0.0
6277,2361,Unincorporate,0.0,0.0
6278,2370,Unincorporate,0.0,0.0
6279,2370,Unincorporate,2.0,0.021763997591812162
6280,2370,Unincorporate,36.0,0.17606863335340156
6281,2370,Unincorporate,6.0,0.05770620108368453
6282,2370,Unincorporate,11.0,0.08383503913305237
6283,2370,Unincorporate,5.0,0.050752558699578565
6284,2370,Unincorporate,0.0,0.0
6285,2370,Unincorporate,0.0,0.0
6286,2370,Unincorporate,3.0,0.033564118001204096
6287,2370,Unincorporate,8.0,0.06815171583383504
6288,2370,Unincorporate,4.0,0.04298615291992775
6289,2370,Unincorporate,4.0,0.04298615291992775
6290,2370,Unincorporate,10.0,0.07874774232390126
6291,2370,Unincorporate,30.0,0.1627031908488862
6292,2370,Unincorporate,3.0,0.033564118001204096
6293,2370,Unincorporate,5.0,0.050752558699578565
6294,2370,Unincorporate,3.0,0.033564118001204096
6295,2370,Unincorporate,3.0,0.033564118001204096
6296,2370,Unincorporate,1.0,0.007465382299819386
6297,2370,Unincorporate,20.0,0.1290487658037327
6298,2371,Unincorporate,44.0,0.1917519566526189
6299,2371,Unincorporate,0.0,0.0
6300,2371,Unincorporate,958.0,0.5262191450933172
6301,2371,Unincorporate,1910.0,0.6809151113786875
6302,2371,Unincorporate,5.0,0.050752558699578565
6303,2371,Unincorporate,0.0,0.0
6304,2371,Unincorporate,17.0,0.11363636363636363
6305,2371,Unincorporate,6.0,0.05770620108368453
6306,2384,Unincorporate,6.0,0.05770620108368453
6307,2384,Unincorporate,34.0,0.17146297411198075
6308,2384,Unincorporate,45.0,0.1942203491872366
6309,2384,Unincorporate,3.0,0.033564118001204096
6310,2380,Unincorporate,1.0,0.007465382299819386
6311,2380,Unincorporate,41.0,0.18741721854304635
6312,2380,Unincorporate,0.0,0.0
6313,2380,Unincorporate,44.0,0.1917519566526189
6314,2380,Unincorporate,0.0,0.0
6315,2380,Unincorporate,82.0,0.2473208910295003
6316,2380,Unincorporate,17.0,0.11363636363636363
6317,2380,Unincorporate,0.0,0.0
6318,2380,Unincorporate,0.0,0.0
6319,2380,Unincorporate,0.0,0.0
6320,2387,Unincorporate,38.0,0.18133654425045154
6321,2387,Unincorporate,38.0,0.18133654425045154
6322,2381,Unincorporate,0.0,0.0
6323,2381,Unincorporate,31.0,0.1650812763395545
6324,2381,Unincorporate,1.0,0.007465382299819386
6325,2381,Unincorporate,0.0,0.0
6326,2381,Unincorporate,2.0,0.021763997591812162
6327,2381,Unincorporate,39.0,0.18323299217338954
6328,2381,Unincorporate,14.0,0.098314268512944
6329,2381,Unincorporate,0.0,0.0
6330,2381,Unincorporate,2.0,0.021763997591812162
6331,2381,Unincorporate,0.0,0.0
6332,2381,Unincorporate,26.0,0.1517760385310054
6333,2381,Unincorporate,9.0,0.07393136664659844
6334,2381,Unincorporate,54.0,0.21351595424443107
6335,2381,Unincorporate,18.0,0.11815171583383503
6336,2381,Unincorporate,41.0,0.18741721854304635
6337,2381,Unincorporate,23.0,0.14145093317278748
6338,2389,Unincorporate,0.0,0.0
6339,2389,Unincorporate,0.0,0.0
6340,2389,Unincorporate,18.0,0.11815171583383503
6341,2389,Unincorporate,24.0,0.1451234196267309
6342,2389,Unincorporate,6.0,0.05770620108368453
6343,2389,Unincorporate,0.0,0.0
6344,2382,Unincorporate,0.0,0.0
6345,2382,Unincorporate,48.0,0.200632149307646
6346,2382,Unincorporate,0.0,0.0
6347,2382,Unincorporate,1.0,0.007465382299819386
6348,2382,Unincorporate,0.0,0.0
6349,2382,Unincorporate,2.0,0.021763997591812162
6350,2390,Unincorporate,182.0,0.3169175195665262
6351,2390,Unincorporate,11.0,0.08383503913305237
6352,2390,Unincorporate,0.0,0.0
6353,2390,Unincorporate,48.0,0.200632149307646
6354,2390,Unincorporate,22.0,0.1382299819385912
6355,2390,Unincorporate,0.0,0.0
6356,2390,Unincorporate,11.0,0.08383503913305237
6357,2390,Unincorporate,1.0,0.007465382299819386
6358,2390,Unincorporate,4.0,0.04298615291992775
6359,2390,Unincorporate,70.0,0.23573148705599037
6360,2390,Unincorporate,22.0,0.1382299819385912
6361,2390,Unincorporate,37.0,0.1790487658037327
6362,2395,Unincorporate,0.0,0.0
6363,2395,Unincorporate,16.0,0.10885009030704396
6364,2395,Unincorporate,0.0,0.0
6365,2395,Unincorporate,14.0,0.098314268512944
6366,2395,Unincorporate,0.0,0.0
6367,2395,Unincorporate,0.0,0.0
6368,2395,Unincorporate,1.0,0.007465382299819386
6369,2395,Unincorporate,0.0,0.0
6370,2395,Unincorporate,0.0,0.0
6371,2395,Unincorporate,1.0,0.007465382299819386
6372,2395,Unincorporate,0.0,0.0
6373,2395,Unincorporate,16.0,0.10885009030704396
6374,2395,Unincorporate,0.0,0.0
6375,2395,Unincorporate,28.0,0.15755568934376882
6376,2395,Unincorporate,0.0,0.0
6377,2395,Unincorporate,0.0,0.0
6378,2395,Unincorporate,0.0,0.0
6379,2395,Unincorporate,3.0,0.033564118001204096
6380,2395,Unincorporate,0.0,0.0
6381,2395,Unincorporate,0.0,0.0
6382,2395,Unincorporate,31.0,0.1650812763395545
6383,2395,Unincorporate,0.0,0.0
6384,2395,Unincorporate,0.0,0.0
6385,2395,Unincorporate,0.0,0.0
6386,2395,Unincorporate,0.0,0.0
6387,2395,Unincorporate,0.0,0.0
6388,2395,Unincorporate,0.0,0.0
6389,2395,Unincorporate,0.0,0.0
6390,2395,Unincorporate,44.0,0.1917519566526189
6391,2395,Unincorporate,0.0,0.0
6392,2395,Unincorporate,1.0,0.007465382299819386
6393,2395,Unincorporate,0.0,0.0
6394,2395,Unincorporate,0.0,0.0
6395,2395,Unincorporate,0.0,0.0
6396,2395,Unincorporate,32.0,0.1669175195665262
6397,2395,Unincorporate,0.0,0.0
6398,2395,Unincorporate,22.0,0.1382299819385912
6399,2395,Unincorporate,6.0,0.05770620108368453
6400,2395,Unincorporate,22.0,0.1382299819385912
6401,2395,Unincorporate,0.0,0.0
6402,2395,Unincorporate,1.0,0.007465382299819386
6403,2395,Unincorporate,0.0,0.0
6404,2395,Unincorporate,0.0,0.0
6405,2395,Unincorporate,7.0,0.06303431667670079
6406,2395,Unincorporate,0.0,0.0
6407,2395,Unincorporate,0.0,0.0
6408,2395,Unincorporate,54.0,0.21351595424443107
6409,2395,Unincorporate,22.0,0.1382299819385912
6410,2395,Unincorporate,0.0,0.0
6411,2395,Unincorporate,0.0,0.0
6412,2395,Unincorporate,0.0,0.0
6413,2395,Unincorporate,14.0,0.098314268512944
6414,2395,Unincorporate,0.0,0.0
6415,2395,Unincorporate,0.0,0.0
6416,2395,Unincorporate,0.0,0.0
6417,2395,Unincorporate,0.0,0.0
6418,2395,Unincorporate,0.0,0.0
6419,2395,Unincorporate,0.0,0.0
6420,2395,Unincorporate,0.0,0.0
6421,2395,Unincorporate,0.0,0.0
6422,2395,Unincorporate,0.0,0.0
6423,2395,Unincorporate,0.0,0.0
6424,2395,Unincorporate,0.0,0.0
6425,2395,Unincorporate,0.0,0.0
6426,2395,Unincorporate,12.0,0.08880192655027092
6427,2395,Unincorporate,0.0,0.0
6428,2395,Unincorporate,13.0,0.09331727874774233
6429,2395,Unincorporate,8.0,0.06815171583383504
6430,2395,Unincorporate,3.0,0.033564118001204096
6431,2395,Unincorporate,16.0,0.10885009030704396
6432,2395,Unincorporate,0.0,0.0
6433,2395,Unincorporate,3.0,0.033564118001204096
6434,2395,Unincorporate,14.0,0.098314268512944
6435,2395,Unincorporate,0.0,0.0
6436,2395,Unincorporate,0.0,0.0
6437,2395,Unincorporate,16.0,0.10885009030704396
6438,2395,Unincorporate,0.0,0.0
6439,2395,Unincorporate,0.0,0.0
6440,2395,Unincorporate,27.0,0.15460565924142083
6441,2395,Unincorporate,0.0,0.0
6442,2395,Unincorporate,22.0,0.1382299819385912
6443,2395,Unincorporate,17.0,0.11363636363636363
6444,2395,Unincorporate,6.0,0.05770620108368453
6445,2395,Unincorporate,14.0,0.098314268512944
6446,2395,Unincorporate,0.0,0.0
6447,2395,Unincorporate,0.0,0.0
6448,2395,Unincorporate,0.0,0.0
6449,2395,Unincorporate,0.0,0.0
6450,2395,Unincorporate,15.0,0.10361228175797713
6451,2395,Unincorporate,0.0,0.0
6452,2395,Unincorporate,0.0,0.0
6453,2395,Unincorporate,24.0,0.1451234196267309
6454,2395,Unincorporate,0.0,0.0
6455,2395,Unincorporate,6.0,0.05770620108368453
6456,2395,Unincorporate,0.0,0.0
6457,2395,Unincorporate,3.0,0.033564118001204096
6458,2395,Unincorporate,0.0,0.0
6459,2395,Unincorporate,0.0,0.0
6460,2395,Unincorporate,0.0,0.0
6461,2395,Unincorporate,0.0,0.0
6462,2395,Unincorporate,1.0,0.007465382299819386
6463,2395,Unincorporate,0.0,0.0
6464,2395,Unincorporate,0.0,0.0
6465,2395,Unincorporate,21.0,0.1343467790487658
6466,2395,Unincorporate,32.0,0.1669175195665262
6467,2395,Unincorporate,21.0,0.1343467790487658
6468,2395,Unincorporate,0.0,0.0
6469,2395,Unincorporate,0.0,0.0
6470,2395,Unincorporate,6.0,0.05770620108368453
6471,2395,Unincorporate,0.0,0.0
6472,2395,Unincorporate,0.0,0.0
6473,2395,Unincorporate,0.0,0.0
6474,2395,Unincorporate,44.0,0.1917519566526189
6475,2396,Unincorporate,84.0,0.24909692956050572
6476,2397,Unincorporate,0.0,0.0
6477,2397,Unincorporate,4.0,0.04298615291992775
6478,2397,Unincorporate,0.0,0.0
6479,2397,Unincorporate,389.0,0.3888621312462372
6480,2397,Unincorporate,154.0,0.30150511739915714
6481,2403,Unincorporate,143.0,0.2937387116195063
6482,2403,Unincorporate,25.0,0.14864539434075857
6483,2403,Unincorporate,1.0,0.007465382299819386
6484,2401,Unincorporate,26.0,0.1517760385310054
6485,2401,Unincorporate,38.0,0.18133654425045154
6486,2433,Unincorporate,17.0,0.11363636363636363
6487,2433,Unincorporate,17.0,0.11363636363636363
6488,2433,Unincorporate,27.0,0.15460565924142083
6489,2433,Unincorporate,9.0,0.07393136664659844
6490,2433,Unincorporate,10.0,0.07874774232390126
6491,2433,Unincorporate,199.0,0.32507525586995784
6492,2433,Unincorporate,48.0,0.200632149307646
6493,2433,Unincorporate,2.0,0.021763997591812162
6494,2433,Unincorporate,2.0,0.021763997591812162
6495,2433,Unincorporate,350.0,0.3777242624924744
6496,2433,Unincorporate,4.0,0.04298615291992775
6497,2433,Unincorporate,16.0,0.10885009030704396
6498,2433,Unincorporate,3.0,0.033564118001204096
6499,2433,Unincorporate,1.0,0.007465382299819386
6500,2433,Unincorporate,178.0,0.31478025285972305
6501,2433,Unincorporate,54.0,0.21351595424443107
6502,2433,Unincorporate,0.0,0.0
6503,2433,Unincorporate,2.0,0.021763997591812162
6504,2433,Unincorporate,31.0,0.1650812763395545
6505,2433,Unincorporate,58.0,0.2197471402769416
6506,2405,Unincorporate,0.0,0.0
6507,2405,Unincorporate,9.0,0.07393136664659844
6508,2405,Unincorporate,0.0,0.0
6509,2405,Unincorporate,9.0,0.07393136664659844
6510,2405,Unincorporate,6.0,0.05770620108368453
6511,2405,Unincorporate,29.0,0.16047561709813365
6512,2405,Unincorporate,4.0,0.04298615291992775
6513,2405,Unincorporate,18.0,0.11815171583383503
6514,2405,Unincorporate,0.0,0.0
6515,2405,Unincorporate,2.0,0.021763997591812162
6516,2405,Unincorporate,9.0,0.07393136664659844
6517,2405,Unincorporate,19.0,0.12332931968693558
6518,2405,Unincorporate,18.0,0.11815171583383503
6519,2405,Unincorporate,10.0,0.07874774232390126
6520,2405,Unincorporate,0.0,0.0
6521,2406,Unincorporate,9.0,0.07393136664659844
6522,2406,Unincorporate,15.0,0.10361228175797713
6523,2406,Unincorporate,19.0,0.12332931968693558
6524,2406,Unincorporate,0.0,0.0
6525,2406,Unincorporate,1.0,0.007465382299819386
6526,2406,Unincorporate,0.0,0.0
6527,2406,Unincorporate,3.0,0.033564118001204096
6528,2407,Unincorporate,295.0,0.3612281757977122
6529,2407,Unincorporate,183.0,0.3173389524382902
6530,2407,Unincorporate,24.0,0.1451234196267309
6531,2407,Unincorporate,205.0,0.32769416014449126
6532,2407,Unincorporate,9.0,0.07393136664659844
6533,2408,Unincorporate,4.0,0.04298615291992775
6534,2408,Unincorporate,62.0,0.22441300421432872
6535,2408,Unincorporate,116.0,0.2770620108368453
6536,2408,Unincorporate,33.0,0.16887417218543047
6537,2408,Unincorporate,81.0,0.24641782059000603
6538,2434,Unincorporate,1.0,0.007465382299819386
6539,2434,Unincorporate,8.0,0.06815171583383504
6540,2434,Unincorporate,6.0,0.05770620108368453
6541,2434,Unincorporate,20.0,0.1290487658037327
6542,2445,Unincorporate,0.0,0.0
6543,2445,Unincorporate,0.0,0.0
6544,2445,Unincorporate,0.0,0.0
6545,2445,Unincorporate,0.0,0.0
6546,2445,Unincorporate,0.0,0.0
6547,2445,Unincorporate,0.0,0.0
6548,2445,Unincorporate,0.0,0.0
6549,2445,Unincorporate,0.0,0.0
6550,2445,Unincorporate,0.0,0.0
6551,2445,Unincorporate,0.0,0.0
6552,2445,Unincorporate,20.0,0.1290487658037327
6553,2445,Unincorporate,0.0,0.0
6554,2445,Unincorporate,0.0,0.0
6555,2445,Unincorporate,0.0,0.0
6556,2445,Unincorporate,0.0,0.0
6557,2445,Unincorporate,0.0,0.0
6558,2445,Unincorporate,0.0,0.0
6559,2445,Unincorporate,0.0,0.0
6560,2445,Unincorporate,0.0,0.0
6561,2445,Unincorporate,0.0,0.0
6562,2445,Unincorporate,13.0,0.09331727874774233
6563,2445,Unincorporate,0.0,0.0
6564,2445,Unincorporate,0.0,0.0
6565,2445,Unincorporate,0.0,0.0
6566,2445,Unincorporate,193.0,0.32329921733895245
6567,2445,Unincorporate,36.0,0.17606863335340156
6568,2445,Unincorporate,0.0,0.0
6569,2445,Unincorporate,0.0,0.0
6570,2445,Unincorporate,0.0,0.0
6571,2445,Unincorporate,0.0,0.0
6572,2445,Unincorporate,0.0,0.0
6573,2445,Unincorporate,0.0,0.0
6574,2445,Unincorporate,0.0,0.0
6575,2445,Unincorporate,0.0,0.0
6576,2445,Unincorporate,0.0,0.0
6577,2445,Unincorporate,24.0,0.1451234196267309
6578,2445,Unincorporate,386.0,0.3882600842865743
6579,2445,Unincorporate,0.0,0.0
6580,2445,Unincorporate,0.0,0.0
6581,2445,Unincorporate,10.0,0.07874774232390126
6582,2445,Unincorporate,0.0,0.0
6583,2445,Unincorporate,0.0,0.0
6584,2445,Unincorporate,0.0,0.0
6585,2445,Unincorporate,193.0,0.32329921733895245
6586,2445,Unincorporate,0.0,0.0
6587,2445,Unincorporate,0.0,0.0
6588,2445,Unincorporate,44.0,0.1917519566526189
6589,2445,Unincorporate,36.0,0.17606863335340156
6590,2445,Unincorporate,36.0,0.17606863335340156
6591,2445,Unincorporate,62.0,0.22441300421432872
6592,2445,Unincorporate,0.0,0.0
6593,2445,Unincorporate,0.0,0.0
6594,2445,Unincorporate,0.0,0.0
6595,2445,Unincorporate,0.0,0.0
6596,2445,Unincorporate,0.0,0.0
6597,2445,Unincorporate,0.0,0.0
6598,2445,Unincorporate,22.0,0.1382299819385912
6599,2445,Unincorporate,0.0,0.0
6600,2445,Unincorporate,0.0,0.0
6601,2445,Unincorporate,0.0,0.0
6602,2445,Unincorporate,0.0,0.0
6603,2445,Unincorporate,0.0,0.0
6604,2445,Unincorporate,0.0,0.0
6605,2445,Unincorporate,0.0,0.0
6606,2445,Unincorporate,33.0,0.16887417218543047
6607,2445,Unincorporate,0.0,0.0
6608,2445,Unincorporate,0.0,0.0
6609,2445,Unincorporate,193.0,0.32329921733895245
6610,2445,Unincorporate,36.0,0.17606863335340156
6611,2445,Unincorporate,36.0,0.17606863335340156
6612,2445,Unincorporate,0.0,0.0
6613,2445,Unincorporate,0.0,0.0
6614,2445,Unincorporate,0.0,0.0
6615,2445,Unincorporate,19.0,0.12332931968693558
6616,2445,Unincorporate,0.0,0.0
6617,2445,Unincorporate,0.0,0.0
6618,2445,Unincorporate,0.0,0.0
6619,2445,Unincorporate,0.0,0.0
6620,2445,Unincorporate,0.0,0.0
6621,2445,Unincorporate,0.0,0.0
6622,2445,Unincorporate,0.0,0.0
6623,2445,Unincorporate,0.0,0.0
6624,2445,Unincorporate,46.0,0.19686935580975315
6625,2445,Unincorporate,0.0,0.0
6626,2445,Unincorporate,0.0,0.0
6627,2445,Unincorporate,0.0,0.0
6628,2445,Unincorporate,0.0,0.0
6629,2445,Unincorporate,0.0,0.0
6630,2445,Unincorporate,0.0,0.0
6631,2445,Unincorporate,0.0,0.0
6632,2445,Unincorporate,0.0,0.0
6633,2445,Unincorporate,0.0,0.0
6634,2445,Unincorporate,53.0,0.21080674292594823
6635,2445,Unincorporate,193.0,0.32329921733895245
6636,2445,Unincorporate,0.0,0.0
6637,2445,Unincorporate,0.0,0.0
6638,2445,Unincorporate,0.0,0.0
6639,2464,Unincorporate,16.0,0.10885009030704396
6640,2464,Unincorporate,0.0,0.0
6641,2464,Unincorporate,0.0,0.0
6642,2464,Unincorporate,0.0,0.0
6643,2464,Unincorporate,0.0,0.0
6644,2151,Unincorporate,4.0,0.04298615291992775
6645,2151,Unincorporate,85.0,0.2503010234798314
6646,2151,Unincorporate,0.0,0.0
6647,2151,Unincorporate,11.0,0.08383503913305237
6648,2151,Unincorporate,0.0,0.0
6649,2469,Unincorporate,35.0,0.17357013847080072
6650,2469,Unincorporate,0.0,0.0
6651,2469,Unincorporate,5.0,0.050752558699578565
6652,2467,Unincorporate,0.0,0.0
6653,2467,Unincorporate,42.0,0.18895243829018663
6654,2467,Unincorporate,84.0,0.24909692956050572
6655,1584,Kerman,2255.0,0.7253461770018061
6656,1584,Kerman,2208.0,0.7197170379289585
6657,1584,Kerman,1828.0,0.6692956050571944
6658,1584,Kerman,2038.0,0.6968091511137868
6659,1584,Kerman,2129.0,0.7097230583985551
6660,1584,Kerman,862.0,0.5096628537025888
6661,1585,Kerman,1997.0,0.6919325707405177
6662,2243,Unincorporate,15.0,0.10361228175797713
6663,2247,Unincorporate,0.0,0.0
6664,2619,Unincorporate,0.0,0.0
6665,2619,Unincorporate,0.0,0.0
6666,2619,Unincorporate,0.0,0.0
6667,2619,Unincorporate,0.0,0.0
6668,2619,Unincorporate,0.0,0.0
6669,2619,Unincorporate,7.0,0.06303431667670079
6670,2619,Unincorporate,2.0,0.021763997591812162
6671,2445,Unincorporate,0.0,0.0
6672,2445,Unincorporate,0.0,0.0
6673,2445,Unincorporate,0.0,0.0
6674,2445,Unincorporate,0.0,0.0
6675,2445,Unincorporate,0.0,0.0
6676,2445,Unincorporate,0.0,0.0
6677,2445,Unincorporate,72.0,0.23783865141481036
6678,2445,Unincorporate,0.0,0.0
6679,2446,Unincorporate,16.0,0.10885009030704396
6680,2446,Unincorporate,0.0,0.0
6681,2446,Unincorporate,0.0,0.0
6682,2446,Unincorporate,0.0,0.0
6683,2446,Unincorporate,0.0,0.0
6684,2446,Unincorporate,193.0,0.32329921733895245
6685,2446,Unincorporate,193.0,0.32329921733895245
6686,2446,Unincorporate,0.0,0.0
6687,2446,Unincorporate,28.0,0.15755568934376882
6688,2446,Unincorporate,193.0,0.32329921733895245
6689,2446,Unincorporate,193.0,0.32329921733895245
6690,2446,Unincorporate,19.0,0.12332931968693558
6691,2446,Unincorporate,193.0,0.32329921733895245
6692,2446,Unincorporate,0.0,0.0
6693,2446,Unincorporate,7.0,0.06303431667670079
6694,2446,Unincorporate,31.0,0.1650812763395545
6695,2446,Unincorporate,19.0,0.12332931968693558
6696,2446,Unincorporate,0.0,0.0
6697,2446,Unincorporate,12.0,0.08880192655027092
6698,2446,Unincorporate,0.0,0.0
6699,2446,Unincorporate,0.0,0.0
6700,2446,Unincorporate,31.0,0.1650812763395545
6701,2446,Unincorporate,4.0,0.04298615291992775
6702,2446,Unincorporate,0.0,0.0
6703,2446,Unincorporate,0.0,0.0
6704,2447,Unincorporate,1.0,0.007465382299819386
6705,2447,Unincorporate,0.0,0.0
6706,2447,Unincorporate,0.0,0.0
6707,2447,Unincorporate,0.0,0.0
6708,2447,Unincorporate,0.0,0.0
6709,2447,Unincorporate,21.0,0.1343467790487658
6710,2447,Unincorporate,0.0,0.0
6711,2447,Unincorporate,0.0,0.0
6712,2447,Unincorporate,55.0,0.21559301625526792
6713,2448,Unincorporate,25.0,0.14864539434075857
6714,2448,Unincorporate,0.0,0.0
6715,2448,Unincorporate,0.0,0.0
6716,2448,Unincorporate,0.0,0.0
6717,2448,Unincorporate,4.0,0.04298615291992775
6718,2448,Unincorporate,19.0,0.12332931968693558
6719,2448,Unincorporate,4.0,0.04298615291992775
6720,2448,Unincorporate,0.0,0.0
6721,2448,Unincorporate,0.0,0.0
6722,2448,Unincorporate,0.0,0.0
6723,2448,Unincorporate,16.0,0.10885009030704396
6724,2448,Unincorporate,0.0,0.0
6725,2448,Unincorporate,0.0,0.0
6726,2448,Unincorporate,56.0,0.21694762191450934
6727,2448,Unincorporate,0.0,0.0
6728,2448,Unincorporate,0.0,0.0
6729,2448,Unincorporate,0.0,0.0
6730,2448,Unincorporate,28.0,0.15755568934376882
6731,2448,Unincorporate,0.0,0.0
6732,2448,Unincorporate,0.0,0.0
6733,2448,Unincorporate,28.0,0.15755568934376882
6734,2448,Unincorporate,0.0,0.0
6735,2141,Unincorporate,2.0,0.021763997591812162
6736,2141,Unincorporate,6.0,0.05770620108368453
6737,2141,Unincorporate,0.0,0.0
6738,2141,Unincorporate,112.0,0.27396146899458157
6739,2141,Unincorporate,6.0,0.05770620108368453
6740,2141,Unincorporate,2.0,0.021763997591812162
6741,2141,Unincorporate,0.0,0.0
6742,2141,Unincorporate,110.0,0.2722757375075256
6743,2141,Unincorporate,19.0,0.12332931968693558
6744,2141,Fresno,0.0,0.0
6745,2141,Unincorporate,20.0,0.1290487658037327
6746,2141,Unincorporate,3.0,0.033564118001204096
6747,2141,Unincorporate,0.0,0.0
6748,2141,Unincorporate,80.0,0.24530403371462975
6749,2141,Unincorporate,0.0,0.0
6750,2141,Unincorporate,10.0,0.07874774232390126
6751,2141,Unincorporate,4.0,0.04298615291992775
6752,2141,Unincorporate,0.0,0.0
6753,2141,Unincorporate,23.0,0.14145093317278748
6754,2141,Unincorporate,13.0,0.09331727874774233
6755,2141,Unincorporate,5.0,0.050752558699578565
6756,2141,Unincorporate,2.0,0.021763997591812162
6757,2141,Unincorporate,40.0,0.18552077062010836
6758,2141,Unincorporate,7.0,0.06303431667670079
6759,2141,Unincorporate,0.0,0.0
6760,2141,Unincorporate,2.0,0.021763997591812162
6761,2141,Unincorporate,48.0,0.200632149307646
6762,2141,Unincorporate,2.0,0.021763997591812162
6763,2141,Unincorporate,0.0,0.0
6764,2141,Unincorporate,2.0,0.021763997591812162
6765,2141,Unincorporate,67.0,0.23169777242624925
6766,2141,Unincorporate,1.0,0.007465382299819386
6767,2141,Unincorporate,8.0,0.06815171583383504
6768,2141,Unincorporate,0.0,0.0
6769,2141,Unincorporate,56.0,0.21694762191450934
6770,2141,Unincorporate,0.0,0.0
6771,2141,Unincorporate,18.0,0.11815171583383503
6772,2141,Unincorporate,5.0,0.050752558699578565
6773,2141,Unincorporate,17.0,0.11363636363636363
6774,2141,Unincorporate,0.0,0.0
6775,2141,Unincorporate,14.0,0.098314268512944
6776,2141,Unincorporate,7.0,0.06303431667670079
6777,2141,Unincorporate,1.0,0.007465382299819386
6778,2141,Unincorporate,0.0,0.0
6779,2141,Unincorporate,54.0,0.21351595424443107
6780,2141,Unincorporate,52.0,0.20875978326309452
6781,2141,Unincorporate,17.0,0.11363636363636363
6782,2141,Unincorporate,40.0,0.18552077062010836
6783,2141,Unincorporate,48.0,0.200632149307646
6784,2141,Unincorporate,8.0,0.06815171583383504
6785,2479,Unincorporate,41.0,0.18741721854304635
6786,2479,Unincorporate,7.0,0.06303431667670079
6787,2479,Unincorporate,37.0,0.1790487658037327
6788,2479,Unincorporate,4.0,0.04298615291992775
6789,2479,Unincorporate,0.0,0.0
6790,2479,Unincorporate,26.0,0.1517760385310054
6791,2479,Unincorporate,86.0,0.251475015051174
6792,2479,Unincorporate,27.0,0.15460565924142083
6793,2479,Unincorporate,0.0,0.0
6794,2479,Unincorporate,7.0,0.06303431667670079
6795,2479,Unincorporate,5.0,0.050752558699578565
6796,2479,Unincorporate,14.0,0.098314268512944
6797,2479,Unincorporate,37.0,0.1790487658037327
6798,2479,Unincorporate,27.0,0.15460565924142083
6799,2479,Unincorporate,62.0,0.22441300421432872
6800,2479,Unincorporate,13.0,0.09331727874774233
6801,2479,Unincorporate,26.0,0.1517760385310054
6802,2479,Unincorporate,80.0,0.24530403371462975
6803,2479,Unincorporate,37.0,0.1790487658037327
6804,2483,Unincorporate,77.0,0.2431667670078266
6805,2483,Unincorporate,13.0,0.09331727874774233
6806,2483,Unincorporate,77.0,0.2431667670078266
6807,2461,Unincorporate,0.0,0.0
6808,2461,Unincorporate,12.0,0.08880192655027092
6809,2461,Unincorporate,0.0,0.0
6810,2461,Unincorporate,0.0,0.0
6811,2461,Unincorporate,12.0,0.08880192655027092
6812,2461,Unincorporate,0.0,0.0
6813,2461,Unincorporate,0.0,0.0
6814,2461,Unincorporate,0.0,0.0
6815,2461,Unincorporate,0.0,0.0
6816,2461,Unincorporate,0.0,0.0
6817,2461,Unincorporate,21.0,0.1343467790487658
6818,2461,Unincorporate,0.0,0.0
6819,2461,Unincorporate,0.0,0.0
6820,2461,Unincorporate,42.0,0.18895243829018663
6821,2461,Unincorporate,0.0,0.0
6822,2461,Unincorporate,0.0,0.0
6823,2461,Unincorporate,0.0,0.0
6824,2461,Unincorporate,12.0,0.08880192655027092
6825,2461,Unincorporate,0.0,0.0
6826,2461,Unincorporate,0.0,0.0
6827,2461,Unincorporate,21.0,0.1343467790487658
6828,2461,Unincorporate,0.0,0.0
6829,2461,Unincorporate,0.0,0.0
6830,2461,Unincorporate,0.0,0.0
6831,2461,Unincorporate,0.0,0.0
6832,2461,Unincorporate,0.0,0.0
6833,2462,Unincorporate,30.0,0.1627031908488862
6834,2462,Unincorporate,0.0,0.0
6835,2462,Unincorporate,0.0,0.0
6836,2462,Unincorporate,0.0,0.0
6837,2462,Unincorporate,0.0,0.0
6838,2462,Unincorporate,0.0,0.0
6839,2462,Unincorporate,0.0,0.0
6840,2462,Unincorporate,0.0,0.0
6841,2462,Unincorporate,0.0,0.0
6842,2462,Unincorporate,0.0,0.0
6843,2462,Unincorporate,0.0,0.0
6844,2462,Unincorporate,0.0,0.0
6845,2462,Unincorporate,0.0,0.0
6846,2462,Unincorporate,0.0,0.0
6847,2462,Unincorporate,19.0,0.12332931968693558
6848,2462,Unincorporate,35.0,0.17357013847080072
6849,2462,Unincorporate,0.0,0.0
6850,2462,Unincorporate,20.0,0.1290487658037327
6851,2462,Unincorporate,0.0,0.0
6852,2462,Unincorporate,0.0,0.0
6853,2462,Unincorporate,20.0,0.1290487658037327
6854,2462,Unincorporate,0.0,0.0
6855,2462,Unincorporate,0.0,0.0
6856,2462,Unincorporate,0.0,0.0
6857,2462,Unincorporate,17.0,0.11363636363636363
6858,2462,Unincorporate,25.0,0.14864539434075857
6859,2462,Unincorporate,0.0,0.0
6860,2462,Unincorporate,0.0,0.0
6861,2462,Unincorporate,0.0,0.0
6862,2462,Unincorporate,0.0,0.0
6863,2462,Unincorporate,0.0,0.0
6864,2462,Unincorporate,24.0,0.1451234196267309
6865,2462,Unincorporate,40.0,0.18552077062010836
6866,2462,Unincorporate,0.0,0.0
6867,2462,Unincorporate,0.0,0.0
6868,2462,Unincorporate,0.0,0.0
6869,2462,Unincorporate,0.0,0.0
6870,2462,Unincorporate,0.0,0.0
6871,2462,Unincorporate,0.0,0.0
6872,2462,Unincorporate,0.0,0.0
6873,2462,Unincorporate,0.0,0.0
6874,2462,Unincorporate,0.0,0.0
6875,2462,Unincorporate,0.0,0.0
6876,2462,Unincorporate,0.0,0.0
6877,2462,Unincorporate,0.0,0.0
6878,2462,Unincorporate,12.0,0.08880192655027092
6879,2462,Unincorporate,0.0,0.0
6880,2462,Unincorporate,0.0,0.0
6881,2462,Unincorporate,0.0,0.0
6882,2462,Unincorporate,0.0,0.0
6883,2462,Unincorporate,0.0,0.0
6884,2462,Unincorporate,22.0,0.1382299819385912
6885,2462,Unincorporate,0.0,0.0
6886,2462,Unincorporate,0.0,0.0
6887,2462,Unincorporate,0.0,0.0
6888,2462,Unincorporate,0.0,0.0
6889,2462,Unincorporate,0.0,0.0
6890,2462,Unincorporate,0.0,0.0
6891,2462,Unincorporate,0.0,0.0
6892,2462,Unincorporate,0.0,0.0
6893,2462,Unincorporate,0.0,0.0
6894,2462,Unincorporate,0.0,0.0
6895,2462,Unincorporate,0.0,0.0
6896,2462,Unincorporate,46.0,0.19686935580975315
6897,2462,Unincorporate,20.0,0.1290487658037327
6898,2462,Unincorporate,0.0,0.0
6899,2462,Unincorporate,0.0,0.0
6900,2462,Unincorporate,0.0,0.0
6901,2462,Unincorporate,0.0,0.0
6902,2462,Unincorporate,0.0,0.0
6903,2142,Unincorporate,0.0,0.0
6904,2142,Unincorporate,22.0,0.1382299819385912
6905,2142,Unincorporate,112.0,0.27396146899458157
6906,2142,Unincorporate,117.0,0.2779349789283564
6907,2142,Unincorporate,8.0,0.06815171583383504
6908,2142,Unincorporate,0.0,0.0
6909,2142,Unincorporate,23.0,0.14145093317278748
6910,2142,Unincorporate,17.0,0.11363636363636363
6911,2142,Unincorporate,77.0,0.2431667670078266
6912,2142,Unincorporate,16.0,0.10885009030704396
6913,2142,Unincorporate,0.0,0.0
6914,2142,Unincorporate,34.0,0.17146297411198075
6915,2142,Unincorporate,114.0,0.2753762793497893
6916,2142,Unincorporate,112.0,0.27396146899458157
6917,2142,Unincorporate,22.0,0.1382299819385912
6918,2142,Unincorporate,13.0,0.09331727874774233
6919,2142,Unincorporate,0.0,0.0
6920,2142,Unincorporate,6.0,0.05770620108368453
6921,2142,Unincorporate,3.0,0.033564118001204096
6922,2142,Unincorporate,154.0,0.30150511739915714
6923,2142,Unincorporate,0.0,0.0
6924,2142,Unincorporate,67.0,0.23169777242624925
6925,2142,Unincorporate,175.0,0.3124322697170379
6926,2142,Unincorporate,140.0,0.29193257074051776
6927,2142,Unincorporate,115.0,0.2762492474413004
6928,2142,Unincorporate,15.0,0.10361228175797713
6929,2142,Unincorporate,40.0,0.18552077062010836
6930,2142,Unincorporate,0.0,0.0
6931,2142,Unincorporate,0.0,0.0
6932,2142,Unincorporate,0.0,0.0
6933,2142,Unincorporate,17.0,0.11363636363636363
6934,2142,Unincorporate,114.0,0.2753762793497893
6935,2142,Unincorporate,115.0,0.2762492474413004
6936,2142,Unincorporate,50.0,0.20463576158940397
6937,2142,Unincorporate,8.0,0.06815171583383504
6938,2142,Unincorporate,21.0,0.1343467790487658
6939,2142,Unincorporate,114.0,0.2753762793497893
6940,2142,Unincorporate,0.0,0.0
6941,2142,Unincorporate,113.0,0.27474413004214326
6942,2142,Unincorporate,0.0,0.0
6943,2142,Unincorporate,112.0,0.27396146899458157
6944,2142,Unincorporate,116.0,0.2770620108368453
6945,2142,Unincorporate,0.0,0.0
6946,2142,Unincorporate,114.0,0.2753762793497893
6947,2142,Unincorporate,0.0,0.0
6948,2142,Unincorporate,18.0,0.11815171583383503
6949,2142,Unincorporate,112.0,0.27396146899458157
6950,2142,Unincorporate,3.0,0.033564118001204096
6951,2143,Unincorporate,10.0,0.07874774232390126
6952,2143,Unincorporate,115.0,0.2762492474413004
6953,2143,Unincorporate,0.0,0.0
6954,2143,Unincorporate,0.0,0.0
6955,2143,Unincorporate,1.0,0.007465382299819386
6956,2143,Unincorporate,2.0,0.021763997591812162
6957,2143,Unincorporate,46.0,0.19686935580975315
6958,2143,Unincorporate,0.0,0.0
6959,2143,Unincorporate,2.0,0.021763997591812162
6960,2143,Unincorporate,0.0,0.0
6961,2143,Unincorporate,112.0,0.27396146899458157
6962,2143,Unincorporate,49.0,0.20270921131848285
6963,2472,Unincorporate,22.0,0.1382299819385912
6964,2472,Unincorporate,34.0,0.17146297411198075
6965,2472,Unincorporate,21.0,0.1343467790487658
6966,2472,Unincorporate,0.0,0.0
6967,2472,Unincorporate,3.0,0.033564118001204096
6968,2472,Unincorporate,1.0,0.007465382299819386
6969,2472,Unincorporate,122.0,0.2809753160746538
6970,2472,Unincorporate,0.0,0.0
6971,2472,Unincorporate,32.0,0.1669175195665262
6972,2472,Unincorporate,20.0,0.1290487658037327
6973,2478,Unincorporate,24.0,0.1451234196267309
6974,2478,Unincorporate,0.0,0.0
6975,2478,Unincorporate,2.0,0.021763997591812162
6976,2478,Unincorporate,0.0,0.0
6977,2478,Unincorporate,14.0,0.098314268512944
6978,2478,Unincorporate,48.0,0.200632149307646
6979,2478,Unincorporate,36.0,0.17606863335340156
6980,2476,Unincorporate,0.0,0.0
6981,2476,Unincorporate,23.0,0.14145093317278748
6982,2476,Unincorporate,63.0,0.22600842865743528
6983,2476,Unincorporate,12.0,0.08880192655027092
6984,2476,Unincorporate,61.0,0.22296809151113786
6985,2071,Unincorporate,11.0,0.08383503913305237
6986,2071,Unincorporate,57.0,0.2181216134858519
6987,2477,Unincorporate,5.0,0.050752558699578565
6988,2477,Unincorporate,0.0,0.0
6989,2477,Unincorporate,1091.0,0.5499096929560505
6990,2477,Unincorporate,62.0,0.22441300421432872
6991,2477,Unincorporate,622.0,0.45758579169175195
6992,2477,Unincorporate,4.0,0.04298615291992775
6993,2477,Unincorporate,15.0,0.10361228175797713
6994,2477,Unincorporate,65.0,0.22859723058398554
6995,2477,Unincorporate,1.0,0.007465382299819386
6996,2477,Unincorporate,1.0,0.007465382299819386
6997,2477,Unincorporate,113.0,0.27474413004214326
6998,2477,Unincorporate,81.0,0.24641782059000603
6999,2477,Unincorporate,28.0,0.15755568934376882
7000,2477,Unincorporate,17.0,0.11363636363636363
7001,2477,Unincorporate,4.0,0.04298615291992775
7002,2477,Unincorporate,42.0,0.18895243829018663
7003,2477,Unincorporate,8.0,0.06815171583383504
7004,2477,Unincorporate,90.0,0.2554184226369657
7005,2475,Unincorporate,18.0,0.11815171583383503
7006,2475,Unincorporate,32.0,0.1669175195665262
7007,2475,Unincorporate,1.0,0.007465382299819386
7008,2475,Unincorporate,24.0,0.1451234196267309
7009,2475,Unincorporate,0.0,0.0
7010,2475,Unincorporate,73.0,0.23883202889825406
7011,2475,Unincorporate,73.0,0.23883202889825406
7012,2474,Unincorporate,465.0,0.41297411198073447
7013,2474,Unincorporate,679.0,0.47089102950030104
7014,2474,Unincorporate,5.0,0.050752558699578565
7015,2474,Unincorporate,82.0,0.2473208910295003
7016,2474,Unincorporate,16.0,0.10885009030704396
7017,2474,Unincorporate,2.0,0.021763997591812162
7018,2474,Unincorporate,314.0,0.36745936183022276
7019,2474,Unincorporate,7.0,0.06303431667670079
7020,2474,Unincorporate,320.0,0.36902468392534615
7021,2474,Unincorporate,156.0,0.3031005418422637
7022,2474,Unincorporate,308.0,0.36499096929560504
7023,2474,Unincorporate,92.0,0.25716435881998795
7024,2474,Unincorporate,7.0,0.06303431667670079
7025,2474,Unincorporate,30.0,0.1627031908488862
7026,2474,Unincorporate,1.0,0.007465382299819386
7027,2474,Unincorporate,12.0,0.08880192655027092
7028,2474,Unincorporate,2.0,0.021763997591812162
7029,2473,Unincorporate,1.0,0.007465382299819386
7030,2473,Unincorporate,109.0,0.271733895243829
7031,2473,Unincorporate,3.0,0.033564118001204096
7032,2473,Unincorporate,1.0,0.007465382299819386
7033,2484,Unincorporate,51.0,0.20695364238410596
7034,2485,Unincorporate,0.0,0.0
7035,2485,Unincorporate,195.0,0.32438290186634555
7036,2485,Unincorporate,516.0,0.4279951836243227
7037,2485,Unincorporate,396.0,0.3911198073449729
7038,2485,Unincorporate,305.0,0.36435881998795905
7039,2485,Unincorporate,342.0,0.3754063816977724
7040,2486,Unincorporate,9.0,0.07393136664659844
7041,2486,Unincorporate,164.0,0.30638169777242624
7042,2486,Unincorporate,9.0,0.07393136664659844
7043,2464,Unincorporate,0.0,0.0
7044,2464,Unincorporate,0.0,0.0
7045,2464,Unincorporate,0.0,0.0
7046,2464,Unincorporate,0.0,0.0
7047,2464,Unincorporate,6.0,0.05770620108368453
7048,2464,Unincorporate,0.0,0.0
7049,2464,Unincorporate,0.0,0.0
7050,2464,Unincorporate,0.0,0.0
7051,2464,Unincorporate,0.0,0.0
7052,2464,Unincorporate,0.0,0.0
7053,2464,Unincorporate,0.0,0.0
7054,2464,Unincorporate,0.0,0.0
7055,2464,Unincorporate,28.0,0.15755568934376882
7056,2464,Unincorporate,0.0,0.0
7057,2464,Unincorporate,0.0,0.0
7058,2464,Unincorporate,17.0,0.11363636363636363
7059,2464,Unincorporate,182.0,0.3169175195665262
7060,2464,Unincorporate,0.0,0.0
7061,2464,Unincorporate,0.0,0.0
7062,2464,Unincorporate,115.0,0.2762492474413004
7063,2465,Unincorporate,36.0,0.17606863335340156
7064,2465,Unincorporate,67.0,0.23169777242624925
7065,2465,Unincorporate,0.0,0.0
7066,2465,Unincorporate,146.0,0.29614689945815775
7067,2465,Unincorporate,130.0,0.2866044551475015
7068,2465,Unincorporate,24.0,0.1451234196267309
7069,2465,Unincorporate,32.0,0.1669175195665262
7070,2465,Unincorporate,12.0,0.08880192655027092
7071,2465,Unincorporate,8.0,0.06815171583383504
7072,2465,Unincorporate,161.0,0.3046658639373871
7073,2465,Unincorporate,24.0,0.1451234196267309
7074,2471,Unincorporate,18.0,0.11815171583383503
7075,2471,Unincorporate,1.0,0.007465382299819386
7076,2471,Unincorporate,14.0,0.098314268512944
7077,2471,Unincorporate,0.0,0.0
7078,2471,Unincorporate,2.0,0.021763997591812162
7079,2471,Unincorporate,65.0,0.22859723058398554
7080,2471,Unincorporate,0.0,0.0
7081,2471,Unincorporate,5.0,0.050752558699578565
7082,2471,Unincorporate,0.0,0.0
7083,2470,Unincorporate,10.0,0.07874774232390126
7084,2470,Unincorporate,0.0,0.0
7085,2470,Unincorporate,0.0,0.0
7086,2470,Unincorporate,0.0,0.0
7087,2470,Unincorporate,11.0,0.08383503913305237
7088,2470,Unincorporate,98.0,0.2637266706803131
7089,2470,Unincorporate,948.0,0.5242323901264299
7090,2470,Unincorporate,474.0,0.41583383503913307
7091,2470,Unincorporate,0.0,0.0
7092,2470,Unincorporate,46.0,0.19686935580975315
7093,2470,Unincorporate,18.0,0.11815171583383503
7094,2470,Unincorporate,36.0,0.17606863335340156
7095,2470,Unincorporate,0.0,0.0
7096,2470,Unincorporate,58.0,0.2197471402769416
7097,2470,Unincorporate,11.0,0.08383503913305237
7098,2470,Unincorporate,10.0,0.07874774232390126
7099,2470,Unincorporate,2.0,0.021763997591812162
7100,2470,Unincorporate,0.0,0.0
7101,2470,Unincorporate,8.0,0.06815171583383504
7102,2470,Unincorporate,474.0,0.41583383503913307
7103,2470,Unincorporate,3.0,0.033564118001204096
7104,2470,Unincorporate,0.0,0.0
7105,2470,Unincorporate,9.0,0.07393136664659844
7106,2470,Unincorporate,18.0,0.11815171583383503
7107,2470,Unincorporate,0.0,0.0
7108,2487,Unincorporate,0.0,0.0
7109,2487,Unincorporate,10.0,0.07874774232390126
7110,2487,Unincorporate,1.0,0.007465382299819386
7111,2487,Unincorporate,0.0,0.0
7112,2121,Unincorporate,26.0,0.1517760385310054
7113,2121,Unincorporate,16.0,0.10885009030704396
7114,2121,Unincorporate,0.0,0.0
7115,2121,Unincorporate,11.0,0.08383503913305237
7116,2121,Unincorporate,0.0,0.0
7117,2121,Unincorporate,41.0,0.18741721854304635
7118,2121,Unincorporate,0.0,0.0
7119,2121,Unincorporate,8.0,0.06815171583383504
7120,2121,Unincorporate,0.0,0.0
7121,2121,Unincorporate,8.0,0.06815171583383504
7122,2121,Unincorporate,0.0,0.0
7123,2121,Unincorporate,2.0,0.021763997591812162
7124,2121,Unincorporate,1.0,0.007465382299819386
7125,2121,Unincorporate,0.0,0.0
7126,2121,Unincorporate,0.0,0.0
7127,2121,Unincorporate,29.0,0.16047561709813365
7128,2121,Unincorporate,0.0,0.0
7129,2121,Unincorporate,0.0,0.0
7130,2121,Unincorporate,20.0,0.1290487658037327
7131,2121,Unincorporate,96.0,0.26056592414208307
7132,2121,Unincorporate,54.0,0.21351595424443107
7133,2121,Unincorporate,11.0,0.08383503913305237
7134,2121,Unincorporate,5.0,0.050752558699578565
7135,2121,Unincorporate,8.0,0.06815171583383504
7136,2121,Unincorporate,82.0,0.2473208910295003
7137,2121,Unincorporate,1.0,0.007465382299819386
7138,2121,Unincorporate,0.0,0.0
7139,2121,Unincorporate,13.0,0.09331727874774233
7140,2121,Unincorporate,1.0,0.007465382299819386
7141,2121,Unincorporate,2.0,0.021763997591812162
7142,2121,Unincorporate,0.0,0.0
7143,2121,Unincorporate,11.0,0.08383503913305237
7144,2121,Unincorporate,0.0,0.0
7145,2121,Unincorporate,27.0,0.15460565924142083
7146,2121,Unincorporate,16.0,0.10885009030704396
7147,2121,Unincorporate,6.0,0.05770620108368453
7148,2121,Unincorporate,0.0,0.0
7149,2151,Unincorporate,0.0,0.0
7150,2151,Unincorporate,0.0,0.0
7151,2151,Unincorporate,32.0,0.1669175195665262
7152,2151,Unincorporate,20.0,0.1290487658037327
7153,2151,Unincorporate,19.0,0.12332931968693558
7154,2151,Unincorporate,25.0,0.14864539434075857
7155,2151,Unincorporate,15.0,0.10361228175797713
7156,2151,Unincorporate,18.0,0.11815171583383503
7157,2151,Unincorporate,0.0,0.0
7158,2151,Unincorporate,2.0,0.021763997591812162
7159,2151,Unincorporate,2.0,0.021763997591812162
7160,2151,Unincorporate,0.0,0.0
7161,2151,Unincorporate,31.0,0.1650812763395545
7162,2151,Unincorporate,8.0,0.06815171583383504
7163,2151,Unincorporate,0.0,0.0
7164,2151,Unincorporate,16.0,0.10885009030704396
7165,2151,Unincorporate,30.0,0.1627031908488862
7166,2151,Unincorporate,44.0,0.1917519566526189
7167,2151,Unincorporate,0.0,0.0
7168,2151,Unincorporate,0.0,0.0
7169,2151,Unincorporate,4.0,0.04298615291992775
7170,2151,Unincorporate,3.0,0.033564118001204096
7171,2151,Unincorporate,19.0,0.12332931968693558
7172,2151,Unincorporate,0.0,0.0
7173,2151,Unincorporate,18.0,0.11815171583383503
7174,2151,Unincorporate,0.0,0.0
7175,2469,Unincorporate,22.0,0.1382299819385912
7176,2469,Unincorporate,0.0,0.0
7177,2469,Unincorporate,3.0,0.033564118001204096
7178,2469,Unincorporate,1.0,0.007465382299819386
7179,2469,Unincorporate,19.0,0.12332931968693558
7180,2469,Unincorporate,4.0,0.04298615291992775
7181,2469,Unincorporate,0.0,0.0
7182,2469,Unincorporate,24.0,0.1451234196267309
7183,2469,Unincorporate,0.0,0.0
7184,2469,Unincorporate,26.0,0.1517760385310054
7185,2469,Unincorporate,0.0,0.0
7186,2469,Unincorporate,0.0,0.0
7187,2469,Unincorporate,0.0,0.0
7188,2469,Unincorporate,1.0,0.007465382299819386
7189,2469,Unincorporate,13.0,0.09331727874774233
7190,2469,Unincorporate,0.0,0.0
7191,2469,Unincorporate,0.0,0.0
7192,2469,Unincorporate,0.0,0.0
7193,2469,Unincorporate,89.0,0.2546658639373871
7194,2469,Unincorporate,2.0,0.021763997591812162
7195,2469,Unincorporate,14.0,0.098314268512944
7196,2469,Unincorporate,16.0,0.10885009030704396
7197,2469,Unincorporate,0.0,0.0
7198,2469,Unincorporate,0.0,0.0
7199,2469,Unincorporate,1.0,0.007465382299819386
7200,2469,Unincorporate,46.0,0.19686935580975315
7201,2489,Unincorporate,0.0,0.0
7202,2489,Unincorporate,0.0,0.0
7203,2489,Unincorporate,18.0,0.11815171583383503
7204,2489,Unincorporate,0.0,0.0
7205,2489,Unincorporate,0.0,0.0
7206,2489,Unincorporate,0.0,0.0
7207,2489,Unincorporate,3.0,0.033564118001204096
7208,2489,Unincorporate,39.0,0.18323299217338954
7209,2489,Unincorporate,0.0,0.0
7210,2490,Unincorporate,5.0,0.050752558699578565
7211,2490,Unincorporate,4.0,0.04298615291992775
7212,2490,Unincorporate,14.0,0.098314268512944
7213,2490,Unincorporate,1.0,0.007465382299819386
7214,2490,Unincorporate,11.0,0.08383503913305237
7215,2490,Unincorporate,1.0,0.007465382299819386
7216,2490,Unincorporate,10.0,0.07874774232390126
7217,2490,Unincorporate,28.0,0.15755568934376882
7218,2490,Unincorporate,143.0,0.2937387116195063
7219,2490,Unincorporate,0.0,0.0
7220,2490,Unincorporate,1.0,0.007465382299819386
7221,2493,Unincorporate,99.0,0.26462974111980736
7222,2493,Unincorporate,0.0,0.0
7223,2493,Unincorporate,0.0,0.0
7224,2493,Unincorporate,0.0,0.0
7225,2493,Unincorporate,7.0,0.06303431667670079
7226,2493,Unincorporate,0.0,0.0
7227,2493,Unincorporate,0.0,0.0
7228,2493,Unincorporate,3.0,0.033564118001204096
7229,2493,Unincorporate,3.0,0.033564118001204096
7230,2493,Unincorporate,211.0,0.3295003010234798
7231,2493,Unincorporate,0.0,0.0
7232,2493,Unincorporate,0.0,0.0
7233,2493,Unincorporate,37.0,0.1790487658037327
7234,2493,Unincorporate,16.0,0.10885009030704396
7235,2493,Unincorporate,0.0,0.0
7236,2493,Unincorporate,3.0,0.033564118001204096
7237,2493,Unincorporate,0.0,0.0
7238,2493,Unincorporate,0.0,0.0
7239,2492,Unincorporate,99.0,0.26462974111980736
7240,2492,Unincorporate,99.0,0.26462974111980736
7241,2492,Unincorporate,63.0,0.22600842865743528
7242,2492,Unincorporate,36.0,0.17606863335340156
7243,2492,Unincorporate,8.0,0.06815171583383504
7244,2492,Unincorporate,15.0,0.10361228175797713
7245,2492,Unincorporate,198.0,0.324894641782059
7246,2492,Unincorporate,2.0,0.021763997591812162
7247,2492,Unincorporate,33.0,0.16887417218543047
7248,2492,Unincorporate,0.0,0.0
7249,2492,Unincorporate,1.0,0.007465382299819386
7250,2492,Unincorporate,3.0,0.033564118001204096
7251,2545,Unincorporate,21.0,0.1343467790487658
7252,2545,Unincorporate,0.0,0.0
7253,2545,Unincorporate,2.0,0.021763997591812162
7254,2545,Unincorporate,9.0,0.07393136664659844
7255,2545,Unincorporate,0.0,0.0
7256,2545,Unincorporate,59.0,0.2213726670680313
7257,2545,Unincorporate,0.0,0.0
7258,2545,Unincorporate,0.0,0.0
7259,2545,Unincorporate,0.0,0.0
7260,2545,Unincorporate,32.0,0.1669175195665262
7261,2546,Unincorporate,8.0,0.06815171583383504
7262,2546,Unincorporate,93.0,0.2581878386514148
7263,2546,Unincorporate,0.0,0.0
7264,2546,Unincorporate,0.0,0.0
7265,2546,Unincorporate,1.0,0.007465382299819386
7266,2546,Unincorporate,324.0,0.36992775436484043
7267,2546,Unincorporate,521.0,0.429319686935581
7268,2546,Unincorporate,304.0,0.36405779650812764
7269,2546,Unincorporate,0.0,0.0
7270,2546,Unincorporate,14.0,0.098314268512944
7271,2546,Unincorporate,0.0,0.0
7272,2546,Unincorporate,0.0,0.0
7273,2546,Unincorporate,7.0,0.06303431667670079
7274,2546,Unincorporate,0.0,0.0
7275,2466,Unincorporate,0.0,0.0
7276,2466,Unincorporate,0.0,0.0
7277,2466,Unincorporate,0.0,0.0
7278,2466,Unincorporate,0.0,0.0
7279,2466,Unincorporate,0.0,0.0
7280,2466,Unincorporate,12.0,0.08880192655027092
7281,2466,Unincorporate,0.0,0.0
7282,2466,Unincorporate,0.0,0.0
7283,2466,Unincorporate,0.0,0.0
7284,2467,Unincorporate,0.0,0.0
7285,2467,Unincorporate,1.0,0.007465382299819386
7286,2467,Unincorporate,0.0,0.0
7287,2467,Unincorporate,21.0,0.1343467790487658
7288,2467,Unincorporate,0.0,0.0
7289,2467,Unincorporate,0.0,0.0
7290,2467,Unincorporate,0.0,0.0
7291,2467,Unincorporate,0.0,0.0
7292,2467,Unincorporate,21.0,0.1343467790487658
7293,2468,Unincorporate,19.0,0.12332931968693558
7294,2468,Unincorporate,22.0,0.1382299819385912
7295,2468,Unincorporate,9.0,0.07393136664659844
7296,2468,Unincorporate,0.0,0.0
7297,2468,Unincorporate,821.0,0.5003612281757978
7298,2468,Unincorporate,0.0,0.0
7299,2468,Unincorporate,39.0,0.18323299217338954
7300,2468,Unincorporate,14.0,0.098314268512944
7301,2468,Unincorporate,0.0,0.0
7302,2491,Unincorporate,0.0,0.0
7303,2491,Unincorporate,0.0,0.0
7304,2491,Unincorporate,4.0,0.04298615291992775
7305,2491,Unincorporate,44.0,0.1917519566526189
7306,2491,Unincorporate,0.0,0.0
7307,2491,Unincorporate,1633.0,0.643226971703793
7308,2491,Unincorporate,17.0,0.11363636363636363
7309,2491,Unincorporate,25.0,0.14864539434075857
7310,2491,Unincorporate,14.0,0.098314268512944
7311,2491,Unincorporate,0.0,0.0
7312,2491,Unincorporate,0.0,0.0
7313,2491,Unincorporate,2.0,0.021763997591812162
7314,2491,Unincorporate,0.0,0.0
7315,2491,Unincorporate,49.0,0.20270921131848285
7316,2491,Unincorporate,44.0,0.1917519566526189
7317,2491,Unincorporate,26.0,0.1517760385310054
7318,2131,Unincorporate,106.0,0.26992775436484046
7319,2131,Unincorporate,176.0,0.31315472606863337
7320,2131,Unincorporate,203.0,0.3267308850090307
7321,2131,Unincorporate,212.0,0.3303431667670078
7322,2131,Unincorporate,184.0,0.31794099939795306
7323,2131,Unincorporate,6.0,0.05770620108368453
7324,2131,Unincorporate,212.0,0.3303431667670078
7325,2131,Unincorporate,178.0,0.31478025285972305
7326,2131,Unincorporate,212.0,0.3303431667670078
7327,2131,Unincorporate,212.0,0.3303431667670078
7328,2131,Unincorporate,212.0,0.3303431667670078
7329,2131,Unincorporate,181.0,0.3164358819987959
7330,2131,Unincorporate,159.0,0.30421432871764
7331,2131,Unincorporate,204.0,0.32727272727272727
7332,2131,Unincorporate,201.0,0.3257074051776038
7333,2131,Unincorporate,180.0,0.3159542444310656
7334,2131,Unincorporate,82.0,0.2473208910295003
7335,2131,Unincorporate,212.0,0.3303431667670078
7336,2131,Unincorporate,214.0,0.33175797712221555
7337,2131,Unincorporate,204.0,0.32727272727272727
7338,2131,Unincorporate,104.0,0.267940999397953
7339,2131,Unincorporate,212.0,0.3303431667670078
7340,2131,Unincorporate,16.0,0.10885009030704396
7341,2131,Unincorporate,212.0,0.3303431667670078
7342,2131,Unincorporate,281.0,0.3564118001204094
7343,2131,Unincorporate,214.0,0.33175797712221555
7344,2131,Unincorporate,218.0,0.3332931968693558
7345,2131,Unincorporate,112.0,0.27396146899458157
7346,2131,Unincorporate,189.0,0.320680313064419
7347,2131,Unincorporate,220.0,0.3340156532209512
7348,2131,Unincorporate,184.0,0.31794099939795306
7349,2131,Unincorporate,201.0,0.3257074051776038
7350,2131,Unincorporate,218.0,0.3332931968693558
7351,2131,Unincorporate,187.0,0.31965683323299215
7352,2131,Unincorporate,104.0,0.267940999397953
7353,2131,Unincorporate,178.0,0.31478025285972305
7354,2131,Unincorporate,266.0,0.35186634557495483
7355,2131,Unincorporate,196.0,0.32465382299819384
7356,2131,Unincorporate,164.0,0.30638169777242624
7357,2131,Unincorporate,177.0,0.31393738711619507
7358,2131,Unincorporate,44.0,0.1917519566526189
7359,2131,Unincorporate,50.0,0.20463576158940397
7360,2131,Unincorporate,178.0,0.31478025285972305
7361,2547,Unincorporate,0.0,0.0
7362,2547,Unincorporate,18.0,0.11815171583383503
7363,2547,Unincorporate,0.0,0.0
7364,2547,Unincorporate,0.0,0.0
7365,2547,Unincorporate,0.0,0.0
7366,2547,Unincorporate,0.0,0.0
7367,2499,Unincorporate,0.0,0.0
7368,2499,Unincorporate,50.0,0.20463576158940397
7369,2499,Unincorporate,0.0,0.0
7370,2499,Unincorporate,25.0,0.14864539434075857
7371,2499,Unincorporate,25.0,0.14864539434075857
7372,2499,Unincorporate,25.0,0.14864539434075857
7373,2498,Unincorporate,24.0,0.1451234196267309
7374,2498,Unincorporate,19.0,0.12332931968693558
7375,2498,Unincorporate,5.0,0.050752558699578565
7376,2498,Unincorporate,1.0,0.007465382299819386
7377,2498,Unincorporate,5.0,0.050752558699578565
7378,2498,Unincorporate,5.0,0.050752558699578565
7379,2498,Unincorporate,18.0,0.11815171583383503
7380,2497,Unincorporate,2.0,0.021763997591812162
7381,2497,Unincorporate,3.0,0.033564118001204096
7382,2497,Unincorporate,76.0,0.24211318482841662
7383,2497,Unincorporate,1.0,0.007465382299819386
7384,2497,Unincorporate,0.0,0.0
7385,2497,Unincorporate,38.0,0.18133654425045154
7386,2497,Unincorporate,0.0,0.0
7387,2497,Unincorporate,39.0,0.18323299217338954
7388,2497,Unincorporate,2.0,0.021763997591812162
7389,2497,Unincorporate,0.0,0.0
7390,2497,Unincorporate,1.0,0.007465382299819386
7391,2496,Unincorporate,68.0,0.23305237808549067
7392,2496,Unincorporate,18.0,0.11815171583383503
7393,2496,Unincorporate,9.0,0.07393136664659844
7394,2496,Unincorporate,37.0,0.1790487658037327
7395,2031,Unincorporate,442.0,0.40743527995183626
7396,2031,Unincorporate,406.0,0.39440096327513546
7397,2031,Unincorporate,406.0,0.39440096327513546
7398,2031,Unincorporate,493.0,0.42131246237206504
7399,2031,Unincorporate,531.0,0.433112582781457
7400,2031,Unincorporate,489.0,0.42034918723660447
7401,2031,Unincorporate,464.0,0.41264298615291994
7402,2031,Unincorporate,406.0,0.39440096327513546
7403,2031,Unincorporate,518.0,0.4285671282360024
7404,2031,Unincorporate,430.0,0.4034617700180614
7405,2031,Unincorporate,600.0,0.451475015051174
7406,2031,Unincorporate,430.0,0.4034617700180614
7407,2031,Unincorporate,483.0,0.41845273931366644
7408,2031,Unincorporate,498.0,0.42302829620710414
7409,2031,Unincorporate,406.0,0.39440096327513546
7410,2031,Unincorporate,417.0,0.399789283564118
7411,2031,Unincorporate,484.0,0.41866345574954844
7412,2031,Unincorporate,408.0,0.39491270319084887
7413,2031,Unincorporate,460.0,0.41173991571342566
7414,2031,Unincorporate,488.0,0.4199277543648405
7415,2031,Unincorporate,520.0,0.42901866345574957
7416,2031,Unincorporate,430.0,0.4034617700180614
7417,2031,Unincorporate,460.0,0.41173991571342566
7418,2031,Unincorporate,406.0,0.39440096327513546
7419,2031,Unincorporate,430.0,0.4034617700180614
7420,2031,Unincorporate,488.0,0.4199277543648405
7421,2031,Unincorporate,406.0,0.39440096327513546
7422,2495,Unincorporate,9.0,0.07393136664659844
7423,2495,Unincorporate,34.0,0.17146297411198075
7424,2495,Unincorporate,34.0,0.17146297411198075
7425,2495,Unincorporate,18.0,0.11815171583383503
7426,2783,Unincorporate,0.0,0.0
7427,2783,Unincorporate,4.0,0.04298615291992775
7428,2782,Clovis,0.0,0.0
7429,2712,Unincorporate,0.0,0.0
7430,1584,Kerman,1999.0,0.6924142083082481
7431,1584,Kerman,1270.0,0.5820891029500301
7432,1584,Kerman,1921.0,0.6828115593016255
7433,1584,Kerman,2212.0,0.7202889825406382
7434,1584,Kerman,2145.0,0.7116496086694762
7435,1584,Kerman,2151.0,0.7130644190246839
7436,1584,Kerman,136.0,0.2890728476821192
7437,1584,Kerman,1912.0,0.6813365442504515
7438,1584,Kerman,2121.0,0.7084587597832631
7439,1584,Kerman,1410.0,0.60842865743528
7440,1584,Kerman,1871.0,0.6755869957856713
7441,1584,Kerman,1821.0,0.6682119205298013
7442,1584,Kerman,1972.0,0.6891029500301024
7443,1584,Kerman,1335.0,0.5952438290186635
7444,1585,Kerman,1715.0,0.6534918723660446
7445,1585,Kerman,1345.0,0.5967188440698374
7446,1585,Kerman,1319.0,0.5916917519566526
7447,1585,Kerman,969.0,0.528476821192053
7448,1585,Kerman,1812.0,0.6666465984346779
7449,1585,Kerman,1158.0,0.5622817579771222
7450,1585,Kerman,1076.0,0.5473509933774835
7451,1585,Kerman,2024.0,0.6947922937989163
7452,1585,Kerman,1658.0,0.6459361830222757
7453,1587,Kerman,1520.0,0.6267308850090307
7454,1587,Kerman,1533.0,0.6281757977122215
7455,1587,Kerman,956.0,0.5257977122215532
7456,1587,Kerman,857.0,0.5086995785671282
7457,1587,Kerman,1900.0,0.6798916315472607
7458,1587,Kerman,1635.0,0.6434075857916918
7459,1587,Kerman,951.0,0.5251354605659242
7460,1587,Kerman,2081.0,0.7033112582781457
7461,1587,Kerman,1645.0,0.6443407585791692
7462,1587,Kerman,1739.0,0.6565924142083083
7463,1587,Kerman,1098.0,0.5511438892233594
7464,1587,Kerman,1389.0,0.6047260686333534
7465,1587,Kerman,1552.0,0.6311258278145695
7466,1587,Kerman,1177.0,0.5662552679108971
7467,1587,Kerman,1440.0,0.6139975918121614
7468,1587,Kerman,872.0,0.5111378687537628
7469,1588,Kerman,1418.0,0.6101444912703191
7470,1588,Kerman,2042.0,0.6975015051173992
7471,1588,Kerman,1754.0,0.6581577363034317
7472,1588,Kerman,1714.0,0.6532811559301626
7473,1588,Kerman,1574.0,0.6338651414810356
7474,1588,Kerman,1347.0,0.5971703792895846
7475,1588,Kerman,2081.0,0.7033112582781457
7476,1588,Kerman,2082.0,0.7035520770620108
7477,1588,Kerman,1395.0,0.6058097531607466
7478,1588,Kerman,1601.0,0.6386213124623721
7479,1588,Kerman,1507.0,0.6249849488260084
7480,1588,Kerman,1593.0,0.6370559903672487
7481,1588,Kerman,1391.0,0.6051776038531005
7482,1588,Kerman,1582.0,0.635430463576159
7483,1588,Kerman,1384.0,0.6040638169777243
7484,1588,Kerman,1463.0,0.6177904876580373
7485,1588,Kerman,2211.0,0.7201384708007225
7486,1588,Kerman,2116.0,0.7078266104756171
7487,1588,Kerman,1631.0,0.6428958458759784
7488,1588,Kerman,1898.0,0.6796809151113787
7489,1588,Kerman,1630.0,0.6427152317880794
7490,1588,Kerman,1286.0,0.5857314870559903
7491,1588,Kerman,1988.0,0.6910295003010235
7492,1588,Kerman,1665.0,0.6470198675496689
7493,1588,Kerman,2338.0,0.7328717639975918
7494,1588,Kerman,2240.0,0.7239012642986153
7495,1588,Kerman,1645.0,0.6443407585791692
7496,1588,Kerman,2168.0,0.7155027092113185
7497,1588,Kerman,1605.0,0.6391932570740517
7498,1588,Kerman,1338.0,0.5956050571944612
7499,1588,Kerman,1560.0,0.632059000602047
7500,1588,Kerman,1555.0,0.6313666465984347
7501,1588,Kerman,1595.0,0.6375978326309452
7502,1588,Kerman,1753.0,0.6579470198675497
7503,1589,Kerman,878.0,0.5121312462372065
7504,1589,Kerman,1655.0,0.6455147501505117
7505,1589,Kerman,1460.0,0.6170680313064419
7506,1589,Kerman,1920.0,0.6826008428657435
7507,1589,Kerman,1572.0,0.633534015653221
7508,1589,Kerman,1117.0,0.5542444310656232
7509,1589,Kerman,1798.0,0.6651414810355207
7510,1589,Kerman,1906.0,0.6804936785069235
7511,1589,Kerman,809.0,0.49825406381697773
7512,1589,Kerman,1146.0,0.5591511137868754
7513,1589,Kerman,1411.0,0.6086694762191451
7514,1589,Kerman,1285.0,0.5856110776640578
7515,1589,Kerman,1760.0,0.6586694762191451
7516,1589,Kerman,1610.0,0.6401264298615292
7517,1589,Kerman,1280.0,0.5842564720048163
7518,1589,Kerman,1574.0,0.6338651414810356
7519,1589,Kerman,2344.0,0.7333534015653221
7520,1589,Kerman,1785.0,0.6626128838049368
7521,1589,Kerman,1729.0,0.6556291390728477
7522,1589,Kerman,1313.0,0.5902167369054786
7523,1589,Kerman,1127.0,0.5556592414208308
7524,1589,Kerman,1105.0,0.5525888019265502
7525,1589,Kerman,1497.0,0.6233895243829018
7526,1589,Kerman,1769.0,0.660355207706201
7527,1589,Kerman,1623.0,0.6414810355207706
7528,1589,Kerman,1779.0,0.6618302227573751
7529,1589,Kerman,1590.0,0.6364539434075858
7530,1589,Kerman,1417.0,0.6098133654425045
7531,1589,Kerman,1558.0,0.6317278747742324
7532,1589,Kerman,1311.0,0.5895845875978326
7533,1589,Kerman,1141.0,0.5584286574352799
7534,1589,Kerman,1442.0,0.6144190246839254
7535,1591,Kerman,1568.0,0.6329921733895244
7536,1591,Kerman,1068.0,0.5456953642384106
7537,1591,Kerman,1008.0,0.5346478025285972
7538,1592,Kerman,1270.0,0.5820891029500301
7539,1592,Kerman,511.0,0.42679108970499696
7540,1592,Kerman,1186.0,0.5682721252257676
7541,1592,Kerman,1.0,0.007465382299819386
7542,1592,Kerman,511.0,0.42679108970499696
7543,2243,Unincorporate,0.0,0.0
7544,2247,Unincorporate,140.0,0.29193257074051776
7545,2247,Unincorporate,70.0,0.23573148705599037
7546,2247,Unincorporate,0.0,0.0
7547,2247,Unincorporate,0.0,0.0
7548,2247,Unincorporate,0.0,0.0
7549,2247,Unincorporate,0.0,0.0
7550,2247,Unincorporate,0.0,0.0
7551,2072,Unincorporate,249.0,0.347471402769416
7552,2072,Unincorporate,497.0,0.422787477423239
7553,2072,Unincorporate,15.0,0.10361228175797713
7554,2072,Unincorporate,309.0,0.3655027092113185
7555,2072,Unincorporate,561.0,0.43982540638169776
7556,2072,Unincorporate,61.0,0.22296809151113786
7557,2072,Unincorporate,317.0,0.3681216134858519
7558,2072,Unincorporate,300.0,0.36285370258880195
7559,2073,Unincorporate,465.0,0.41297411198073447
7560,2073,Unincorporate,529.0,0.4325105358217941
7561,2073,Unincorporate,495.0,0.42203491872366045
7562,2073,Unincorporate,492.0,0.42098133654425046
7563,2073,Unincorporate,492.0,0.42098133654425046
7564,2073,Unincorporate,506.0,0.42507525586995787
7565,2073,Unincorporate,492.0,0.42098133654425046
7566,2073,Unincorporate,508.0,0.42576760987357015
7567,2073,Unincorporate,482.0,0.41821192052980133
7568,2073,Unincorporate,492.0,0.42098133654425046
7569,2073,Unincorporate,365.0,0.38190848886213125
7570,2073,Unincorporate,482.0,0.41821192052980133
7571,2073,Unincorporate,528.0,0.4322998193859121
7572,2073,Unincorporate,492.0,0.42098133654425046
7573,2073,Unincorporate,512.0,0.4271523178807947
7574,2073,Unincorporate,506.0,0.42507525586995787
7575,2073,Unincorporate,483.0,0.41845273931366644
7576,2074,Unincorporate,475.0,0.41625526791089706
7577,2074,Unincorporate,500.0,0.423630343166767
7578,2074,Unincorporate,574.0,0.44470198675496686
7579,2074,Unincorporate,502.0,0.4241420830824804
7580,2074,Unincorporate,436.0,0.40517760385310053
7581,2074,Unincorporate,472.0,0.4152919927754365
7582,2245,Unincorporate,14.0,0.098314268512944
7583,2245,Unincorporate,37.0,0.1790487658037327
7584,2245,Unincorporate,16.0,0.10885009030704396
7585,2245,Unincorporate,0.0,0.0
7586,2245,Unincorporate,27.0,0.15460565924142083
7587,2245,Unincorporate,45.0,0.1942203491872366
7588,2248,Unincorporate,0.0,0.0
7589,2248,Unincorporate,0.0,0.0
7590,2248,Unincorporate,27.0,0.15460565924142083
7591,2248,Unincorporate,0.0,0.0
7592,2248,Unincorporate,0.0,0.0
7593,2248,Unincorporate,0.0,0.0
7594,2248,Unincorporate,0.0,0.0
7595,2248,Unincorporate,0.0,0.0
7596,2248,Unincorporate,0.0,0.0
7597,2248,Unincorporate,0.0,0.0
7598,2248,Unincorporate,0.0,0.0
7599,2248,Unincorporate,0.0,0.0
7600,2248,Unincorporate,0.0,0.0
7601,2248,Unincorporate,54.0,0.21351595424443107
7602,2248,Unincorporate,0.0,0.0
7603,2248,Unincorporate,20.0,0.1290487658037327
7604,2248,Unincorporate,0.0,0.0
7605,2248,Unincorporate,0.0,0.0
7606,2152,Unincorporate,569.0,0.4422937989163155
7607,2152,Unincorporate,667.0,0.4684226369656833
7608,2152,Unincorporate,662.0,0.4673389524382902
7609,2152,Unincorporate,571.0,0.44367850692354005
7610,2152,Unincorporate,664.0,0.4678506923540036
7611,2152,Unincorporate,662.0,0.4673389524382902
7612,2152,Unincorporate,185.0,0.31863335340156534
7613,2152,Unincorporate,656.0,0.46589403973509935
7614,2152,Unincorporate,662.0,0.4673389524382902
7615,2152,Unincorporate,570.0,0.44310656231186035
7616,2152,Unincorporate,668.0,0.4687537627934979
7617,2152,Unincorporate,678.0,0.47071041541240216
7618,2152,Unincorporate,579.0,0.4462372065021072
7619,2152,Unincorporate,570.0,0.44310656231186035
7620,2152,Unincorporate,662.0,0.4673389524382902
7621,2152,Unincorporate,662.0,0.4673389524382902
7622,2152,Unincorporate,662.0,0.4673389524382902
7623,2152,Unincorporate,569.0,0.4422937989163155
7624,2152,Unincorporate,580.0,0.4464780252859723
7625,2152,Unincorporate,192.0,0.322576760987357
7626,2152,Unincorporate,570.0,0.44310656231186035
7627,2152,Unincorporate,569.0,0.4422937989163155
7628,2152,Unincorporate,569.0,0.4422937989163155
7629,2152,Unincorporate,898.0,0.5149608669476219
7630,2152,Unincorporate,671.0,0.4692655027092113
7631,2152,Unincorporate,6.0,0.05770620108368453
7632,2152,Unincorporate,569.0,0.4422937989163155
7633,2152,Unincorporate,569.0,0.4422937989163155
7634,2152,Unincorporate,180.0,0.3159542444310656
7635,2152,Unincorporate,4.0,0.04298615291992775
7636,2152,Unincorporate,569.0,0.4422937989163155
7637,2152,Unincorporate,569.0,0.4422937989163155
7638,2152,Unincorporate,575.0,0.4453341360626129
7639,2152,Unincorporate,574.0,0.44470198675496686
7640,2152,Unincorporate,569.0,0.4422937989163155
7641,2249,Unincorporate,0.0,0.0
7642,2249,Unincorporate,0.0,0.0
7643,2249,Unincorporate,0.0,0.0
7644,2249,Unincorporate,40.0,0.18552077062010836
7645,2249,Unincorporate,0.0,0.0
7646,2249,Unincorporate,0.0,0.0
7647,2249,Unincorporate,0.0,0.0
7648,2249,Unincorporate,0.0,0.0
7649,2249,Unincorporate,0.0,0.0
7650,2249,Unincorporate,0.0,0.0
7651,2154,Unincorporate,723.0,0.48148705599036723
7652,2154,Unincorporate,579.0,0.4462372065021072
7653,2154,Unincorporate,570.0,0.44310656231186035
7654,2154,Unincorporate,590.0,0.44843467790487657
7655,2154,Unincorporate,653.0,0.4651113786875376
7656,2154,Unincorporate,672.0,0.46956652618904277
7657,2154,Unincorporate,590.0,0.44843467790487657
7658,2154,Unincorporate,653.0,0.4651113786875376
7659,2154,Unincorporate,653.0,0.4651113786875376
7660,2272,Unincorporate,0.0,0.0
7661,2272,Unincorporate,0.0,0.0
7662,2272,Unincorporate,0.0,0.0
7663,2463,Unincorporate,0.0,0.0
7664,2463,Unincorporate,40.0,0.18552077062010836
7665,2463,Unincorporate,31.0,0.1650812763395545
7666,2463,Unincorporate,18.0,0.11815171583383503
7667,2463,Unincorporate,28.0,0.15755568934376882
7668,2501,Unincorporate,55.0,0.21559301625526792
7669,2501,Unincorporate,46.0,0.19686935580975315
7670,2501,Unincorporate,114.0,0.2753762793497893
7671,2501,Unincorporate,55.0,0.21559301625526792
7672,2501,Unincorporate,23.0,0.14145093317278748
7673,2501,Unincorporate,14.0,0.098314268512944
7674,2501,Unincorporate,70.0,0.23573148705599037
7675,2501,Unincorporate,17.0,0.11363636363636363
7676,2501,Unincorporate,34.0,0.17146297411198075
7677,2501,Unincorporate,63.0,0.22600842865743528
7678,2506,Unincorporate,2.0,0.021763997591812162
7679,2506,Unincorporate,45.0,0.1942203491872366
7680,2506,Unincorporate,0.0,0.0
7681,441,Fowler,341.0,0.3749247441300421
7682,441,Fowler,173.0,0.3106562311860325
7683,441,Fowler,577.0,0.4459060806742926
7684,441,Fowler,0.0,0.0
7685,441,Fowler,574.0,0.44470198675496686
7686,441,Fowler,682.0,0.4716435881998796
7687,441,Fowler,779.0,0.49316676700782663
7688,441,Fowler,652.0,0.4649307645996388
7689,443,Unincorporate,130.0,0.2866044551475015
7690,443,Unincorporate,124.0,0.28269114990969296
7691,443,Unincorporate,243.0,0.34467188440698376
7692,443,Unincorporate,538.0,0.43482841661649607
7693,443,Unincorporate,124.0,0.28269114990969296
7694,2625,Unincorporate,10.0,0.07874774232390126
7695,2625,Unincorporate,8.0,0.06815171583383504
7696,450,Fowler,0.0,0.0
7697,450,Fowler,92.0,0.25716435881998795
7698,450,Fowler,173.0,0.3106562311860325
7699,450,Fowler,55.0,0.21559301625526792
7700,448,Unincorporate,12.0,0.08880192655027092
7701,2624,Unincorporate,0.0,0.0
7702,2624,Unincorporate,46.0,0.19686935580975315
7703,2623,Unincorporate,1.0,0.007465382299819386
7704,2623,Unincorporate,24.0,0.1451234196267309
7705,2619,Unincorporate,28.0,0.15755568934376882
7706,2619,Unincorporate,40.0,0.18552077062010836
7707,2619,Unincorporate,35.0,0.17357013847080072
7708,2619,Unincorporate,0.0,0.0
7709,2619,Unincorporate,0.0,0.0
7710,2619,Unincorporate,69.0,0.2342865743527995
7711,2508,Unincorporate,3.0,0.033564118001204096
7712,2508,Unincorporate,7.0,0.06303431667670079
7713,2508,Unincorporate,7.0,0.06303431667670079
7714,2508,Unincorporate,1.0,0.007465382299819386
7715,2508,Unincorporate,84.0,0.24909692956050572
7716,2508,Unincorporate,25.0,0.14864539434075857
7717,2509,Unincorporate,209.0,0.3287778446718844
7718,2509,Unincorporate,42.0,0.18895243829018663
7719,414,Fowler,463.0,0.4123419626730885
7720,414,Fowler,700.0,0.47495484647802527
7721,414,Fowler,524.0,0.43034316676700785
7722,414,Fowler,1491.0,0.6221252257676099
7723,414,Fowler,402.0,0.3930764599638772
7724,414,Fowler,55.0,0.21559301625526792
7725,414,Fowler,126.0,0.28425647200481635
7726,414,Fowler,1168.0,0.5646598434677905
7727,414,Fowler,413.0,0.39789283564118
7728,414,Fowler,597.0,0.4506020469596628
7729,414,Fowler,1340.0,0.5958759783263095
7730,415,Fowler,721.0,0.48079470198675495
7731,415,Fowler,1327.0,0.5936785069235401
7732,415,Fowler,1306.0,0.5886815171583384
7733,415,Fowler,997.0,0.5327513546056593
7734,415,Fowler,1006.0,0.5342564720048164
7735,415,Fowler,1309.0,0.5891932570740518
7736,415,Fowler,1014.0,0.535430463576159
7737,415,Fowler,1000.0,0.5333232992173389
7738,415,Fowler,948.0,0.5242323901264299
7739,415,Fowler,1011.0,0.535009030704395
7740,415,Fowler,684.0,0.4720048163756773
7741,415,Fowler,1339.0,0.5957555689343769
7742,415,Fowler,1003.0,0.5336845273931367
7743,415,Fowler,1319.0,0.5916917519566526
7744,415,Fowler,1563.0,0.632269717037929
7745,415,Fowler,1383.0,0.6039434075857917
7746,415,Fowler,1501.0,0.6240216736905478
7747,415,Fowler,948.0,0.5242323901264299
7748,415,Fowler,1167.0,0.5645093317278748
7749,415,Fowler,1312.0,0.589885611077664
7750,415,Fowler,1515.0,0.6257977122215532
7751,415,Fowler,1329.0,0.5940397350993377
7752,415,Fowler,707.0,0.47627934978928355
7753,419,Fowler,1029.0,0.5378988561107766
7754,419,Fowler,814.0,0.4994280553883203
7755,419,Fowler,398.0,0.3918723660445515
7756,419,Fowler,1279.0,0.5839253461770018
7757,419,Fowler,1381.0,0.6035219747140277
7758,419,Fowler,1278.0,0.5837146297411198
7759,419,Fowler,1330.0,0.5942203491872367
7760,419,Fowler,767.0,0.49015653220951233
7761,419,Fowler,1049.0,0.5416917519566526
7762,419,Fowler,1124.0,0.55526791089705
7763,419,Fowler,1260.0,0.5803130644190246
7764,419,Fowler,677.0,0.47055990367248646
7765,419,Fowler,1109.0,0.5531306441902468
7766,419,Fowler,1492.0,0.622366044551475
7767,419,Fowler,1269.0,0.5819385912101144
7768,419,Fowler,827.0,0.5014449127031908
7769,418,Fowler,1285.0,0.5856110776640578
7770,418,Fowler,1000.0,0.5333232992173389
7771,418,Fowler,1201.0,0.5708007224563516
7772,418,Fowler,1033.0,0.5386213124623721
7773,418,Fowler,996.0,0.5323901264298615
7774,418,Fowler,535.0,0.4341962673088501
7775,418,Fowler,1306.0,0.5886815171583384
7776,2513,Unincorporate,16.0,0.10885009030704396
7777,2513,Unincorporate,8.0,0.06815171583383504
7778,2582,Unincorporate,0.0,0.0
7779,2582,Unincorporate,0.0,0.0
7780,2582,Unincorporate,0.0,0.0
7781,2583,Unincorporate,4.0,0.04298615291992775
7782,2583,Unincorporate,11.0,0.08383503913305237
7783,2583,Unincorporate,3.0,0.033564118001204096
7784,2583,Unincorporate,0.0,0.0
7785,2583,Unincorporate,2.0,0.021763997591812162
7786,2583,Unincorporate,2.0,0.021763997591812162
7787,2583,Unincorporate,0.0,0.0
7788,2583,Unincorporate,0.0,0.0
7789,2514,Unincorporate,4.0,0.04298615291992775
7790,2514,Unincorporate,10.0,0.07874774232390126
7791,2514,Unincorporate,16.0,0.10885009030704396
7792,2514,Unincorporate,2.0,0.021763997591812162
7793,2514,Unincorporate,228.0,0.3358819987959061
7794,2514,Unincorporate,479.0,0.41736905478627334
7795,2518,Unincorporate,2.0,0.021763997591812162
7796,2518,Unincorporate,0.0,0.0
7797,2518,Unincorporate,1.0,0.007465382299819386
7798,2518,Unincorporate,0.0,0.0
7799,2518,Unincorporate,0.0,0.0
7800,2518,Unincorporate,0.0,0.0
7801,2518,Unincorporate,0.0,0.0
7802,2518,Unincorporate,1.0,0.007465382299819386
7803,2518,Unincorporate,38.0,0.18133654425045154
7804,2518,Unincorporate,0.0,0.0
7805,2042,Unincorporate,9.0,0.07393136664659844
7806,2042,Unincorporate,313.0,0.3670078266104756
7807,2042,Unincorporate,313.0,0.3670078266104756
7808,2042,Unincorporate,3116.0,0.7996989765201685
7809,2042,Unincorporate,1.0,0.007465382299819386
7810,2042,Unincorporate,375.0,0.3844370860927152
7811,2042,Unincorporate,746.0,0.4864840457555689
7812,2042,Unincorporate,375.0,0.3844370860927152
7813,2042,Unincorporate,371.0,0.3833835039133052
7814,2042,Unincorporate,8.0,0.06815171583383504
7815,2042,Unincorporate,4.0,0.04298615291992775
7816,2042,Unincorporate,5.0,0.050752558699578565
7817,2042,Unincorporate,8.0,0.06815171583383504
7818,2042,Unincorporate,0.0,0.0
7819,2042,Unincorporate,379.0,0.38606261288380495
7820,2042,Unincorporate,1869.0,0.6750752558699579
7821,2042,Unincorporate,30.0,0.1627031908488862
7822,2042,Unincorporate,368.0,0.38260084286574353
7823,2042,Unincorporate,1.0,0.007465382299819386
7824,2042,Unincorporate,313.0,0.3670078266104756
7825,2042,Unincorporate,89.0,0.2546658639373871
7826,2042,Unincorporate,0.0,0.0
7827,2042,Unincorporate,378.0,0.38564118001204095
7828,2042,Unincorporate,372.0,0.3837447320891029
7829,2042,Unincorporate,2.0,0.021763997591812162
7830,2042,Unincorporate,2.0,0.021763997591812162
7831,2042,Unincorporate,1125.0,0.5554184226369657
7832,2042,Unincorporate,2.0,0.021763997591812162
7833,2042,Unincorporate,50.0,0.20463576158940397
7834,2042,Unincorporate,371.0,0.3833835039133052
7835,2042,Unincorporate,337.0,0.373841059602649
7836,2042,Unincorporate,371.0,0.3833835039133052
7837,2042,Unincorporate,376.0,0.38473810957254667
7838,2042,Unincorporate,313.0,0.3670078266104756
7839,2042,Unincorporate,1.0,0.007465382299819386
7840,2515,Unincorporate,674.0,0.47004816375677305
7841,2515,Unincorporate,0.0,0.0
7842,2515,Unincorporate,1.0,0.007465382299819386
7843,2519,Unincorporate,0.0,0.0
7844,2519,Unincorporate,93.0,0.2581878386514148
7845,2519,Unincorporate,119.0,0.27934978928356413
7846,2519,Unincorporate,93.0,0.2581878386514148
7847,2519,Unincorporate,0.0,0.0
7848,2519,Unincorporate,5.0,0.050752558699578565
7849,2519,Unincorporate,89.0,0.2546658639373871
7850,2519,Unincorporate,94.0,0.2590307043949428
7851,2519,Unincorporate,93.0,0.2581878386514148
7852,2519,Unincorporate,154.0,0.30150511739915714
7853,2519,Unincorporate,93.0,0.2581878386514148
7854,2519,Unincorporate,63.0,0.22600842865743528
7855,2519,Unincorporate,7.0,0.06303431667670079
7856,2519,Unincorporate,5.0,0.050752558699578565
7857,2519,Unincorporate,80.0,0.24530403371462975
7858,2519,Unincorporate,146.0,0.29614689945815775
7859,2519,Unincorporate,0.0,0.0
7860,2519,Unincorporate,3.0,0.033564118001204096
7861,2519,Unincorporate,5.0,0.050752558699578565
7862,2519,Unincorporate,13.0,0.09331727874774233
7863,2519,Unincorporate,2.0,0.021763997591812162
7864,2519,Unincorporate,2.0,0.021763997591812162
7865,2519,Unincorporate,133.0,0.28801926550270923
7866,2519,Unincorporate,0.0,0.0
7867,2519,Unincorporate,43.0,0.19039735099337748
7868,2519,Unincorporate,101.0,0.26619506321493075
7869,2519,Unincorporate,7.0,0.06303431667670079
7870,2519,Unincorporate,76.0,0.24211318482841662
7871,2519,Unincorporate,93.0,0.2581878386514148
7872,2519,Unincorporate,0.0,0.0
7873,2519,Unincorporate,2.0,0.021763997591812162
7874,2519,Unincorporate,93.0,0.2581878386514148
7875,2519,Unincorporate,61.0,0.22296809151113786
7876,2519,Unincorporate,6.0,0.05770620108368453
7877,2519,Unincorporate,0.0,0.0
7878,2519,Unincorporate,8.0,0.06815171583383504
7879,2519,Unincorporate,3.0,0.033564118001204096
7880,2519,Unincorporate,98.0,0.2637266706803131
7881,2519,Unincorporate,4.0,0.04298615291992775
7882,2519,Unincorporate,0.0,0.0
7883,2519,Unincorporate,16.0,0.10885009030704396
7884,2519,Unincorporate,102.0,0.2670078266104756
7885,2519,Unincorporate,3.0,0.033564118001204096
7886,2519,Unincorporate,93.0,0.2581878386514148
7887,2519,Unincorporate,93.0,0.2581878386514148
7888,2519,Unincorporate,13.0,0.09331727874774233
7889,2519,Unincorporate,11.0,0.08383503913305237
7890,2519,Unincorporate,1.0,0.007465382299819386
7891,2519,Unincorporate,3.0,0.033564118001204096
7892,2519,Unincorporate,93.0,0.2581878386514148
7893,2519,Unincorporate,0.0,0.0
7894,1997,Selma,24.0,0.1451234196267309
7895,426,Fowler,196.0,0.32465382299819384
7896,426,Fowler,19.0,0.12332931968693558
7897,426,Fowler,143.0,0.2937387116195063
7898,426,Fowler,1390.0,0.6049066827212523
7899,1993,Selma,0.0,0.0
7900,1993,Selma,1016.0,0.5358217940999398
7901,1993,Selma,2054.0,0.6991270319084889
7902,1993,Selma,19.0,0.12332931968693558
7903,1993,Selma,0.0,0.0
7904,1993,Selma,1038.0,0.5391330523780855
7905,1993,Selma,1016.0,0.5358217940999398
7906,1953,Selma,1327.0,0.5936785069235401
7907,1953,Selma,310.0,0.3659241420830825
7908,1953,Selma,1589.0,0.6363034316676701
7909,2531,Unincorporate,0.0,0.0
7910,2531,Unincorporate,0.0,0.0
7911,2534,Unincorporate,23.0,0.14145093317278748
7912,2534,Selma,129.0,0.2860626128838049
7913,2534,Unincorporate,59.0,0.2213726670680313
7914,2534,Unincorporate,57.0,0.2181216134858519
7915,2567,Unincorporate,11.0,0.08383503913305237
7916,1978,Selma,2743.0,0.7695364238410596
7917,1978,Selma,2196.0,0.7186935580975317
7918,1978,Selma,2783.0,0.7738109572546659
7919,1978,Selma,2587.0,0.7566225165562914
7920,1978,Selma,2758.0,0.7708308248043347
7921,1978,Selma,2533.0,0.7524683925346177
7922,1978,Selma,2691.0,0.7658037326911499
7923,1978,Selma,2074.0,0.7021974714027694
7924,1978,Selma,2210.0,0.7199578567128236
7925,1978,Selma,2204.0,0.7195665261890427
7926,1978,Selma,519.0,0.4287778446718844
7927,1978,Selma,83.0,0.248103552077062
7928,1978,Selma,47.0,0.19861529199277544
7929,1978,Selma,2631.0,0.7599939795304034
7930,1978,Selma,2257.0,0.7256170981336544
7931,1978,Selma,2900.0,0.7829319686935581
7932,1978,Selma,2107.0,0.7069235400361228
7933,1978,Selma,2743.0,0.7695364238410596
7934,1978,Selma,2183.0,0.7172787477423239
7935,1978,Selma,70.0,0.23573148705599037
7936,1978,Selma,180.0,0.3159542444310656
7937,1978,Selma,2179.0,0.7168573148705599
7938,1978,Selma,2239.0,0.7237808549066828
7939,1978,Selma,344.0,0.3762191450933173
7940,2564,Unincorporate,6.0,0.05770620108368453
7941,2564,Unincorporate,2.0,0.021763997591812162
7942,2564,Unincorporate,36.0,0.17606863335340156
7943,2564,Unincorporate,0.0,0.0
7944,2564,Unincorporate,0.0,0.0
7945,2564,Unincorporate,1.0,0.007465382299819386
7946,2563,Unincorporate,0.0,0.0
7947,2563,Unincorporate,0.0,0.0
7948,2563,Unincorporate,1.0,0.007465382299819386
7949,2563,Unincorporate,11.0,0.08383503913305237
7950,2563,Unincorporate,0.0,0.0
7951,2563,Unincorporate,0.0,0.0
7952,2563,Unincorporate,0.0,0.0
7953,2494,Unincorporate,0.0,0.0
7954,2494,Unincorporate,14.0,0.098314268512944
7955,2494,Unincorporate,0.0,0.0
7956,2494,Unincorporate,22.0,0.1382299819385912
7957,2494,Unincorporate,0.0,0.0
7958,2494,Unincorporate,6.0,0.05770620108368453
7959,2494,Unincorporate,0.0,0.0
7960,2494,Unincorporate,16.0,0.10885009030704396
7961,2494,Unincorporate,13.0,0.09331727874774233
7962,2535,Unincorporate,1.0,0.007465382299819386
7963,2535,Unincorporate,10.0,0.07874774232390126
7964,2535,Unincorporate,0.0,0.0
7965,2535,Unincorporate,3.0,0.033564118001204096
7966,2535,Unincorporate,15.0,0.10361228175797713
7967,2535,Unincorporate,9.0,0.07393136664659844
7968,2535,Unincorporate,26.0,0.1517760385310054
7969,2535,Unincorporate,10.0,0.07874774232390126
7970,2535,Unincorporate,18.0,0.11815171583383503
7971,2535,Unincorporate,11.0,0.08383503913305237
7972,2535,Unincorporate,0.0,0.0
7973,2535,Unincorporate,35.0,0.17357013847080072
7974,2535,Unincorporate,0.0,0.0
7975,2535,Unincorporate,129.0,0.2860626128838049
7976,2535,Unincorporate,3.0,0.033564118001204096
7977,2535,Unincorporate,70.0,0.23573148705599037
7978,2535,Unincorporate,17.0,0.11363636363636363
7979,2535,Unincorporate,0.0,0.0
7980,2535,Unincorporate,4.0,0.04298615291992775
7981,2535,Unincorporate,35.0,0.17357013847080072
7982,2535,Unincorporate,18.0,0.11815171583383503
7983,2535,Unincorporate,105.0,0.26878386514148106
7984,2535,Unincorporate,0.0,0.0
7985,2535,Unincorporate,16.0,0.10885009030704396
7986,2535,Unincorporate,9.0,0.07393136664659844
7987,2535,Unincorporate,5.0,0.050752558699578565
7988,2535,Unincorporate,2.0,0.021763997591812162
7989,2535,Unincorporate,0.0,0.0
7990,2535,Unincorporate,2.0,0.021763997591812162
7991,2535,Unincorporate,0.0,0.0
7992,2535,Unincorporate,0.0,0.0
7993,2535,Unincorporate,0.0,0.0
7994,2536,Unincorporate,0.0,0.0
7995,2536,Unincorporate,0.0,0.0
7996,2536,Unincorporate,16.0,0.10885009030704396
7997,2536,Unincorporate,0.0,0.0
7998,2536,Unincorporate,8.0,0.06815171583383504
7999,2536,Unincorporate,0.0,0.0
8000,2536,Unincorporate,0.0,0.0
8001,2536,Unincorporate,42.0,0.18895243829018663
8002,2536,Unincorporate,0.0,0.0
8003,2536,Unincorporate,5.0,0.050752558699578565
8004,2536,Unincorporate,24.0,0.1451234196267309
8005,2536,Unincorporate,32.0,0.1669175195665262
8006,2536,Unincorporate,0.0,0.0
8007,2536,Unincorporate,46.0,0.19686935580975315
8008,2536,Unincorporate,0.0,0.0
8009,2536,Unincorporate,13.0,0.09331727874774233
8010,2536,Unincorporate,0.0,0.0
8011,2536,Unincorporate,0.0,0.0
8012,2536,Unincorporate,29.0,0.16047561709813365
8013,2536,Unincorporate,0.0,0.0
8014,2536,Unincorporate,0.0,0.0
8015,2536,Unincorporate,12.0,0.08880192655027092
8016,2537,Unincorporate,0.0,0.0
8017,2537,Unincorporate,12.0,0.08880192655027092
8018,2537,Unincorporate,994.0,0.5321493076459964
8019,2537,Unincorporate,3.0,0.033564118001204096
8020,2537,Unincorporate,0.0,0.0
8021,2537,Unincorporate,0.0,0.0
8022,2537,Unincorporate,21.0,0.1343467790487658
8023,2537,Unincorporate,0.0,0.0
8024,2537,Unincorporate,0.0,0.0
8025,2537,Unincorporate,15.0,0.10361228175797713
8026,2542,Unincorporate,125.0,0.28365442504515354
8027,2542,Unincorporate,1.0,0.007465382299819386
8028,2542,Unincorporate,248.0,0.3469596628537026
8029,1662,Kingsburg,763.0,0.48904274533413605
8030,1662,Kingsburg,287.0,0.35878988561107766
8031,1662,Kingsburg,283.0,0.3571342564720048
8032,1662,Kingsburg,538.0,0.43482841661649607
8033,1662,Kingsburg,287.0,0.35878988561107766
8034,1662,Kingsburg,769.0,0.4906381697772426
8035,1662,Kingsburg,15.0,0.10361228175797713
8036,1662,Kingsburg,1.0,0.007465382299819386
8037,1662,Kingsburg,764.0,0.48931366646598434
8038,1663,Kingsburg,565.0,0.4409692956050572
8039,1663,Kingsburg,1215.0,0.5737206502107164
8040,1663,Kingsburg,775.0,0.49214328717639977
8041,1663,Kingsburg,755.0,0.4876580373269115
8042,1664,Kingsburg,699.0,0.4746237206502107
8043,1967,Selma,2774.0,0.7726068633353401
8044,1967,Selma,3041.0,0.793889223359422
8045,1967,Selma,3237.0,0.8080373269114991
8046,1967,Selma,4340.0,0.8608669476219145
8047,1967,Selma,3166.0,0.8029801324503312
8048,1967,Selma,3383.0,0.8177302829620711
8049,1967,Selma,3077.0,0.7966586393738712
8050,1632,Kingsburg,236.0,0.34151113786875376
8051,1632,Kingsburg,1026.0,0.5372366044551475
8052,2548,Unincorporate,16.0,0.10885009030704396
8053,2544,Unincorporate,308.0,0.36499096929560504
8054,2544,Unincorporate,140.0,0.29193257074051776
8055,2544,Unincorporate,0.0,0.0
8056,2544,Unincorporate,336.0,0.37372065021071643
8057,2711,Unincorporate,4.0,0.04298615291992775
8058,2711,Unincorporate,0.0,0.0
8059,2711,Unincorporate,2.0,0.021763997591812162
8060,2711,Unincorporate,3.0,0.033564118001204096
8061,2711,Unincorporate,7.0,0.06303431667670079
8062,2711,Unincorporate,2.0,0.021763997591812162
8063,2711,Unincorporate,5.0,0.050752558699578565
8064,1877,Sanger,2247.0,0.7243829018663456
8065,1877,Sanger,2120.0,0.7083082480433474
8066,1879,Sanger,4228.0,0.856532209512342
8067,1879,Sanger,431.0,0.40385310054184226
8068,1879,Sanger,431.0,0.40385310054184226
8069,1879,Sanger,757.0,0.4881396748946418
8070,1874,Sanger,5108.0,0.8881998795906081
8071,1874,Sanger,4796.0,0.877844671884407
8072,1874,Sanger,4949.0,0.882901866345575
8073,1874,Sanger,4441.0,0.8649608669476219
8074,1875,Sanger,5269.0,0.893437688139675
8075,1875,Sanger,2326.0,0.7319084888621312
8076,1875,Sanger,5410.0,0.8977724262492475
8077,2081,Unincorporate,411.0,0.3969897652016857
8078,2081,Unincorporate,410.0,0.39596628537025885
8079,2081,Unincorporate,410.0,0.39596628537025885
8080,2081,Unincorporate,424.0,0.4015051173991571
8081,2081,Unincorporate,413.0,0.39789283564118
8082,1664,Kingsburg,138.0,0.2904274533413606
8083,1664,Kingsburg,0.0,0.0
8084,1664,Kingsburg,930.0,0.5195966285370259
8085,2550,Unincorporate,123.0,0.2817278747742324
8086,2488,Unincorporate,63.0,0.22600842865743528
8087,2488,Unincorporate,0.0,0.0
8088,1956,Selma,572.0,0.44397953040337146
8089,1956,Selma,679.0,0.47089102950030104
8090,1956,Selma,674.0,0.47004816375677305
8091,1956,Selma,668.0,0.4687537627934979
8092,1956,Selma,570.0,0.44310656231186035
8093,1956,Selma,564.0,0.4406080674292595
8094,1956,Selma,689.0,0.4728476821192053
8095,1956,Selma,298.0,0.3621312462372065
8096,1956,Selma,592.0,0.44879590608067427
8097,1956,Selma,662.0,0.4673389524382902
8098,1956,Selma,656.0,0.46589403973509935
8099,1958,Selma,257.0,0.34954846478025287
8100,1958,Selma,211.0,0.3295003010234798
8101,1958,Selma,654.0,0.4653822998193859
8102,1958,Selma,612.0,0.4547862733293197
8103,1958,Selma,748.0,0.4867248645394341
8104,1958,Selma,245.0,0.34551475015051175
8105,1958,Selma,189.0,0.320680313064419
8106,1958,Selma,628.0,0.4590909090909091
8107,1958,Selma,621.0,0.45728476821192054
8108,1958,Selma,658.0,0.46625526791089705
8109,1958,Selma,644.0,0.4638470800722456
8110,1958,Selma,231.0,0.3383503913305238
8111,1958,Selma,191.0,0.3218844069837447
8112,1958,Selma,756.0,0.48798916315472607
8113,1958,Selma,232.0,0.3388621312462372
8114,1958,Selma,372.0,0.3837447320891029
8115,1958,Selma,214.0,0.33175797712221555
8116,1958,Selma,211.0,0.3295003010234798
8117,1958,Selma,753.0,0.4871763997591812
8118,1958,Selma,356.0,0.378898254063817
8119,1958,Selma,251.0,0.3480433473810957
8120,1958,Selma,641.0,0.46300421432871763
8121,1958,Selma,611.0,0.4545153521974714
8122,1958,Selma,224.0,0.3349187236604455
8123,1958,Selma,235.0,0.34108970499698976
8124,1958,Selma,629.0,0.4594521372667068
8125,1958,Selma,794.0,0.4961167971101746
8126,1962,Selma,863.0,0.5099337748344371
8127,1962,Selma,870.0,0.5107766405779651
8128,1962,Selma,947.0,0.523841059602649
8129,1962,Selma,2680.0,0.7648404575556893
8130,1962,Selma,2957.0,0.786694762191451
8131,1962,Selma,2888.0,0.7816074653822999
8132,1962,Selma,2621.0,0.758850090307044
8133,1962,Selma,2760.0,0.7709211318482841
8134,1962,Selma,993.0,0.5319987959060807
8135,1962,Selma,2444.0,0.7434376881396749
8136,1962,Selma,1092.0,0.5500602046959663
8137,1962,Selma,769.0,0.4906381697772426
8138,1962,Selma,1410.0,0.60842865743528
8139,1962,Selma,898.0,0.5149608669476219
8140,1962,Selma,2711.0,0.7669476219145094
8141,1962,Selma,811.0,0.49870559903672484
8142,1959,Selma,177.0,0.31393738711619507
8143,1959,Selma,194.0,0.324051776038531
8144,1959,Selma,58.0,0.2197471402769416
8145,1959,Selma,180.0,0.3159542444310656
8146,1959,Selma,64.0,0.227423239012643
8147,1959,Selma,362.0,0.3807344972907887
8148,1959,Selma,173.0,0.3106562311860325
8149,1959,Selma,192.0,0.322576760987357
8150,1959,Selma,362.0,0.3807344972907887
8151,1959,Selma,177.0,0.31393738711619507
8152,1959,Selma,92.0,0.25716435881998795
8153,1959,Selma,0.0,0.0
8154,1959,Selma,176.0,0.31315472606863337
8155,1959,Selma,92.0,0.25716435881998795
8156,1959,Selma,281.0,0.3564118001204094
8157,1959,Selma,92.0,0.25716435881998795
8158,1959,Selma,370.0,0.38311258278145693
8159,1959,Selma,177.0,0.31393738711619507
8160,1959,Selma,178.0,0.31478025285972305
8161,1959,Selma,178.0,0.31478025285972305
8162,1959,Selma,368.0,0.38260084286574353
8163,1961,Selma,841.0,0.5053281155930163
8164,1961,Selma,495.0,0.42203491872366045
8165,1961,Selma,576.0,0.4457555689343769
8166,1961,Selma,600.0,0.451475015051174
8167,1961,Selma,454.0,0.4107465382299819
8168,1961,Selma,451.0,0.40984346779048764
8169,1961,Selma,397.0,0.39151113786875374
8170,1961,Selma,526.0,0.43115593016255266
8171,1961,Selma,942.0,0.5226068633353401
8172,1961,Selma,463.0,0.4123419626730885
8173,1961,Selma,521.0,0.429319686935581
8174,1961,Selma,784.0,0.49425045153521974
8175,1961,Selma,797.0,0.4965382299819386
8176,1961,Selma,932.0,0.5202287778446719
8177,1961,Selma,488.0,0.4199277543648405
8178,1961,Selma,527.0,0.4318181818181818
8179,1961,Selma,426.0,0.40249849488260087
8180,1961,Selma,396.0,0.3911198073449729
8181,1961,Selma,463.0,0.4123419626730885
8182,1961,Selma,517.0,0.4282962071041541
8183,1961,Selma,1759.0,0.6585791691751957
8184,1961,Selma,523.0,0.43001204093919326
8185,1961,Selma,632.0,0.46047561709813367
8186,1961,Selma,447.0,0.40872968091511136
8187,1965,Selma,2518.0,0.7512040939193257
8188,1965,Selma,2440.0,0.7431667670078266
8189,1965,Selma,2304.0,0.7297110174593618
8190,1965,Selma,2297.0,0.7291390728476821
8191,1967,Selma,3156.0,0.80210716435882
8192,1967,Selma,3151.0,0.8018663455749548
8193,1967,Selma,2809.0,0.7760686333534016
8194,1967,Selma,3149.0,0.8016556291390728
8195,1967,Selma,3424.0,0.820048163756773
8196,1967,Selma,3150.0,0.8017760385310054
8197,1967,Selma,3100.0,0.7986754966887417
8198,1967,Selma,3094.0,0.7980132450331126
8199,1967,Selma,3112.0,0.799367850692354
8200,1967,Selma,2912.0,0.7838350391330524
8201,1967,Selma,3096.0,0.7982540638169777
8202,1967,Selma,3172.0,0.8034918723660446
8203,1967,Selma,3069.0,0.7961167971101746
8204,1967,Selma,3056.0,0.7952438290186634
8205,1967,Selma,3076.0,0.7965382299819386
8206,1967,Selma,3103.0,0.7988561107766405
8207,1967,Selma,3178.0,0.8040337146297412
8208,1967,Selma,3275.0,0.8105960264900662
8209,1967,Selma,3042.0,0.794099939795304
8210,1967,Selma,3192.0,0.8051173991571342
8211,1967,Selma,2889.0,0.7818181818181819
8212,1967,Selma,2771.0,0.7723359422034919
8213,1967,Selma,3015.0,0.7916616496086695
8214,1967,Selma,3096.0,0.7982540638169777
8215,1967,Selma,3150.0,0.8017760385310054
8216,1967,Selma,3167.0,0.8030704394942806
8217,1967,Selma,3155.0,0.8020469596628537
8218,1967,Selma,3186.0,0.804635761589404
8219,1967,Selma,3180.0,0.8041240216736906
8220,1967,Selma,2951.0,0.7862131246237206
8221,1968,Selma,3010.0,0.7913305237808549
8222,1968,Selma,1020.0,0.5363937387116195
8223,1968,Selma,872.0,0.5111378687537628
8224,1968,Selma,2711.0,0.7669476219145094
8225,1968,Selma,1018.0,0.536062612883805
8226,1968,Selma,2921.0,0.7843467790487658
8227,1968,Selma,2700.0,0.7662853702588802
8228,1968,Selma,2969.0,0.7877182420228778
8229,1968,Selma,2777.0,0.7731186032510536
8230,1968,Selma,875.0,0.5117399157134257
8231,1968,Selma,2918.0,0.7841360626128838
8232,1968,Selma,2689.0,0.7655629139072848
8233,1968,Selma,958.0,0.5262191450933172
8234,1968,Selma,2802.0,0.7753461770018062
8235,1968,Selma,2678.0,0.7645695364238411
8236,1968,Selma,2998.0,0.7902167369054787
8237,1968,Selma,2679.0,0.7646899458157737
8238,1968,Selma,2743.0,0.7695364238410596
8239,1968,Selma,2807.0,0.7759783263094522
8240,1968,Selma,2801.0,0.7751956652618904
8241,1968,Selma,2605.0,0.7578266104756171
8242,1968,Selma,1195.0,0.5695364238410596
8243,1968,Selma,2727.0,0.7679711017459362
8244,1968,Selma,2663.0,0.7633052378085491
8245,1968,Selma,2959.0,0.7867850692354004
8246,1968,Selma,2721.0,0.7676098735701384
8247,1968,Selma,1024.0,0.5369656833232992
8248,1968,Selma,2918.0,0.7841360626128838
8249,1968,Selma,2956.0,0.7865743527995184
8250,1968,Selma,3109.0,0.7992173389524383
8251,1968,Selma,2977.0,0.7884406983744732
8252,1976,Selma,620.0,0.45701384708007226
8253,1976,Selma,387.0,0.3885310054184226
8254,1976,Selma,2288.0,0.7284768211920529
8255,1976,Selma,2123.0,0.7087296809151113
8256,1976,Selma,689.0,0.4728476821192053
8257,1976,Selma,444.0,0.40794701986754967
8258,1976,Selma,774.0,0.4919024683925346
8259,1976,Selma,2241.0,0.7239614689945816
8260,1976,Selma,2429.0,0.7420529801324504
8261,1976,Selma,239.0,0.34229379891631545
8262,1976,Selma,368.0,0.38260084286574353
8263,1976,Selma,398.0,0.3918723660445515
8264,1976,Selma,909.0,0.5170680313064419
8265,1976,Selma,773.0,0.4917519566526189
8266,1976,Selma,707.0,0.47627934978928355
8267,1976,Selma,383.0,0.3874473208910295
8268,1976,Selma,2271.0,0.7266706803130644
8269,1976,Selma,364.0,0.38142685129440096
8270,1976,Selma,385.0,0.3879590608067429
8271,1976,Selma,471.0,0.4149909692956051
8272,1976,Selma,276.0,0.35496688741721855
8273,1973,Selma,2914.0,0.7839855508729681
8274,1973,Selma,3184.0,0.804425045153522
8275,1973,Selma,2649.0,0.7618603251053582
8276,1973,Selma,2643.0,0.7609271523178808
8277,1973,Selma,2928.0,0.785009030704395
8278,1973,Selma,2980.0,0.7885611077664058
8279,1973,Selma,2782.0,0.7736604455147501
8280,1973,Selma,2732.0,0.768362432269717
8281,1973,Selma,2732.0,0.768362432269717
8282,1973,Selma,2678.0,0.7645695364238411
8283,1973,Selma,2662.0,0.7631547260686333
8284,1973,Selma,2737.0,0.7690848886213124
8285,1973,Selma,2639.0,0.7606562311860325
8286,1973,Selma,997.0,0.5327513546056593
8287,1973,Selma,2874.0,0.7809151113786875
8288,1973,Selma,2888.0,0.7816074653822999
8289,1973,Selma,2775.0,0.7728476821192053
8290,1973,Selma,2667.0,0.7635761589403973
8291,1973,Selma,2844.0,0.7785069235400361
8292,1973,Selma,2960.0,0.7868753762793498
8293,1973,Selma,2891.0,0.7820891029500301
8294,1973,Selma,2787.0,0.774051776038531
8295,1973,Selma,2525.0,0.7516556291390728
8296,1973,Selma,2708.0,0.7667369054786274
8297,1973,Selma,2721.0,0.7676098735701384
8298,1973,Selma,3026.0,0.7923239012642986
8299,1973,Selma,809.0,0.49825406381697773
8300,1973,Selma,2574.0,0.7558398555087297
8301,1973,Selma,3031.0,0.7927453341360626
8302,1973,Selma,2845.0,0.7787176399759181
8303,1973,Selma,2373.0,0.7364238410596027
8304,1973,Selma,2588.0,0.7567730282962071
8305,1973,Selma,2474.0,0.7460866947621915
8306,1973,Selma,789.0,0.4953040337146297
8307,1973,Selma,937.0,0.5214027694160145
8308,1632,Kingsburg,673.0,0.46983744732089106
8309,1632,Kingsburg,28.0,0.15755568934376882
8310,1632,Kingsburg,480.0,0.41760987357013846
8311,1632,Kingsburg,1268.0,0.5818181818181818
8312,1632,Kingsburg,775.0,0.49214328717639977
8313,1632,Kingsburg,899.0,0.5152618904274533
8314,1631,Kingsburg,452.0,0.4102347983142685
8315,1631,Kingsburg,991.0,0.5319084888621313
8316,1631,Kingsburg,765.0,0.4895544852498495
8317,1631,Kingsburg,775.0,0.49214328717639977
8318,1635,Kingsburg,1013.0,0.53524984948826
8319,1635,Kingsburg,1027.0,0.5375677302829621
8320,1635,Kingsburg,1065.0,0.545153521974714
8321,1635,Kingsburg,25.0,0.14864539434075857
8322,1635,Kingsburg,836.0,0.5034918723660445
8323,1633,Kingsburg,330.0,0.3720048163756773
8324,1633,Kingsburg,1115.0,0.5537326911499096
8325,1633,Kingsburg,833.0,0.5026490066225165
8326,1633,Kingsburg,706.0,0.475948223961469
8327,1633,Kingsburg,330.0,0.3720048163756773
8328,1633,Kingsburg,403.0,0.3933172787477423
8329,1633,Kingsburg,317.0,0.3681216134858519
8330,1633,Kingsburg,561.0,0.43982540638169776
8331,1633,Kingsburg,973.0,0.5288380493678507
8332,1633,Kingsburg,272.0,0.3539434075857917
8333,1633,Kingsburg,270.0,0.35316074653823
8334,1633,Kingsburg,339.0,0.3743829018663456
8335,1633,Kingsburg,302.0,0.36351595424443106
8336,1633,Kingsburg,47.0,0.19861529199277544
8337,1633,Kingsburg,308.0,0.36499096929560504
8338,1633,Kingsburg,467.0,0.4140878988561108
8339,1633,Kingsburg,667.0,0.4684226369656833
8340,1638,Kingsburg,2868.0,0.7804936785069235
8341,1638,Kingsburg,1795.0,0.6645695364238411
8342,1638,Kingsburg,2685.0,0.7652016857314871
8343,1638,Kingsburg,2557.0,0.7541541240216737
8344,1638,Kingsburg,2654.0,0.7622516556291391
8345,1638,Kingsburg,2021.0,0.6944310656231186
8346,1638,Kingsburg,2873.0,0.7807947019867549
8347,1638,Kingsburg,3182.0,0.8043046357615894
8348,1638,Kingsburg,2830.0,0.7773630343166767
8349,1638,Kingsburg,2863.0,0.7803431667670079
8350,1638,Kingsburg,2567.0,0.7548765803732691
8351,1638,Kingsburg,2609.0,0.7582781456953642
8352,1638,Kingsburg,2782.0,0.7736604455147501
8353,1638,Kingsburg,2729.0,0.7680915111378688
8354,1638,Kingsburg,2818.0,0.7766405779650812
8355,1638,Kingsburg,2030.0,0.6956050571944612
8356,1639,Kingsburg,1868.0,0.6748344370860927
8357,1639,Kingsburg,2134.0,0.7103251053582179
8358,1639,Kingsburg,2092.0,0.7046658639373872
8359,1639,Kingsburg,2255.0,0.7253461770018061
8360,1639,Kingsburg,1314.0,0.590487658037327
8361,1639,Kingsburg,2828.0,0.7772426249247442
8362,1634,Kingsburg,231.0,0.3383503913305238
8363,1634,Kingsburg,236.0,0.34151113786875376
8364,1634,Kingsburg,55.0,0.21559301625526792
8365,1634,Kingsburg,78.0,0.24370860927152319
8366,1634,Kingsburg,530.0,0.4327814569536424
8367,1634,Kingsburg,551.0,0.4373269114990969
8368,1634,Kingsburg,217.0,0.3329319686935581
8369,1634,Kingsburg,334.0,0.37338952438290185
8370,1634,Kingsburg,90.0,0.2554184226369657
8371,1634,Kingsburg,247.0,0.34629741119807345
8372,1634,Kingsburg,232.0,0.3388621312462372
8373,1634,Kingsburg,235.0,0.34108970499698976
8374,1634,Kingsburg,364.0,0.38142685129440096
8375,1634,Kingsburg,264.0,0.3513546056592414
8376,1634,Kingsburg,207.0,0.32832630945213725
8377,1634,Kingsburg,275.0,0.35463576158940396
8378,1634,Kingsburg,254.0,0.3488260084286574
8379,1634,Kingsburg,107.0,0.27092113184828415
8380,1634,Kingsburg,501.0,0.423841059602649
8381,1634,Kingsburg,80.0,0.24530403371462975
8382,1634,Kingsburg,237.0,0.34166164960866946
8383,1640,Kingsburg,1324.0,0.5929861529199277
8384,1640,Kingsburg,182.0,0.3169175195665262
8385,1640,Kingsburg,370.0,0.38311258278145693
8386,1640,Kingsburg,227.0,0.33558097531607467
8387,1640,Kingsburg,1221.0,0.5744130042143287
8388,1640,Kingsburg,320.0,0.36902468392534615
8389,1640,Kingsburg,263.0,0.35102347983142684
8390,1640,Kingsburg,216.0,0.33245033112582784
8391,1640,Kingsburg,203.0,0.3267308850090307
8392,1640,Kingsburg,1362.0,0.6003010234798314
8393,2548,Unincorporate,173.0,0.3106562311860325
8394,2548,Unincorporate,2.0,0.021763997591812162
8395,1648,Kingsburg,2657.0,0.7624021673690548
8396,1648,Kingsburg,632.0,0.46047561709813367
8397,1648,Kingsburg,631.0,0.4600842865743528
8398,1648,Kingsburg,547.0,0.4365442504515352
8399,1648,Kingsburg,555.0,0.4382299819385912
8400,1648,Kingsburg,861.0,0.50948223961469
8401,1643,Kingsburg,2977.0,0.7884406983744732
8402,1643,Kingsburg,2943.0,0.7856110776640578
8403,1643,Kingsburg,3355.0,0.8165562913907285
8404,1643,Kingsburg,2953.0,0.7863636363636364
8405,1643,Kingsburg,1359.0,0.5993979530403372
8406,1643,Kingsburg,2546.0,0.7530704394942805
8407,1643,Kingsburg,3105.0,0.7990066225165563
8408,1643,Kingsburg,2379.0,0.7370258880192655
8409,1643,Kingsburg,1655.0,0.6455147501505117
8410,1643,Kingsburg,2943.0,0.7856110776640578
8411,1643,Kingsburg,2448.0,0.7437086092715232
8412,1643,Kingsburg,2903.0,0.7832329921733895
8413,1643,Kingsburg,2888.0,0.7816074653822999
8414,1643,Kingsburg,2888.0,0.7816074653822999
8415,1649,Kingsburg,2630.0,0.7598735701384708
8416,1649,Kingsburg,846.0,0.5065021071643588
8417,1649,Kingsburg,773.0,0.4917519566526189
8418,1649,Kingsburg,499.0,0.4233895243829019
8419,1649,Kingsburg,503.0,0.4243829018663456
8420,1649,Kingsburg,2080.0,0.7031005418422637
8421,1649,Kingsburg,895.0,0.5144190246839253
8422,1649,Kingsburg,1181.0,0.5673991571342565
8423,1649,Kingsburg,508.0,0.42576760987357015
8424,1649,Kingsburg,776.0,0.49250451535219747
8425,1647,Kingsburg,2148.0,0.7124021673690548
8426,1647,Kingsburg,2137.0,0.7108368452739313
8427,1647,Kingsburg,779.0,0.49316676700782663
8428,1647,Kingsburg,23.0,0.14145093317278748
8429,2111,Unincorporate,48.0,0.200632149307646
8430,2111,Unincorporate,11.0,0.08383503913305237
8431,2111,Unincorporate,34.0,0.17146297411198075
8432,2111,Unincorporate,48.0,0.200632149307646
8433,2111,Unincorporate,34.0,0.17146297411198075
8434,2111,Unincorporate,48.0,0.200632149307646
8435,2112,Unincorporate,53.0,0.21080674292594823
8436,2112,Unincorporate,48.0,0.200632149307646
8437,2112,Unincorporate,31.0,0.1650812763395545
8438,2112,Unincorporate,45.0,0.1942203491872366
8439,2112,Unincorporate,33.0,0.16887417218543047
8440,2807,Unincorporate,0.0,0.0
8441,2807,Unincorporate,40.0,0.18552077062010836
8442,2807,Unincorporate,2.0,0.021763997591812162
8443,2807,Unincorporate,0.0,0.0
8444,2807,Unincorporate,0.0,0.0
8445,2807,Unincorporate,0.0,0.0
8446,2807,Unincorporate,0.0,0.0
8447,2802,Unincorporate,78.0,0.24370860927152319
8448,2802,Unincorporate,0.0,0.0
8449,2802,Unincorporate,3.0,0.033564118001204096
8450,2802,Unincorporate,318.0,0.36842263696568334
8451,2802,Unincorporate,0.0,0.0
8452,2802,Fresno,94.0,0.2590307043949428
8453,2802,Unincorporate,54.0,0.21351595424443107
8454,2802,Fresno,7.0,0.06303431667670079
8455,1524,Fresno,568.0,0.441782059000602
8456,2806,Unincorporate,0.0,0.0
8457,2806,Unincorporate,0.0,0.0
8458,2806,Unincorporate,20.0,0.1290487658037327
8459,2806,Unincorporate,6.0,0.05770620108368453
8460,2806,Unincorporate,84.0,0.24909692956050572
8461,2806,Unincorporate,66.0,0.2300421432871764
8462,2806,Unincorporate,43.0,0.19039735099337748
8463,2806,Unincorporate,0.0,0.0
8464,2806,Unincorporate,0.0,0.0
8465,1448,Fresno,1629.0,0.6425647200481638
8466,1448,Fresno,1611.0,0.6403070439494281
8467,1448,Fresno,881.0,0.5126128838049367
8468,1448,Fresno,1145.0,0.5589704996989765
8469,1448,Fresno,1136.0,0.5572847682119205
8470,241,Clovis,1179.0,0.5668272125225767
8471,2771,Clovis,11.0,0.08383503913305237
8472,2771,Unincorporate,123.0,0.2817278747742324
8473,2771,Clovis,105.0,0.26878386514148106
8474,2771,Unincorporate,38.0,0.18133654425045154
8475,2771,Unincorporate,59.0,0.2213726670680313
8476,2771,Unincorporate,16.0,0.10885009030704396
8477,2771,Unincorporate,110.0,0.2722757375075256
8478,2771,Unincorporate,216.0,0.33245033112582784
8479,2784,Unincorporate,4.0,0.04298615291992775
8480,2784,Clovis,0.0,0.0
8481,2711,Unincorporate,76.0,0.24211318482841662
8482,2711,Unincorporate,5.0,0.050752558699578565
8483,2711,Unincorporate,7.0,0.06303431667670079
8484,2711,Unincorporate,8.0,0.06815171583383504
8485,2711,Unincorporate,0.0,0.0
8486,2711,Unincorporate,12.0,0.08880192655027092
8487,2711,Unincorporate,0.0,0.0
8488,2711,Unincorporate,47.0,0.19861529199277544
8489,2711,Unincorporate,107.0,0.27092113184828415
8490,2711,Unincorporate,83.0,0.248103552077062
8491,2711,Unincorporate,2.0,0.021763997591812162
8492,2711,Unincorporate,47.0,0.19861529199277544
8493,2711,Unincorporate,4.0,0.04298615291992775
8494,2711,Unincorporate,153.0,0.30090307043949427
8495,2711,Unincorporate,2.0,0.021763997591812162
8496,2711,Unincorporate,6.0,0.05770620108368453
8497,2711,Unincorporate,53.0,0.21080674292594823
8498,2711,Unincorporate,6.0,0.05770620108368453
8499,2711,Unincorporate,125.0,0.28365442504515354
8500,2711,Unincorporate,6.0,0.05770620108368453
8501,2711,Unincorporate,81.0,0.24641782059000603
8502,2711,Unincorporate,5.0,0.050752558699578565
8503,2711,Unincorporate,48.0,0.200632149307646
8504,2711,Unincorporate,35.0,0.17357013847080072
8505,2711,Unincorporate,0.0,0.0
8506,2711,Unincorporate,0.0,0.0
8507,2711,Unincorporate,78.0,0.24370860927152319
8508,2711,Unincorporate,47.0,0.19861529199277544
8509,2709,Unincorporate,152.0,0.30033112582781457
8510,2709,Unincorporate,110.0,0.2722757375075256
8511,2709,Unincorporate,91.0,0.25626128838049367
8512,2709,Unincorporate,96.0,0.26056592414208307
8513,2709,Unincorporate,42.0,0.18895243829018663
8514,2709,Unincorporate,38.0,0.18133654425045154
8515,2709,Unincorporate,104.0,0.267940999397953
8516,2709,Unincorporate,104.0,0.267940999397953
8517,2709,Unincorporate,42.0,0.18895243829018663
8518,2709,Unincorporate,0.0,0.0
8519,2709,Unincorporate,58.0,0.2197471402769416
8520,2709,Unincorporate,0.0,0.0
8521,2709,Unincorporate,96.0,0.26056592414208307
8522,2709,Unincorporate,91.0,0.25626128838049367
8523,2709,Unincorporate,96.0,0.26056592414208307
8524,2709,Unincorporate,124.0,0.28269114990969296
8525,2709,Unincorporate,48.0,0.200632149307646
8526,2709,Unincorporate,124.0,0.28269114990969296
8527,2709,Unincorporate,92.0,0.25716435881998795
8528,2709,Unincorporate,133.0,0.28801926550270923
8529,2709,Unincorporate,94.0,0.2590307043949428
8530,2709,Unincorporate,18.0,0.11815171583383503
8531,2709,Unincorporate,96.0,0.26056592414208307
8532,2709,Unincorporate,91.0,0.25626128838049367
8533,2709,Unincorporate,48.0,0.200632149307646
8534,2709,Unincorporate,143.0,0.2937387116195063
8535,2709,Unincorporate,96.0,0.26056592414208307
8536,2710,Unincorporate,0.0,0.0
8537,2710,Unincorporate,23.0,0.14145093317278748
8538,2710,Unincorporate,8.0,0.06815171583383504
8539,2710,Unincorporate,36.0,0.17606863335340156
8540,2710,Unincorporate,37.0,0.1790487658037327
8541,2710,Unincorporate,14.0,0.098314268512944
8542,2710,Unincorporate,23.0,0.14145093317278748
8543,2710,Unincorporate,13.0,0.09331727874774233
8544,2710,Unincorporate,0.0,0.0
8545,2710,Unincorporate,7.0,0.06303431667670079
8546,2710,Unincorporate,6.0,0.05770620108368453
8547,2700,Unincorporate,4.0,0.04298615291992775
8548,2700,Unincorporate,54.0,0.21351595424443107
8549,2700,Unincorporate,21.0,0.1343467790487658
8550,2700,Unincorporate,0.0,0.0
8551,2700,Unincorporate,125.0,0.28365442504515354
8552,2700,Unincorporate,4.0,0.04298615291992775
8553,2700,Unincorporate,38.0,0.18133654425045154
8554,2700,Unincorporate,125.0,0.28365442504515354
8555,2700,Unincorporate,79.0,0.24434075857916918
8556,2700,Unincorporate,3.0,0.033564118001204096
8557,2700,Unincorporate,4.0,0.04298615291992775
8558,2700,Unincorporate,1.0,0.007465382299819386
8559,2700,Unincorporate,0.0,0.0
8560,2700,Unincorporate,22.0,0.1382299819385912
8561,2700,Unincorporate,35.0,0.17357013847080072
8562,2700,Unincorporate,0.0,0.0
8563,2700,Unincorporate,0.0,0.0
8564,2700,Unincorporate,0.0,0.0
8565,2700,Unincorporate,6.0,0.05770620108368453
8566,2700,Unincorporate,2.0,0.021763997591812162
8567,2700,Unincorporate,0.0,0.0
8568,2700,Unincorporate,52.0,0.20875978326309452
8569,2700,Unincorporate,0.0,0.0
8570,2700,Unincorporate,0.0,0.0
8571,2700,Unincorporate,177.0,0.31393738711619507
8572,2700,Unincorporate,0.0,0.0
8573,2700,Unincorporate,0.0,0.0
8574,2700,Unincorporate,8.0,0.06815171583383504
8575,2700,Unincorporate,0.0,0.0
8576,2700,Unincorporate,0.0,0.0
8577,2700,Unincorporate,45.0,0.1942203491872366
8578,2700,Unincorporate,0.0,0.0
8579,2700,Unincorporate,200.0,0.3253461770018061
8580,2700,Unincorporate,0.0,0.0
8581,2700,Unincorporate,1.0,0.007465382299819386
8582,2690,Unincorporate,5.0,0.050752558699578565
8583,2690,Unincorporate,3.0,0.033564118001204096
8584,2688,Unincorporate,14.0,0.098314268512944
8585,2688,Unincorporate,40.0,0.18552077062010836
8586,2688,Unincorporate,0.0,0.0
8587,2688,Unincorporate,2502.0,0.7500602046959662
8588,2688,Unincorporate,7.0,0.06303431667670079
8589,2688,Unincorporate,2502.0,0.7500602046959662
8590,2688,Unincorporate,40.0,0.18552077062010836
8591,2688,Unincorporate,16.0,0.10885009030704396
8592,2688,Unincorporate,4924.0,0.8816676700782661
8593,2688,Unincorporate,2.0,0.021763997591812162
8594,2687,Unincorporate,0.0,0.0
8595,2687,Unincorporate,25.0,0.14864539434075857
8596,2673,Unincorporate,69.0,0.2342865743527995
8597,2663,Unincorporate,2.0,0.021763997591812162
8598,1895,Sanger,137.0,0.28967489464178203
8599,1895,Sanger,58.0,0.2197471402769416
8600,1895,Sanger,0.0,0.0
8601,2675,Unincorporate,4.0,0.04298615291992775
8602,2675,Unincorporate,0.0,0.0
8603,2675,Unincorporate,1.0,0.007465382299819386
8604,2675,Unincorporate,2502.0,0.7500602046959662
8605,2675,Unincorporate,8.0,0.06815171583383504
8606,2675,Unincorporate,0.0,0.0
8607,2675,Unincorporate,4.0,0.04298615291992775
8608,2675,Unincorporate,4.0,0.04298615291992775
8609,2675,Unincorporate,24.0,0.1451234196267309
8610,2675,Unincorporate,4.0,0.04298615291992775
8611,2675,Unincorporate,2.0,0.021763997591812162
8612,2675,Unincorporate,2.0,0.021763997591812162
8613,2676,Unincorporate,13.0,0.09331727874774233
8614,2684,Unincorporate,40.0,0.18552077062010836
8615,2684,Unincorporate,29.0,0.16047561709813365
8616,2684,Unincorporate,80.0,0.24530403371462975
8617,2683,Unincorporate,0.0,0.0
8618,2683,Unincorporate,6.0,0.05770620108368453
8619,2683,Unincorporate,0.0,0.0
8620,2683,Unincorporate,0.0,0.0
8621,2683,Unincorporate,0.0,0.0
8622,2683,Unincorporate,0.0,0.0
8623,2686,Unincorporate,0.0,0.0
8624,2686,Unincorporate,36.0,0.17606863335340156
8625,2686,Unincorporate,6.0,0.05770620108368453
8626,2686,Unincorporate,0.0,0.0
8627,2686,Unincorporate,0.0,0.0
8628,2686,Unincorporate,23.0,0.14145093317278748
8629,2686,Unincorporate,10.0,0.07874774232390126
8630,2686,Unincorporate,0.0,0.0
8631,2686,Unincorporate,0.0,0.0
8632,2686,Unincorporate,36.0,0.17606863335340156
8633,2686,Unincorporate,29.0,0.16047561709813365
8634,2686,Unincorporate,2.0,0.021763997591812162
8635,2686,Unincorporate,17.0,0.11363636363636363
8636,2686,Unincorporate,17.0,0.11363636363636363
8637,2654,Unincorporate,24.0,0.1451234196267309
8638,2654,Unincorporate,24.0,0.1451234196267309
8639,2654,Unincorporate,12.0,0.08880192655027092
8640,2654,Unincorporate,1.0,0.007465382299819386
8641,2654,Unincorporate,42.0,0.18895243829018663
8642,2654,Unincorporate,28.0,0.15755568934376882
8643,1906,Sanger,4.0,0.04298615291992775
8644,1906,Sanger,131.0,0.28705599036724866
8645,1877,Sanger,3286.0,0.811198073449729
8646,1877,Sanger,3953.0,0.8442504515352197
8647,1877,Sanger,3622.0,0.8303130644190246
8648,1877,Sanger,2724.0,0.7679108970499698
8649,1877,Sanger,2103.0,0.7064720048163757
8650,1877,Sanger,3826.0,0.8386514148103552
8651,1877,Sanger,2671.0,0.7639072847682119
8652,1877,Sanger,2663.0,0.7633052378085491
8653,1877,Sanger,2046.0,0.6980132450331126
8654,1877,Sanger,2495.0,0.7491872366044552
8655,1877,Sanger,3619.0,0.8300722456351596
8656,1877,Sanger,2495.0,0.7491872366044552
8657,1877,Sanger,2499.0,0.7495183624322698
8658,1877,Sanger,3633.0,0.8309452137266706
8659,1879,Sanger,2562.0,0.7544551475015051
8660,1880,Sanger,28.0,0.15755568934376882
8661,2682,Unincorporate,16.0,0.10885009030704396
8662,2682,Unincorporate,19.0,0.12332931968693558
8663,1818,Unincorporate,36.0,0.17606863335340156
8664,1818,Unincorporate,0.0,0.0
8665,1818,Unincorporate,0.0,0.0
8666,1818,Unincorporate,1.0,0.007465382299819386
8667,1818,Unincorporate,6.0,0.05770620108368453
8668,1818,Unincorporate,0.0,0.0
8669,1818,Unincorporate,1.0,0.007465382299819386
8670,1818,Unincorporate,0.0,0.0
8671,1818,Unincorporate,30.0,0.1627031908488862
8672,1818,Unincorporate,19.0,0.12332931968693558
8673,1818,Unincorporate,14.0,0.098314268512944
8674,1818,Unincorporate,16.0,0.10885009030704396
8675,1818,Unincorporate,71.0,0.23696568332329923
8676,1818,Unincorporate,13.0,0.09331727874774233
8677,1818,Unincorporate,2.0,0.021763997591812162
8678,1818,Unincorporate,0.0,0.0
8679,1818,Unincorporate,118.0,0.27880794701986755
8680,1818,Unincorporate,101.0,0.26619506321493075
8681,1818,Unincorporate,0.0,0.0
8682,1818,Unincorporate,0.0,0.0
8683,1818,Unincorporate,2.0,0.021763997591812162
8684,1818,Unincorporate,0.0,0.0
8685,1818,Unincorporate,3.0,0.033564118001204096
8686,1818,Unincorporate,37.0,0.1790487658037327
8687,1818,Unincorporate,36.0,0.17606863335340156
8688,1818,Unincorporate,47.0,0.19861529199277544
8689,1818,Unincorporate,2.0,0.021763997591812162
8690,1818,Unincorporate,9.0,0.07393136664659844
8691,1818,Unincorporate,0.0,0.0
8692,1818,Unincorporate,0.0,0.0
8693,1818,Unincorporate,0.0,0.0
8694,1818,Unincorporate,0.0,0.0
8695,1818,Unincorporate,3.0,0.033564118001204096
8696,1818,Unincorporate,34.0,0.17146297411198075
8697,1818,Unincorporate,12.0,0.08880192655027092
8698,1818,Unincorporate,6.0,0.05770620108368453
8699,1818,Unincorporate,0.0,0.0
8700,1818,Unincorporate,25.0,0.14864539434075857
8701,1818,Unincorporate,53.0,0.21080674292594823
8702,1818,Unincorporate,13.0,0.09331727874774233
8703,1818,Unincorporate,0.0,0.0
8704,1818,Unincorporate,3.0,0.033564118001204096
8705,1818,Unincorporate,0.0,0.0
8706,1818,Unincorporate,4.0,0.04298615291992775
8707,1818,Unincorporate,21.0,0.1343467790487658
8708,1818,Unincorporate,19.0,0.12332931968693558
8709,1818,Unincorporate,54.0,0.21351595424443107
8710,1818,Unincorporate,0.0,0.0
8711,1818,Unincorporate,0.0,0.0
8712,1818,Unincorporate,0.0,0.0
8713,1818,Unincorporate,33.0,0.16887417218543047
8714,1818,Unincorporate,88.0,0.25343166767007824
8715,1818,Unincorporate,0.0,0.0
8716,1818,Unincorporate,0.0,0.0
8717,1818,Unincorporate,54.0,0.21351595424443107
8718,1818,Reedley,0.0,0.0
8719,2685,Unincorporate,49.0,0.20270921131848285
8720,2685,Unincorporate,28.0,0.15755568934376882
8721,2685,Unincorporate,49.0,0.20270921131848285
8722,2685,Unincorporate,33.0,0.16887417218543047
8723,2685,Unincorporate,33.0,0.16887417218543047
8724,2685,Unincorporate,33.0,0.16887417218543047
8725,2685,Unincorporate,0.0,0.0
8726,2685,Unincorporate,66.0,0.2300421432871764
8727,2685,Unincorporate,0.0,0.0
8728,2685,Unincorporate,0.0,0.0
8729,2685,Unincorporate,49.0,0.20270921131848285
8730,2685,Unincorporate,33.0,0.16887417218543047
8731,2685,Unincorporate,0.0,0.0
8732,2685,Unincorporate,0.0,0.0
8733,2685,Unincorporate,0.0,0.0
8734,2685,Unincorporate,4.0,0.04298615291992775
8735,2685,Unincorporate,33.0,0.16887417218543047
8736,2644,Unincorporate,77.0,0.2431667670078266
8737,2644,Unincorporate,96.0,0.26056592414208307
8738,2644,Unincorporate,148.0,0.2980132450331126
8739,2644,Unincorporate,150.0,0.2988260084286574
8740,2646,Unincorporate,344.0,0.3762191450933173
8741,2646,Unincorporate,7.0,0.06303431667670079
8742,2646,Unincorporate,131.0,0.28705599036724866
8743,2618,Unincorporate,12.0,0.08880192655027092
8744,2617,Unincorporate,1.0,0.007465382299819386
8745,2617,Unincorporate,2.0,0.021763997591812162
8746,2617,Unincorporate,4.0,0.04298615291992775
8747,2617,Unincorporate,0.0,0.0
8748,2617,Unincorporate,28.0,0.15755568934376882
8749,2617,Unincorporate,0.0,0.0
8750,2617,Unincorporate,11.0,0.08383503913305237
8751,2617,Unincorporate,268.0,0.3522576760987357
8752,2617,Unincorporate,1.0,0.007465382299819386
8753,2617,Unincorporate,3.0,0.033564118001204096
8754,2617,Unincorporate,269.0,0.3526490066225166
8755,2617,Unincorporate,1.0,0.007465382299819386
8756,2616,Unincorporate,8.0,0.06815171583383504
8757,2616,Unincorporate,2.0,0.021763997591812162
8758,2616,Unincorporate,1.0,0.007465382299819386
8759,2616,Unincorporate,2.0,0.021763997591812162
8760,2616,Unincorporate,0.0,0.0
8761,2616,Unincorporate,74.0,0.23976520168573148
8762,2616,Unincorporate,3.0,0.033564118001204096
8763,2616,Unincorporate,4.0,0.04298615291992775
8764,2616,Unincorporate,1.0,0.007465382299819386
8765,2616,Unincorporate,2.0,0.021763997591812162
8766,2615,Unincorporate,11.0,0.08383503913305237
8767,2615,Unincorporate,2.0,0.021763997591812162
8768,2615,Unincorporate,0.0,0.0
8769,2615,Unincorporate,25.0,0.14864539434075857
8770,2615,Unincorporate,29.0,0.16047561709813365
8771,2615,Unincorporate,0.0,0.0
8772,2615,Unincorporate,58.0,0.2197471402769416
8773,2615,Unincorporate,25.0,0.14864539434075857
8774,2615,Unincorporate,0.0,0.0
8775,2615,Unincorporate,52.0,0.20875978326309452
8776,2615,Unincorporate,0.0,0.0
8777,2615,Unincorporate,2.0,0.021763997591812162
8778,2615,Unincorporate,50.0,0.20463576158940397
8779,2615,Unincorporate,0.0,0.0
8780,2615,Unincorporate,1.0,0.007465382299819386
8781,2615,Unincorporate,6.0,0.05770620108368453
8782,2615,Unincorporate,21.0,0.1343467790487658
8783,2615,Unincorporate,4.0,0.04298615291992775
8784,2615,Unincorporate,0.0,0.0
8785,2615,Unincorporate,0.0,0.0
8786,2615,Unincorporate,0.0,0.0
8787,2615,Unincorporate,0.0,0.0
8788,2614,Unincorporate,136.0,0.2890728476821192
8789,2614,Unincorporate,2.0,0.021763997591812162
8790,2614,Unincorporate,8.0,0.06815171583383504
8791,2614,Unincorporate,18.0,0.11815171583383503
8792,2614,Unincorporate,8.0,0.06815171583383504
8793,2614,Unincorporate,53.0,0.21080674292594823
8794,2614,Unincorporate,0.0,0.0
8795,2613,Unincorporate,7.0,0.06303431667670079
8796,2613,Unincorporate,3.0,0.033564118001204096
8797,2613,Unincorporate,4.0,0.04298615291992775
8798,2613,Unincorporate,0.0,0.0
8799,2613,Unincorporate,0.0,0.0
8800,2613,Unincorporate,0.0,0.0
8801,2613,Unincorporate,2.0,0.021763997591812162
8802,2613,Unincorporate,2.0,0.021763997591812162
8803,2613,Unincorporate,48.0,0.200632149307646
8804,2613,Unincorporate,1.0,0.007465382299819386
8805,2612,Unincorporate,0.0,0.0
8806,2612,Unincorporate,6.0,0.05770620108368453
8807,2612,Unincorporate,142.0,0.29307645996387716
8808,2612,Unincorporate,0.0,0.0
8809,2612,Unincorporate,118.0,0.27880794701986755
8810,2612,Unincorporate,0.0,0.0
8811,2612,Unincorporate,3.0,0.033564118001204096
8812,2612,Unincorporate,0.0,0.0
8813,2612,Unincorporate,142.0,0.29307645996387716
8814,2612,Unincorporate,260.0,0.35036122817579773
8815,2612,Unincorporate,166.0,0.3072546658639374
8816,2611,Unincorporate,0.0,0.0
8817,2611,Unincorporate,6.0,0.05770620108368453
8818,2611,Unincorporate,0.0,0.0
8819,2611,Unincorporate,10.0,0.07874774232390126
8820,2611,Unincorporate,5.0,0.050752558699578565
8821,2611,Unincorporate,5.0,0.050752558699578565
8822,2611,Unincorporate,5.0,0.050752558699578565
8823,2611,Unincorporate,0.0,0.0
8824,2611,Unincorporate,8.0,0.06815171583383504
8825,2610,Unincorporate,15.0,0.10361228175797713
8826,2610,Unincorporate,1.0,0.007465382299819386
8827,2610,Unincorporate,29.0,0.16047561709813365
8828,2610,Unincorporate,0.0,0.0
8829,2610,Unincorporate,58.0,0.2197471402769416
8830,2610,Unincorporate,0.0,0.0
8831,2610,Unincorporate,2.0,0.021763997591812162
8832,2610,Unincorporate,0.0,0.0
8833,2610,Unincorporate,0.0,0.0
8834,2610,Unincorporate,0.0,0.0
8835,2610,Unincorporate,1.0,0.007465382299819386
8836,2610,Unincorporate,0.0,0.0
8837,2610,Unincorporate,0.0,0.0
8838,2610,Unincorporate,20.0,0.1290487658037327
8839,2610,Unincorporate,1.0,0.007465382299819386
8840,2610,Unincorporate,0.0,0.0
8841,2610,Unincorporate,31.0,0.1650812763395545
8842,2610,Unincorporate,2.0,0.021763997591812162
8843,2610,Unincorporate,24.0,0.1451234196267309
8844,2610,Unincorporate,0.0,0.0
8845,2578,Unincorporate,0.0,0.0
8846,2578,Unincorporate,175.0,0.3124322697170379
8847,2578,Unincorporate,0.0,0.0
8848,2578,Unincorporate,350.0,0.3777242624924744
8849,2578,Unincorporate,36.0,0.17606863335340156
8850,2578,Unincorporate,205.0,0.32769416014449126
8851,2578,Unincorporate,63.0,0.22600842865743528
8852,2578,Unincorporate,12.0,0.08880192655027092
8853,2584,Unincorporate,0.0,0.0
8854,2584,Unincorporate,1.0,0.007465382299819386
8855,2584,Unincorporate,0.0,0.0
8856,2584,Unincorporate,0.0,0.0
8857,2584,Unincorporate,40.0,0.18552077062010836
8858,2584,Unincorporate,0.0,0.0
8859,2586,Unincorporate,2.0,0.021763997591812162
8860,2586,Unincorporate,8.0,0.06815171583383504
8861,2586,Unincorporate,4.0,0.04298615291992775
8862,2588,Unincorporate,0.0,0.0
8863,2588,Unincorporate,22.0,0.1382299819385912
8864,2588,Unincorporate,1.0,0.007465382299819386
8865,2588,Unincorporate,0.0,0.0
8866,2588,Unincorporate,1.0,0.007465382299819386
8867,2588,Unincorporate,0.0,0.0
8868,2588,Unincorporate,1.0,0.007465382299819386
8869,2590,Unincorporate,2.0,0.021763997591812162
8870,2590,Unincorporate,1.0,0.007465382299819386
8871,2590,Unincorporate,80.0,0.24530403371462975
8872,2590,Unincorporate,0.0,0.0
8873,2590,Reedley,2.0,0.021763997591812162
8874,2603,Unincorporate,124.0,0.28269114990969296
8875,2603,Unincorporate,14.0,0.098314268512944
8876,2603,Unincorporate,12.0,0.08880192655027092
8877,2603,Unincorporate,148.0,0.2980132450331126
8878,2603,Unincorporate,0.0,0.0
8879,2603,Unincorporate,68.0,0.23305237808549067
8880,2603,Unincorporate,17.0,0.11363636363636363
8881,2603,Unincorporate,14.0,0.098314268512944
8882,2603,Unincorporate,28.0,0.15755568934376882
8883,1744,Orange Cove,74.0,0.23976520168573148
8884,1758,Parlier,0.0,0.0
8885,1758,Parlier,0.0,0.0
8886,1758,Parlier,50.0,0.20463576158940397
8887,1758,Parlier,50.0,0.20463576158940397
8888,1758,Parlier,0.0,0.0
8889,1758,Parlier,0.0,0.0
8890,2570,Parlier,0.0,0.0
8891,2570,Parlier,0.0,0.0
8892,2570,Parlier,37.0,0.1790487658037327
8893,2570,Parlier,188.0,0.32013847080072244
8894,2559,Unincorporate,951.0,0.5251354605659242
8895,2559,Unincorporate,0.0,0.0
8896,2601,Unincorporate,270.0,0.35316074653823
8897,2601,Unincorporate,264.0,0.3513546056592414
8898,2600,Unincorporate,10.0,0.07874774232390126
8899,2600,Unincorporate,205.0,0.32769416014449126
8900,2600,Unincorporate,20.0,0.1290487658037327
8901,2596,Unincorporate,125.0,0.28365442504515354
8902,2596,Unincorporate,14.0,0.098314268512944
8903,2602,Unincorporate,13.0,0.09331727874774233
8904,2597,Unincorporate,20.0,0.1290487658037327
8905,2597,Unincorporate,11.0,0.08383503913305237
8906,2597,Unincorporate,57.0,0.2181216134858519
8907,2598,Unincorporate,62.0,0.22441300421432872
8908,2598,Unincorporate,0.0,0.0
8909,2598,Unincorporate,171.0,0.30942203491872367
8910,2598,Unincorporate,0.0,0.0
8911,2598,Unincorporate,0.0,0.0
8912,2598,Unincorporate,0.0,0.0
8913,2598,Unincorporate,9.0,0.07393136664659844
8914,2598,Unincorporate,0.0,0.0
8915,2598,Unincorporate,0.0,0.0
8916,2598,Unincorporate,0.0,0.0
8917,1859,Sanger,5052.0,0.8864840457555689
8918,1859,Sanger,5403.0,0.8977122215532811
8919,1859,Sanger,5581.0,0.9017760385310054
8920,1859,Sanger,3415.0,0.8197170379289584
8921,1859,Sanger,5397.0,0.8973810957254665
8922,1859,Sanger,5570.0,0.9015051173991572
8923,1852,Sanger,2077.0,0.7025888019265503
8924,1859,Sanger,2174.0,0.7163154726068633
8925,1859,Sanger,5397.0,0.8973810957254665
8926,1859,Sanger,2648.0,0.7616195063214931
8927,1859,Sanger,1849.0,0.6721854304635762
8928,1859,Sanger,5008.0,0.8852799518362432
8929,1859,Sanger,4952.0,0.883112582781457
8930,1859,Sanger,2741.0,0.769416014449127
8931,1859,Sanger,5068.0,0.8871161950632149
8932,1859,Sanger,5519.0,0.9002408187838652
8933,1859,Sanger,4939.0,0.8821493076459964
8934,1859,Sanger,1906.0,0.6804936785069235
8935,1859,Sanger,2203.0,0.7194461167971101
8936,1859,Sanger,2476.0,0.7463576158940397
8937,1859,Sanger,2076.0,0.7024081878386514
8938,1859,Sanger,2781.0,0.7734798314268513
8939,1859,Sanger,3057.0,0.7953341360626128
8940,1859,Sanger,3051.0,0.7947621914509332
8941,1859,Sanger,5045.0,0.8863335340156532
8942,1859,Sanger,4988.0,0.8845273931366646
8943,1859,Sanger,2775.0,0.7728476821192053
8944,1859,Sanger,2762.0,0.7711619506321493
8945,1854,Sanger,1332.0,0.5947922937989163
8946,1854,Sanger,703.0,0.47537627934978927
8947,1854,Sanger,1951.0,0.686273329319687
8948,1854,Sanger,1344.0,0.5964479229379892
8949,1854,Sanger,1317.0,0.5911800120409392
8950,1854,Sanger,1332.0,0.5947922937989163
8951,1854,Sanger,2029.0,0.6953341360626129
8952,1854,Sanger,1868.0,0.6748344370860927
8953,1854,Sanger,1948.0,0.6859723058398555
8954,1854,Sanger,729.0,0.48311258278145697
8955,1854,Sanger,1919.0,0.6824202287778447
8956,1854,Sanger,990.0,0.5317278747742324
8957,1854,Sanger,1870.0,0.6753461770018061
8958,1863,Sanger,3794.0,0.8371462974111981
8959,1863,Sanger,3508.0,0.8244130042143287
8960,1863,Sanger,3298.0,0.8122817579771222
8961,1863,Sanger,3576.0,0.827844671884407
8962,1863,Sanger,3451.0,0.8214629741119808
8963,1863,Sanger,3452.0,0.8215532811559302
8964,1863,Sanger,3814.0,0.8378988561107766
8965,1863,Sanger,3457.0,0.8219145093317278
8966,1863,Sanger,3511.0,0.8246538229981939
8967,1863,Sanger,4992.0,0.8847080072245636
8968,1863,Sanger,5063.0,0.8869355809753161
8969,1863,Sanger,5062.0,0.8868452739313667
8970,1863,Sanger,3391.0,0.8183022275737507
8971,1863,Sanger,5473.0,0.89894641782059
8972,1864,Sanger,5735.0,0.9058398555087297
8973,1864,Sanger,5147.0,0.8895243829018663
8974,1864,Sanger,5937.0,0.9096327513546056
8975,1864,Sanger,5112.0,0.8885009030704395
8976,1864,Sanger,5733.0,0.9057796508127633
8977,1864,Sanger,5370.0,0.8965683323299217
8978,1864,Sanger,5920.0,0.909271523178808
8979,1864,Sanger,5681.0,0.9044551475015051
8980,1864,Sanger,5748.0,0.9060505719446117
8981,1864,Sanger,5343.0,0.89578567128236
8982,1864,Sanger,5562.0,0.9013245033112582
8983,1864,Sanger,5319.0,0.8950632149307646
8984,1864,Sanger,5990.0,0.9105358217941
8985,1864,Sanger,5569.0,0.9014449127031908
8986,1864,Sanger,5325.0,0.8952739313666466
8987,1864,Sanger,5531.0,0.9006020469596628
8988,1864,Sanger,4910.0,0.8810957254665864
8989,1864,Sanger,5776.0,0.9065623118603251
8990,1864,Sanger,5637.0,0.9031005418422637
8991,1864,Sanger,5529.0,0.9004816375677303
8992,1864,Sanger,4940.0,0.882269717037929
8993,1864,Sanger,5139.0,0.8892835641180012
8994,1865,Sanger,4771.0,0.8770620108368453
8995,1865,Sanger,4487.0,0.8664057796508128
8996,1865,Sanger,5099.0,0.8878386514148103
8997,1865,Sanger,5582.0,0.9018663455749548
8998,1865,Sanger,5041.0,0.8862131246237207
8999,1865,Sanger,5000.0,0.885009030704395
9000,1865,Sanger,2845.0,0.7787176399759181
9001,1865,Sanger,2827.0,0.7771824202287778
9002,1865,Sanger,5243.0,0.8925045153521974
9003,1865,Sanger,4932.0,0.8819385912101144
9004,1865,Sanger,5390.0,0.8971101745936183
9005,1865,Sanger,4968.0,0.8836845273931366
9006,1865,Sanger,4716.0,0.8748344370860928
9007,1865,Sanger,2664.0,0.7633955448524985
9008,1865,Sanger,2836.0,0.778055388320289
9009,1865,Sanger,4803.0,0.8784166164960867
9010,1865,Sanger,2796.0,0.7747140276941601
9011,1865,Sanger,5032.0,0.8858819987959061
9012,1865,Sanger,5001.0,0.8850993377483444
9013,1865,Sanger,5238.0,0.8921432871763998
9014,1867,Sanger,5477.0,0.8990969295605057
9015,1867,Sanger,1280.0,0.5842564720048163
9016,1867,Sanger,5311.0,0.8948826008428657
9017,1867,Sanger,905.0,0.5161950632149308
9018,1867,Sanger,340.0,0.3746237206502107
9019,1867,Sanger,1010.0,0.534828416616496
9020,1867,Sanger,1724.0,0.6547260686333534
9021,1867,Sanger,5025.0,0.8857314870559904
9022,1867,Sanger,1753.0,0.6579470198675497
9023,1867,Sanger,1.0,0.007465382299819386
9024,1868,Sanger,5910.0,0.9089102950030102
9025,1868,Sanger,4801.0,0.8782059000602047
9026,1868,Sanger,5361.0,0.8961770018061409
9027,1868,Sanger,5530.0,0.9005418422636966
9028,1868,Sanger,5919.0,0.9092113184828416
9029,1868,Sanger,5930.0,0.90948223961469
9030,1868,Sanger,5673.0,0.9041240216736905
9031,1868,Sanger,5518.0,0.9001505117399157
9032,1868,Sanger,5674.0,0.9042444310656231
9033,1868,Sanger,5930.0,0.90948223961469
9034,1868,Sanger,5524.0,0.9003010234798314
9035,1868,Sanger,5543.0,0.90105358217941
9036,1868,Sanger,5708.0,0.9051776038531005
9037,1868,Sanger,5498.0,0.8995484647802529
9038,1868,Sanger,5674.0,0.9042444310656231
9039,1868,Sanger,5804.0,0.9071643588199879
9040,1868,Sanger,5611.0,0.9026189042745334
9041,1868,Sanger,5676.0,0.9043949428055388
9042,1868,Sanger,4194.0,0.8551475015051174
9043,1868,Sanger,5855.0,0.9083082480433474
9044,1868,Sanger,5461.0,0.898735701384708
9045,1868,Sanger,4799.0,0.8780252859723059
9046,1868,Sanger,5008.0,0.8852799518362432
9047,1871,Sanger,2856.0,0.779741119807345
9048,1871,Sanger,2425.0,0.7414509331727874
9049,1871,Sanger,2833.0,0.7777543648404576
9050,1871,Sanger,1557.0,0.6315773630343167
9051,1871,Sanger,1569.0,0.633112582781457
9052,1871,Sanger,1513.0,0.6254665863937388
9053,1871,Sanger,1786.0,0.6629139072847682
9054,1871,Sanger,1360.0,0.5996989765201686
9055,1871,Sanger,1299.0,0.5878687537627935
9056,1871,Sanger,1492.0,0.622366044551475
9057,1871,Sanger,739.0,0.4849789283564118
9058,1871,Sanger,1475.0,0.6198073449729079
9059,1871,Sanger,739.0,0.4849789283564118
9060,1871,Sanger,1529.0,0.6278145695364239
9061,1871,Sanger,1549.0,0.6307947019867549
9062,1871,Sanger,2128.0,0.7095424443106563
9063,1871,Sanger,2847.0,0.7789885611077664
9064,1871,Sanger,2416.0,0.7405478627332932
9065,1872,Sanger,1814.0,0.6671282360024082
9066,1872,Sanger,1851.0,0.672366044551475
9067,1872,Sanger,2221.0,0.7213726670680313
9068,1872,Sanger,2019.0,0.6941902468392535
9069,1872,Sanger,4549.0,0.8690547862733293
9070,1872,Sanger,897.0,0.5147501505117399
9071,1872,Sanger,2099.0,0.7058097531607466
9072,1872,Sanger,2484.0,0.747471402769416
9073,1872,Sanger,2098.0,0.7055990367248646
9074,1872,Sanger,2721.0,0.7676098735701384
9075,1872,Sanger,1842.0,0.6710114388922336
9076,1872,Sanger,2368.0,0.7360024081878387
9077,1874,Sanger,4531.0,0.8684226369656833
9078,1874,Sanger,5084.0,0.8875376279349789
9079,1874,Sanger,5111.0,0.8884105960264901
9080,1874,Sanger,4483.0,0.866225165562914
9081,1874,Sanger,5100.0,0.8878988561107767
9082,1874,Sanger,7402.0,0.9344972907886815
9083,1874,Sanger,5493.0,0.8994581577363034
9084,1874,Sanger,6547.0,0.9211920529801324
9085,1874,Sanger,3636.0,0.8312462372065021
9086,1874,Sanger,5490.0,0.8993979530403371
9087,1874,Sanger,5102.0,0.8880192655027093
9088,1874,Sanger,5101.0,0.8879590608067429
9089,1874,Sanger,5215.0,0.8913907284768212
9090,1874,Sanger,4335.0,0.8606261288380493
9091,1874,Sanger,5080.0,0.8873871161950632
9092,1874,Sanger,5528.0,0.900421432871764
9093,1875,Sanger,2442.0,0.7432871763997592
9094,1875,Sanger,4492.0,0.866646598434678
9095,1875,Sanger,5136.0,0.8891330523780855
9096,1875,Sanger,5970.0,0.910325105358218
9097,1875,Sanger,4177.0,0.8545153521974714
9098,1875,Sanger,4478.0,0.8661047561709814
9099,1875,Sanger,5969.0,0.9102046959662854
9100,1875,Sanger,5729.0,0.9055990367248645
9101,1876,Sanger,312.0,0.3665863937387116
9102,1876,Sanger,2766.0,0.7717338952438291
9103,1876,Sanger,2763.0,0.7714328717639976
9104,1876,Sanger,2458.0,0.7447019867549669
9105,1876,Sanger,350.0,0.3777242624924744
9106,1876,Sanger,5417.0,0.8979530403371463
9107,1876,Sanger,4799.0,0.8780252859723059
9108,1876,Sanger,2208.0,0.7197170379289585
9109,1876,Sanger,2291.0,0.7287176399759181
9110,1876,Sanger,5194.0,0.8910295003010235
9111,1876,Sanger,335.0,0.37357013847080073
9112,1876,Sanger,2291.0,0.7287176399759181
9113,1876,Sanger,2316.0,0.7309753160746538
9114,2805,Unincorporate,28.0,0.15755568934376882
9115,2805,Unincorporate,44.0,0.1917519566526189
9116,2804,Unincorporate,0.0,0.0
9117,2805,Unincorporate,66.0,0.2300421432871764
9118,2805,Unincorporate,13.0,0.09331727874774233
9119,2805,Unincorporate,24.0,0.1451234196267309
9120,2805,Unincorporate,2.0,0.021763997591812162
9121,2772,Unincorporate,102.0,0.2670078266104756
9122,2772,Unincorporate,0.0,0.0
9123,2772,Unincorporate,4.0,0.04298615291992775
9124,2772,Unincorporate,26.0,0.1517760385310054
9125,2772,Unincorporate,132.0,0.28750752558699577
9126,2772,Unincorporate,82.0,0.2473208910295003
9127,2773,Unincorporate,0.0,0.0
9128,2773,Unincorporate,0.0,0.0
9129,2778,Unincorporate,0.0,0.0
9130,2778,Unincorporate,0.0,0.0
9131,1528,Fresno,711.0,0.4776640577965081
9132,1528,Fresno,14.0,0.098314268512944
9133,2081,Unincorporate,407.0,0.39476219145093316
9134,2081,Unincorporate,212.0,0.3303431667670078
9135,2081,Unincorporate,410.0,0.39596628537025885
9136,2081,Unincorporate,452.0,0.4102347983142685
9137,2081,Unincorporate,410.0,0.39596628537025885
9138,2081,Unincorporate,410.0,0.39596628537025885
9139,2081,Unincorporate,411.0,0.3969897652016857
9140,2081,Unincorporate,410.0,0.39596628537025885
9141,2081,Unincorporate,406.0,0.39440096327513546
9142,2081,Unincorporate,410.0,0.39596628537025885
9143,2081,Unincorporate,12.0,0.08880192655027092
9144,2081,Unincorporate,415.0,0.39888621312462375
9145,2081,Unincorporate,410.0,0.39596628537025885
9146,2081,Unincorporate,410.0,0.39596628537025885
9147,2081,Unincorporate,410.0,0.39596628537025885
9148,2081,Unincorporate,410.0,0.39596628537025885
9149,2081,Unincorporate,413.0,0.39789283564118
9150,2081,Unincorporate,410.0,0.39596628537025885
9151,2082,Unincorporate,99.0,0.26462974111980736
9152,2082,Unincorporate,85.0,0.2503010234798314
9153,2082,Unincorporate,410.0,0.39596628537025885
9154,2082,Unincorporate,410.0,0.39596628537025885
9155,2082,Unincorporate,103.0,0.26745936183022273
9156,2082,Unincorporate,410.0,0.39596628537025885
9157,2082,Unincorporate,410.0,0.39596628537025885
9158,2082,Unincorporate,410.0,0.39596628537025885
9159,2082,Unincorporate,12.0,0.08880192655027092
9160,2082,Unincorporate,410.0,0.39596628537025885
9161,2082,Unincorporate,411.0,0.3969897652016857
9162,2082,Unincorporate,410.0,0.39596628537025885
9163,2083,Unincorporate,607.0,0.45382299819385913
9164,2083,Unincorporate,364.0,0.38142685129440096
9165,2083,Unincorporate,410.0,0.39596628537025885
9166,2083,Unincorporate,410.0,0.39596628537025885
9167,2083,Unincorporate,410.0,0.39596628537025885
9168,2083,Unincorporate,410.0,0.39596628537025885
9169,2780,Clovis,9.0,0.07393136664659844
9170,1449,Fresno,1433.0,0.6128838049367851
9171,1449,Fresno,1250.0,0.5788681517158338
9172,1754,Parlier,749.0,0.4868452739313667
9173,1754,Parlier,316.0,0.36779048765803735
9174,1754,Parlier,318.0,0.36842263696568334
9175,1754,Parlier,772.0,0.4915111378687538
9176,1754,Parlier,598.0,0.45105358217941
9177,1754,Parlier,320.0,0.36902468392534615
9178,1754,Parlier,369.0,0.3828717639975918
9179,1754,Parlier,372.0,0.3837447320891029
9180,1754,Parlier,329.0,0.3714930764599639
9181,1754,Parlier,310.0,0.3659241420830825
9182,1754,Parlier,364.0,0.38142685129440096
9183,1754,Parlier,378.0,0.38564118001204095
9184,1755,Parlier,691.0,0.473419626730885
9185,1755,Parlier,1636.0,0.6435279951836244
9186,1755,Parlier,829.0,0.5019566526189043
9187,1755,Parlier,672.0,0.46956652618904277
9188,1755,Parlier,751.0,0.4869355809753161
9189,1755,Parlier,660.0,0.46691751956652616
9190,1755,Parlier,554.0,0.4379590608067429
9191,1755,Parlier,595.0,0.44945815773630343
9192,1755,Parlier,701.0,0.47516556291390727
9193,1755,Parlier,422.0,0.4011438892233594
9194,1755,Parlier,747.0,0.4866044551475015
9195,1755,Parlier,705.0,0.475737507525587
9196,1755,Parlier,739.0,0.4849789283564118
9197,1755,Parlier,644.0,0.4638470800722456
9198,1755,Parlier,819.0,0.4999698976520169
9199,1757,Parlier,1385.0,0.6041541240216737
9200,1757,Parlier,2395.0,0.7384406983744732
9201,1757,Parlier,2459.0,0.7448524984948826
9202,1757,Parlier,2116.0,0.7078266104756171
9203,1757,Parlier,2189.0,0.7178205900060205
9204,1757,Parlier,2242.0,0.7240216736905478
9205,1757,Parlier,2486.0,0.748103552077062
9206,1757,Parlier,2474.0,0.7460866947621915
9207,1757,Parlier,2493.0,0.7489765201685732
9208,1757,Parlier,2443.0,0.7433473810957255
9209,1757,Parlier,2441.0,0.7432269717037929
9210,1757,Parlier,2185.0,0.7175195665261891
9211,1757,Parlier,2339.0,0.7330222757375076
9212,1757,Parlier,2185.0,0.7175195665261891
9213,1757,Parlier,2446.0,0.7435580975316075
9214,1757,Parlier,2032.0,0.6961468994581578
9215,1757,Parlier,2438.0,0.7429861529199278
9216,1757,Parlier,1875.0,0.6764900662251656
9217,1757,Parlier,2082.0,0.7035520770620108
9218,1798,Reedley,2968.0,0.7875075255869958
9219,1798,Reedley,175.0,0.3124322697170379
9220,1798,Reedley,1507.0,0.6249849488260084
9221,1798,Reedley,317.0,0.3681216134858519
9222,1798,Reedley,176.0,0.31315472606863337
9223,1798,Reedley,154.0,0.30150511739915714
9224,1798,Reedley,1078.0,0.5477423239012643
9225,1798,Reedley,151.0,0.2995183624322697
9226,1798,Reedley,774.0,0.4919024683925346
9227,1805,Reedley,3989.0,0.8461468994581577
9228,1805,Reedley,4440.0,0.8648705599036725
9229,1805,Reedley,3255.0,0.8094220349187237
9230,1805,Reedley,3462.0,0.8221252257676098
9231,1805,Reedley,4133.0,0.8525586995785671
9232,1806,Reedley,4203.0,0.85526791089705
9233,1814,Reedley,444.0,0.40794701986754967
9234,1814,Reedley,562.0,0.4401264298615292
9235,1814,Reedley,397.0,0.39151113786875374
9236,1814,Reedley,644.0,0.4638470800722456
9237,1815,Reedley,4.0,0.04298615291992775
9238,1815,Reedley,618.0,0.4565623118603251
9239,1815,Reedley,678.0,0.47071041541240216
9240,1815,Reedley,11.0,0.08383503913305237
9241,1815,Reedley,116.0,0.2770620108368453
9242,1815,Reedley,327.0,0.3710716435881999
9243,1730,Orange Cove,1342.0,0.596207104154124
9244,1730,Orange Cove,1430.0,0.6124623720650211
9245,1730,Orange Cove,1118.0,0.5543949428055388
9246,1730,Orange Cove,1324.0,0.5929861529199277
9247,1730,Orange Cove,1344.0,0.5964479229379892
9248,1730,Orange Cove,1132.0,0.5564720048163757
9249,1730,Orange Cove,1353.0,0.598314268512944
9250,1454,Fresno,1473.0,0.6194461167971101
9251,1454,Fresno,1358.0,0.599157134256472
9252,1454,Fresno,1172.0,0.5652317880794702
9253,1454,Fresno,1884.0,0.6779048765803732
9254,1454,Fresno,1329.0,0.5940397350993377
9255,1454,Fresno,1678.0,0.6491872366044551
9256,1454,Fresno,1397.0,0.6062010836845274
9257,1454,Fresno,1621.0,0.641149909692956
9258,1454,Fresno,1589.0,0.6363034316676701
9259,1454,Fresno,1212.0,0.5727272727272728
9260,1454,Fresno,1389.0,0.6047260686333534
9261,1454,Fresno,1624.0,0.6417218543046358
9262,1454,Fresno,1585.0,0.6358819987959061
9263,1454,Fresno,1209.0,0.5718543046357616
9264,1454,Fresno,1591.0,0.6366044551475015
9265,1454,Fresno,1468.0,0.6184828416616496
9266,1454,Fresno,710.0,0.4773630343166767
9267,1454,Fresno,603.0,0.45207706201083686
9268,1454,Fresno,1317.0,0.5911800120409392
9269,1454,Fresno,1397.0,0.6062010836845274
9270,1454,Fresno,1598.0,0.6379891631547261
9271,1454,Fresno,1282.0,0.5848886213124623
9272,1454,Fresno,2222.0,0.7216435881998796
9273,1454,Fresno,1697.0,0.6515653220951234
9274,1454,Fresno,1559.0,0.6319084888621312
9275,1454,Fresno,1864.0,0.674262492474413
9276,1793,Reedley,665.0,0.4681216134858519
9277,1793,Reedley,8.0,0.06815171583383504
9278,1793,Reedley,477.0,0.41679711017459364
9279,1793,Reedley,2547.0,0.7532209512341963
9280,1793,Reedley,530.0,0.4327814569536424
9281,1793,Reedley,646.0,0.4642083082480433
9282,1794,Reedley,26.0,0.1517760385310054
9283,1794,Reedley,20.0,0.1290487658037327
9284,1794,Reedley,24.0,0.1451234196267309
9285,1794,Reedley,1680.0,0.6496086694762191
9286,1795,Reedley,1684.0,0.650210716435882
9287,1795,Reedley,3064.0,0.7958759783263094
9288,1795,Reedley,3089.0,0.7974111980734497
9289,1795,Reedley,3096.0,0.7982540638169777
9290,1795,Reedley,2148.0,0.7124021673690548
9291,1795,Reedley,4022.0,0.8472004816375678
9292,1795,Reedley,3227.0,0.8072245635159543
9293,1796,Reedley,903.0,0.5160144491270319
9294,1796,Reedley,2648.0,0.7616195063214931
9295,1796,Reedley,1572.0,0.633534015653221
9296,1796,Reedley,1732.0,0.6558097531607465
9297,1796,Reedley,1703.0,0.6523479831426852
9298,1796,Reedley,2922.0,0.7844671884406984
9299,1796,Reedley,3270.0,0.8105057194461168
9300,1796,Reedley,2669.0,0.7637266706803131
9301,1796,Reedley,1335.0,0.5952438290186635
9302,1796,Reedley,871.0,0.5109271523178808
9303,1796,Reedley,2391.0,0.7381095725466587
9304,1796,Reedley,2026.0,0.6950632149307646
9305,1796,Reedley,862.0,0.5096628537025888
9306,1797,Reedley,1308.0,0.589012642986153
9307,1797,Reedley,1029.0,0.5378988561107766
9308,1797,Reedley,1540.0,0.6295304033714629
9309,1797,Reedley,1544.0,0.6302227573750753
9310,1797,Reedley,1030.0,0.5381697772426249
9311,1797,Reedley,1034.0,0.5387417218543047
9312,1797,Reedley,767.0,0.49015653220951233
9313,1797,Reedley,1382.0,0.6037627934978929
9314,1797,Reedley,1137.0,0.5575556893437689
9315,1797,Reedley,772.0,0.4915111378687538
9316,1797,Reedley,980.0,0.5297712221553281
9317,1797,Reedley,976.0,0.5291691751956653
9318,1797,Reedley,1077.0,0.5475316074653823
9319,1797,Reedley,715.0,0.478476821192053
9320,1797,Reedley,763.0,0.48904274533413605
9321,1797,Reedley,1138.0,0.5578266104756171
9322,1797,Reedley,1658.0,0.6459361830222757
9323,1797,Reedley,1030.0,0.5381697772426249
9324,1797,Reedley,1703.0,0.6523479831426852
9325,1797,Reedley,3177.0,0.8039133052378086
9326,1799,Reedley,4087.0,0.8500301023479832
9327,1799,Reedley,3097.0,0.7984045755568935
9328,1799,Reedley,4127.0,0.8519265502709211
9329,1800,Reedley,4581.0,0.8703190848886213
9330,1800,Reedley,3970.0,0.8450030102347983
9331,1800,Reedley,3504.0,0.8239915713425647
9332,1800,Reedley,4000.0,0.8464479229379892
9333,1800,Reedley,4037.0,0.8478326309452138
9334,1800,Reedley,3493.0,0.8235701384708007
9335,1801,Reedley,4025.0,0.8473810957254666
9336,1801,Reedley,3444.0,0.8210716435881998
9337,1801,Reedley,3322.0,0.8143889223359422
9338,1801,Reedley,3970.0,0.8450030102347983
9339,1801,Reedley,3983.0,0.8457555689343769
9340,1801,Reedley,4011.0,0.8467188440698374
9341,1801,Reedley,3322.0,0.8143889223359422
9342,1801,Reedley,3439.0,0.820680313064419
9343,1801,Reedley,3916.0,0.8419626730885009
9344,1801,Reedley,4025.0,0.8473810957254666
9345,1801,Reedley,3782.0,0.8364840457555689
9346,1801,Reedley,4185.0,0.8548765803732691
9347,1801,Reedley,4072.0,0.8490066225165563
9348,1798,Reedley,575.0,0.4453341360626129
9349,1798,Reedley,596.0,0.4499397953040337
9350,1798,Reedley,1261.0,0.5806441902468392
9351,1798,Reedley,127.0,0.2848284166164961
9352,1798,Reedley,480.0,0.41760987357013846
9353,1798,Reedley,773.0,0.4917519566526189
9354,1798,Reedley,1384.0,0.6040638169777243
9355,1798,Reedley,1140.0,0.5582480433473811
9356,1798,Reedley,2660.0,0.7627633955448525
9357,1798,Reedley,741.0,0.4854906682721252
9358,1798,Reedley,168.0,0.3082781456953642
9359,1798,Reedley,150.0,0.2988260084286574
9360,1798,Reedley,1049.0,0.5416917519566526
9361,1798,Reedley,741.0,0.4854906682721252
9362,1798,Reedley,575.0,0.4453341360626129
9363,1804,Reedley,3770.0,0.8360024081878387
9364,1804,Reedley,3896.0,0.8411800120409392
9365,1804,Reedley,3074.0,0.7964479229379892
9366,1804,Reedley,2159.0,0.7148705599036724
9367,1804,Reedley,2368.0,0.7360024081878387
9368,1804,Reedley,2223.0,0.7218242022877784
9369,1804,Reedley,1911.0,0.6810957254665864
9370,1804,Reedley,3268.0,0.8104154124021674
9371,1804,Reedley,2481.0,0.7472004816375677
9372,1804,Reedley,2473.0,0.7458759783263095
9373,1804,Reedley,2214.0,0.7205599036724865
9374,1804,Reedley,1897.0,0.6795003010234798
9375,1804,Reedley,2157.0,0.714569536423841
9376,1804,Reedley,2472.0,0.7457254665863937
9377,1804,Reedley,2153.0,0.7136664659843468
9378,1804,Reedley,3819.0,0.8384406983744732
9379,1804,Reedley,3309.0,0.8133353401565322
9380,1804,Reedley,3170.0,0.8032510535821794
9381,1804,Reedley,1965.0,0.6881396748946418
9382,1804,Reedley,2377.0,0.7368151715833835
9383,1804,Reedley,3294.0,0.811830222757375
9384,1804,Reedley,3295.0,0.8119506321493076
9385,1804,Reedley,2356.0,0.734587597832631
9386,1804,Reedley,2039.0,0.6971402769416014
9387,1804,Reedley,2194.0,0.7184828416616497
9388,1804,Reedley,2482.0,0.7473208910295003
9389,1804,Reedley,2410.0,0.7400060204695966
9390,1804,Reedley,1894.0,0.6790788681517158
9391,1804,Reedley,3118.0,0.7998795906080675
9392,1804,Reedley,2484.0,0.747471402769416
9393,1804,Reedley,3254.0,0.8092715231788079
9394,1804,Reedley,1948.0,0.6859723058398555
9395,1805,Reedley,4345.0,0.8611378687537627
9396,1805,Reedley,4593.0,0.8707405177603853
9397,1805,Reedley,4949.0,0.882901866345575
9398,1805,Reedley,4033.0,0.8475617098133654
9399,1805,Reedley,4101.0,0.8505719446116797
9400,1805,Reedley,4020.0,0.8470198675496688
9401,1805,Reedley,3572.0,0.8275436484045755
9402,1805,Reedley,3703.0,0.8335039133052378
9403,1805,Reedley,4034.0,0.847682119205298
9404,1805,Reedley,2085.0,0.7040939193257074
9405,1805,Reedley,4493.0,0.8667369054786274
9406,1805,Reedley,4016.0,0.84683925346177
9407,1805,Reedley,4379.0,0.8627332931968693
9408,1805,Reedley,4076.0,0.8493979530403372
9409,1805,Reedley,3129.0,0.8005418422636966
9410,1805,Reedley,4597.0,0.8708308248043347
9411,1805,Reedley,4349.0,0.8613786875376279
9412,1805,Reedley,4112.0,0.8511137868753763
9413,1805,Reedley,4379.0,0.8627332931968693
9414,1805,Reedley,3949.0,0.8440096327513547
9415,1805,Reedley,3788.0,0.8368753762793498
9416,1805,Reedley,4569.0,0.8696568332329921
9417,1805,Reedley,4088.0,0.850210716435882
9418,1805,Reedley,3913.0,0.8417218543046358
9419,1805,Reedley,4318.0,0.8600842865743528
9420,1805,Reedley,4422.0,0.8642083082480434
9421,1805,Reedley,4597.0,0.8708308248043347
9422,1805,Reedley,4111.0,0.85105358217941
9423,1805,Reedley,4087.0,0.8500301023479832
9424,1805,Reedley,3911.0,0.8416616496086695
9425,1805,Reedley,4313.0,0.8598735701384708
9426,1805,Reedley,5021.0,0.8856110776640578
9427,1805,Reedley,4120.0,0.851264298615292
9428,1805,Reedley,4223.0,0.8561408789885611
9429,1805,Reedley,4354.0,0.8615894039735099
9430,1805,Reedley,4122.0,0.8515954244431065
9431,1805,Reedley,4053.0,0.8484045755568934
9432,1805,Reedley,4351.0,0.8614689945815773
9433,1805,Reedley,4726.0,0.8751956652618904
9434,1805,Reedley,3589.0,0.8286574352799518
9435,1805,Reedley,3921.0,0.8422034918723661
9436,1805,Reedley,4751.0,0.8764298615291993
9437,1805,Reedley,4247.0,0.8574352799518362
9438,1805,Reedley,4572.0,0.8700481637567731
9439,1805,Reedley,4068.0,0.8488862131246238
9440,1805,Reedley,4410.0,0.8637567730282962
9441,1805,Reedley,4526.0,0.8680915111378688
9442,1805,Reedley,3345.0,0.8158639373871162
9443,1805,Reedley,3655.0,0.8319385912101144
9444,1806,Reedley,1325.0,0.5932871763997591
9445,1806,Reedley,2283.0,0.7279650812763395
9446,1806,Reedley,1096.0,0.5508729680915111
9447,1806,Reedley,989.0,0.5313967489464179
9448,1806,Reedley,1444.0,0.6148404575556894
9449,1806,Reedley,794.0,0.4961167971101746
9450,1806,Reedley,1079.0,0.5479530403371463
9451,1806,Reedley,1629.0,0.6425647200481638
9452,1806,Reedley,1470.0,0.6188741721854305
9453,1806,Reedley,1471.0,0.6191149909692956
9454,1807,Reedley,2816.0,0.7764599638771824
9455,1807,Reedley,3161.0,0.8026189042745334
9456,1807,Reedley,3161.0,0.8026189042745334
9457,1807,Reedley,2819.0,0.7767007826610476
9458,1807,Reedley,2903.0,0.7832329921733895
9459,1807,Reedley,3161.0,0.8026189042745334
9460,1807,Reedley,3255.0,0.8094220349187237
9461,1807,Reedley,2898.0,0.7827513546056593
9462,1807,Reedley,2824.0,0.7769717037928958
9463,1808,Reedley,786.0,0.4947019867549669
9464,1808,Reedley,827.0,0.5014449127031908
9465,1808,Reedley,2850.0,0.7792895845875978
9466,1808,Reedley,1542.0,0.6298615291992775
9467,1808,Reedley,1789.0,0.6633353401565322
9468,1808,Reedley,678.0,0.47071041541240216
9469,1808,Reedley,1645.0,0.6443407585791692
9470,1808,Reedley,2721.0,0.7676098735701384
9471,1808,Reedley,2488.0,0.7484647802528597
9472,1809,Reedley,2966.0,0.7872667068031306
9473,1809,Reedley,2959.0,0.7867850692354004
9474,1809,Reedley,1442.0,0.6144190246839254
9475,1809,Reedley,1158.0,0.5622817579771222
9476,1809,Reedley,3035.0,0.7929560505719446
9477,1809,Reedley,2792.0,0.7743527995183624
9478,1809,Reedley,3175.0,0.8037627934978928
9479,1809,Reedley,2361.0,0.7351896447922938
9480,1809,Reedley,2862.0,0.7802227573750753
9481,1809,Reedley,2388.0,0.7377784467188441
9482,1809,Reedley,2775.0,0.7728476821192053
9483,1809,Reedley,2862.0,0.7802227573750753
9484,1809,Reedley,2863.0,0.7803431667670079
9485,1809,Reedley,1441.0,0.6141782059000602
9486,1809,Reedley,2300.0,0.7292895845875978
9487,1812,Reedley,145.0,0.2948223961468995
9488,1812,Reedley,0.0,0.0
9489,1812,Reedley,13.0,0.09331727874774233
9490,1812,Reedley,155.0,0.30237808549066825
9491,1835,Reedley,3.0,0.033564118001204096
9492,1835,Reedley,3.0,0.033564118001204096
9493,1835,Reedley,1069.0,0.5459361830222758
9494,1835,Reedley,1069.0,0.5459361830222758
9495,1813,Reedley,971.0,0.528687537627935
9496,1813,Reedley,1151.0,0.5608669476219145
9497,1813,Reedley,782.0,0.4938591210114389
9498,1813,Reedley,840.0,0.5048464780252859
9499,1813,Reedley,1044.0,0.5405177603853101
9500,1813,Reedley,1178.0,0.5666164960866947
9501,1813,Reedley,1177.0,0.5662552679108971
9502,1813,Reedley,1276.0,0.5833835039133053
9503,1813,Reedley,1071.0,0.5465081276339554
9504,1813,Reedley,1462.0,0.6174894641782059
9505,1813,Reedley,1072.0,0.5468091511137869
9506,1813,Reedley,1044.0,0.5405177603853101
9507,1813,Reedley,952.0,0.525316074653823
9508,1813,Reedley,2010.0,0.6935580975316075
9509,1813,Reedley,1665.0,0.6470198675496689
9510,1813,Reedley,1071.0,0.5465081276339554
9511,1813,Reedley,950.0,0.5249247441300422
9512,1813,Reedley,1044.0,0.5405177603853101
9513,1813,Reedley,1016.0,0.5358217940999398
9514,1813,Reedley,359.0,0.379741119807345
9515,1813,Reedley,1567.0,0.6328416616496086
9516,1813,Reedley,1176.0,0.5658940397350993
9517,1813,Reedley,1069.0,0.5459361830222758
9518,1814,Reedley,504.0,0.4246538229981939
9519,1814,Reedley,671.0,0.4692655027092113
9520,1814,Reedley,411.0,0.3969897652016857
9521,1814,Reedley,204.0,0.32727272727272727
9522,1814,Reedley,391.0,0.38937387116195066
9523,1814,Reedley,368.0,0.38260084286574353
9524,1814,Reedley,221.0,0.3342263696568332
9525,1814,Reedley,569.0,0.4422937989163155
9526,1814,Reedley,670.0,0.4690848886213125
9527,1814,Reedley,546.0,0.43627332931968693
9528,1814,Reedley,674.0,0.47004816375677305
9529,1814,Reedley,363.0,0.38100541842263697
9530,1814,Reedley,892.0,0.5137567730282963
9531,1815,Reedley,524.0,0.43034316676700785
9532,1815,Reedley,564.0,0.4406080674292595
9533,1815,Reedley,834.0,0.5030102347983143
9534,1815,Reedley,532.0,0.4334136062612884
9535,1815,Reedley,788.0,0.4950632149307646
9536,1815,Reedley,481.0,0.4179108970499699
9537,1815,Reedley,911.0,0.5174894641782058
9538,1815,Reedley,123.0,0.2817278747742324
9539,1815,Reedley,522.0,0.42965081276339556
9540,1815,Reedley,115.0,0.2762492474413004
9541,1815,Reedley,602.0,0.451896447922938
9542,1815,Reedley,756.0,0.48798916315472607
9543,1815,Reedley,932.0,0.5202287778446719
9544,1815,Reedley,675.0,0.47028898254063817
9545,1815,Reedley,1456.0,0.6167369054786274
9546,1815,Reedley,118.0,0.27880794701986755
9547,1815,Reedley,119.0,0.27934978928356413
9548,1815,Reedley,758.0,0.4882299819385912
9549,1815,Reedley,637.0,0.46158940397350995
9550,1816,Reedley,2599.0,0.7574352799518362
9551,1816,Reedley,2279.0,0.7276640577965081
9552,1816,Reedley,1960.0,0.6878386514148104
9553,1816,Reedley,0.0,0.0
9554,1816,Reedley,1359.0,0.5993979530403372
9555,1455,Fresno,1430.0,0.6124623720650211
9556,1455,Fresno,1349.0,0.597471402769416
9557,1455,Fresno,1693.0,0.6512040939193257
9558,1463,Fresno,822.0,0.5005719446116798
9559,1463,Fresno,1132.0,0.5564720048163757
9560,1463,Fresno,1296.0,0.5875376279349789
9561,1463,Fresno,1300.0,0.587989163154726
9562,1463,Fresno,1284.0,0.5854003612281758
9563,1463,Fresno,1699.0,0.6517459361830222
9564,1463,Fresno,1772.0,0.660746538229982
9565,1463,Fresno,1715.0,0.6534918723660446
9566,1463,Fresno,1857.0,0.6731788079470199
9567,1463,Fresno,1653.0,0.6452438290186635
9568,1463,Fresno,1766.0,0.659933774834437
9569,1463,Fresno,1678.0,0.6491872366044551
9570,1463,Fresno,1697.0,0.6515653220951234
9571,1466,Fresno,1046.0,0.5409993979530403
9572,1466,Fresno,2021.0,0.6944310656231186
9573,1466,Fresno,1381.0,0.6035219747140277
9574,1466,Fresno,1163.0,0.5632149307645996
9575,1466,Fresno,1145.0,0.5589704996989765
9576,1466,Fresno,1324.0,0.5929861529199277
9577,1466,Fresno,964.0,0.5278747742323902
9578,1466,Fresno,596.0,0.4499397953040337
9579,1466,Fresno,1468.0,0.6184828416616496
9580,1466,Fresno,845.0,0.5061408789885611
9581,1466,Fresno,1303.0,0.588380493678507
9582,1466,Fresno,1138.0,0.5578266104756171
9583,1466,Fresno,1784.0,0.6623419626730885
9584,1466,Fresno,1777.0,0.6614689945815774
9585,1466,Fresno,1368.0,0.6015051173991571
9586,1466,Fresno,1019.0,0.5361830222757376
9587,1466,Fresno,1671.0,0.6481336544250451
9588,1466,Fresno,904.0,0.5161047561709813
9589,1466,Fresno,1302.0,0.588199879590608
9590,1466,Fresno,1094.0,0.550421432871764
9591,1465,Fresno,1719.0,0.6540638169777243
9592,1465,Fresno,1346.0,0.5969596628537026
9593,1465,Fresno,1965.0,0.6881396748946418
9594,1465,Fresno,1115.0,0.5537326911499096
9595,1465,Fresno,948.0,0.5242323901264299
9596,1465,Fresno,1214.0,0.5733594220349187
9597,1465,Fresno,1370.0,0.6016255267910897
9598,1465,Fresno,1411.0,0.6086694762191451
9599,1465,Fresno,1449.0,0.61580373269115
9600,1465,Fresno,1453.0,0.616255267910897
9601,1465,Fresno,1267.0,0.5816074653822998
9602,1465,Fresno,1152.0,0.5610475617098134
9603,1465,Fresno,1244.0,0.5780252859723058
9604,1465,Fresno,1366.0,0.6010836845273931
9605,1465,Fresno,1111.0,0.5534015653220952
9606,1465,Fresno,1237.0,0.5767609873570139
9607,1721,Orange Cove,1032.0,0.5384708007224563
9608,1721,Orange Cove,113.0,0.27474413004214326
9609,1721,Orange Cove,1252.0,0.5793497892835641
9610,1721,Orange Cove,1047.0,0.5412703190848887
9611,1721,Orange Cove,1198.0,0.5702287778446719
9612,1721,Orange Cove,203.0,0.3267308850090307
9613,1721,Orange Cove,57.0,0.2181216134858519
9614,1721,Orange Cove,1062.0,0.5444009632751354
9615,1721,Orange Cove,931.0,0.5197772426249248
9616,1721,Orange Cove,1077.0,0.5475316074653823
9617,1721,Orange Cove,140.0,0.29193257074051776
9618,1721,Orange Cove,941.0,0.5223660445514751
9619,1723,Orange Cove,1142.0,0.5585189644792293
9620,1723,Orange Cove,1171.0,0.5650812763395545
9621,1723,Orange Cove,1185.0,0.5681216134858519
9622,1723,Orange Cove,1180.0,0.5670680313064419
9623,1723,Orange Cove,1161.0,0.5628236002408188
9624,1723,Orange Cove,1159.0,0.5625526791089706
9625,1723,Orange Cove,1374.0,0.6022576760987357
9626,1723,Orange Cove,1216.0,0.5739313666465984
9627,1723,Orange Cove,1079.0,0.5479530403371463
9628,1723,Orange Cove,1166.0,0.5642685129440096
9629,1723,Orange Cove,1098.0,0.5511438892233594
9630,1723,Orange Cove,1352.0,0.5980132450331126
9631,1723,Orange Cove,1270.0,0.5820891029500301
9632,1723,Orange Cove,1117.0,0.5542444310656232
9633,1723,Orange Cove,1242.0,0.5776038531005419
9634,1723,Orange Cove,1243.0,0.5777844671884407
9635,1723,Orange Cove,1206.0,0.5712823600240818
9636,1723,Orange Cove,1136.0,0.5572847682119205
9637,1723,Orange Cove,1175.0,0.5656833232992173
9638,1723,Orange Cove,1105.0,0.5525888019265502
9639,1724,Orange Cove,1335.0,0.5952438290186635
9640,1724,Orange Cove,1392.0,0.6053883202889826
9641,1724,Orange Cove,1390.0,0.6049066827212523
9642,1724,Orange Cove,1394.0,0.6055990367248646
9643,1724,Orange Cove,1261.0,0.5806441902468392
9644,1724,Orange Cove,1348.0,0.5973810957254666
9645,1724,Orange Cove,1360.0,0.5996989765201686
9646,1726,Orange Cove,1376.0,0.6025888019265503
9647,1726,Orange Cove,1159.0,0.5625526791089706
9648,1726,Orange Cove,1376.0,0.6025888019265503
9649,1726,Orange Cove,1200.0,0.5706502107164358
9650,1726,Orange Cove,1332.0,0.5947922937989163
9651,1726,Orange Cove,1278.0,0.5837146297411198
9652,1726,Orange Cove,1195.0,0.5695364238410596
9653,1726,Orange Cove,1427.0,0.6116797110174593
9654,1726,Orange Cove,1356.0,0.5987658037326912
9655,1726,Orange Cove,1398.0,0.6065021071643588
9656,1726,Orange Cove,1064.0,0.5448223961468994
9657,1726,Orange Cove,1480.0,0.6205900060204695
9658,1726,Orange Cove,1399.0,0.606742925948224
9659,1728,Orange Cove,1362.0,0.6003010234798314
9660,1728,Orange Cove,1261.0,0.5806441902468392
9661,1728,Orange Cove,466.0,0.41351595424443105
9662,1728,Orange Cove,1383.0,0.6039434075857917
9663,1728,Orange Cove,469.0,0.4145093317278748
9664,1728,Orange Cove,1438.0,0.6136062612883805
9665,1728,Orange Cove,417.0,0.399789283564118
9666,1728,Orange Cove,1254.0,0.579530403371463
9667,1728,Orange Cove,1273.0,0.5828717639975918
9668,1728,Orange Cove,1388.0,0.6045454545454545
9669,1728,Orange Cove,1361.0,0.6
9670,1728,Orange Cove,423.0,0.4012944009632751
9671,1728,Orange Cove,1345.0,0.5967188440698374
9672,1729,Orange Cove,1378.0,0.6031908488862131
9673,1729,Orange Cove,1357.0,0.59894641782059
9674,1729,Orange Cove,1398.0,0.6065021071643588
9675,1729,Orange Cove,1398.0,0.6065021071643588
9676,1729,Orange Cove,1263.0,0.5809151113786876
9677,1729,Orange Cove,1087.0,0.5494280553883203
9678,1729,Orange Cove,1244.0,0.5780252859723058
9679,1729,Orange Cove,1287.0,0.5858518964479229
9680,1729,Orange Cove,1272.0,0.582480433473811
9681,1729,Orange Cove,1394.0,0.6055990367248646
9682,1729,Orange Cove,1454.0,0.616435881998796
9683,1729,Orange Cove,1364.0,0.6006622516556291
9684,1729,Orange Cove,1402.0,0.6072546658639374
9685,1729,Orange Cove,1347.0,0.5971703792895846
9686,1729,Orange Cove,1032.0,0.5384708007224563
9687,1729,Orange Cove,1211.0,0.5724864539434076
9688,1729,Orange Cove,1390.0,0.6049066827212523
9689,1729,Orange Cove,1209.0,0.5718543046357616
9690,1729,Orange Cove,1140.0,0.5582480433473811
9691,1729,Orange Cove,1277.0,0.5835340156532209
9692,1729,Orange Cove,1461.0,0.6172185430463576
9693,1729,Orange Cove,1212.0,0.5727272727272728
9694,1729,Orange Cove,1068.0,0.5456953642384106
9695,1729,Orange Cove,1398.0,0.6065021071643588
9696,1729,Orange Cove,1341.0,0.5960264900662252
9697,1729,Orange Cove,1407.0,0.6079771222155328
9698,1730,Orange Cove,1323.0,0.5927152317880795
9699,1730,Orange Cove,1463.0,0.6177904876580373
9700,1730,Orange Cove,1397.0,0.6062010836845274
9701,1730,Orange Cove,1317.0,0.5911800120409392
9702,1730,Orange Cove,1303.0,0.588380493678507
9703,1730,Orange Cove,1353.0,0.598314268512944
9704,1730,Orange Cove,1208.0,0.571523178807947
9705,1730,Orange Cove,1420.0,0.6104455147501505
9706,1730,Orange Cove,1421.0,0.6106562311860325
9707,1730,Orange Cove,1315.0,0.590728476821192
9708,1730,Orange Cove,1088.0,0.549578567128236
9709,1730,Orange Cove,1318.0,0.5914810355207706
9710,1467,Fresno,557.0,0.43895243829018665
9711,1467,Fresno,1886.0,0.6781456953642384
9712,1467,Fresno,871.0,0.5109271523178808
9713,1467,Fresno,1696.0,0.6514148103552077
9714,1467,Fresno,932.0,0.5202287778446719
9715,1467,Fresno,936.0,0.5211619506321493
9716,1467,Fresno,717.0,0.4794099939795304
9717,1467,Fresno,478.0,0.4170680313064419
9718,1467,Fresno,1377.0,0.6029500301023479
9719,1467,Fresno,834.0,0.5030102347983143
9720,1467,Fresno,1295.0,0.5873570138470801
9721,1467,Fresno,849.0,0.5070439494280554
9722,1467,Fresno,652.0,0.4649307645996388
9723,1467,Fresno,876.0,0.5119205298013245
9724,2853,Unincorporate,4.0,0.04298615291992775
9725,2853,Unincorporate,0.0,0.0
9726,2853,Unincorporate,0.0,0.0
9727,2853,Unincorporate,0.0,0.0
9728,2853,Unincorporate,0.0,0.0
9729,2853,Unincorporate,0.0,0.0
9730,2853,Unincorporate,15.0,0.10361228175797713
9731,2853,Unincorporate,0.0,0.0
9732,2853,Unincorporate,0.0,0.0
9733,2853,Unincorporate,0.0,0.0
9734,2853,Unincorporate,0.0,0.0
9735,2853,Unincorporate,6.0,0.05770620108368453
9736,2853,Unincorporate,0.0,0.0
9737,2853,Unincorporate,0.0,0.0
9738,2853,Unincorporate,0.0,0.0
9739,2853,Unincorporate,0.0,0.0
9740,2853,Unincorporate,0.0,0.0
9741,2853,Unincorporate,0.0,0.0
9742,2853,Unincorporate,0.0,0.0
9743,2853,Unincorporate,0.0,0.0
9744,2853,Unincorporate,0.0,0.0
9745,2853,Unincorporate,0.0,0.0
9746,2853,Unincorporate,0.0,0.0
9747,2853,Unincorporate,0.0,0.0
9748,2853,Unincorporate,0.0,0.0
9749,2853,Unincorporate,0.0,0.0
9750,2853,Unincorporate,0.0,0.0
9751,2853,Unincorporate,0.0,0.0
9752,2853,Unincorporate,0.0,0.0
9753,2853,Unincorporate,0.0,0.0
9754,2853,Unincorporate,0.0,0.0
9755,2853,Unincorporate,0.0,0.0
9756,2853,Unincorporate,0.0,0.0
9757,2853,Unincorporate,0.0,0.0
9758,2853,Unincorporate,0.0,0.0
9759,2853,Unincorporate,0.0,0.0
9760,2853,Unincorporate,0.0,0.0
9761,2853,Unincorporate,0.0,0.0
9762,2853,Unincorporate,0.0,0.0
9763,2853,Unincorporate,0.0,0.0
9764,2853,Unincorporate,0.0,0.0
9765,2853,Unincorporate,0.0,0.0
9766,2853,Unincorporate,0.0,0.0
9767,2853,Unincorporate,0.0,0.0
9768,2853,Unincorporate,0.0,0.0
9769,2853,Unincorporate,0.0,0.0
9770,2853,Unincorporate,0.0,0.0
9771,2853,Unincorporate,0.0,0.0
9772,2853,Unincorporate,0.0,0.0
9773,2853,Unincorporate,0.0,0.0
9774,2853,Unincorporate,0.0,0.0
9775,2853,Unincorporate,0.0,0.0
9776,2853,Unincorporate,0.0,0.0
9777,2853,Unincorporate,0.0,0.0
9778,2853,Unincorporate,0.0,0.0
9779,2853,Unincorporate,7.0,0.06303431667670079
9780,2853,Unincorporate,0.0,0.0
9781,2853,Unincorporate,0.0,0.0
9782,2853,Unincorporate,0.0,0.0
9783,2853,Unincorporate,0.0,0.0
9784,2853,Unincorporate,0.0,0.0
9785,2853,Unincorporate,0.0,0.0
9786,2853,Unincorporate,0.0,0.0
9787,2853,Unincorporate,0.0,0.0
9788,2853,Unincorporate,0.0,0.0
9789,2853,Unincorporate,0.0,0.0
9790,2853,Unincorporate,0.0,0.0
9791,2853,Unincorporate,0.0,0.0
9792,2853,Unincorporate,0.0,0.0
9793,2853,Unincorporate,0.0,0.0
9794,2853,Unincorporate,5.0,0.050752558699578565
9795,2853,Unincorporate,0.0,0.0
9796,2853,Unincorporate,0.0,0.0
9797,2853,Unincorporate,0.0,0.0
9798,2853,Unincorporate,0.0,0.0
9799,2853,Unincorporate,0.0,0.0
9800,2853,Unincorporate,0.0,0.0
9801,2853,Unincorporate,0.0,0.0
9802,2853,Unincorporate,0.0,0.0
9803,2853,Unincorporate,0.0,0.0
9804,2853,Unincorporate,0.0,0.0
9805,2853,Unincorporate,0.0,0.0
9806,2853,Unincorporate,0.0,0.0
9807,2853,Unincorporate,0.0,0.0
9808,2853,Unincorporate,0.0,0.0
9809,2853,Unincorporate,0.0,0.0
9810,2853,Unincorporate,0.0,0.0
9811,2853,Unincorporate,0.0,0.0
9812,2853,Unincorporate,0.0,0.0
9813,2853,Unincorporate,0.0,0.0
9814,2853,Unincorporate,0.0,0.0
9815,2853,Unincorporate,6.0,0.05770620108368453
9816,2853,Unincorporate,0.0,0.0
9817,2853,Unincorporate,0.0,0.0
9818,2853,Unincorporate,0.0,0.0
9819,2853,Unincorporate,0.0,0.0
9820,2853,Unincorporate,0.0,0.0
9821,2853,Unincorporate,0.0,0.0
9822,2853,Unincorporate,0.0,0.0
9823,2853,Unincorporate,0.0,0.0
9824,2853,Unincorporate,0.0,0.0
9825,2853,Unincorporate,0.0,0.0
9826,2853,Unincorporate,0.0,0.0
9827,2853,Unincorporate,2.0,0.021763997591812162
9828,2853,Unincorporate,0.0,0.0
9829,2853,Unincorporate,0.0,0.0
9830,2853,Unincorporate,0.0,0.0
9831,2853,Unincorporate,0.0,0.0
9832,2853,Unincorporate,0.0,0.0
9833,2853,Unincorporate,0.0,0.0
9834,2853,Unincorporate,0.0,0.0
9835,2853,Unincorporate,0.0,0.0
9836,2853,Unincorporate,0.0,0.0
9837,2853,Unincorporate,0.0,0.0
9838,2853,Unincorporate,0.0,0.0
9839,2164,Unincorporate,0.0,0.0
9840,2853,Unincorporate,0.0,0.0
9841,2853,Unincorporate,0.0,0.0
9842,2853,Unincorporate,4.0,0.04298615291992775
9843,2853,Unincorporate,0.0,0.0
9844,2853,Unincorporate,0.0,0.0
9845,2853,Unincorporate,11.0,0.08383503913305237
9846,2853,Unincorporate,0.0,0.0
9847,2853,Unincorporate,15.0,0.10361228175797713
9848,2853,Unincorporate,0.0,0.0
9849,2853,Unincorporate,0.0,0.0
9850,2853,Unincorporate,0.0,0.0
9851,2853,Unincorporate,0.0,0.0
9852,2853,Unincorporate,0.0,0.0
9853,2853,Unincorporate,0.0,0.0
9854,2853,Unincorporate,0.0,0.0
9855,2853,Unincorporate,0.0,0.0
9856,2164,Unincorporate,0.0,0.0
9857,2853,Unincorporate,0.0,0.0
9858,2853,Unincorporate,0.0,0.0
9859,2853,Unincorporate,0.0,0.0
9860,2853,Unincorporate,2.0,0.021763997591812162
9861,2853,Unincorporate,0.0,0.0
9862,2853,Unincorporate,0.0,0.0
9863,2853,Unincorporate,0.0,0.0
9864,2853,Unincorporate,0.0,0.0
9865,2853,Unincorporate,0.0,0.0
9866,2853,Unincorporate,0.0,0.0
9867,2853,Unincorporate,0.0,0.0
9868,2853,Unincorporate,0.0,0.0
9869,2853,Unincorporate,0.0,0.0
9870,2853,Unincorporate,0.0,0.0
9871,2853,Unincorporate,0.0,0.0
9872,2853,Unincorporate,0.0,0.0
9873,2853,Unincorporate,0.0,0.0
9874,2853,Unincorporate,0.0,0.0
9875,2853,Unincorporate,0.0,0.0
9876,2853,Unincorporate,0.0,0.0
9877,2853,Unincorporate,0.0,0.0
9878,2853,Unincorporate,0.0,0.0
9879,2853,Unincorporate,0.0,0.0
9880,2853,Unincorporate,0.0,0.0
9881,2853,Unincorporate,0.0,0.0
9882,2853,Unincorporate,0.0,0.0
9883,2853,Unincorporate,0.0,0.0
9884,2853,Unincorporate,0.0,0.0
9885,2853,Unincorporate,0.0,0.0
9886,2853,Unincorporate,0.0,0.0
9887,2853,Unincorporate,0.0,0.0
9888,2853,Unincorporate,0.0,0.0
9889,2853,Unincorporate,0.0,0.0
9890,2853,Unincorporate,0.0,0.0
9891,2853,Unincorporate,12.0,0.08880192655027092
9892,2853,Unincorporate,0.0,0.0
9893,2853,Unincorporate,0.0,0.0
9894,2853,Unincorporate,0.0,0.0
9895,2853,Unincorporate,0.0,0.0
9896,2853,Unincorporate,0.0,0.0
9897,2853,Unincorporate,0.0,0.0
9898,2853,Unincorporate,0.0,0.0
9899,2853,Unincorporate,0.0,0.0
9900,2853,Unincorporate,0.0,0.0
9901,2853,Unincorporate,0.0,0.0
9902,2853,Unincorporate,0.0,0.0
9903,2853,Unincorporate,0.0,0.0
9904,2853,Unincorporate,0.0,0.0
9905,2853,Unincorporate,0.0,0.0
9906,2853,Unincorporate,0.0,0.0
9907,2853,Unincorporate,0.0,0.0
9908,2853,Unincorporate,0.0,0.0
9909,2853,Unincorporate,0.0,0.0
9910,2853,Unincorporate,2.0,0.021763997591812162
9911,2853,Unincorporate,0.0,0.0
9912,2853,Unincorporate,0.0,0.0
9913,2853,Unincorporate,0.0,0.0
9914,2853,Unincorporate,0.0,0.0
9915,2853,Unincorporate,2.0,0.021763997591812162
9916,2853,Unincorporate,9.0,0.07393136664659844
9917,2853,Unincorporate,0.0,0.0
9918,2853,Unincorporate,0.0,0.0
9919,2853,Unincorporate,0.0,0.0
9920,2853,Unincorporate,0.0,0.0
9921,2853,Unincorporate,0.0,0.0
9922,2853,Unincorporate,0.0,0.0
9923,2853,Unincorporate,0.0,0.0
9924,2853,Unincorporate,0.0,0.0
9925,2853,Unincorporate,0.0,0.0
9926,2853,Unincorporate,0.0,0.0
9927,2853,Unincorporate,0.0,0.0
9928,2853,Unincorporate,0.0,0.0
9929,2853,Unincorporate,0.0,0.0
9930,2853,Unincorporate,0.0,0.0
9931,2853,Unincorporate,15.0,0.10361228175797713
9932,2852,Unincorporate,7.0,0.06303431667670079
9933,2852,Unincorporate,0.0,0.0
9934,2852,Unincorporate,0.0,0.0
9935,2852,Unincorporate,0.0,0.0
9936,2852,Unincorporate,0.0,0.0
9937,2852,Unincorporate,0.0,0.0
9938,2852,Unincorporate,0.0,0.0
9939,2852,Unincorporate,0.0,0.0
9940,2852,Unincorporate,14.0,0.098314268512944
9941,2852,Unincorporate,39.0,0.18323299217338954
9942,2852,Unincorporate,4.0,0.04298615291992775
9943,2852,Unincorporate,0.0,0.0
9944,2852,Unincorporate,4.0,0.04298615291992775
9945,2852,Unincorporate,0.0,0.0
9946,2852,Unincorporate,0.0,0.0
9947,2852,Unincorporate,0.0,0.0
9948,2020,Unincorporate,0.0,0.0
9949,2020,Unincorporate,0.0,0.0
9950,2020,Unincorporate,0.0,0.0
9951,2020,Unincorporate,0.0,0.0
9952,2020,Unincorporate,0.0,0.0
9953,2020,Unincorporate,0.0,0.0
9954,2020,Unincorporate,0.0,0.0
9955,2020,Unincorporate,201.0,0.3257074051776038
9956,2020,Unincorporate,1.0,0.007465382299819386
9957,2020,Unincorporate,1.0,0.007465382299819386
9958,2020,Unincorporate,0.0,0.0
9959,2020,Unincorporate,14.0,0.098314268512944
9960,2020,Unincorporate,0.0,0.0
9961,2020,Unincorporate,0.0,0.0
9962,2020,Unincorporate,0.0,0.0
9963,2020,Unincorporate,0.0,0.0
9964,2020,Unincorporate,0.0,0.0
9965,2020,Unincorporate,0.0,0.0
9966,2020,Unincorporate,0.0,0.0
9967,2020,Unincorporate,0.0,0.0
9968,2020,Unincorporate,0.0,0.0
9969,2020,Unincorporate,0.0,0.0
9970,2020,Unincorporate,0.0,0.0
9971,2020,Unincorporate,81.0,0.24641782059000603
9972,2020,Unincorporate,34.0,0.17146297411198075
9973,2020,Unincorporate,0.0,0.0
9974,2020,Unincorporate,0.0,0.0
9975,2020,Unincorporate,151.0,0.2995183624322697
9976,2020,Unincorporate,2.0,0.021763997591812162
9977,2020,Unincorporate,3.0,0.033564118001204096
9978,2020,Unincorporate,151.0,0.2995183624322697
9979,2020,Unincorporate,34.0,0.17146297411198075
9980,2020,Unincorporate,0.0,0.0
9981,2020,Unincorporate,2.0,0.021763997591812162
9982,2020,Unincorporate,0.0,0.0
9983,2020,Unincorporate,0.0,0.0
9984,2020,Unincorporate,151.0,0.2995183624322697
9985,2020,Unincorporate,0.0,0.0
9986,2020,Unincorporate,0.0,0.0
9987,2020,Unincorporate,0.0,0.0
9988,2020,Unincorporate,29.0,0.16047561709813365
9989,2020,Unincorporate,29.0,0.16047561709813365
9990,2020,Unincorporate,0.0,0.0
9991,2020,Unincorporate,1.0,0.007465382299819386
9992,2020,Unincorporate,0.0,0.0
9993,2020,Unincorporate,0.0,0.0
9994,2020,Unincorporate,0.0,0.0
9995,2020,Unincorporate,0.0,0.0
9996,2020,Unincorporate,155.0,0.30237808549066825
9997,2020,Unincorporate,34.0,0.17146297411198075
9998,2020,Unincorporate,30.0,0.1627031908488862
9999,2020,Unincorporate,34.0,0.17146297411198075
10000,2020,Unincorporate,0.0,0.0
10001,2020,Unincorporate,0.0,0.0
10002,2020,Unincorporate,0.0,0.0
10003,2020,Unincorporate,0.0,0.0
10004,2020,Unincorporate,0.0,0.0
10005,2020,Unincorporate,34.0,0.17146297411198075
10006,2020,Unincorporate,29.0,0.16047561709813365
10007,2020,Unincorporate,0.0,0.0
10008,2020,Unincorporate,151.0,0.2995183624322697
10009,2020,Unincorporate,1.0,0.007465382299819386
10010,2020,Unincorporate,0.0,0.0
10011,2020,Unincorporate,151.0,0.2995183624322697
10012,2851,Unincorporate,0.0,0.0
10013,2851,Unincorporate,0.0,0.0
10014,2851,Unincorporate,0.0,0.0
10015,2851,Unincorporate,7.0,0.06303431667670079
10016,2851,Unincorporate,155.0,0.30237808549066825
10017,2851,Unincorporate,8.0,0.06815171583383504
10018,2851,Unincorporate,0.0,0.0
10019,2851,Unincorporate,12.0,0.08880192655027092
10020,2851,Unincorporate,6.0,0.05770620108368453
10021,2851,Unincorporate,0.0,0.0
10022,2851,Unincorporate,7.0,0.06303431667670079
10023,2851,Unincorporate,37.0,0.1790487658037327
10024,2851,Unincorporate,159.0,0.30421432871764
10025,2851,Unincorporate,0.0,0.0
10026,2851,Unincorporate,0.0,0.0
10027,2851,Unincorporate,0.0,0.0
10028,2851,Unincorporate,0.0,0.0
10029,2851,Unincorporate,0.0,0.0
10030,2851,Unincorporate,6.0,0.05770620108368453
10031,2851,Unincorporate,0.0,0.0
10032,2851,Unincorporate,0.0,0.0
10033,2851,Unincorporate,0.0,0.0
10034,2851,Unincorporate,0.0,0.0
10035,2020,Unincorporate,155.0,0.30237808549066825
10036,2851,Unincorporate,28.0,0.15755568934376882
10037,2851,Unincorporate,155.0,0.30237808549066825
10038,2851,Unincorporate,0.0,0.0
10039,2851,Unincorporate,0.0,0.0
10040,2851,Unincorporate,7.0,0.06303431667670079
10041,2851,Unincorporate,0.0,0.0
10042,2851,Unincorporate,0.0,0.0
10043,2851,Unincorporate,0.0,0.0
10044,2851,Unincorporate,2.0,0.021763997591812162
10045,2851,Unincorporate,306.0,0.3645394340758579
10046,2851,Unincorporate,0.0,0.0
10047,2851,Unincorporate,0.0,0.0
10048,2851,Unincorporate,0.0,0.0
10049,2851,Unincorporate,0.0,0.0
10050,2851,Unincorporate,0.0,0.0
10051,2851,Unincorporate,0.0,0.0
10052,2851,Unincorporate,0.0,0.0
10053,2851,Unincorporate,0.0,0.0
10054,2851,Unincorporate,0.0,0.0
10055,2851,Unincorporate,0.0,0.0
10056,2851,Unincorporate,9.0,0.07393136664659844
10057,2851,Unincorporate,0.0,0.0
10058,2851,Unincorporate,0.0,0.0
10059,2851,Unincorporate,0.0,0.0
10060,2851,Unincorporate,0.0,0.0
10061,2851,Unincorporate,0.0,0.0
10062,2832,Unincorporate,12.0,0.08880192655027092
10063,2832,Unincorporate,21.0,0.1343467790487658
10064,2832,Unincorporate,0.0,0.0
10065,2832,Unincorporate,0.0,0.0
10066,2832,Unincorporate,0.0,0.0
10067,2832,Unincorporate,0.0,0.0
10068,2832,Unincorporate,0.0,0.0
10069,2832,Unincorporate,0.0,0.0
10070,2832,Unincorporate,0.0,0.0
10071,2838,Unincorporate,0.0,0.0
10072,2838,Unincorporate,0.0,0.0
10073,2838,Unincorporate,0.0,0.0
10074,2838,Unincorporate,0.0,0.0
10075,2854,Unincorporate,0.0,0.0
10076,2854,Unincorporate,0.0,0.0
10077,2854,Unincorporate,0.0,0.0
10078,2854,Unincorporate,0.0,0.0
10079,2854,Unincorporate,0.0,0.0
10080,2854,Unincorporate,0.0,0.0
10081,2854,Unincorporate,0.0,0.0
10082,255,Clovis,472.0,0.4152919927754365
10083,255,Clovis,513.0,0.427423239012643
10084,258,Clovis,239.0,0.34229379891631545
10085,258,Clovis,144.0,0.2942805538832029
10086,258,Clovis,193.0,0.32329921733895245
10087,134,Clovis,8342.0,0.9467790487658038
10088,134,Clovis,5546.0,0.9011438892233594
10089,134,Clovis,4211.0,0.8556291390728477
10090,134,Clovis,9345.0,0.9549668874172186
10091,134,Clovis,9210.0,0.9540638169777242
10092,149,Clovis,8998.0,0.952739313666466
10093,149,Clovis,9188.0,0.9539434075857917
10094,149,Clovis,3252.0,0.8090006020469597
10095,153,Clovis,1984.0,0.6903371462974112
10096,153,Clovis,2079.0,0.7029199277543648
10097,153,Clovis,1985.0,0.6905177603853101
10098,153,Clovis,1847.0,0.6719145093317279
10099,153,Clovis,1053.0,0.5426550270921132
10100,164,Clovis,1494.0,0.622787477423239
10101,164,Clovis,1925.0,0.6833232992173389
10102,164,Clovis,2051.0,0.6986754966887417
10103,164,Clovis,3233.0,0.8078266104756171
10104,2851,Unincorporate,0.0,0.0
10105,2851,Unincorporate,0.0,0.0
10106,2851,Unincorporate,0.0,0.0
10107,2851,Unincorporate,4.0,0.04298615291992775
10108,2851,Unincorporate,2.0,0.021763997591812162
10109,2851,Unincorporate,0.0,0.0
10110,2851,Unincorporate,0.0,0.0
10111,2851,Unincorporate,0.0,0.0
10112,2851,Unincorporate,0.0,0.0
10113,2851,Unincorporate,0.0,0.0
10114,2851,Unincorporate,56.0,0.21694762191450934
10115,2851,Unincorporate,0.0,0.0
10116,2851,Unincorporate,0.0,0.0
10117,2851,Unincorporate,0.0,0.0
10118,2851,Unincorporate,0.0,0.0
10119,2851,Unincorporate,151.0,0.2995183624322697
10120,2851,Unincorporate,0.0,0.0
10121,2851,Unincorporate,6.0,0.05770620108368453
10122,2851,Unincorporate,0.0,0.0
10123,2851,Unincorporate,4.0,0.04298615291992775
10124,2851,Unincorporate,0.0,0.0
10125,2851,Unincorporate,0.0,0.0
10126,2851,Unincorporate,0.0,0.0
10127,2851,Unincorporate,0.0,0.0
10128,2851,Unincorporate,0.0,0.0
10129,2851,Unincorporate,0.0,0.0
10130,2851,Unincorporate,7.0,0.06303431667670079
10131,2851,Unincorporate,0.0,0.0
10132,2851,Unincorporate,0.0,0.0
10133,2851,Unincorporate,0.0,0.0
10134,2851,Unincorporate,0.0,0.0
10135,2851,Unincorporate,0.0,0.0
10136,2851,Unincorporate,2.0,0.021763997591812162
10137,2851,Unincorporate,0.0,0.0
10138,2851,Unincorporate,0.0,0.0
10139,2851,Unincorporate,18.0,0.11815171583383503
10140,2851,Unincorporate,28.0,0.15755568934376882
10141,2851,Unincorporate,0.0,0.0
10142,2851,Unincorporate,0.0,0.0
10143,2851,Unincorporate,0.0,0.0
10144,2851,Unincorporate,0.0,0.0
10145,2851,Unincorporate,155.0,0.30237808549066825
10146,2851,Unincorporate,7.0,0.06303431667670079
10147,2851,Unincorporate,0.0,0.0
10148,2851,Unincorporate,0.0,0.0
10149,2851,Unincorporate,1.0,0.007465382299819386
10150,2851,Unincorporate,6.0,0.05770620108368453
10151,2851,Unincorporate,0.0,0.0
10152,2851,Unincorporate,0.0,0.0
10153,2851,Unincorporate,0.0,0.0
10154,2851,Unincorporate,16.0,0.10885009030704396
10155,2851,Unincorporate,4.0,0.04298615291992775
10156,2851,Unincorporate,0.0,0.0
10157,2851,Unincorporate,151.0,0.2995183624322697
10158,2851,Unincorporate,0.0,0.0
10159,2161,Unincorporate,0.0,0.0
10160,2161,Unincorporate,3.0,0.033564118001204096
10161,2161,Unincorporate,45.0,0.1942203491872366
10162,2161,Unincorporate,45.0,0.1942203491872366
10163,2161,Unincorporate,90.0,0.2554184226369657
10164,2161,Unincorporate,45.0,0.1942203491872366
10165,2161,Unincorporate,63.0,0.22600842865743528
10166,2161,Unincorporate,0.0,0.0
10167,2161,Unincorporate,0.0,0.0
10168,2161,Unincorporate,0.0,0.0
10169,2161,Unincorporate,45.0,0.1942203491872366
10170,2161,Unincorporate,0.0,0.0
10171,2161,Unincorporate,0.0,0.0
10172,2161,Unincorporate,20.0,0.1290487658037327
10173,2161,Unincorporate,8.0,0.06815171583383504
10174,2161,Unincorporate,10.0,0.07874774232390126
10175,2161,Unincorporate,45.0,0.1942203491872366
10176,2161,Unincorporate,0.0,0.0
10177,2161,Unincorporate,0.0,0.0
10178,2161,Unincorporate,5.0,0.050752558699578565
10179,2161,Unincorporate,45.0,0.1942203491872366
10180,2161,Unincorporate,10.0,0.07874774232390126
10181,2161,Unincorporate,0.0,0.0
10182,2161,Unincorporate,0.0,0.0
10183,2161,Unincorporate,45.0,0.1942203491872366
10184,2161,Unincorporate,62.0,0.22441300421432872
10185,2161,Unincorporate,0.0,0.0
10186,2161,Unincorporate,0.0,0.0
10187,2161,Unincorporate,0.0,0.0
10188,2161,Unincorporate,10.0,0.07874774232390126
10189,2161,Unincorporate,8.0,0.06815171583383504
10190,2161,Unincorporate,0.0,0.0
10191,2161,Unincorporate,0.0,0.0
10192,2161,Unincorporate,0.0,0.0
10193,2161,Unincorporate,0.0,0.0
10194,2161,Unincorporate,0.0,0.0
10195,2161,Unincorporate,3.0,0.033564118001204096
10196,2161,Unincorporate,0.0,0.0
10197,2161,Unincorporate,0.0,0.0
10198,2161,Unincorporate,10.0,0.07874774232390126
10199,2161,Unincorporate,45.0,0.1942203491872366
10200,2161,Unincorporate,0.0,0.0
10201,2161,Unincorporate,45.0,0.1942203491872366
10202,2161,Unincorporate,0.0,0.0
10203,2161,Unincorporate,0.0,0.0
10204,2162,Unincorporate,45.0,0.1942203491872366
10205,2162,Unincorporate,53.0,0.21080674292594823
10206,2162,Unincorporate,50.0,0.20463576158940397
10207,2162,Unincorporate,0.0,0.0
10208,2162,Unincorporate,52.0,0.20875978326309452
10209,2162,Unincorporate,5.0,0.050752558699578565
10210,2162,Unincorporate,50.0,0.20463576158940397
10211,2162,Unincorporate,45.0,0.1942203491872366
10212,2162,Unincorporate,90.0,0.2554184226369657
10213,2162,Unincorporate,45.0,0.1942203491872366
10214,2162,Unincorporate,45.0,0.1942203491872366
10215,2162,Unincorporate,45.0,0.1942203491872366
10216,2162,Unincorporate,0.0,0.0
10217,2162,Unincorporate,0.0,0.0
10218,2162,Unincorporate,10.0,0.07874774232390126
10219,2162,Unincorporate,47.0,0.19861529199277544
10220,2162,Unincorporate,45.0,0.1942203491872366
10221,2162,Unincorporate,0.0,0.0
10222,2162,Unincorporate,5.0,0.050752558699578565
10223,2162,Unincorporate,5.0,0.050752558699578565
10224,2162,Unincorporate,45.0,0.1942203491872366
10225,2162,Unincorporate,15.0,0.10361228175797713
10226,2162,Unincorporate,45.0,0.1942203491872366
10227,2162,Unincorporate,45.0,0.1942203491872366
10228,2162,Unincorporate,45.0,0.1942203491872366
10229,2162,Unincorporate,0.0,0.0
10230,2162,Unincorporate,45.0,0.1942203491872366
10231,2162,Unincorporate,0.0,0.0
10232,2162,Unincorporate,5.0,0.050752558699578565
10233,2162,Unincorporate,90.0,0.2554184226369657
10234,2162,Unincorporate,45.0,0.1942203491872366
10235,2162,Unincorporate,5.0,0.050752558699578565
10236,2162,Unincorporate,0.0,0.0
10237,2162,Unincorporate,5.0,0.050752558699578565
10238,2162,Unincorporate,0.0,0.0
10239,2162,Unincorporate,10.0,0.07874774232390126
10240,2162,Unincorporate,45.0,0.1942203491872366
10241,2162,Unincorporate,62.0,0.22441300421432872
10242,2162,Unincorporate,45.0,0.1942203491872366
10243,2162,Unincorporate,51.0,0.20695364238410596
10244,2162,Unincorporate,45.0,0.1942203491872366
10245,2164,Unincorporate,0.0,0.0
10246,2164,Unincorporate,0.0,0.0
10247,2164,Unincorporate,0.0,0.0
10248,2164,Unincorporate,0.0,0.0
10249,2164,Unincorporate,0.0,0.0
10250,2164,Unincorporate,0.0,0.0
10251,2164,Unincorporate,0.0,0.0
10252,2164,Unincorporate,0.0,0.0
10253,2164,Unincorporate,0.0,0.0
10254,2164,Unincorporate,0.0,0.0
10255,2164,Unincorporate,0.0,0.0
10256,2164,Unincorporate,0.0,0.0
10257,2164,Unincorporate,0.0,0.0
10258,2164,Unincorporate,0.0,0.0
10259,2164,Unincorporate,0.0,0.0
10260,2164,Unincorporate,0.0,0.0
10261,2164,Unincorporate,0.0,0.0
10262,2021,Unincorporate,285.0,0.3580975316074654
10263,2021,Unincorporate,153.0,0.30090307043949427
10264,2021,Unincorporate,26.0,0.1517760385310054
10265,2021,Unincorporate,0.0,0.0
10266,2021,Unincorporate,0.0,0.0
10267,2021,Unincorporate,0.0,0.0
10268,2021,Unincorporate,0.0,0.0
10269,2021,Unincorporate,0.0,0.0
10270,2021,Unincorporate,0.0,0.0
10271,2021,Unincorporate,5.0,0.050752558699578565
10272,2021,Unincorporate,14.0,0.098314268512944
10273,2021,Unincorporate,0.0,0.0
10274,2021,Unincorporate,4.0,0.04298615291992775
10275,2021,Unincorporate,5.0,0.050752558699578565
10276,2021,Unincorporate,2.0,0.021763997591812162
10277,2021,Unincorporate,0.0,0.0
10278,2021,Unincorporate,2170.0,0.7158940397350994
10279,2021,Unincorporate,0.0,0.0
10280,2021,Unincorporate,0.0,0.0
10281,2021,Unincorporate,0.0,0.0
10282,2021,Unincorporate,0.0,0.0
10283,2021,Unincorporate,0.0,0.0
10284,2021,Unincorporate,2.0,0.021763997591812162
10285,2021,Unincorporate,0.0,0.0
10286,2021,Unincorporate,358.0,0.3793798916315473
10287,2021,Unincorporate,0.0,0.0
10288,2021,Unincorporate,0.0,0.0
10289,2021,Unincorporate,0.0,0.0
10290,2021,Unincorporate,0.0,0.0
10291,2021,Unincorporate,1.0,0.007465382299819386
10292,2021,Unincorporate,0.0,0.0
10293,2021,Unincorporate,0.0,0.0
10294,2021,Unincorporate,1.0,0.007465382299819386
10295,2021,Unincorporate,0.0,0.0
10296,2021,Unincorporate,1.0,0.007465382299819386
10297,2021,Unincorporate,0.0,0.0
10298,2021,Unincorporate,0.0,0.0
10299,2827,Unincorporate,20.0,0.1290487658037327
10300,2827,Unincorporate,0.0,0.0
10301,2827,Unincorporate,0.0,0.0
10302,2827,Unincorporate,70.0,0.23573148705599037
10303,2827,Unincorporate,103.0,0.26745936183022273
10304,2827,Unincorporate,0.0,0.0
10305,2827,Unincorporate,103.0,0.26745936183022273
10306,2827,Unincorporate,0.0,0.0
10307,2821,Unincorporate,0.0,0.0
10308,2821,Unincorporate,0.0,0.0
10309,2821,Unincorporate,5.0,0.050752558699578565
10310,2821,Unincorporate,0.0,0.0
10311,2821,Unincorporate,0.0,0.0
10312,2821,Unincorporate,14.0,0.098314268512944
10313,2821,Unincorporate,380.0,0.3863937387116195
10314,2821,Unincorporate,42.0,0.18895243829018663
10315,2823,Unincorporate,0.0,0.0
10316,2823,Unincorporate,0.0,0.0
10317,2823,Unincorporate,0.0,0.0
10318,2823,Unincorporate,0.0,0.0
10319,2823,Unincorporate,0.0,0.0
10320,2823,Unincorporate,0.0,0.0
10321,2823,Unincorporate,19.0,0.12332931968693558
10322,2823,Unincorporate,0.0,0.0
10323,2825,Unincorporate,0.0,0.0
10324,2825,Unincorporate,0.0,0.0
10325,2825,Unincorporate,0.0,0.0
10326,2825,Unincorporate,2.0,0.021763997591812162
10327,2825,Unincorporate,1.0,0.007465382299819386
10328,2825,Unincorporate,19.0,0.12332931968693558
10329,2825,Unincorporate,6.0,0.05770620108368453
10330,2825,Unincorporate,0.0,0.0
10331,2825,Unincorporate,0.0,0.0
10332,2825,Unincorporate,0.0,0.0
10333,2825,Unincorporate,2.0,0.021763997591812162
10334,2825,Unincorporate,5.0,0.050752558699578565
10335,2825,Unincorporate,1.0,0.007465382299819386
10336,2825,Unincorporate,0.0,0.0
10337,2825,Unincorporate,0.0,0.0
10338,2825,Unincorporate,115.0,0.2762492474413004
10339,2825,Unincorporate,0.0,0.0
10340,2825,Unincorporate,9.0,0.07393136664659844
10341,2825,Unincorporate,14.0,0.098314268512944
10342,2825,Unincorporate,28.0,0.15755568934376882
10343,2825,Unincorporate,1.0,0.007465382299819386
10344,2825,Unincorporate,0.0,0.0
10345,2825,Unincorporate,0.0,0.0
10346,2825,Unincorporate,0.0,0.0
10347,2825,Unincorporate,0.0,0.0
10348,2825,Unincorporate,0.0,0.0
10349,2825,Unincorporate,0.0,0.0
10350,2825,Unincorporate,0.0,0.0
10351,2825,Unincorporate,0.0,0.0
10352,2825,Unincorporate,0.0,0.0
10353,2825,Unincorporate,0.0,0.0
10354,2825,Unincorporate,1.0,0.007465382299819386
10355,2825,Unincorporate,1.0,0.007465382299819386
10356,2825,Unincorporate,5.0,0.050752558699578565
10357,2825,Unincorporate,19.0,0.12332931968693558
10358,2825,Unincorporate,115.0,0.2762492474413004
10359,2825,Unincorporate,10.0,0.07874774232390126
10360,2825,Unincorporate,0.0,0.0
10361,2826,Unincorporate,1.0,0.007465382299819386
10362,2826,Unincorporate,0.0,0.0
10363,2826,Unincorporate,0.0,0.0
10364,2826,Unincorporate,0.0,0.0
10365,2826,Unincorporate,0.0,0.0
10366,2826,Unincorporate,1.0,0.007465382299819386
10367,2826,Unincorporate,0.0,0.0
10368,2826,Unincorporate,0.0,0.0
10369,2826,Unincorporate,0.0,0.0
10370,2826,Unincorporate,0.0,0.0
10371,2826,Unincorporate,0.0,0.0
10372,2826,Unincorporate,9.0,0.07393136664659844
10373,2826,Unincorporate,4.0,0.04298615291992775
10374,2826,Unincorporate,2.0,0.021763997591812162
10375,2826,Unincorporate,0.0,0.0
10376,2826,Unincorporate,2.0,0.021763997591812162
10377,2826,Unincorporate,105.0,0.26878386514148106
10378,2826,Unincorporate,0.0,0.0
10379,2826,Unincorporate,17.0,0.11363636363636363
10380,2826,Unincorporate,0.0,0.0
10381,2826,Unincorporate,0.0,0.0
10382,2826,Unincorporate,0.0,0.0
10383,2826,Unincorporate,0.0,0.0
10384,2826,Unincorporate,2.0,0.021763997591812162
10385,2826,Unincorporate,0.0,0.0
10386,2826,Unincorporate,0.0,0.0
10387,2826,Unincorporate,2.0,0.021763997591812162
10388,2826,Unincorporate,4.0,0.04298615291992775
10389,2826,Unincorporate,0.0,0.0
10390,2826,Unincorporate,0.0,0.0
10391,2826,Unincorporate,0.0,0.0
10392,2826,Unincorporate,0.0,0.0
10393,2826,Unincorporate,0.0,0.0
10394,2826,Unincorporate,3.0,0.033564118001204096
10395,2826,Unincorporate,0.0,0.0
10396,2826,Unincorporate,52.0,0.20875978326309452
10397,2826,Unincorporate,104.0,0.267940999397953
10398,2826,Unincorporate,0.0,0.0
10399,2826,Unincorporate,2.0,0.021763997591812162
10400,2824,Unincorporate,0.0,0.0
10401,2824,Unincorporate,0.0,0.0
10402,2824,Unincorporate,6.0,0.05770620108368453
10403,2824,Unincorporate,0.0,0.0
10404,2824,Unincorporate,0.0,0.0
10405,2824,Unincorporate,0.0,0.0
10406,2824,Unincorporate,0.0,0.0
10407,2824,Unincorporate,0.0,0.0
10408,2824,Unincorporate,0.0,0.0
10409,2824,Unincorporate,0.0,0.0
10410,2824,Unincorporate,0.0,0.0
10411,2824,Unincorporate,1.0,0.007465382299819386
10412,2824,Unincorporate,0.0,0.0
10413,2824,Unincorporate,0.0,0.0
10414,2824,Unincorporate,0.0,0.0
10415,2824,Unincorporate,7.0,0.06303431667670079
10416,2824,Unincorporate,0.0,0.0
10417,2824,Unincorporate,0.0,0.0
10418,2824,Unincorporate,1.0,0.007465382299819386
10419,2824,Unincorporate,0.0,0.0
10420,2824,Unincorporate,0.0,0.0
10421,2824,Unincorporate,0.0,0.0
10422,2824,Unincorporate,17.0,0.11363636363636363
10423,2828,Unincorporate,0.0,0.0
10424,2828,Unincorporate,1.0,0.007465382299819386
10425,2828,Unincorporate,6.0,0.05770620108368453
10426,2828,Unincorporate,0.0,0.0
10427,2828,Unincorporate,0.0,0.0
10428,2828,Unincorporate,0.0,0.0
10429,2828,Unincorporate,8.0,0.06815171583383504
10430,2828,Unincorporate,0.0,0.0
10431,2828,Unincorporate,0.0,0.0
10432,2828,Unincorporate,0.0,0.0
10433,2828,Unincorporate,2.0,0.021763997591812162
10434,2828,Unincorporate,3.0,0.033564118001204096
10435,2831,Unincorporate,0.0,0.0
10436,2831,Unincorporate,0.0,0.0
10437,2831,Unincorporate,0.0,0.0
10438,2831,Unincorporate,0.0,0.0
10439,2831,Unincorporate,0.0,0.0
10440,2831,Unincorporate,4.0,0.04298615291992775
10441,2831,Unincorporate,0.0,0.0
10442,2831,Unincorporate,0.0,0.0
10443,2831,Unincorporate,0.0,0.0
10444,2831,Unincorporate,0.0,0.0
10445,2831,Unincorporate,0.0,0.0
10446,2831,Unincorporate,0.0,0.0
10447,2831,Unincorporate,14.0,0.098314268512944
10448,2831,Unincorporate,0.0,0.0
10449,2831,Unincorporate,0.0,0.0
10450,2831,Unincorporate,0.0,0.0
10451,2831,Unincorporate,0.0,0.0
10452,2831,Unincorporate,0.0,0.0
10453,2785,Unincorporate,0.0,0.0
10454,2785,Unincorporate,0.0,0.0
10455,2785,Unincorporate,0.0,0.0
10456,2830,Unincorporate,0.0,0.0
10457,2830,Unincorporate,0.0,0.0
10458,2830,Unincorporate,0.0,0.0
10459,2830,Unincorporate,0.0,0.0
10460,2830,Unincorporate,0.0,0.0
10461,2830,Unincorporate,0.0,0.0
10462,2830,Unincorporate,4.0,0.04298615291992775
10463,2830,Unincorporate,0.0,0.0
10464,2830,Unincorporate,0.0,0.0
10465,2830,Unincorporate,0.0,0.0
10466,2830,Unincorporate,0.0,0.0
10467,2830,Unincorporate,0.0,0.0
10468,2830,Unincorporate,0.0,0.0
10469,2828,Unincorporate,2.0,0.021763997591812162
10470,2830,Unincorporate,8.0,0.06815171583383504
10471,2830,Unincorporate,0.0,0.0
10472,2830,Unincorporate,0.0,0.0
10473,2830,Unincorporate,3.0,0.033564118001204096
10474,2832,Unincorporate,19.0,0.12332931968693558
10475,2832,Unincorporate,0.0,0.0
10476,2832,Unincorporate,0.0,0.0
10477,2832,Unincorporate,0.0,0.0
10478,2832,Unincorporate,0.0,0.0
10479,2832,Unincorporate,10.0,0.07874774232390126
10480,2832,Unincorporate,15.0,0.10361228175797713
10481,2832,Unincorporate,54.0,0.21351595424443107
10482,2832,Unincorporate,19.0,0.12332931968693558
10483,2832,Unincorporate,0.0,0.0
10484,2832,Unincorporate,0.0,0.0
10485,2832,Unincorporate,0.0,0.0
10486,2832,Unincorporate,0.0,0.0
10487,2832,Unincorporate,0.0,0.0
10488,2832,Unincorporate,0.0,0.0
10489,2832,Unincorporate,0.0,0.0
10490,2832,Unincorporate,0.0,0.0
10491,2832,Unincorporate,39.0,0.18323299217338954
10492,2832,Unincorporate,0.0,0.0
10493,2832,Unincorporate,0.0,0.0
10494,2832,Unincorporate,0.0,0.0
10495,2832,Unincorporate,0.0,0.0
10496,2832,Unincorporate,0.0,0.0
10497,2832,Unincorporate,0.0,0.0
10498,2832,Unincorporate,0.0,0.0
10499,2832,Unincorporate,0.0,0.0
10500,2832,Unincorporate,15.0,0.10361228175797713
10501,2832,Unincorporate,0.0,0.0
10502,2832,Unincorporate,466.0,0.41351595424443105
10503,2832,Unincorporate,21.0,0.1343467790487658
10504,2832,Unincorporate,35.0,0.17357013847080072
10505,2832,Unincorporate,15.0,0.10361228175797713
10506,2832,Unincorporate,30.0,0.1627031908488862
10507,2832,Unincorporate,0.0,0.0
10508,2832,Unincorporate,0.0,0.0
10509,2832,Unincorporate,0.0,0.0
10510,2832,Unincorporate,0.0,0.0
10511,2832,Unincorporate,21.0,0.1343467790487658
10512,2832,Unincorporate,0.0,0.0
10513,2832,Unincorporate,0.0,0.0
10514,2832,Unincorporate,15.0,0.10361228175797713
10515,2832,Unincorporate,0.0,0.0
10516,2832,Unincorporate,932.0,0.5202287778446719
10517,2832,Unincorporate,12.0,0.08880192655027092
10518,2832,Unincorporate,466.0,0.41351595424443105
10519,2832,Unincorporate,24.0,0.1451234196267309
10520,2832,Unincorporate,9.0,0.07393136664659844
10521,2832,Unincorporate,0.0,0.0
10522,2832,Unincorporate,0.0,0.0
10523,2832,Unincorporate,466.0,0.41351595424443105
10524,2832,Unincorporate,0.0,0.0
10525,2832,Unincorporate,15.0,0.10361228175797713
10526,2832,Unincorporate,2.0,0.021763997591812162
10527,2832,Unincorporate,0.0,0.0
10528,2832,Unincorporate,21.0,0.1343467790487658
10529,2832,Unincorporate,0.0,0.0
10530,2832,Unincorporate,0.0,0.0
10531,2832,Unincorporate,0.0,0.0
10532,2832,Unincorporate,55.0,0.21559301625526792
10533,2832,Unincorporate,0.0,0.0
10534,2832,Unincorporate,0.0,0.0
10535,2832,Unincorporate,0.0,0.0
10536,2832,Unincorporate,0.0,0.0
10537,2832,Unincorporate,0.0,0.0
10538,2832,Unincorporate,0.0,0.0
10539,2832,Unincorporate,0.0,0.0
10540,2832,Unincorporate,0.0,0.0
10541,2832,Unincorporate,0.0,0.0
10542,2832,Unincorporate,0.0,0.0
10543,2832,Unincorporate,0.0,0.0
10544,2832,Unincorporate,21.0,0.1343467790487658
10545,2832,Unincorporate,0.0,0.0
10546,2832,Unincorporate,21.0,0.1343467790487658
10547,2832,Unincorporate,0.0,0.0
10548,2832,Unincorporate,24.0,0.1451234196267309
10549,2832,Unincorporate,30.0,0.1627031908488862
10550,2832,Unincorporate,2.0,0.021763997591812162
10551,2832,Unincorporate,0.0,0.0
10552,2832,Unincorporate,0.0,0.0
10553,2832,Unincorporate,0.0,0.0
10554,2832,Unincorporate,15.0,0.10361228175797713
10555,2832,Unincorporate,15.0,0.10361228175797713
10556,2832,Unincorporate,0.0,0.0
10557,2832,Unincorporate,0.0,0.0
10558,2832,Unincorporate,0.0,0.0
10559,2832,Unincorporate,0.0,0.0
10560,2832,Unincorporate,0.0,0.0
10561,2832,Unincorporate,0.0,0.0
10562,2832,Unincorporate,15.0,0.10361228175797713
10563,2833,Unincorporate,12.0,0.08880192655027092
10564,2833,Unincorporate,0.0,0.0
10565,2833,Unincorporate,10.0,0.07874774232390126
10566,2833,Unincorporate,12.0,0.08880192655027092
10567,2834,Unincorporate,0.0,0.0
10568,2834,Unincorporate,88.0,0.25343166767007824
10569,2834,Unincorporate,0.0,0.0
10570,2834,Unincorporate,88.0,0.25343166767007824
10571,2834,Unincorporate,12.0,0.08880192655027092
10572,2834,Unincorporate,6.0,0.05770620108368453
10573,2834,Unincorporate,0.0,0.0
10574,2834,Unincorporate,28.0,0.15755568934376882
10575,2834,Unincorporate,1.0,0.007465382299819386
10576,2834,Unincorporate,0.0,0.0
10577,2834,Unincorporate,0.0,0.0
10578,2834,Unincorporate,3.0,0.033564118001204096
10579,2834,Unincorporate,26.0,0.1517760385310054
10580,2834,Unincorporate,88.0,0.25343166767007824
10581,2834,Unincorporate,0.0,0.0
10582,2834,Unincorporate,3.0,0.033564118001204096
10583,2834,Unincorporate,0.0,0.0
10584,2834,Unincorporate,0.0,0.0
10585,2834,Unincorporate,0.0,0.0
10586,2834,Unincorporate,0.0,0.0
10587,2834,Unincorporate,12.0,0.08880192655027092
10588,2834,Unincorporate,0.0,0.0
10589,2834,Unincorporate,176.0,0.31315472606863337
10590,2834,Unincorporate,0.0,0.0
10591,2834,Unincorporate,41.0,0.18741721854304635
10592,2834,Unincorporate,2.0,0.021763997591812162
10593,2834,Unincorporate,466.0,0.41351595424443105
10594,2834,Unincorporate,0.0,0.0
10595,2834,Unincorporate,88.0,0.25343166767007824
10596,2834,Unincorporate,31.0,0.1650812763395545
10597,2834,Unincorporate,6.0,0.05770620108368453
10598,2834,Unincorporate,0.0,0.0
10599,2834,Unincorporate,0.0,0.0
10600,2834,Unincorporate,12.0,0.08880192655027092
10601,2834,Unincorporate,7.0,0.06303431667670079
10602,2834,Unincorporate,12.0,0.08880192655027092
10603,2834,Unincorporate,0.0,0.0
10604,2834,Unincorporate,27.0,0.15460565924142083
10605,2834,Unincorporate,0.0,0.0
10606,2834,Unincorporate,0.0,0.0
10607,2834,Unincorporate,0.0,0.0
10608,2834,Unincorporate,1.0,0.007465382299819386
10609,2834,Unincorporate,4.0,0.04298615291992775
10610,2834,Unincorporate,1.0,0.007465382299819386
10611,2834,Unincorporate,3.0,0.033564118001204096
10612,2834,Unincorporate,24.0,0.1451234196267309
10613,2834,Unincorporate,37.0,0.1790487658037327
10614,2834,Unincorporate,0.0,0.0
10615,2836,Unincorporate,0.0,0.0
10616,2836,Unincorporate,0.0,0.0
10617,2836,Unincorporate,0.0,0.0
10618,2836,Unincorporate,0.0,0.0
10619,2836,Unincorporate,0.0,0.0
10620,2836,Unincorporate,2.0,0.021763997591812162
10621,2836,Unincorporate,0.0,0.0
10622,2836,Unincorporate,0.0,0.0
10623,2836,Unincorporate,0.0,0.0
10624,2836,Unincorporate,0.0,0.0
10625,2836,Unincorporate,0.0,0.0
10626,2836,Unincorporate,33.0,0.16887417218543047
10627,2836,Unincorporate,0.0,0.0
10628,2836,Unincorporate,0.0,0.0
10629,2836,Unincorporate,0.0,0.0
10630,2836,Unincorporate,1.0,0.007465382299819386
10631,2836,Unincorporate,0.0,0.0
10632,2836,Unincorporate,24.0,0.1451234196267309
10633,2836,Unincorporate,0.0,0.0
10634,2837,Unincorporate,2.0,0.021763997591812162
10635,2837,Unincorporate,26.0,0.1517760385310054
10636,2837,Unincorporate,1.0,0.007465382299819386
10637,2837,Unincorporate,35.0,0.17357013847080072
10638,2837,Unincorporate,0.0,0.0
10639,2837,Unincorporate,0.0,0.0
10640,2837,Unincorporate,1.0,0.007465382299819386
10641,2837,Unincorporate,0.0,0.0
10642,2837,Unincorporate,0.0,0.0
10643,2837,Unincorporate,0.0,0.0
10644,2837,Unincorporate,0.0,0.0
10645,2837,Unincorporate,4.0,0.04298615291992775
10646,2171,Unincorporate,1.0,0.007465382299819386
10647,2171,Unincorporate,0.0,0.0
10648,2171,Unincorporate,0.0,0.0
10649,2171,Unincorporate,0.0,0.0
10650,2171,Unincorporate,85.0,0.2503010234798314
10651,2171,Unincorporate,8.0,0.06815171583383504
10652,2171,Unincorporate,119.0,0.27934978928356413
10653,2171,Unincorporate,0.0,0.0
10654,2171,Unincorporate,4.0,0.04298615291992775
10655,2171,Unincorporate,0.0,0.0
10656,2171,Unincorporate,2.0,0.021763997591812162
10657,2171,Unincorporate,0.0,0.0
10658,2171,Unincorporate,0.0,0.0
10659,2171,Unincorporate,0.0,0.0
10660,2171,Unincorporate,4.0,0.04298615291992775
10661,2171,Unincorporate,0.0,0.0
10662,2171,Unincorporate,0.0,0.0
10663,2171,Unincorporate,0.0,0.0
10664,2171,Unincorporate,0.0,0.0
10665,2171,Unincorporate,4.0,0.04298615291992775
10666,2171,Unincorporate,0.0,0.0
10667,2171,Unincorporate,158.0,0.3039735099337748
10668,2171,Unincorporate,0.0,0.0
10669,2171,Unincorporate,12.0,0.08880192655027092
10670,2171,Unincorporate,0.0,0.0
10671,2171,Unincorporate,0.0,0.0
10672,2171,Unincorporate,0.0,0.0
10673,2171,Unincorporate,14.0,0.098314268512944
10674,2835,Unincorporate,18.0,0.11815171583383503
10675,2835,Unincorporate,0.0,0.0
10676,2835,Unincorporate,30.0,0.1627031908488862
10677,2835,Unincorporate,2.0,0.021763997591812162
10678,2835,Unincorporate,2.0,0.021763997591812162
10679,2835,Unincorporate,0.0,0.0
10680,2835,Unincorporate,15.0,0.10361228175797713
10681,2835,Unincorporate,0.0,0.0
10682,2835,Unincorporate,0.0,0.0
10683,2835,Unincorporate,0.0,0.0
10684,2835,Unincorporate,0.0,0.0
10685,2835,Unincorporate,0.0,0.0
10686,2835,Unincorporate,2.0,0.021763997591812162
10687,2835,Unincorporate,26.0,0.1517760385310054
10688,2835,Unincorporate,0.0,0.0
10689,2835,Unincorporate,0.0,0.0
10690,2835,Unincorporate,0.0,0.0
10691,2835,Unincorporate,88.0,0.25343166767007824
10692,2835,Unincorporate,0.0,0.0
10693,2835,Unincorporate,0.0,0.0
10694,2835,Unincorporate,0.0,0.0
10695,2835,Unincorporate,0.0,0.0
10696,2835,Unincorporate,0.0,0.0
10697,2835,Unincorporate,0.0,0.0
10698,2835,Unincorporate,0.0,0.0
10699,2835,Unincorporate,0.0,0.0
10700,2835,Unincorporate,4.0,0.04298615291992775
10701,2835,Unincorporate,13.0,0.09331727874774233
10702,2835,Unincorporate,0.0,0.0
10703,2835,Unincorporate,0.0,0.0
10704,2835,Unincorporate,27.0,0.15460565924142083
10705,2835,Unincorporate,15.0,0.10361228175797713
10706,2835,Unincorporate,15.0,0.10361228175797713
10707,2835,Unincorporate,0.0,0.0
10708,2835,Unincorporate,0.0,0.0
10709,2835,Unincorporate,0.0,0.0
10710,2835,Unincorporate,0.0,0.0
10711,2835,Unincorporate,0.0,0.0
10712,2835,Unincorporate,0.0,0.0
10713,2835,Unincorporate,0.0,0.0
10714,2835,Unincorporate,0.0,0.0
10715,2835,Unincorporate,88.0,0.25343166767007824
10716,2835,Unincorporate,0.0,0.0
10717,2835,Unincorporate,1.0,0.007465382299819386
10718,2835,Unincorporate,0.0,0.0
10719,2835,Unincorporate,1.0,0.007465382299819386
10720,2835,Unincorporate,0.0,0.0
10721,2835,Unincorporate,0.0,0.0
10722,2835,Unincorporate,0.0,0.0
10723,2835,Unincorporate,0.0,0.0
10724,2835,Unincorporate,0.0,0.0
10725,2835,Unincorporate,0.0,0.0
10726,2835,Unincorporate,0.0,0.0
10727,2835,Unincorporate,0.0,0.0
10728,2835,Unincorporate,15.0,0.10361228175797713
10729,2838,Unincorporate,1.0,0.007465382299819386
10730,2838,Unincorporate,24.0,0.1451234196267309
10731,2838,Unincorporate,1.0,0.007465382299819386
10732,2838,Unincorporate,20.0,0.1290487658037327
10733,2838,Unincorporate,0.0,0.0
10734,2838,Unincorporate,0.0,0.0
10735,2838,Unincorporate,2.0,0.021763997591812162
10736,2838,Unincorporate,0.0,0.0
10737,2838,Unincorporate,5.0,0.050752558699578565
10738,2838,Unincorporate,0.0,0.0
10739,2838,Unincorporate,0.0,0.0
10740,2838,Unincorporate,0.0,0.0
10741,2172,Unincorporate,0.0,0.0
10742,2172,Unincorporate,0.0,0.0
10743,2172,Unincorporate,0.0,0.0
10744,2172,Unincorporate,0.0,0.0
10745,2172,Unincorporate,0.0,0.0
10746,2172,Unincorporate,0.0,0.0
10747,2172,Unincorporate,5.0,0.050752558699578565
10748,2172,Unincorporate,0.0,0.0
10749,2172,Unincorporate,0.0,0.0
10750,2172,Unincorporate,0.0,0.0
10751,2172,Unincorporate,3.0,0.033564118001204096
10752,2172,Unincorporate,9.0,0.07393136664659844
10753,2172,Unincorporate,16.0,0.10885009030704396
10754,2172,Unincorporate,0.0,0.0
10755,2172,Unincorporate,2.0,0.021763997591812162
10756,2172,Unincorporate,2.0,0.021763997591812162
10757,2172,Unincorporate,0.0,0.0
10758,2172,Unincorporate,0.0,0.0
10759,2172,Unincorporate,0.0,0.0
10760,2172,Unincorporate,0.0,0.0
10761,2172,Unincorporate,0.0,0.0
10762,2172,Unincorporate,2.0,0.021763997591812162
10763,2172,Unincorporate,5.0,0.050752558699578565
10764,2172,Unincorporate,28.0,0.15755568934376882
10765,2172,Unincorporate,0.0,0.0
10766,2172,Unincorporate,0.0,0.0
10767,2172,Unincorporate,8.0,0.06815171583383504
10768,2172,Unincorporate,9.0,0.07393136664659844
10769,2172,Unincorporate,0.0,0.0
10770,2172,Unincorporate,1.0,0.007465382299819386
10771,2172,Unincorporate,0.0,0.0
10772,2172,Unincorporate,0.0,0.0
10773,2172,Unincorporate,0.0,0.0
10774,2172,Unincorporate,8.0,0.06815171583383504
10775,2172,Unincorporate,0.0,0.0
10776,2172,Unincorporate,2.0,0.021763997591812162
10777,2172,Unincorporate,9.0,0.07393136664659844
10778,2172,Unincorporate,8.0,0.06815171583383504
10779,2172,Unincorporate,2.0,0.021763997591812162
10780,2172,Unincorporate,2.0,0.021763997591812162
10781,2172,Unincorporate,0.0,0.0
10782,2172,Unincorporate,0.0,0.0
10783,2172,Unincorporate,0.0,0.0
10784,2172,Unincorporate,0.0,0.0
10785,2172,Unincorporate,5.0,0.050752558699578565
10786,2172,Unincorporate,5.0,0.050752558699578565
10787,2172,Unincorporate,1.0,0.007465382299819386
10788,2172,Unincorporate,0.0,0.0
10789,2172,Unincorporate,5.0,0.050752558699578565
10790,2172,Unincorporate,5.0,0.050752558699578565
10791,2172,Unincorporate,0.0,0.0
10792,2172,Unincorporate,0.0,0.0
10793,2172,Unincorporate,0.0,0.0
10794,2172,Unincorporate,15.0,0.10361228175797713
10795,2172,Unincorporate,0.0,0.0
10796,2172,Unincorporate,18.0,0.11815171583383503
10797,2172,Unincorporate,0.0,0.0
10798,2172,Unincorporate,0.0,0.0
10799,2172,Unincorporate,0.0,0.0
10800,2172,Unincorporate,2.0,0.021763997591812162
10801,2172,Unincorporate,42.0,0.18895243829018663
10802,2172,Unincorporate,0.0,0.0
10803,2172,Unincorporate,1.0,0.007465382299819386
10804,2172,Unincorporate,10.0,0.07874774232390126
10805,2172,Unincorporate,0.0,0.0
10806,2172,Unincorporate,0.0,0.0
10807,2172,Unincorporate,0.0,0.0
10808,2172,Unincorporate,0.0,0.0
10809,2172,Unincorporate,0.0,0.0
10810,2172,Unincorporate,0.0,0.0
10811,2172,Unincorporate,8.0,0.06815171583383504
10812,2172,Unincorporate,5.0,0.050752558699578565
10813,2172,Unincorporate,0.0,0.0
10814,2172,Unincorporate,0.0,0.0
10815,2172,Unincorporate,0.0,0.0
10816,2854,Unincorporate,0.0,0.0
10817,2854,Unincorporate,0.0,0.0
10818,2854,Unincorporate,0.0,0.0
10819,2854,Unincorporate,0.0,0.0
10820,2854,Unincorporate,0.0,0.0
10821,2854,Unincorporate,0.0,0.0
10822,2854,Unincorporate,0.0,0.0
10823,2854,Unincorporate,0.0,0.0
10824,2854,Unincorporate,0.0,0.0
10825,2854,Unincorporate,0.0,0.0
10826,2854,Unincorporate,4.0,0.04298615291992775
10827,2854,Unincorporate,0.0,0.0
10828,2854,Unincorporate,0.0,0.0
10829,2854,Unincorporate,0.0,0.0
10830,2854,Unincorporate,0.0,0.0
10831,2854,Unincorporate,0.0,0.0
10832,2854,Unincorporate,0.0,0.0
10833,2854,Unincorporate,0.0,0.0
10834,2854,Unincorporate,0.0,0.0
10835,2854,Unincorporate,0.0,0.0
10836,2854,Unincorporate,0.0,0.0
10837,2854,Unincorporate,0.0,0.0
10838,2854,Unincorporate,0.0,0.0
10839,2854,Unincorporate,0.0,0.0
10840,2854,Unincorporate,0.0,0.0
10841,2854,Unincorporate,0.0,0.0
10842,2854,Unincorporate,0.0,0.0
10843,2854,Unincorporate,0.0,0.0
10844,2854,Unincorporate,0.0,0.0
10845,2854,Unincorporate,0.0,0.0
10846,2854,Unincorporate,0.0,0.0
10847,2854,Unincorporate,0.0,0.0
10848,2854,Unincorporate,0.0,0.0
10849,2854,Unincorporate,0.0,0.0
10850,2854,Unincorporate,0.0,0.0
10851,2854,Unincorporate,0.0,0.0
10852,2854,Unincorporate,0.0,0.0
10853,2854,Unincorporate,0.0,0.0
10854,2854,Unincorporate,0.0,0.0
10855,2854,Unincorporate,78.0,0.24370860927152319
10856,2854,Unincorporate,0.0,0.0
10857,2854,Unincorporate,0.0,0.0
10858,2854,Unincorporate,0.0,0.0
10859,2854,Unincorporate,0.0,0.0
10860,2854,Unincorporate,0.0,0.0
10861,2854,Unincorporate,0.0,0.0
10862,2854,Unincorporate,0.0,0.0
10863,2854,Unincorporate,0.0,0.0
10864,2854,Unincorporate,0.0,0.0
10865,2854,Unincorporate,0.0,0.0
10866,2854,Unincorporate,0.0,0.0
10867,2854,Unincorporate,0.0,0.0
10868,2854,Unincorporate,0.0,0.0
10869,2854,Unincorporate,0.0,0.0
10870,2854,Unincorporate,0.0,0.0
10871,2854,Unincorporate,0.0,0.0
10872,2854,Unincorporate,0.0,0.0
10873,2854,Unincorporate,0.0,0.0
10874,2854,Unincorporate,0.0,0.0
10875,2854,Unincorporate,0.0,0.0
10876,2854,Unincorporate,0.0,0.0
10877,2854,Unincorporate,0.0,0.0
10878,2854,Unincorporate,0.0,0.0
10879,2854,Unincorporate,0.0,0.0
10880,2854,Unincorporate,0.0,0.0
10881,2854,Unincorporate,0.0,0.0
10882,2854,Unincorporate,0.0,0.0
10883,2854,Unincorporate,0.0,0.0
10884,2854,Unincorporate,0.0,0.0
10885,2854,Unincorporate,0.0,0.0
10886,2854,Unincorporate,0.0,0.0
10887,2854,Unincorporate,0.0,0.0
10888,2854,Unincorporate,0.0,0.0
10889,2854,Unincorporate,0.0,0.0
10890,2854,Unincorporate,0.0,0.0
10891,2854,Unincorporate,0.0,0.0
10892,2854,Unincorporate,0.0,0.0
10893,2854,Unincorporate,0.0,0.0
10894,2854,Unincorporate,0.0,0.0
10895,2854,Unincorporate,0.0,0.0
10896,2854,Unincorporate,0.0,0.0
10897,2854,Unincorporate,1.0,0.007465382299819386
10898,2854,Unincorporate,0.0,0.0
10899,2854,Unincorporate,0.0,0.0
10900,2854,Unincorporate,0.0,0.0
10901,2854,Unincorporate,0.0,0.0
10902,2854,Unincorporate,0.0,0.0
10903,2854,Unincorporate,0.0,0.0
10904,2854,Unincorporate,0.0,0.0
10905,2854,Unincorporate,0.0,0.0
10906,2854,Unincorporate,0.0,0.0
10907,2854,Unincorporate,0.0,0.0
10908,2854,Unincorporate,0.0,0.0
10909,2854,Unincorporate,0.0,0.0
10910,2854,Unincorporate,0.0,0.0
10911,2854,Unincorporate,0.0,0.0
10912,2854,Unincorporate,0.0,0.0
10913,2854,Unincorporate,39.0,0.18323299217338954
10914,2854,Unincorporate,0.0,0.0
10915,2854,Unincorporate,0.0,0.0
10916,2854,Unincorporate,0.0,0.0
10917,2854,Unincorporate,0.0,0.0
10918,2854,Unincorporate,0.0,0.0
10919,2854,Unincorporate,0.0,0.0
10920,2854,Unincorporate,0.0,0.0
10921,2854,Unincorporate,0.0,0.0
10922,2854,Unincorporate,0.0,0.0
10923,2854,Unincorporate,0.0,0.0
10924,2854,Unincorporate,0.0,0.0
10925,2854,Unincorporate,0.0,0.0
10926,2854,Unincorporate,0.0,0.0
10927,2854,Unincorporate,0.0,0.0
10928,2854,Unincorporate,0.0,0.0
10929,2854,Unincorporate,0.0,0.0
10930,2854,Unincorporate,0.0,0.0
10931,2854,Unincorporate,0.0,0.0
10932,2854,Unincorporate,0.0,0.0
10933,2854,Unincorporate,0.0,0.0
10934,2854,Unincorporate,0.0,0.0
10935,2854,Unincorporate,0.0,0.0
10936,2854,Unincorporate,0.0,0.0
10937,2854,Unincorporate,0.0,0.0
10938,2854,Unincorporate,0.0,0.0
10939,2854,Unincorporate,0.0,0.0
10940,2854,Unincorporate,0.0,0.0
10941,2854,Unincorporate,0.0,0.0
10942,2854,Unincorporate,0.0,0.0
10943,2854,Unincorporate,0.0,0.0
10944,2854,Unincorporate,0.0,0.0
10945,2854,Unincorporate,0.0,0.0
10946,2854,Unincorporate,0.0,0.0
10947,2854,Unincorporate,0.0,0.0
10948,2854,Unincorporate,0.0,0.0
10949,2854,Unincorporate,0.0,0.0
10950,2854,Unincorporate,0.0,0.0
10951,2854,Unincorporate,0.0,0.0
10952,2854,Unincorporate,0.0,0.0
10953,2854,Unincorporate,0.0,0.0
10954,2854,Unincorporate,2.0,0.021763997591812162
10955,2854,Unincorporate,0.0,0.0
10956,2854,Unincorporate,0.0,0.0
10957,2854,Unincorporate,0.0,0.0
10958,2854,Unincorporate,0.0,0.0
10959,2854,Unincorporate,0.0,0.0
10960,2855,Unincorporate,0.0,0.0
10961,2855,Unincorporate,0.0,0.0
10962,2855,Unincorporate,0.0,0.0
10963,2855,Unincorporate,0.0,0.0
10964,2855,Unincorporate,0.0,0.0
10965,2855,Unincorporate,0.0,0.0
10966,2855,Unincorporate,0.0,0.0
10967,2855,Unincorporate,0.0,0.0
10968,2855,Unincorporate,0.0,0.0
10969,2855,Unincorporate,0.0,0.0
10970,2855,Unincorporate,0.0,0.0
10971,2855,Unincorporate,0.0,0.0
10972,2855,Unincorporate,0.0,0.0
10973,2855,Unincorporate,0.0,0.0
10974,2855,Unincorporate,0.0,0.0
10975,2855,Unincorporate,0.0,0.0
10976,2855,Unincorporate,0.0,0.0
10977,2855,Unincorporate,0.0,0.0
10978,2855,Unincorporate,0.0,0.0
10979,2855,Unincorporate,0.0,0.0
10980,2855,Unincorporate,0.0,0.0
10981,2855,Unincorporate,0.0,0.0
10982,2855,Unincorporate,0.0,0.0
10983,2855,Unincorporate,0.0,0.0
10984,2855,Unincorporate,0.0,0.0
10985,2855,Unincorporate,0.0,0.0
10986,2855,Unincorporate,0.0,0.0
10987,2855,Unincorporate,0.0,0.0
10988,2855,Unincorporate,0.0,0.0
10989,2855,Unincorporate,0.0,0.0
10990,2855,Unincorporate,0.0,0.0
10991,2855,Unincorporate,0.0,0.0
10992,2855,Unincorporate,0.0,0.0
10993,2855,Unincorporate,0.0,0.0
10994,2855,Unincorporate,0.0,0.0
10995,2855,Unincorporate,0.0,0.0
10996,2855,Unincorporate,0.0,0.0
10997,2855,Unincorporate,0.0,0.0
10998,2855,Unincorporate,0.0,0.0
10999,2855,Unincorporate,0.0,0.0
11000,2855,Unincorporate,0.0,0.0
11001,2163,Unincorporate,0.0,0.0
11002,2163,Unincorporate,4.0,0.04298615291992775
11003,2163,Unincorporate,0.0,0.0
11004,2163,Unincorporate,10.0,0.07874774232390126
11005,2163,Unincorporate,4.0,0.04298615291992775
11006,2822,Unincorporate,2.0,0.021763997591812162
11007,2822,Unincorporate,1.0,0.007465382299819386
11008,2822,Unincorporate,0.0,0.0
11009,170,Clovis,2324.0,0.731667670078266
11010,170,Clovis,2248.0,0.7245936183022276
11011,170,Clovis,1766.0,0.659933774834437
11012,170,Clovis,2415.0,0.7403973509933774
11013,170,Clovis,2524.0,0.751475015051174
11014,170,Clovis,2463.0,0.7451234196267309
11015,170,Clovis,2622.0,0.7590307043949428
11016,170,Clovis,1297.0,0.5876279349789284
11017,170,Clovis,2284.0,0.7280553883202889
11018,170,Clovis,2410.0,0.7400060204695966
11019,170,Clovis,2090.0,0.7043347381095726
11020,170,Clovis,2650.0,0.7620710415412402
11021,170,Clovis,2412.0,0.7402468392534618
11022,170,Clovis,1682.0,0.65
11023,170,Clovis,2219.0,0.721101745936183
11024,170,Clovis,2453.0,0.7439795304033715
11025,170,Clovis,2463.0,0.7451234196267309
11026,170,Clovis,1092.0,0.5500602046959663
11027,170,Clovis,2262.0,0.725948223961469
11028,156,Clovis,1770.0,0.6604756170981336
11029,156,Clovis,2473.0,0.7458759783263095
11030,156,Clovis,70.0,0.23573148705599037
11031,156,Clovis,2153.0,0.7136664659843468
11032,156,Clovis,3583.0,0.8282962071041541
11033,156,Clovis,1942.0,0.6850391330523781
11034,156,Clovis,2485.0,0.7477423239012643
11035,142,Clovis,1157.0,0.562010836845274
11036,144,Clovis,3317.0,0.8140878988561108
11037,144,Clovis,3048.0,0.7945815773630344
11038,144,Clovis,5992.0,0.9105960264900662
11039,144,Clovis,2881.0,0.7812161348585189
11040,144,Clovis,2762.0,0.7711619506321493
11041,132,Clovis,6189.0,0.9146598434677905
11042,132,Clovis,3196.0,0.8053281155930162
11043,132,Clovis,6789.0,0.9251655629139073
11044,132,Clovis,7991.0,0.9429259482239615
11045,110,Clovis,2279.0,0.7276640577965081
11046,110,Clovis,8448.0,0.948524984948826
11047,110,Clovis,9516.0,0.9564118001204094
11048,112,Clovis,9433.0,0.9557495484647802
11049,112,Clovis,9154.0,0.9538229981938591
11050,114,Clovis,9301.0,0.9546658639373872
11051,114,Clovis,8186.0,0.94473208910295
11052,114,Clovis,3088.0,0.7973208910295003
11053,114,Clovis,1909.0,0.6807645996387718
11054,114,Clovis,7725.0,0.9396748946417821
11055,253,Clovis,1281.0,0.5846177001806141
11056,253,Clovis,782.0,0.4938591210114389
11057,253,Clovis,65.0,0.22859723058398554
11058,253,Clovis,1347.0,0.5971703792895846
11059,253,Clovis,1240.0,0.5773931366646599
11060,253,Clovis,642.0,0.4631848284166165
11061,253,Clovis,56.0,0.21694762191450934
11062,253,Clovis,863.0,0.5099337748344371
11063,253,Clovis,895.0,0.5144190246839253
11064,253,Clovis,934.0,0.520891029500301
11065,253,Clovis,857.0,0.5086995785671282
11066,253,Clovis,1555.0,0.6313666465984347
11067,253,Clovis,1071.0,0.5465081276339554
11068,253,Clovis,119.0,0.27934978928356413
11069,253,Clovis,827.0,0.5014449127031908
11070,102,Clovis,1212.0,0.5727272727272728
11071,255,Clovis,151.0,0.2995183624322697
11072,255,Clovis,118.0,0.27880794701986755
11073,255,Clovis,571.0,0.44367850692354005
11074,255,Clovis,564.0,0.4406080674292595
11075,255,Clovis,1117.0,0.5542444310656232
11076,255,Clovis,104.0,0.267940999397953
11077,255,Clovis,501.0,0.423841059602649
11078,255,Clovis,486.0,0.4191149909692956
11079,255,Clovis,530.0,0.4327814569536424
11080,255,Clovis,804.0,0.49735099337748345
11081,255,Clovis,736.0,0.4845574954846478
11082,255,Clovis,656.0,0.46589403973509935
11083,255,Clovis,490.0,0.42055990367248647
11084,255,Clovis,468.0,0.4143287176399759
11085,255,Clovis,106.0,0.26992775436484046
11086,255,Clovis,120.0,0.2797712221553281
11087,255,Clovis,101.0,0.26619506321493075
11088,255,Clovis,110.0,0.2722757375075256
11089,255,Clovis,636.0,0.46122817579771225
11090,255,Clovis,496.0,0.42251655629139073
11091,255,Clovis,146.0,0.29614689945815775
11092,255,Clovis,639.0,0.46261288380493676
11093,258,Clovis,143.0,0.2937387116195063
11094,258,Clovis,143.0,0.2937387116195063
11095,258,Clovis,240.0,0.3428657435279952
11096,258,Clovis,152.0,0.30033112582781457
11097,264,Clovis,137.0,0.28967489464178203
11098,264,Clovis,138.0,0.2904274533413606
11099,264,Clovis,139.0,0.2910897049969898
11100,103,Clovis,2068.0,0.7014449127031909
11101,103,Clovis,4644.0,0.8727573750752559
11102,103,Clovis,3501.0,0.8237808549066827
11103,103,Clovis,2898.0,0.7827513546056593
11104,103,Clovis,4398.0,0.8635761589403973
11105,103,Clovis,5800.0,0.9070439494280554
11106,103,Clovis,3415.0,0.8197170379289584
11107,103,Clovis,4176.0,0.8543648404575557
11108,103,Clovis,1398.0,0.6065021071643588
11109,103,Clovis,3497.0,0.8237206502107164
11110,103,Clovis,3643.0,0.8315773630343167
11111,103,Clovis,1539.0,0.6293497892835641
11112,103,Clovis,4176.0,0.8543648404575557
11113,103,Clovis,1525.0,0.627212522576761
11114,107,Clovis,4346.0,0.8612582781456953
11115,107,Clovis,4043.0,0.8479831426851294
11116,107,Clovis,3002.0,0.7906682721252257
11117,107,Clovis,4563.0,0.8694461167971101
11118,107,Clovis,3655.0,0.8319385912101144
11119,107,Clovis,4221.0,0.8560505719446116
11120,104,Clovis,3753.0,0.8351294400963275
11121,104,Clovis,5732.0,0.9057194461167971
11122,104,Clovis,1180.0,0.5670680313064419
11123,104,Clovis,2597.0,0.7572847682119205
11124,104,Clovis,2227.0,0.7223359422034918
11125,104,Clovis,5853.0,0.9082480433473811
11126,104,Clovis,1484.0,0.6212221553281156
11127,104,Clovis,2156.0,0.7142986152919928
11128,104,Clovis,3527.0,0.8256170981336545
11129,104,Clovis,1225.0,0.5750752558699579
11130,104,Clovis,1615.0,0.6405779650812763
11131,104,Clovis,1317.0,0.5911800120409392
11132,104,Clovis,1173.0,0.5654124021673691
11133,104,Clovis,2591.0,0.7569837447320891
11134,104,Clovis,1223.0,0.5747140276941601
11135,108,Clovis,4186.0,0.8549969897652017
11136,108,Clovis,3737.0,0.8346779048765803
11137,108,Clovis,3738.0,0.8347682119205299
11138,108,Clovis,2456.0,0.7443407585791691
11139,108,Clovis,2605.0,0.7578266104756171
11140,105,Clovis,3148.0,0.8015653220951234
11141,105,Clovis,179.0,0.3154425045153522
11142,105,Clovis,1789.0,0.6633353401565322
11143,105,Clovis,1222.0,0.5745334136062613
11144,105,Clovis,167.0,0.3077062010836845
11145,105,Clovis,1780.0,0.6619807344972908
11146,105,Clovis,1783.0,0.6621914509331728
11147,105,Clovis,1122.0,0.554846478025286
11148,105,Clovis,1239.0,0.5771222155328115
11149,105,Clovis,1210.0,0.5722155328115593
11150,105,Clovis,4144.0,0.8531607465382299
11151,105,Clovis,4074.0,0.849157134256472
11152,105,Clovis,2040.0,0.6973509933774834
11153,105,Clovis,1838.0,0.6705298013245033
11154,105,Clovis,4354.0,0.8615894039735099
11155,105,Clovis,1223.0,0.5747140276941601
11156,109,Clovis,4263.0,0.8579169175195666
11157,109,Clovis,3166.0,0.8029801324503312
11158,109,Clovis,4157.0,0.8534918723660445
11159,109,Clovis,4226.0,0.8564118001204094
11160,109,Clovis,2155.0,0.7140276941601444
11161,109,Clovis,4139.0,0.8527694160144491
11162,109,Clovis,3689.0,0.8331727874774233
11163,109,Clovis,5301.0,0.8944310656231186
11164,109,Clovis,4387.0,0.8632450331125828
11165,109,Clovis,4506.0,0.8672185430463576
11166,109,Clovis,6679.0,0.9231788079470199
11167,109,Clovis,2961.0,0.7869355809753161
11168,109,Clovis,4337.0,0.8607164358819988
11169,109,Clovis,4186.0,0.8549969897652017
11170,140,Clovis,256.0,0.34924744130042146
11171,140,Clovis,591.0,0.44855508729680915
11172,140,Clovis,756.0,0.48798916315472607
11173,140,Clovis,939.0,0.5219145093317279
11174,140,Clovis,1580.0,0.6350391330523781
11175,140,Clovis,478.0,0.4170680313064419
11176,140,Clovis,762.0,0.48877182420228776
11177,140,Clovis,932.0,0.5202287778446719
11178,140,Clovis,494.0,0.4215833835039133
11179,140,Clovis,586.0,0.44786273329319687
11180,140,Clovis,573.0,0.44425045153521975
11181,140,Clovis,942.0,0.5226068633353401
11182,140,Clovis,407.0,0.39476219145093316
11183,140,Clovis,719.0,0.47995183624322696
11184,140,Clovis,416.0,0.39948826008428656
11185,140,Clovis,485.0,0.4188440698374473
11186,129,Clovis,2134.0,0.7103251053582179
11187,129,Clovis,2562.0,0.7544551475015051
11188,129,Clovis,984.0,0.5302829620710415
11189,129,Clovis,888.0,0.5132450331125827
11190,129,Clovis,2291.0,0.7287176399759181
11191,129,Clovis,1761.0,0.6588801926550271
11192,141,Clovis,1926.0,0.6834738109572547
11193,141,Clovis,944.0,0.522998193859121
11194,130,Clovis,41.0,0.18741721854304635
11195,130,Clovis,2091.0,0.7044551475015051
11196,130,Clovis,522.0,0.42965081276339556
11197,130,Clovis,2421.0,0.7410897049969898
11198,143,Clovis,4132.0,0.8524081878386515
11199,143,Clovis,2448.0,0.7437086092715232
11200,145,Clovis,3294.0,0.811830222757375
11201,145,Clovis,3786.0,0.8366345574954847
11202,145,Clovis,3390.0,0.8181818181818182
11203,145,Clovis,4388.0,0.8633353401565322
11204,145,Clovis,5299.0,0.8943407585791692
11205,145,Clovis,3009.0,0.7912402167369055
11206,145,Clovis,4333.0,0.8605057194461168
11207,145,Clovis,4496.0,0.8668272125225768
11208,145,Clovis,4308.0,0.8596628537025888
11209,145,Clovis,4274.0,0.8585791691751956
11210,145,Clovis,4529.0,0.8682721252257676
11211,145,Clovis,3772.0,0.8360626128838049
11212,145,Clovis,4114.0,0.8511739915713425
11213,145,Clovis,3535.0,0.8260385310054185
11214,145,Clovis,5703.0,0.9049367850692354
11215,145,Clovis,4442.0,0.8650511739915714
11216,145,Clovis,3634.0,0.8310656231186032
11217,145,Clovis,4225.0,0.8563515954244431
11218,145,Clovis,5666.0,0.9038832028898254
11219,134,Clovis,8325.0,0.9466586393738712
11220,134,Clovis,8617.0,0.9502709211318483
11221,134,Clovis,10589.0,0.9608669476219145
11222,134,Clovis,9840.0,0.9582781456953643
11223,134,Clovis,8760.0,0.9512944009632751
11224,134,Clovis,8362.0,0.9471703792895846
11225,134,Clovis,9678.0,0.9576158940397351
11226,134,Clovis,8276.0,0.9462372065021072
11227,134,Clovis,4349.0,0.8613786875376279
11228,134,Clovis,9629.0,0.95737507525587
11229,134,Clovis,8388.0,0.9477423239012643
11230,149,Clovis,3265.0,0.8101745936183022
11231,149,Clovis,1837.0,0.6702287778446718
11232,149,Clovis,7695.0,0.9391330523780855
11233,149,Clovis,8263.0,0.9460565924142083
11234,149,Clovis,3835.0,0.8388922335942204
11235,149,Clovis,3885.0,0.8405478627332932
11236,149,Clovis,3402.0,0.8191450933172787
11237,149,Clovis,3626.0,0.8305538832028898
11238,149,Clovis,4565.0,0.8695364238410596
11239,150,Clovis,3532.0,0.8258278145695365
11240,150,Clovis,3865.0,0.8397953040337146
11241,150,Clovis,4323.0,0.8602347983142685
11242,150,Clovis,3626.0,0.8305538832028898
11243,150,Clovis,4027.0,0.8475015051173992
11244,150,Clovis,3454.0,0.8216435881998796
11245,150,Clovis,4165.0,0.8538229981938591
11246,135,Clovis,1718.0,0.653792895845876
11247,135,Clovis,7863.0,0.9416014449127031
11248,135,Clovis,7759.0,0.9400963275135461
11249,135,Clovis,7469.0,0.9354003612281758
11250,151,Clovis,2841.0,0.7783865141481036
11251,151,Clovis,1685.0,0.6503311258278146
11252,151,Clovis,2329.0,0.732269717037929
11253,151,Clovis,1785.0,0.6626128838049368
11254,152,Clovis,2513.0,0.7507525586995786
11255,152,Clovis,3398.0,0.8189343768813967
11256,152,Clovis,2141.0,0.7112883804936785
11257,152,Clovis,2720.0,0.7673991571342564
11258,152,Clovis,1767.0,0.660144491270319
11259,152,Clovis,2086.0,0.70421432871764
11260,152,Clovis,1793.0,0.6641481035520771
11261,152,Clovis,2031.0,0.6959060806742926
11262,152,Clovis,2873.0,0.7807947019867549
11263,152,Clovis,1538.0,0.6290788681517159
11264,152,Clovis,2273.0,0.7269717037928959
11265,152,Clovis,2049.0,0.6984045755568934
11266,152,Clovis,2077.0,0.7025888019265503
11267,136,Clovis,2095.0,0.7053281155930162
11268,136,Clovis,3094.0,0.7980132450331126
11269,136,Clovis,9332.0,0.9548765803732692
11270,136,Clovis,1923.0,0.6830523780854907
11271,136,Clovis,2102.0,0.7062010836845274
11272,136,Clovis,9120.0,0.9535219747140277
11273,136,Clovis,3027.0,0.7924443106562312
11274,136,Clovis,1920.0,0.6826008428657435
11275,136,Clovis,3187.0,0.8047862733293197
11276,136,Clovis,3022.0,0.7920228777844672
11277,136,Clovis,3253.0,0.8091812161348585
11278,138,Clovis,2151.0,0.7130644190246839
11279,138,Clovis,2188.0,0.7177001806140879
11280,138,Clovis,4245.0,0.8572546658639374
11281,138,Clovis,1597.0,0.6378687537627935
11282,138,Clovis,380.0,0.3863937387116195
11283,138,Clovis,1544.0,0.6302227573750753
11284,138,Clovis,4541.0,0.868783865141481
11285,138,Clovis,2124.0,0.7089403973509933
11286,138,Clovis,637.0,0.46158940397350995
11287,138,Clovis,1849.0,0.6721854304635762
11288,138,Clovis,1376.0,0.6025888019265503
11289,138,Clovis,363.0,0.38100541842263697
11290,138,Clovis,1543.0,0.6300722456351595
11291,138,Clovis,1536.0,0.628687537627935
11292,138,Clovis,1449.0,0.61580373269115
11293,138,Clovis,1861.0,0.6739012642986153
11294,138,Clovis,637.0,0.46158940397350995
11295,138,Clovis,637.0,0.46158940397350995
11296,153,Clovis,1288.0,0.5860927152317881
11297,153,Clovis,1499.0,0.6237808549066827
11298,153,Clovis,2446.0,0.7435580975316075
11299,153,Clovis,1494.0,0.622787477423239
11300,153,Clovis,977.0,0.5294099939795304
11301,153,Clovis,1954.0,0.6866044551475015
11302,153,Clovis,2000.0,0.6927453341360627
11303,153,Clovis,1807.0,0.6659843467790487
11304,153,Clovis,1434.0,0.6130042143287177
11305,153,Clovis,1424.0,0.6112582781456953
11306,153,Clovis,583.0,0.44729078868151717
11307,153,Clovis,2033.0,0.6962673088500904
11308,153,Clovis,1890.0,0.6786574352799518
11309,153,Clovis,1968.0,0.688591210114389
11310,153,Clovis,1048.0,0.5415111378687537
11311,153,Clovis,1365.0,0.6008729680915111
11312,153,Clovis,1994.0,0.6915713425647201
11313,153,Clovis,2659.0,0.7625526791089705
11314,153,Clovis,2036.0,0.6964780252859724
11315,153,Clovis,916.0,0.5179711017459362
11316,153,Clovis,1994.0,0.6915713425647201
11317,153,Clovis,985.0,0.5306441902468393
11318,154,Clovis,1464.0,0.6179711017459362
11319,154,Clovis,638.0,0.46210114388922335
11320,154,Clovis,4252.0,0.8577062010836846
11321,154,Clovis,520.0,0.42901866345574957
11322,154,Clovis,212.0,0.3303431667670078
11323,154,Clovis,638.0,0.46210114388922335
11324,154,Clovis,2229.0,0.7226670680313064
11325,154,Clovis,619.0,0.45680313064419026
11326,154,Clovis,722.0,0.4810957254665864
11327,154,Clovis,1947.0,0.6857615894039735
11328,154,Clovis,586.0,0.44786273329319687
11329,154,Clovis,502.0,0.4241420830824804
11330,154,Clovis,620.0,0.45701384708007226
11331,154,Clovis,1408.0,0.6081878386514148
11332,154,Clovis,623.0,0.45791691751956654
11333,2723,Unincorporate,4.0,0.04298615291992775
11334,2723,Unincorporate,61.0,0.22296809151113786
11335,2726,Unincorporate,6.0,0.05770620108368453
11336,2726,Unincorporate,8.0,0.06815171583383504
11337,2726,Unincorporate,14.0,0.098314268512944
11338,922,Fresno,710.0,0.4773630343166767
11339,936,Fresno,2221.0,0.7213726670680313
11340,169,Fresno,2057.0,0.6994280553883203
11341,169,Clovis,2906.0,0.7834437086092715
11342,169,Fresno,1891.0,0.6787778446718844
11343,169,Clovis,1898.0,0.6796809151113787
11344,157,Clovis,932.0,0.5202287778446719
11345,157,Clovis,1598.0,0.6379891631547261
11346,157,Clovis,1599.0,0.6381998795906081
11347,157,Clovis,186.0,0.31911499096929563
11348,157,Clovis,0.0,0.0
11349,168,Clovis,2129.0,0.7097230583985551
11350,172,Clovis,3002.0,0.7906682721252257
11351,158,Clovis,3007.0,0.7909090909090909
11352,158,Clovis,2513.0,0.7507525586995786
11353,158,Clovis,1311.0,0.5895845875978326
11354,158,Clovis,2406.0,0.7395243829018664
11355,158,Clovis,3378.0,0.8175195665261891
11356,159,Clovis,3885.0,0.8405478627332932
11357,159,Clovis,4831.0,0.8794701986754967
11358,159,Clovis,3104.0,0.7989163154726069
11359,173,Clovis,2981.0,0.7886213124623721
11360,173,Clovis,3337.0,0.8154124021673691
11361,173,Clovis,3479.0,0.8228777844671884
11362,173,Clovis,3267.0,0.8103251053582179
11363,173,Clovis,3649.0,0.8316676700782661
11364,173,Clovis,3632.0,0.8308850090307044
11365,173,Clovis,3526.0,0.825526791089705
11366,173,Clovis,3177.0,0.8039133052378086
11367,173,Clovis,3325.0,0.8146297411198073
11368,173,Clovis,3860.0,0.8396146899458158
11369,173,Clovis,2918.0,0.7841360626128838
11370,173,Clovis,5514.0,0.8999698976520168
11371,173,Clovis,4907.0,0.881005418422637
11372,173,Clovis,3959.0,0.8444912703190849
11373,173,Clovis,3186.0,0.804635761589404
11374,173,Clovis,3324.0,0.8145695364238411
11375,173,Clovis,3947.0,0.8438591210114389
11376,173,Clovis,2832.0,0.7776640577965082
11377,173,Clovis,3471.0,0.8225466586393738
11378,173,Clovis,3328.0,0.8149307645996388
11379,160,Clovis,3929.0,0.8427152317880795
11380,160,Clovis,5236.0,0.8920228777844672
11381,160,Clovis,5159.0,0.8899759181216135
11382,160,Clovis,5773.0,0.9064419024683925
11383,160,Clovis,7063.0,0.9291992775436484
11384,160,Clovis,3680.0,0.8327212522576761
11385,160,Clovis,3603.0,0.8294701986754967
11386,160,Clovis,5453.0,0.8985550872968091
11387,160,Clovis,4832.0,0.8795304033714629
11388,160,Clovis,4051.0,0.8482841661649608
11389,160,Clovis,5150.0,0.8896748946417821
11390,160,Clovis,5050.0,0.8863937387116195
11391,160,Clovis,6963.0,0.9277844671884407
11392,160,Clovis,3818.0,0.8382901866345575
11393,160,Clovis,5312.0,0.894942805538832
11394,160,Clovis,5071.0,0.8871763997591812
11395,160,Clovis,3876.0,0.8401866345574955
11396,176,Clovis,4419.0,0.8639975918121614
11397,176,Clovis,7484.0,0.9355809753160746
11398,176,Clovis,7026.0,0.928687537627935
11399,176,Clovis,5450.0,0.8983744732089103
11400,176,Clovis,5772.0,0.9063816977724263
11401,176,Clovis,5925.0,0.9093317278747742
11402,176,Clovis,3308.0,0.8131547260686334
11403,176,Clovis,4122.0,0.8515954244431065
11404,176,Clovis,5611.0,0.9026189042745334
11405,176,Clovis,3485.0,0.8231788079470199
11406,176,Clovis,3603.0,0.8294701986754967
11407,176,Clovis,3292.0,0.811619506321493
11408,176,Clovis,7555.0,0.9368452739313666
11409,176,Clovis,6001.0,0.910987357013847
11410,176,Clovis,4534.0,0.8685430463576159
11411,176,Clovis,5330.0,0.8954545454545455
11412,176,Clovis,4802.0,0.8783263094521373
11413,176,Clovis,4528.0,0.8681818181818182
11414,176,Clovis,4742.0,0.8760084286574353
11415,176,Clovis,3944.0,0.8437086092715231
11416,176,Clovis,5610.0,0.902528597230584
11417,163,Clovis,3721.0,0.8339855508729681
11418,163,Clovis,4845.0,0.8798314268512945
11419,163,Clovis,6729.0,0.9241420830824805
11420,163,Clovis,3341.0,0.8157134256472005
11421,163,Clovis,3621.0,0.8301926550270922
11422,163,Clovis,3118.0,0.7998795906080675
11423,163,Clovis,3564.0,0.8270921131848284
11424,163,Clovis,4886.0,0.8804936785069235
11425,163,Clovis,4843.0,0.8797712221553281
11426,163,Clovis,4986.0,0.8842865743527996
11427,163,Clovis,6740.0,0.9243226971703793
11428,163,Clovis,4962.0,0.8834738109572546
11429,163,Clovis,3394.0,0.8184226369656833
11430,163,Clovis,3754.0,0.8352498494882601
11431,163,Clovis,3309.0,0.8133353401565322
11432,178,Clovis,8359.0,0.947049969897652
11433,178,Clovis,5665.0,0.903792895845876
11434,178,Clovis,7233.0,0.9322095123419627
11435,178,Clovis,4762.0,0.8767609873570138
11436,178,Clovis,6294.0,0.9172185430463576
11437,178,Clovis,4711.0,0.8747140276941602
11438,178,Clovis,6730.0,0.9242022877784467
11439,178,Clovis,7111.0,0.9300421432871764
11440,178,Clovis,5997.0,0.9106562311860326
11441,178,Clovis,8355.0,0.9468994581577364
11442,178,Clovis,5031.0,0.8857916917519566
11443,178,Clovis,4097.0,0.8504515352197471
11444,178,Clovis,7775.0,0.9402769416014449
11445,178,Clovis,8359.0,0.947049969897652
11446,164,Clovis,1942.0,0.6850391330523781
11447,164,Clovis,2146.0,0.7118001204093919
11448,164,Clovis,937.0,0.5214027694160145
11449,164,Clovis,939.0,0.5219145093317279
11450,164,Clovis,299.0,0.3624623720650211
11451,164,Clovis,1600.0,0.6384406983744733
11452,164,Clovis,2047.0,0.6981336544250452
11453,164,Clovis,1622.0,0.6413305237808549
11454,164,Clovis,2444.0,0.7434376881396749
11455,164,Clovis,2061.0,0.7003010234798315
11456,164,Clovis,332.0,0.37266706803130645
11457,164,Clovis,1535.0,0.6285069235400361
11458,164,Clovis,326.0,0.3707706201083685
11459,164,Clovis,2210.0,0.7199578567128236
11460,164,Clovis,2212.0,0.7202889825406382
11461,164,Clovis,1850.0,0.6723058398555087
11462,164,Clovis,2099.0,0.7058097531607466
11463,164,Clovis,2418.0,0.7408789885611078
11464,180,Clovis,1040.0,0.5395845875978327
11465,180,Clovis,2024.0,0.6947922937989163
11466,180,Clovis,3819.0,0.8384406983744732
11467,180,Clovis,2170.0,0.7158940397350994
11468,182,Clovis,1020.0,0.5363937387116195
11469,182,Clovis,833.0,0.5026490066225165
11470,182,Clovis,875.0,0.5117399157134257
11471,182,Clovis,838.0,0.5041240216736905
11472,182,Clovis,1057.0,0.5432871763997592
11473,182,Clovis,916.0,0.5179711017459362
11474,106,Clovis,409.0,0.3950632149307646
11475,106,Clovis,323.0,0.36971703792895844
11476,106,Clovis,413.0,0.39789283564118
11477,106,Clovis,733.0,0.4837748344370861
11478,106,Clovis,516.0,0.4279951836243227
11479,106,Clovis,203.0,0.3267308850090307
11480,106,Clovis,138.0,0.2904274533413606
11481,501,Fresno,513.0,0.427423239012643
11482,501,Fresno,90.0,0.2554184226369657
11483,501,Fresno,176.0,0.31315472606863337
11484,506,Fresno,2039.0,0.6971402769416014
11485,506,Fresno,2050.0,0.6984948826008429
11486,506,Fresno,1203.0,0.5709512341962673
11487,506,Fresno,4906.0,0.8808549066827213
11488,506,Fresno,1666.0,0.6472606863335341
11489,506,Fresno,2712.0,0.7670680313064419
11490,529,Fresno,2560.0,0.7543347381095725
11491,529,Fresno,1171.0,0.5650812763395545
11492,529,Fresno,2919.0,0.7842865743527995
11493,546,Fresno,2745.0,0.7696568332329922
11494,546,Fresno,2252.0,0.7251655629139073
11495,531,Fresno,1197.0,0.5699277543648404
11496,531,Fresno,1295.0,0.5873570138470801
11497,531,Fresno,1441.0,0.6141782059000602
11498,549,Fresno,2428.0,0.7418723660445514
11499,534,Fresno,3000.0,0.7904876580373269
11500,534,Fresno,1270.0,0.5820891029500301
11501,534,Fresno,3651.0,0.8317278747742324
11502,534,Fresno,2877.0,0.7810355207706201
11503,180,Clovis,3328.0,0.8149307645996388
11504,180,Clovis,1767.0,0.660144491270319
11505,180,Clovis,3832.0,0.838832028898254
11506,180,Clovis,2043.0,0.697682119205298
11507,180,Clovis,3925.0,0.8425045153521975
11508,180,Clovis,1868.0,0.6748344370860927
11509,180,Clovis,1935.0,0.6845875978326309
11510,180,Clovis,1956.0,0.6869656833232992
11511,180,Clovis,1853.0,0.6725165562913907
11512,180,Clovis,3748.0,0.8348585189644793
11513,180,Clovis,2307.0,0.7300722456351595
11514,180,Clovis,1665.0,0.6470198675496689
11515,180,Clovis,1763.0,0.6592414208308248
11516,180,Clovis,1987.0,0.6908187838651415
11517,180,Clovis,1275.0,0.5832329921733895
11518,180,Clovis,4239.0,0.8570138470800722
11519,165,Clovis,1266.0,0.5813967489464178
11520,165,Clovis,1367.0,0.6013546056592414
11521,165,Clovis,1312.0,0.589885611077664
11522,165,Clovis,495.0,0.42203491872366045
11523,165,Clovis,1070.0,0.5461770018061409
11524,165,Clovis,2307.0,0.7300722456351595
11525,165,Clovis,1138.0,0.5578266104756171
11526,165,Clovis,1352.0,0.5980132450331126
11527,165,Clovis,835.0,0.5032510535821794
11528,165,Clovis,1179.0,0.5668272125225767
11529,165,Clovis,828.0,0.5017459361830223
11530,165,Clovis,404.0,0.3935279951836243
11531,165,Clovis,1495.0,0.6230583985550873
11532,165,Clovis,899.0,0.5152618904274533
11533,165,Clovis,823.0,0.5007826610475618
11534,165,Clovis,639.0,0.46261288380493676
11535,181,Clovis,1542.0,0.6298615291992775
11536,181,Clovis,1580.0,0.6350391330523781
11537,181,Clovis,1585.0,0.6358819987959061
11538,181,Clovis,1519.0,0.6264599638771824
11539,181,Clovis,1427.0,0.6116797110174593
11540,181,Clovis,1719.0,0.6540638169777243
11541,181,Clovis,1468.0,0.6184828416616496
11542,181,Clovis,1283.0,0.5851595424443107
11543,181,Clovis,1680.0,0.6496086694762191
11544,181,Clovis,1827.0,0.6691751956652618
11545,181,Clovis,1527.0,0.6275135460565924
11546,181,Clovis,1455.0,0.6165863937387116
11547,181,Clovis,1943.0,0.6851896447922938
11548,181,Clovis,1310.0,0.5894039735099338
11549,181,Clovis,2060.0,0.7000301023479831
11550,181,Clovis,2072.0,0.7019265502709211
11551,181,Clovis,1559.0,0.6319084888621312
11552,181,Clovis,1535.0,0.6285069235400361
11553,166,Clovis,987.0,0.5311258278145695
11554,166,Clovis,1053.0,0.5426550270921132
11555,166,Clovis,321.0,0.36950632149307644
11556,166,Clovis,1136.0,0.5572847682119205
11557,166,Clovis,336.0,0.37372065021071643
11558,166,Clovis,243.0,0.34467188440698376
11559,166,Clovis,976.0,0.5291691751956653
11560,166,Clovis,1053.0,0.5426550270921132
11561,166,Clovis,1278.0,0.5837146297411198
11562,166,Clovis,980.0,0.5297712221553281
11563,166,Clovis,376.0,0.38473810957254667
11564,166,Clovis,145.0,0.2948223961468995
11565,166,Clovis,1053.0,0.5426550270921132
11566,166,Clovis,917.0,0.5182420228777844
11567,182,Clovis,467.0,0.4140878988561108
11568,182,Clovis,981.0,0.5299819385912101
11569,182,Clovis,461.0,0.4119807344972908
11570,182,Clovis,480.0,0.41760987357013846
11571,182,Clovis,596.0,0.4499397953040337
11572,182,Clovis,1013.0,0.53524984948826
11573,182,Clovis,1067.0,0.5455147501505118
11574,182,Clovis,522.0,0.42965081276339556
11575,182,Clovis,859.0,0.5091511137868754
11576,274,Clovis,436.0,0.40517760385310053
11577,277,Clovis,102.0,0.2670078266104756
11578,277,Clovis,93.0,0.2581878386514148
11579,277,Clovis,51.0,0.20695364238410596
11580,277,Clovis,72.0,0.23783865141481036
11581,277,Clovis,66.0,0.2300421432871764
11582,187,Clovis,2762.0,0.7711619506321493
11583,187,Clovis,2895.0,0.7824804334738109
11584,187,Clovis,2530.0,0.7521372667068031
11585,188,Clovis,1077.0,0.5475316074653823
11586,188,Clovis,1719.0,0.6540638169777243
11587,188,Clovis,1906.0,0.6804936785069235
11588,188,Clovis,1833.0,0.669837447320891
11589,188,Clovis,2736.0,0.7688741721854304
11590,188,Clovis,2668.0,0.7636363636363637
11591,188,Clovis,2648.0,0.7616195063214931
11592,188,Clovis,2144.0,0.7115291992775437
11593,188,Clovis,1927.0,0.6836243226971703
11594,200,Clovis,1627.0,0.6422937989163154
11595,200,Clovis,1785.0,0.6626128838049368
11596,200,Clovis,2310.0,0.7305237808549067
11597,200,Clovis,923.0,0.5188741721854304
11598,200,Clovis,1579.0,0.6348284166164961
11599,200,Clovis,1923.0,0.6830523780854907
11600,200,Clovis,1204.0,0.5710415412402168
11601,200,Clovis,1482.0,0.6209813365442505
11602,200,Clovis,1600.0,0.6384406983744733
11603,200,Clovis,1826.0,0.6690848886213124
11604,200,Clovis,1611.0,0.6403070439494281
11605,200,Clovis,1876.0,0.6766405779650813
11606,200,Clovis,2272.0,0.7268211920529801
11607,200,Clovis,1599.0,0.6381998795906081
11608,200,Clovis,2290.0,0.7285671282360024
11609,189,Clovis,3724.0,0.8340758579169175
11610,189,Clovis,2793.0,0.7745033112582781
11611,189,Clovis,3519.0,0.8252257676098735
11612,190,Clovis,2135.0,0.7105358217940999
11613,190,Clovis,2968.0,0.7875075255869958
11614,190,Clovis,2135.0,0.7105358217940999
11615,190,Clovis,1799.0,0.6652317880794701
11616,190,Clovis,3427.0,0.8201986754966888
11617,190,Clovis,3076.0,0.7965382299819386
11618,201,Clovis,1157.0,0.562010836845274
11619,201,Clovis,1041.0,0.5399458157736303
11620,201,Clovis,2054.0,0.6991270319084889
11621,201,Clovis,1239.0,0.5771222155328115
11622,201,Clovis,1331.0,0.5944611679711017
11623,201,Clovis,1096.0,0.5508729680915111
11624,201,Clovis,1397.0,0.6062010836845274
11625,201,Clovis,1359.0,0.5993979530403372
11626,201,Clovis,1331.0,0.5944611679711017
11627,201,Clovis,2073.0,0.7020770620108369
11628,201,Clovis,1928.0,0.6837748344370861
11629,201,Clovis,2250.0,0.7248344370860927
11630,201,Clovis,1348.0,0.5973810957254666
11631,201,Clovis,2310.0,0.7305237808549067
11632,201,Clovis,2239.0,0.7237808549066828
11633,201,Clovis,1388.0,0.6045454545454545
11634,191,Clovis,6048.0,0.9119807344972908
11635,191,Clovis,3398.0,0.8189343768813967
11636,191,Clovis,5975.0,0.9104154124021674
11637,191,Clovis,5706.0,0.905057194461168
11638,191,Clovis,3638.0,0.8313064419024684
11639,191,Clovis,7113.0,0.9301023479831427
11640,192,Clovis,5442.0,0.8981938591210115
11641,192,Clovis,1840.0,0.6707706201083684
11642,192,Clovis,1958.0,0.687326911499097
11643,192,Clovis,5214.0,0.8912703190848886
11644,192,Clovis,3083.0,0.7968693558097532
11645,192,Clovis,2111.0,0.7073148705599037
11646,192,Clovis,6029.0,0.9116797110174594
11647,192,Clovis,1430.0,0.6124623720650211
11648,192,Clovis,1918.0,0.6823299217338953
11649,192,Clovis,4420.0,0.8640577965081276
11650,192,Clovis,4777.0,0.8772426249247441
11651,203,Clovis,2903.0,0.7832329921733895
11652,203,Clovis,2417.0,0.7407585791691752
11653,203,Clovis,3683.0,0.8328717639975918
11654,203,Clovis,1981.0,0.6899458157736303
11655,203,Clovis,2621.0,0.758850090307044
11656,203,Clovis,2992.0,0.7895243829018663
11657,203,Clovis,4195.0,0.8552077062010837
11658,203,Clovis,2367.0,0.7358518964479229
11659,204,Clovis,957.0,0.525948223961469
11660,204,Clovis,1987.0,0.6908187838651415
11661,204,Clovis,1880.0,0.6772727272727272
11662,204,Clovis,944.0,0.522998193859121
11663,204,Clovis,4626.0,0.872155328115593
11664,204,Clovis,2357.0,0.7347682119205298
11665,204,Clovis,932.0,0.5202287778446719
11666,204,Clovis,1870.0,0.6753461770018061
11667,204,Clovis,899.0,0.5152618904274533
11668,204,Clovis,1391.0,0.6051776038531005
11669,204,Clovis,2108.0,0.7071041541240217
11670,204,Clovis,2084.0,0.7039133052378086
11671,204,Clovis,3237.0,0.8080373269114991
11672,204,Clovis,3989.0,0.8461468994581577
11673,204,Clovis,1338.0,0.5956050571944612
11674,204,Clovis,4383.0,0.8629741119807345
11675,204,Clovis,3795.0,0.8372366044551475
11676,204,Clovis,896.0,0.5145996387718242
11677,204,Clovis,4928.0,0.8818181818181818
11678,204,Clovis,1374.0,0.6022576760987357
11679,204,Clovis,953.0,0.5254665863937387
11680,204,Clovis,1936.0,0.6846478025285972
11681,204,Clovis,1775.0,0.6612582781456954
11682,204,Clovis,2439.0,0.7431065623118603
11683,196,Clovis,1931.0,0.6841059602649007
11684,196,Clovis,2060.0,0.7000301023479831
11685,196,Clovis,1771.0,0.6605960264900662
11686,196,Clovis,2673.0,0.7640276941601445
11687,196,Clovis,1761.0,0.6588801926550271
11688,196,Clovis,1813.0,0.666887417218543
11689,196,Clovis,1652.0,0.6450933172787477
11690,196,Clovis,2629.0,0.7597230583985551
11691,196,Clovis,2675.0,0.7642986152919927
11692,196,Clovis,2613.0,0.7585189644792294
11693,196,Clovis,2575.0,0.7559602649006623
11694,196,Clovis,2158.0,0.71475015051174
11695,196,Clovis,1640.0,0.6438591210114389
11696,205,Clovis,4073.0,0.8490668272125226
11697,205,Clovis,1053.0,0.5426550270921132
11698,205,Clovis,1908.0,0.6806742925948224
11699,205,Clovis,2312.0,0.7307645996387718
11700,205,Clovis,927.0,0.5192655027092113
11701,205,Clovis,1423.0,0.6110475617098133
11702,205,Clovis,2625.0,0.7593919325707406
11703,205,Clovis,990.0,0.5317278747742324
11704,205,Clovis,1778.0,0.6616496086694762
11705,205,Clovis,1870.0,0.6753461770018061
11706,205,Clovis,1676.0,0.6488260084286575
11707,205,Clovis,1195.0,0.5695364238410596
11708,205,Clovis,1495.0,0.6230583985550873
11709,197,Clovis,1166.0,0.5642685129440096
11710,197,Clovis,1137.0,0.5575556893437689
11711,197,Clovis,1184.0,0.5679409993979531
11712,197,Clovis,350.0,0.3777242624924744
11713,197,Clovis,1542.0,0.6298615291992775
11714,197,Clovis,549.0,0.4369054786273329
11715,197,Clovis,960.0,0.5267308850090308
11716,206,Clovis,1879.0,0.6770620108368453
11717,206,Clovis,731.0,0.48344370860927155
11718,206,Clovis,985.0,0.5306441902468393
11719,206,Clovis,1374.0,0.6022576760987357
11720,206,Clovis,898.0,0.5149608669476219
11721,206,Clovis,935.0,0.5210415412402167
11722,206,Clovis,1254.0,0.579530403371463
11723,282,Clovis,709.0,0.4769416014449127
11724,282,Clovis,551.0,0.4373269114990969
11725,282,Clovis,501.0,0.423841059602649
11726,282,Clovis,478.0,0.4170680313064419
11727,282,Clovis,539.0,0.4349789283564118
11728,282,Clovis,508.0,0.42576760987357015
11729,282,Clovis,488.0,0.4199277543648405
11730,282,Clovis,689.0,0.4728476821192053
11731,282,Clovis,691.0,0.473419626730885
11732,282,Clovis,464.0,0.41264298615291994
11733,282,Clovis,641.0,0.46300421432871763
11734,286,Clovis,23.0,0.14145093317278748
11735,286,Clovis,43.0,0.19039735099337748
11736,106,Clovis,424.0,0.4015051173991571
11737,106,Clovis,496.0,0.42251655629139073
11738,106,Clovis,495.0,0.42203491872366045
11739,106,Clovis,1793.0,0.6641481035520771
11740,106,Clovis,275.0,0.35463576158940396
11741,106,Clovis,180.0,0.3159542444310656
11742,106,Clovis,140.0,0.29193257074051776
11743,106,Clovis,769.0,0.4906381697772426
11744,106,Clovis,224.0,0.3349187236604455
11745,111,Clovis,8281.0,0.9463275135460566
11746,111,Clovis,3323.0,0.8145093317278748
11747,111,Clovis,2500.0,0.7496989765201686
11748,111,Clovis,2354.0,0.7343166767007827
11749,111,Clovis,3070.0,0.796207104154124
11750,111,Clovis,3508.0,0.8244130042143287
11751,111,Clovis,3430.0,0.8203491872366044
11752,111,Clovis,2985.0,0.7889223359422035
11753,139,Clovis,3085.0,0.797049969897652
11754,139,Clovis,414.0,0.39834437086092717
11755,139,Clovis,3253.0,0.8091812161348585
11756,139,Clovis,3189.0,0.8049066827212522
11757,155,Clovis,43.0,0.19039735099337748
11758,155,Clovis,827.0,0.5014449127031908
11759,155,Clovis,0.0,0.0
11760,155,Clovis,720.0,0.48037326911499095
11761,167,Clovis,558.0,0.43925346177001806
11762,167,Clovis,707.0,0.47627934978928355
11763,167,Clovis,906.0,0.5164057796508128
11764,167,Clovis,331.0,0.3724262492474413
11765,167,Clovis,467.0,0.4140878988561108
11766,167,Clovis,562.0,0.4401264298615292
11767,167,Clovis,553.0,0.4376881396748946
11768,167,Clovis,475.0,0.41625526791089706
11769,167,Clovis,396.0,0.3911198073449729
11770,167,Clovis,414.0,0.39834437086092717
11771,167,Clovis,791.0,0.495574954846478
11772,167,Clovis,411.0,0.3969897652016857
11773,167,Clovis,525.0,0.43067429259482237
11774,167,Clovis,289.0,0.35945213726670683
11775,167,Clovis,452.0,0.4102347983142685
11776,167,Clovis,457.0,0.4112281757977122
11777,167,Clovis,583.0,0.44729078868151717
11778,167,Clovis,393.0,0.39009632751354606
11779,167,Clovis,556.0,0.4385611077664058
11780,167,Clovis,378.0,0.38564118001204095
11781,167,Clovis,615.0,0.4554184226369657
11782,167,Clovis,439.0,0.4064118001204094
11783,183,Clovis,883.0,0.5127934978928357
11784,183,Clovis,183.0,0.3173389524382902
11785,183,Clovis,458.0,0.4113786875376279
11786,183,Clovis,542.0,0.43567128236002406
11787,183,Clovis,364.0,0.38142685129440096
11788,183,Clovis,977.0,0.5294099939795304
11789,183,Clovis,647.0,0.4643889223359422
11790,183,Clovis,386.0,0.3882600842865743
11791,183,Clovis,378.0,0.38564118001204095
11792,183,Clovis,655.0,0.4656532209512342
11793,183,Clovis,135.0,0.2887116195063215
11794,183,Clovis,573.0,0.44425045153521975
11795,183,Clovis,618.0,0.4565623118603251
11796,183,Clovis,624.0,0.4582480433473811
11797,183,Clovis,394.0,0.39048765803732693
11798,198,Clovis,460.0,0.41173991571342566
11799,198,Clovis,313.0,0.3670078266104756
11800,198,Clovis,232.0,0.3388621312462372
11801,198,Clovis,394.0,0.39048765803732693
11802,198,Clovis,272.0,0.3539434075857917
11803,198,Clovis,716.0,0.47895845875978327
11804,198,Clovis,542.0,0.43567128236002406
11805,198,Clovis,639.0,0.46261288380493676
11806,198,Clovis,466.0,0.41351595424443105
11807,198,Clovis,486.0,0.4191149909692956
11808,198,Clovis,469.0,0.4145093317278748
11809,198,Clovis,600.0,0.451475015051174
11810,198,Clovis,570.0,0.44310656231186035
11811,198,Clovis,391.0,0.38937387116195066
11812,198,Clovis,288.0,0.3590307043949428
11813,198,Clovis,314.0,0.36745936183022276
11814,207,Clovis,597.0,0.4506020469596628
11815,207,Clovis,658.0,0.46625526791089705
11816,207,Clovis,626.0,0.4587296809151114
11817,207,Clovis,614.0,0.4550872968091511
11818,207,Clovis,296.0,0.3614990969295605
11819,207,Clovis,454.0,0.4107465382299819
11820,207,Clovis,421.0,0.4009030704394943
11821,207,Clovis,936.0,0.5211619506321493
11822,207,Clovis,622.0,0.45758579169175195
11823,207,Clovis,568.0,0.441782059000602
11824,207,Clovis,778.0,0.49286574352799517
11825,207,Clovis,200.0,0.3253461770018061
11826,207,Clovis,618.0,0.4565623118603251
11827,207,Clovis,501.0,0.423841059602649
11828,207,Clovis,557.0,0.43895243829018665
11829,207,Clovis,549.0,0.4369054786273329
11830,267,Clovis,167.0,0.3077062010836845
11831,267,Clovis,137.0,0.28967489464178203
11832,267,Clovis,139.0,0.2910897049969898
11833,267,Clovis,150.0,0.2988260084286574
11834,267,Clovis,164.0,0.30638169777242624
11835,267,Clovis,139.0,0.2910897049969898
11836,267,Clovis,164.0,0.30638169777242624
11837,267,Clovis,151.0,0.2995183624322697
11838,267,Clovis,123.0,0.2817278747742324
11839,267,Clovis,0.0,0.0
11840,267,Clovis,130.0,0.2866044551475015
11841,267,Clovis,70.0,0.23573148705599037
11842,267,Clovis,100.0,0.26535219747140276
11843,267,Clovis,165.0,0.3069235400361228
11844,267,Clovis,139.0,0.2910897049969898
11845,267,Clovis,82.0,0.2473208910295003
11846,267,Clovis,184.0,0.31794099939795306
11847,267,Clovis,41.0,0.18741721854304635
11848,267,Clovis,124.0,0.28269114990969296
11849,267,Clovis,69.0,0.2342865743527995
11850,908,Fresno,2330.0,0.7323299217338952
11851,908,Fresno,953.0,0.5254665863937387
11852,908,Fresno,1336.0,0.5954244431065623
11853,908,Fresno,1537.0,0.6288380493678507
11854,908,Fresno,632.0,0.46047561709813367
11855,908,Fresno,840.0,0.5048464780252859
11856,908,Fresno,1404.0,0.6076158940397351
11857,908,Fresno,1648.0,0.6446417820590006
11858,908,Fresno,1083.0,0.5488260084286575
11859,908,Fresno,771.0,0.4912101143889223
11860,908,Fresno,1442.0,0.6144190246839254
11861,908,Fresno,901.0,0.5157736303431668
11862,908,Fresno,1472.0,0.6192956050571945
11863,915,Fresno,1477.0,0.6201384708007225
11864,915,Fresno,535.0,0.4341962673088501
11865,915,Fresno,515.0,0.42775436484045753
11866,915,Fresno,605.0,0.45310054184226367
11867,915,Fresno,1814.0,0.6671282360024082
11868,915,Fresno,892.0,0.5137567730282963
11869,915,Fresno,276.0,0.35496688741721855
11870,915,Fresno,494.0,0.4215833835039133
11871,915,Fresno,1859.0,0.6735099337748345
11872,2733,Unincorporate,169.0,0.30869957856712826
11873,2733,Clovis,49.0,0.20270921131848285
11874,2733,Unincorporate,49.0,0.20270921131848285
11875,2724,Unincorporate,8.0,0.06815171583383504
11876,2724,Unincorporate,54.0,0.21351595424443107
11877,2724,Unincorporate,52.0,0.20875978326309452
11878,275,Clovis,93.0,0.2581878386514148
11879,275,Clovis,43.0,0.19039735099337748
11880,279,Clovis,469.0,0.4145093317278748
11881,279,Clovis,87.0,0.25234798314268514
11882,283,Clovis,331.0,0.3724262492474413
11883,289,Clovis,630.0,0.4597230583985551
11884,284,Clovis,69.0,0.2342865743527995
11885,290,Clovis,28.0,0.15755568934376882
11886,290,Clovis,85.0,0.2503010234798314
11887,292,Clovis,19.0,0.12332931968693558
11888,292,Clovis,26.0,0.1517760385310054
11889,292,Clovis,32.0,0.1669175195665262
11890,2368,Fresno,0.0,0.0
11891,2368,Unincorporate,0.0,0.0
11892,1311,Fresno,0.0,0.0
11893,485,Fresno,895.0,0.5144190246839253
11894,485,Fresno,1753.0,0.6579470198675497
11895,485,Fresno,855.0,0.5081878386514148
11896,485,Fresno,394.0,0.39048765803732693
11897,485,Fresno,394.0,0.39048765803732693
11898,485,Fresno,895.0,0.5144190246839253
11899,485,Fresno,363.0,0.38100541842263697
11900,485,Fresno,355.0,0.3786273329319687
11901,485,Fresno,393.0,0.39009632751354606
11902,485,Fresno,400.0,0.3925346177001806
11903,485,Fresno,398.0,0.3918723660445515
11904,485,Fresno,745.0,0.4863034316676701
11905,485,Fresno,490.0,0.42055990367248647
11906,485,Fresno,392.0,0.3897049969897652
11907,485,Fresno,355.0,0.3786273329319687
11908,490,Fresno,606.0,0.45349187236604455
11909,490,Fresno,333.0,0.3730583985550873
11910,490,Fresno,673.0,0.46983744732089106
11911,490,Fresno,339.0,0.3743829018663456
11912,490,Fresno,295.0,0.3612281757977122
11913,490,Fresno,304.0,0.36405779650812764
11914,490,Fresno,333.0,0.3730583985550873
11915,499,Fresno,784.0,0.49425045153521974
11916,499,Fresno,1071.0,0.5465081276339554
11917,499,Fresno,1829.0,0.6694762191450934
11918,499,Fresno,1976.0,0.6895544852498495
11919,499,Fresno,1860.0,0.6736905478627333
11920,499,Fresno,1525.0,0.627212522576761
11921,498,Fresno,625.0,0.4585189644792294
11922,498,Fresno,1260.0,0.5803130644190246
11923,498,Fresno,1413.0,0.6089704996989765
11924,498,Fresno,185.0,0.31863335340156534
11925,498,Fresno,112.0,0.27396146899458157
11926,498,Fresno,602.0,0.451896447922938
11927,498,Fresno,435.0,0.40496688741721854
11928,500,Fresno,1652.0,0.6450933172787477
11929,500,Fresno,1074.0,0.547049969897652
11930,500,Fresno,1956.0,0.6869656833232992
11931,500,Fresno,269.0,0.3526490066225166
11932,500,Fresno,1102.0,0.5519566526189043
11933,498,Fresno,57.0,0.2181216134858519
11934,500,Fresno,280.0,0.35602046959662853
11935,500,Fresno,1448.0,0.6156532209512342
11936,500,Fresno,513.0,0.427423239012643
11937,500,Fresno,1427.0,0.6116797110174593
11938,500,Fresno,1134.0,0.5570439494280554
11939,500,Fresno,525.0,0.43067429259482237
11940,500,Fresno,22.0,0.1382299819385912
11941,500,Fresno,1115.0,0.5537326911499096
11942,503,Fresno,164.0,0.30638169777242624
11943,503,Fresno,364.0,0.38142685129440096
11944,503,Fresno,243.0,0.34467188440698376
11945,503,Fresno,203.0,0.3267308850090307
11946,503,Fresno,201.0,0.3257074051776038
11947,503,Fresno,0.0,0.0
11948,503,Fresno,298.0,0.3621312462372065
11949,503,Fresno,493.0,0.42131246237206504
11950,503,Fresno,142.0,0.29307645996387716
11951,503,Fresno,570.0,0.44310656231186035
11952,503,Fresno,142.0,0.29307645996387716
11953,503,Fresno,814.0,0.4994280553883203
11954,503,Fresno,203.0,0.3267308850090307
11955,503,Fresno,333.0,0.3730583985550873
11956,503,Fresno,207.0,0.32832630945213725
11957,503,Fresno,317.0,0.3681216134858519
11958,503,Fresno,203.0,0.3267308850090307
11959,503,Fresno,139.0,0.2910897049969898
11960,503,Fresno,205.0,0.32769416014449126
11961,503,Fresno,808.0,0.49804334738109574
11962,503,Fresno,234.0,0.3403973509933775
11963,503,Fresno,14.0,0.098314268512944
11964,503,Fresno,139.0,0.2910897049969898
11965,503,Fresno,133.0,0.28801926550270923
11966,503,Fresno,357.0,0.3790788681517158
11967,503,Fresno,806.0,0.49765201685731486
11968,503,Fresno,140.0,0.29193257074051776
11969,503,Fresno,472.0,0.4152919927754365
11970,503,Fresno,358.0,0.3793798916315473
11971,503,Fresno,0.0,0.0
11972,503,Fresno,787.0,0.4948826008428657
11973,503,Fresno,139.0,0.2910897049969898
11974,503,Fresno,0.0,0.0
11975,503,Fresno,1100.0,0.5516556291390728
11976,503,Fresno,788.0,0.4950632149307646
11977,501,Fresno,129.0,0.2860626128838049
11978,501,Fresno,76.0,0.24211318482841662
11979,501,Fresno,801.0,0.4971101745936183
11980,501,Fresno,188.0,0.32013847080072244
11981,501,Fresno,1074.0,0.547049969897652
11982,501,Fresno,69.0,0.2342865743527995
11983,501,Fresno,253.0,0.3486453943407586
11984,501,Fresno,767.0,0.49015653220951233
11985,501,Fresno,171.0,0.30942203491872367
11986,501,Fresno,975.0,0.5290186634557495
11987,501,Fresno,563.0,0.4403371462974112
11988,501,Fresno,973.0,0.5288380493678507
11989,501,Fresno,887.0,0.5131547260686333
11990,501,Fresno,760.0,0.4884406983744732
11991,501,Fresno,524.0,0.43034316676700785
11992,501,Fresno,78.0,0.24370860927152319
11993,501,Fresno,301.0,0.36324503311258277
11994,501,Fresno,980.0,0.5297712221553281
11995,502,Fresno,2477.0,0.7465382299819386
11996,502,Fresno,1300.0,0.587989163154726
11997,504,Fresno,953.0,0.5254665863937387
11998,504,Fresno,986.0,0.5309753160746539
11999,504,Fresno,850.0,0.507164358819988
12000,504,Fresno,1071.0,0.5465081276339554
12001,504,Fresno,1649.0,0.6447922937989163
12002,504,Fresno,707.0,0.47627934978928355
12003,504,Fresno,977.0,0.5294099939795304
12004,504,Fresno,2046.0,0.6980132450331126
12005,504,Fresno,1376.0,0.6025888019265503
12006,531,Fresno,1860.0,0.6736905478627333
12007,504,Fresno,1000.0,0.5333232992173389
12008,504,Fresno,1490.0,0.6220048163756773
12009,504,Fresno,377.0,0.38515954244431067
12010,504,Fresno,902.0,0.5158940397350993
12011,504,Fresno,908.0,0.5168573148705599
12012,504,Fresno,1002.0,0.5335039133052378
12013,504,Fresno,1367.0,0.6013546056592414
12014,504,Fresno,2020.0,0.694310656231186
12015,504,Fresno,1250.0,0.5788681517158338
12016,504,Fresno,1330.0,0.5942203491872367
12017,505,Fresno,2326.0,0.7319084888621312
12018,505,Fresno,3571.0,0.827423239012643
12019,505,Fresno,615.0,0.4554184226369657
12020,505,Fresno,376.0,0.38473810957254667
12021,505,Fresno,723.0,0.48148705599036723
12022,505,Fresno,779.0,0.49316676700782663
12023,505,Fresno,662.0,0.4673389524382902
12024,505,Fresno,659.0,0.46664659843467793
12025,505,Fresno,824.0,0.5010234798314268
12026,505,Fresno,385.0,0.3879590608067429
12027,505,Fresno,716.0,0.47895845875978327
12028,505,Fresno,857.0,0.5086995785671282
12029,505,Fresno,1066.0,0.5453341360626128
12030,505,Fresno,779.0,0.49316676700782663
12031,505,Fresno,648.0,0.4645394340758579
12032,506,Fresno,1192.0,0.5689644792293799
12033,506,Fresno,3597.0,0.829108970499699
12034,506,Fresno,1944.0,0.6852799518362432
12035,506,Fresno,4281.0,0.858850090307044
12036,506,Fresno,2104.0,0.706742925948224
12037,506,Fresno,2122.0,0.7085791691751957
12038,506,Fresno,2369.0,0.7361529199277543
12039,506,Fresno,2045.0,0.6978627332931969
12040,506,Fresno,2014.0,0.6939494280553883
12041,506,Fresno,1992.0,0.6913907284768211
12042,506,Fresno,5271.0,0.8935580975316074
12043,506,Fresno,2999.0,0.7903672486453943
12044,506,Fresno,1802.0,0.6655027092113185
12045,506,Fresno,2924.0,0.784587597832631
12046,506,Fresno,1352.0,0.5980132450331126
12047,506,Fresno,1210.0,0.5722155328115593
12048,506,Fresno,1209.0,0.5718543046357616
12049,511,Fresno,1129.0,0.555900060204696
12050,511,Fresno,12363.0,0.9655629139072848
12051,511,Fresno,570.0,0.44310656231186035
12052,511,Fresno,8812.0,0.9518061408789885
12053,511,Fresno,4085.0,0.849789283564118
12054,511,Fresno,0.0,0.0
12055,511,Fresno,8796.0,0.9516255267910897
12056,511,Fresno,12054.0,0.9644792293798916
12057,511,Fresno,11759.0,0.963937387116195
12058,511,Fresno,12399.0,0.9656833232992174
12059,511,Fresno,14767.0,0.9718242022877784
12060,511,Fresno,718.0,0.47968091511137867
12061,511,Fresno,571.0,0.44367850692354005
12062,511,Fresno,3190.0,0.8049969897652017
12063,512,Fresno,12054.0,0.9644792293798916
12064,512,Fresno,12133.0,0.964780252859723
12065,512,Fresno,6199.0,0.9149307645996387
12066,512,Fresno,4570.0,0.8697772426249247
12067,512,Fresno,10366.0,0.9604455147501505
12068,512,Fresno,6074.0,0.9126429861529199
12069,512,Fresno,1689.0,0.6508127633955448
12070,512,Fresno,6593.0,0.9218844069837447
12071,512,Fresno,6009.0,0.9112281757977122
12072,512,Fresno,5915.0,0.9090909090909091
12073,512,Fresno,2687.0,0.7654425045153522
12074,512,Fresno,15923.0,0.974051776038531
12075,512,Fresno,16311.0,0.9747140276941602
12076,512,Fresno,4510.0,0.8674593618302228
12077,512,Fresno,14880.0,0.9721854304635762
12078,512,Fresno,5333.0,0.8956652618904275
12079,508,Fresno,9494.0,0.9561709813365442
12080,508,Fresno,10876.0,0.9617098133654425
12081,508,Fresno,11082.0,0.9623118603251054
12082,508,Fresno,13218.0,0.9676098735701385
12083,508,Fresno,7260.0,0.9326309452137267
12084,508,Fresno,9804.0,0.9582179409993979
12085,508,Fresno,10657.0,0.9609873570138471
12086,508,Fresno,10991.0,0.9621312462372065
12087,508,Fresno,10068.0,0.9593618302227573
12088,508,Fresno,9983.0,0.9590006020469597
12089,513,Fresno,15719.0,0.9738711619506322
12090,513,Fresno,6411.0,0.919626730885009
12091,513,Fresno,13654.0,0.9685129440096327
12092,513,Fresno,15933.0,0.9741119807344973
12093,513,Fresno,13987.0,0.9694762191450933
12094,513,Fresno,8062.0,0.9435881998795906
12095,510,Fresno,12451.0,0.9658037326911499
12096,510,Fresno,12172.0,0.9650210716435882
12097,510,Fresno,12030.0,0.9642986152919928
12098,510,Fresno,12613.0,0.9662853702588802
12099,510,Fresno,10150.0,0.9597230583985551
12100,517,Fresno,13706.0,0.9689343768813967
12101,517,Fresno,13691.0,0.9687537627934979
12102,517,Fresno,11632.0,0.9636363636363636
12103,517,Fresno,10634.0,0.9609271523178808
12104,517,Fresno,12937.0,0.9668272125225768
12105,517,Fresno,11615.0,0.963515954244431
12106,517,Fresno,10712.0,0.9611679711017459
12107,517,Fresno,10246.0,0.9602046959662853
12108,517,Fresno,11674.0,0.9638169777242624
12109,517,Fresno,13638.0,0.9684527393136665
12110,517,Fresno,12547.0,0.966044551475015
12111,517,Fresno,14375.0,0.9707405177603853
12112,517,Fresno,10118.0,0.9596026490066225
12113,517,Fresno,13697.0,0.9688139674894641
12114,517,Fresno,10142.0,0.9596628537025887
12115,517,Fresno,13688.0,0.9686935580975317
12116,517,Fresno,10015.0,0.9590608067429259
12117,517,Fresno,9290.0,0.9545454545454546
12118,518,Fresno,13014.0,0.9671884406983745
12119,518,Fresno,14557.0,0.971101745936183
12120,518,Fresno,13978.0,0.9694160144491271
12121,518,Fresno,11431.0,0.9629139072847682
12122,518,Fresno,4337.0,0.8607164358819988
12123,518,Fresno,9709.0,0.9577363034316677
12124,518,Fresno,12789.0,0.9665261890427453
12125,518,Fresno,11511.0,0.963094521372667
12126,518,Fresno,8348.0,0.94683925346177
12127,518,Fresno,8358.0,0.9469596628537026
12128,518,Fresno,14556.0,0.9710415412402167
12129,518,Fresno,16109.0,0.9742323901264298
12130,518,Fresno,13825.0,0.9690547862733293
12131,518,Fresno,4563.0,0.8694461167971101
12132,518,Fresno,7941.0,0.9421432871763997
12133,518,Fresno,7232.0,0.9321192052980133
12134,1441,Fresno,7.0,0.06303431667670079
12135,1441,Fresno,7.0,0.06303431667670079
12136,1456,Fresno,12.0,0.08880192655027092
12137,1469,Fresno,7706.0,0.9393136664659844
12138,1469,Fresno,9107.0,0.953371462974112
12139,1469,Fresno,7627.0,0.9382299819385912
12140,1472,Fresno,8942.0,0.952317880794702
12141,1480,Fresno,8374.0,0.9475015051173992
12142,1480,Fresno,8523.0,0.949367850692354
12143,1480,Fresno,9208.0,0.954003612281758
12144,1480,Fresno,9045.0,0.9530403371462974
12145,1480,Fresno,8563.0,0.949789283564118
12146,1480,Fresno,8553.0,0.9496688741721855
12147,1480,Fresno,7585.0,0.9374473208910294
12148,1472,Fresno,8829.0,0.951896447922938
12149,1480,Fresno,11769.0,0.9640577965081276
12150,1480,Fresno,8677.0,0.9509030704394943
12151,1480,Fresno,9160.0,0.9538832028898254
12152,1480,Fresno,8486.0,0.9490367248645394
12153,1480,Fresno,8363.0,0.947260686333534
12154,1480,Fresno,9468.0,0.9559301625526792
12155,1480,Fresno,12197.0,0.965201685731487
12156,1486,Fresno,13235.0,0.9677302829620711
12157,1486,Fresno,13144.0,0.9674894641782059
12158,1486,Fresno,15306.0,0.9731487055990368
12159,1488,Fresno,12949.0,0.9669476219145093
12160,1488,Fresno,12098.0,0.9646598434677904
12161,1489,Fresno,13856.0,0.9691751956652619
12162,1489,Fresno,13485.0,0.9680313064419025
12163,1489,Fresno,12151.0,0.9649006622516556
12164,1489,Fresno,12236.0,0.965382299819386
12165,1490,Fresno,13016.0,0.9672486453943407
12166,1490,Fresno,8469.0,0.9487658037326911
12167,1490,Fresno,12385.0,0.965623118603251
12168,1490,Fresno,11246.0,0.9626128838049368
12169,1490,Fresno,10924.0,0.9619506321493076
12170,1490,Fresno,9543.0,0.9565924142083082
12171,1490,Fresno,10766.0,0.9614087898856111
12172,1490,Fresno,12582.0,0.9662251655629139
12173,1490,Fresno,13061.0,0.9673690547862733
12174,1490,Fresno,13675.0,0.9686333534015653
12175,1490,Fresno,9869.0,0.9583985550872968
12176,1490,Fresno,14312.0,0.9704996989765202
12177,1490,Fresno,14369.0,0.970680313064419
12178,1496,Fresno,13111.0,0.9674292594822396
12179,1496,Fresno,8649.0,0.950632149307646
12180,1496,Fresno,6015.0,0.911408789885611
12181,1496,Fresno,5088.0,0.8875978326309452
12182,1497,Fresno,8437.0,0.9482841661649609
12183,1497,Fresno,12026.0,0.9642384105960264
12184,1498,Fresno,9655.0,0.9574352799518362
12185,1498,Fresno,8611.0,0.950210716435882
12186,1498,Fresno,14228.0,0.9703190848886213
12187,1498,Fresno,9927.0,0.9587597832630945
12188,2367,Unincorporate,67.0,0.23169777242624925
12189,2367,Unincorporate,33.0,0.16887417218543047
12190,2367,Unincorporate,84.0,0.24909692956050572
12191,482,Fresno,1423.0,0.6110475617098133
12192,482,Fresno,210.0,0.32910897049969895
12193,482,Fresno,1590.0,0.6364539434075858
12194,482,Fresno,1423.0,0.6110475617098133
12195,482,Fresno,212.0,0.3303431667670078
12196,482,Fresno,1624.0,0.6417218543046358
12197,482,Fresno,1502.0,0.6243527995183624
12198,1311,Fresno,1443.0,0.6146598434677905
12199,1315,Fresno,487.0,0.4194461167971102
12200,1315,Fresno,577.0,0.4459060806742926
12201,1315,Fresno,593.0,0.44909692956050573
12202,1315,Fresno,492.0,0.42098133654425046
12203,1315,Fresno,605.0,0.45310054184226367
12204,1315,Fresno,583.0,0.44729078868151717
12205,1315,Fresno,575.0,0.4453341360626129
12206,1315,Fresno,552.0,0.4374774232390126
12207,1315,Fresno,583.0,0.44729078868151717
12208,1315,Fresno,593.0,0.44909692956050573
12209,1315,Fresno,595.0,0.44945815773630343
12210,1315,Fresno,623.0,0.45791691751956654
12211,525,Fresno,1483.0,0.6211017459361831
12212,525,Fresno,1332.0,0.5947922937989163
12213,525,Fresno,1670.0,0.6479831426851295
12214,525,Fresno,1495.0,0.6230583985550873
12215,525,Fresno,1625.0,0.6419626730885009
12216,525,Fresno,1280.0,0.5842564720048163
12217,525,Fresno,1394.0,0.6055990367248646
12218,525,Fresno,1336.0,0.5954244431065623
12219,525,Fresno,1667.0,0.6473810957254665
12220,525,Fresno,1164.0,0.5636363636363636
12221,525,Fresno,1140.0,0.5582480433473811
12222,1318,Fresno,910.0,0.517308850090307
12223,1318,Fresno,499.0,0.4233895243829019
12224,1318,Fresno,933.0,0.520680313064419
12225,540,Fresno,828.0,0.5017459361830223
12226,540,Fresno,781.0,0.4936484045755569
12227,540,Fresno,456.0,0.4110174593618302
12228,540,Fresno,794.0,0.4961167971101746
12229,540,Fresno,923.0,0.5188741721854304
12230,540,Fresno,617.0,0.45623118603251056
12231,540,Fresno,1426.0,0.6114990969295605
12232,540,Fresno,916.0,0.5179711017459362
12233,540,Fresno,1481.0,0.6208007224563517
12234,540,Fresno,835.0,0.5032510535821794
12235,540,Fresno,685.0,0.4722155328115593
12236,540,Fresno,1404.0,0.6076158940397351
12237,540,Fresno,656.0,0.46589403973509935
12238,540,Fresno,860.0,0.5093618302227574
12239,526,Fresno,1493.0,0.6226068633353402
12240,526,Fresno,1581.0,0.6352498494882601
12241,526,Fresno,1362.0,0.6003010234798314
12242,526,Fresno,2793.0,0.7745033112582781
12243,526,Fresno,956.0,0.5257977122215532
12244,526,Fresno,1666.0,0.6472606863335341
12245,526,Fresno,1023.0,0.5368753762793498
12246,526,Fresno,1846.0,0.6716134858518964
12247,526,Fresno,1493.0,0.6226068633353402
12248,526,Fresno,1766.0,0.659933774834437
12249,526,Fresno,1630.0,0.6427152317880794
12250,526,Fresno,1293.0,0.5870258880192655
12251,526,Fresno,1985.0,0.6905177603853101
12252,526,Fresno,1439.0,0.6138169777242625
12253,526,Fresno,1739.0,0.6565924142083083
12254,526,Fresno,1593.0,0.6370559903672487
12255,526,Fresno,2499.0,0.7495183624322698
12256,526,Fresno,1576.0,0.6343166767007826
12257,526,Fresno,1415.0,0.6093016255267911
12258,526,Fresno,1424.0,0.6112582781456953
12259,526,Fresno,941.0,0.5223660445514751
12260,541,Fresno,940.0,0.5221252257676099
12261,541,Fresno,1246.0,0.5783263094521373
12262,541,Fresno,1078.0,0.5477423239012643
12263,541,Fresno,1292.0,0.5867549668874172
12264,541,Fresno,763.0,0.48904274533413605
12265,541,Fresno,1026.0,0.5372366044551475
12266,541,Fresno,1366.0,0.6010836845273931
12267,541,Fresno,1267.0,0.5816074653822998
12268,541,Fresno,1853.0,0.6725165562913907
12269,541,Fresno,1189.0,0.5686634557495485
12270,541,Fresno,1693.0,0.6512040939193257
12271,541,Fresno,1071.0,0.5465081276339554
12272,541,Fresno,1439.0,0.6138169777242625
12273,541,Fresno,1676.0,0.6488260084286575
12274,541,Fresno,1122.0,0.554846478025286
12275,541,Fresno,1255.0,0.5796809151113786
12276,541,Fresno,1292.0,0.5867549668874172
12277,541,Fresno,918.0,0.5183925346177002
12278,541,Fresno,1294.0,0.5871763997591812
12279,541,Fresno,1161.0,0.5628236002408188
12280,541,Fresno,1099.0,0.5513546056592414
12281,542,Fresno,973.0,0.5288380493678507
12282,542,Fresno,1131.0,0.5561709813365443
12283,542,Fresno,829.0,0.5019566526189043
12284,542,Fresno,1454.0,0.616435881998796
12285,542,Fresno,993.0,0.5319987959060807
12286,542,Fresno,1164.0,0.5636363636363636
12287,542,Fresno,1212.0,0.5727272727272728
12288,542,Fresno,1475.0,0.6198073449729079
12289,542,Fresno,806.0,0.49765201685731486
12290,542,Fresno,919.0,0.5184828416616496
12291,542,Fresno,1265.0,0.581216134858519
12292,542,Fresno,1045.0,0.5408187838651415
12293,542,Fresno,831.0,0.5021974714027694
12294,542,Fresno,1415.0,0.6093016255267911
12295,542,Fresno,906.0,0.5164057796508128
12296,542,Fresno,1064.0,0.5448223961468994
12297,542,Fresno,853.0,0.5078868151715834
12298,542,Fresno,1181.0,0.5673991571342565
12299,542,Fresno,1260.0,0.5803130644190246
12300,542,Fresno,853.0,0.5078868151715834
12301,542,Fresno,1044.0,0.5405177603853101
12302,542,Fresno,1225.0,0.5750752558699579
12303,528,Fresno,2178.0,0.7167971101745936
12304,528,Fresno,1414.0,0.609060806742926
12305,528,Fresno,2376.0,0.7366345574954847
12306,528,Fresno,2194.0,0.7184828416616497
12307,528,Fresno,2271.0,0.7266706803130644
12308,528,Fresno,2715.0,0.7671282360024082
12309,528,Fresno,2856.0,0.779741119807345
12310,528,Fresno,2908.0,0.7835942203491872
12311,528,Fresno,1668.0,0.6475617098133655
12312,528,Fresno,1639.0,0.6437387116195064
12313,528,Fresno,2200.0,0.7191751956652619
12314,528,Fresno,2817.0,0.7765502709211318
12315,528,Fresno,2648.0,0.7616195063214931
12316,528,Fresno,1636.0,0.6435279951836244
12317,528,Fresno,2699.0,0.7662251655629139
12318,528,Fresno,1645.0,0.6443407585791692
12319,528,Fresno,1669.0,0.6478025285972305
12320,528,Fresno,1724.0,0.6547260686333534
12321,528,Fresno,2094.0,0.7051475015051174
12322,528,Fresno,946.0,0.5235099337748345
12323,528,Fresno,2767.0,0.7718844069837447
12324,527,Fresno,2108.0,0.7071041541240217
12325,527,Fresno,1880.0,0.6772727272727272
12326,527,Fresno,1475.0,0.6198073449729079
12327,527,Fresno,1129.0,0.555900060204696
12328,527,Fresno,1687.0,0.6505418422636966
12329,527,Fresno,2120.0,0.7083082480433474
12330,527,Fresno,1828.0,0.6692956050571944
12331,527,Fresno,986.0,0.5309753160746539
12332,527,Fresno,1901.0,0.6800421432871764
12333,527,Fresno,1651.0,0.644942805538832
12334,527,Fresno,1747.0,0.6573148705599037
12335,543,Fresno,1794.0,0.6643588199879591
12336,543,Fresno,1824.0,0.6687236604455148
12337,543,Fresno,900.0,0.5155930162552679
12338,545,Fresno,349.0,0.37745334136062614
12339,545,Fresno,357.0,0.3790788681517158
12340,544,Fresno,3317.0,0.8140878988561108
12341,544,Fresno,916.0,0.5179711017459362
12342,544,Fresno,488.0,0.4199277543648405
12343,529,Fresno,2753.0,0.7701986754966887
12344,529,Fresno,2830.0,0.7773630343166767
12345,529,Fresno,2285.0,0.7281757977122215
12346,529,Fresno,3025.0,0.7922335942203492
12347,529,Fresno,2099.0,0.7058097531607466
12348,529,Fresno,2831.0,0.7775436484045756
12349,529,Fresno,2535.0,0.7526189042745334
12350,529,Fresno,2199.0,0.7190547862733293
12351,529,Fresno,2307.0,0.7300722456351595
12352,529,Fresno,1768.0,0.6602649006622516
12353,546,Fresno,1292.0,0.5867549668874172
12354,546,Fresno,1437.0,0.6133955448524985
12355,546,Fresno,1846.0,0.6716134858518964
12356,546,Fresno,565.0,0.4409692956050572
12357,546,Fresno,2925.0,0.7847080072245635
12358,546,Fresno,1479.0,0.6204394942805539
12359,546,Fresno,102.0,0.2670078266104756
12360,546,Fresno,959.0,0.5264900662251656
12361,546,Fresno,588.0,0.44819385912101145
12362,546,Fresno,535.0,0.4341962673088501
12363,546,Fresno,81.0,0.24641782059000603
12364,546,Fresno,520.0,0.42901866345574957
12365,546,Fresno,1159.0,0.5625526791089706
12366,546,Fresno,1447.0,0.615412402167369
12367,546,Fresno,974.0,0.5289584587597833
12368,546,Fresno,1912.0,0.6813365442504515
12369,546,Fresno,91.0,0.25626128838049367
12370,546,Fresno,89.0,0.2546658639373871
12371,546,Fresno,1456.0,0.6167369054786274
12372,546,Fresno,2565.0,0.7547260686333535
12373,546,Fresno,982.0,0.5301023479831427
12374,546,Fresno,985.0,0.5306441902468393
12375,546,Fresno,641.0,0.46300421432871763
12376,546,Fresno,510.0,0.42645996387718244
12377,546,Fresno,943.0,0.522787477423239
12378,547,Fresno,2500.0,0.7496989765201686
12379,547,Fresno,2666.0,0.7635159542444311
12380,547,Fresno,2049.0,0.6984045755568934
12381,547,Fresno,1883.0,0.6778145695364238
12382,547,Fresno,2675.0,0.7642986152919927
12383,530,Fresno,1609.0,0.6399759181216135
12384,530,Fresno,1606.0,0.6394039735099337
12385,530,Fresno,1956.0,0.6869656833232992
12386,530,Fresno,1852.0,0.6724262492474413
12387,530,Fresno,1466.0,0.6182119205298013
12388,530,Fresno,1416.0,0.6095725466586394
12389,530,Fresno,1643.0,0.6440698374473209
12390,530,Fresno,2112.0,0.7074352799518362
12391,530,Fresno,1495.0,0.6230583985550873
12392,530,Fresno,1052.0,0.5423239012642986
12393,530,Fresno,1557.0,0.6315773630343167
12394,530,Fresno,1816.0,0.6673991571342565
12395,530,Fresno,1445.0,0.6150210716435882
12396,530,Fresno,1161.0,0.5628236002408188
12397,548,Fresno,1352.0,0.5980132450331126
12398,548,Fresno,1594.0,0.6374172185430463
12399,548,Fresno,1280.0,0.5842564720048163
12400,548,Fresno,1669.0,0.6478025285972305
12401,548,Fresno,1250.0,0.5788681517158338
12402,548,Fresno,2197.0,0.7188440698374473
12403,548,Fresno,1632.0,0.643046357615894
12404,548,Fresno,1596.0,0.6377483443708609
12405,548,Fresno,1625.0,0.6419626730885009
12406,548,Fresno,1395.0,0.6058097531607466
12407,548,Fresno,1344.0,0.5964479229379892
12408,548,Fresno,1501.0,0.6240216736905478
12409,548,Fresno,1966.0,0.6883202889825406
12410,548,Fresno,1354.0,0.598524984948826
12411,548,Fresno,1308.0,0.589012642986153
12412,548,Fresno,1574.0,0.6338651414810356
12413,548,Fresno,1607.0,0.6396146899458158
12414,548,Fresno,1518.0,0.6262793497892836
12415,548,Fresno,1804.0,0.6656833232992173
12416,548,Fresno,1575.0,0.6341059602649006
12417,548,Fresno,1917.0,0.6821794099939795
12418,548,Fresno,1810.0,0.6664057796508127
12419,531,Fresno,1558.0,0.6317278747742324
12420,531,Fresno,1044.0,0.5405177603853101
12421,531,Fresno,1044.0,0.5405177603853101
12422,531,Fresno,1164.0,0.5636363636363636
12423,531,Fresno,811.0,0.49870559903672484
12424,531,Fresno,996.0,0.5323901264298615
12425,531,Fresno,2612.0,0.75842865743528
12426,531,Fresno,990.0,0.5317278747742324
12427,531,Fresno,1043.0,0.5402468392534617
12428,1499,Fresno,14069.0,0.9698976520168573
12429,1499,Fresno,12873.0,0.9666465984346779
12430,1499,Fresno,12286.0,0.9655027092113185
12431,1499,Fresno,8458.0,0.9486453943407586
12432,1500,Fresno,11670.0,0.9637567730282962
12433,1500,Fresno,11603.0,0.9633955448524985
12434,1500,Fresno,9965.0,0.9589403973509933
12435,1500,Fresno,12132.0,0.9647200481637568
12436,1500,Fresno,9941.0,0.9588199879590608
12437,1500,Fresno,8734.0,0.9511137868753763
12438,1500,Fresno,12551.0,0.9661047561709813
12439,1500,Fresno,9575.0,0.9567730282962071
12440,1500,Fresno,11516.0,0.9631547260686334
12441,1500,Fresno,12178.0,0.9651414810355208
12442,1500,Fresno,12038.0,0.964358819987959
12443,1500,Fresno,10025.0,0.9591210114388923
12444,1501,Fresno,5128.0,0.8889825406381697
12445,1501,Fresno,10302.0,0.9603251053582179
12446,1501,Fresno,10550.0,0.9608067429259483
12447,1501,Fresno,7231.0,0.9320288982540638
12448,1502,Fresno,6582.0,0.921733895243829
12449,1502,Fresno,8202.0,0.9450331125827814
12450,1502,Fresno,7525.0,0.93630343166767
12451,1502,Fresno,8440.0,0.9484045755568934
12452,1502,Fresno,5579.0,0.901685731487056
12453,1502,Fresno,6468.0,0.9201685731487056
12454,1503,Fresno,4745.0,0.8762793497892836
12455,1503,Fresno,2947.0,0.7859422034918724
12456,1503,Fresno,3045.0,0.7943708609271524
12457,1503,Fresno,6257.0,0.9159542444310657
12458,1503,Fresno,3850.0,0.8395544852498494
12459,1503,Fresno,5861.0,0.90842865743528
12460,1503,Fresno,5626.0,0.902950030102348
12461,1503,Fresno,6821.0,0.9257676098735701
12462,1503,Fresno,3634.0,0.8310656231186032
12463,1503,Fresno,6037.0,0.9118302227573751
12464,1503,Fresno,6683.0,0.9232691149909693
12465,763,Fresno,54.0,0.21351595424443107
12466,763,Fresno,54.0,0.21351595424443107
12467,763,Fresno,54.0,0.21351595424443107
12468,763,Fresno,54.0,0.21351595424443107
12469,763,Fresno,66.0,0.2300421432871764
12470,763,Fresno,54.0,0.21351595424443107
12471,763,Fresno,59.0,0.2213726670680313
12472,763,Fresno,65.0,0.22859723058398554
12473,763,Fresno,55.0,0.21559301625526792
12474,754,Fresno,574.0,0.44470198675496686
12475,754,Fresno,1239.0,0.5771222155328115
12476,754,Fresno,2485.0,0.7477423239012643
12477,754,Fresno,3149.0,0.8016556291390728
12478,754,Fresno,587.0,0.44807344972907887
12479,754,Fresno,583.0,0.44729078868151717
12480,754,Fresno,1085.0,0.5490668272125225
12481,754,Fresno,1711.0,0.6528597230583986
12482,754,Fresno,2486.0,0.748103552077062
12483,754,Fresno,1577.0,0.6345273931366646
12484,764,Fresno,358.0,0.3793798916315473
12485,764,Fresno,768.0,0.4904274533413606
12486,764,Fresno,383.0,0.3874473208910295
12487,764,Fresno,72.0,0.23783865141481036
12488,764,Fresno,361.0,0.380373269114991
12489,764,Fresno,332.0,0.37266706803130645
12490,755,Fresno,2153.0,0.7136664659843468
12491,755,Fresno,1765.0,0.659692956050572
12492,755,Fresno,1736.0,0.6561709813365443
12493,755,Fresno,2930.0,0.7851294400963276
12494,755,Fresno,2736.0,0.7688741721854304
12495,755,Fresno,1123.0,0.5551475015051174
12496,755,Fresno,999.0,0.5331125827814569
12497,755,Fresno,1760.0,0.6586694762191451
12498,755,Fresno,1133.0,0.5568332329921734
12499,755,Fresno,2191.0,0.7180614087898856
12500,755,Fresno,1122.0,0.554846478025286
12501,755,Fresno,946.0,0.5235099337748345
12502,650,Fresno,31543.0,0.9891631547260686
12503,650,Fresno,23070.0,0.9810355207706201
12504,650,Fresno,42952.0,0.9937387116195063
12505,660,Fresno,44556.0,0.9957254665863937
12506,652,Fresno,42355.0,0.9929560505719446
12507,652,Fresno,29214.0,0.9856110776640578
12508,652,Fresno,30836.0,0.9881396748946418
12509,652,Fresno,44639.0,0.9957856712823601
12510,652,Fresno,38338.0,0.9912703190848886
12511,652,Fresno,43823.0,0.9945213726670681
12512,662,Fresno,45457.0,0.9968091511137869
12513,662,Fresno,45213.0,0.9964479229379891
12514,654,Fresno,44417.0,0.9953040337146297
12515,654,Fresno,43528.0,0.9942203491872366
12516,654,Fresno,43099.0,0.9939795304033715
12517,664,Fresno,47150.0,0.9993377483443708
12518,664,Fresno,46089.0,0.9980132450331126
12519,665,Fresno,46845.0,0.9989163154726068
12520,665,Fresno,46289.0,0.9981938591210114
12521,665,Fresno,47135.0,0.9992173389524382
12522,665,Fresno,46714.0,0.9985550872968092
12523,666,Fresno,47167.0,0.9994581577363034
12524,666,Fresno,45096.0,0.9963877182420229
12525,667,Fresno,47131.0,0.999157134256472
12526,667,Fresno,46741.0,0.9987959060806743
12527,667,Fresno,46728.0,0.9986754966887417
12528,667,Fresno,47531.0,0.9996989765201686
12529,677,Fresno,47379.0,0.999578567128236
12530,677,Fresno,48970.0,0.9997591812161348
12531,677,Fresno,46546.0,0.998314268512944
12532,677,Fresno,45575.0,0.9971101745936183
12533,669,Fresno,47066.0,0.9990969295605057
12534,669,Fresno,47151.0,0.9993979530403372
12535,678,Fresno,46694.0,0.9984346779048766
12536,679,Fresno,45505.0,0.9969897652016857
12537,693,Fresno,49888.0,0.9998193859121012
12538,680,Fresno,46922.0,0.9989765201685732
12539,2207,Unincorporate,0.0,0.0
12540,2327,Unincorporate,0.0,0.0
12541,2327,Unincorporate,0.0,0.0
12542,2327,Unincorporate,0.0,0.0
12543,2327,Unincorporate,0.0,0.0
12544,2327,Unincorporate,0.0,0.0
12545,1543,Huron,64.0,0.227423239012643
12546,2787,Unincorporate,0.0,0.0
12547,2395,Unincorporate,45.0,0.1942203491872366
12548,2325,Unincorporate,15.0,0.10361228175797713
12549,1317,Fresno,245.0,0.34551475015051175
12550,521,Fresno,2674.0,0.7641481035520771
12551,497,Fresno,1282.0,0.5848886213124623
12552,493,Fresno,224.0,0.3349187236604455
12553,2775,Unincorporate,0.0,0.0
12554,2829,Unincorporate,48.0,0.200632149307646
12555,1542,Huron,146.0,0.29614689945815775
12556,123,Clovis,996.0,0.5323901264298615
12557,276,Clovis,66.0,0.2300421432871764
12558,2366,Unincorporate,48.0,0.200632149307646
12559,2361,Unincorporate,0.0,0.0
12560,1585,Kerman,1917.0,0.6821794099939795
12561,2464,Unincorporate,0.0,0.0
12562,2121,Unincorporate,0.0,0.0
12563,2545,Unincorporate,0.0,0.0
12564,531,Fresno,1022.0,0.536724864539434
12565,531,Fresno,2058.0,0.6996387718242023
12566,531,Fresno,1529.0,0.6278145695364239
12567,531,Fresno,996.0,0.5323901264298615
12568,531,Fresno,942.0,0.5226068633353401
12569,531,Fresno,1435.0,0.6131547260686333
12570,531,Fresno,1052.0,0.5423239012642986
12571,531,Fresno,1096.0,0.5508729680915111
12572,531,Fresno,1968.0,0.688591210114389
12573,531,Fresno,990.0,0.5317278747742324
12574,531,Fresno,1050.0,0.5419325707405177
12575,531,Fresno,1045.0,0.5408187838651415
12576,531,Fresno,1011.0,0.535009030704395
12577,531,Fresno,1051.0,0.5421432871763998
12578,549,Fresno,3728.0,0.8343166767007827
12579,549,Fresno,2233.0,0.7230885009030704
12580,549,Fresno,2052.0,0.6989163154726069
12581,549,Fresno,926.0,0.5191450933172788
12582,549,Fresno,4284.0,0.8590307043949428
12583,549,Fresno,3751.0,0.8350090307043949
12584,549,Fresno,2315.0,0.7308549066827212
12585,549,Fresno,1241.0,0.5774834437086093
12586,549,Fresno,2680.0,0.7648404575556893
12587,549,Fresno,3751.0,0.8350090307043949
12588,549,Fresno,3256.0,0.8096026490066225
12589,549,Fresno,1139.0,0.5580674292594823
12590,549,Fresno,2216.0,0.7207706201083685
12591,549,Fresno,2335.0,0.732691149909693
12592,549,Fresno,1945.0,0.6855207706201084
12593,549,Fresno,1925.0,0.6833232992173389
12594,549,Fresno,929.0,0.5194461167971102
12595,549,Fresno,1703.0,0.6523479831426852
12596,549,Fresno,2045.0,0.6978627332931969
12597,549,Fresno,2835.0,0.7779349789283564
12598,532,Fresno,1965.0,0.6881396748946418
12599,532,Fresno,3114.0,0.7994882600842865
12600,532,Fresno,3139.0,0.8009632751354606
12601,532,Fresno,1267.0,0.5816074653822998
12602,532,Fresno,1801.0,0.6654124021673691
12603,532,Fresno,1633.0,0.643226971703793
12604,532,Fresno,1640.0,0.6438591210114389
12605,550,Fresno,2925.0,0.7847080072245635
12606,550,Fresno,2282.0,0.7278145695364239
12607,550,Fresno,4435.0,0.864569536423841
12608,550,Fresno,4524.0,0.8680313064419025
12609,550,Fresno,4207.0,0.8554485249849488
12610,550,Fresno,1792.0,0.6639072847682119
12611,550,Fresno,4010.0,0.8466586393738712
12612,550,Fresno,2526.0,0.7518362432269717
12613,550,Fresno,2757.0,0.7707104154124022
12614,550,Fresno,1797.0,0.6650210716435881
12615,550,Fresno,1945.0,0.6855207706201084
12616,533,Fresno,4626.0,0.872155328115593
12617,533,Fresno,2899.0,0.7828416616496087
12618,533,Fresno,3446.0,0.8212221553281156
12619,533,Fresno,3245.0,0.8084888621312463
12620,533,Fresno,1669.0,0.6478025285972305
12621,533,Fresno,1549.0,0.6307947019867549
12622,533,Fresno,1370.0,0.6016255267910897
12623,533,Fresno,5253.0,0.8928055388320288
12624,533,Fresno,3693.0,0.8333534015653221
12625,533,Fresno,3018.0,0.7918723660445515
12626,533,Fresno,1921.0,0.6828115593016255
12627,533,Fresno,3033.0,0.7928657435279952
12628,533,Fresno,5691.0,0.904635761589404
12629,533,Fresno,4752.0,0.8765502709211318
12630,533,Fresno,5751.0,0.9062010836845273
12631,533,Fresno,3804.0,0.8374473208910295
12632,533,Fresno,3040.0,0.7937086092715232
12633,533,Fresno,3226.0,0.8071342564720048
12634,533,Fresno,5737.0,0.9059000602046959
12635,533,Fresno,1831.0,0.6696869355809754
12636,551,Fresno,1891.0,0.6787778446718844
12637,551,Fresno,1604.0,0.6390126429861529
12638,551,Fresno,1504.0,0.6245936183022276
12639,551,Fresno,1305.0,0.5885310054184226
12640,551,Fresno,2463.0,0.7451234196267309
12641,551,Fresno,2763.0,0.7714328717639976
12642,551,Fresno,1213.0,0.572998193859121
12643,551,Fresno,4469.0,0.8658639373871162
12644,551,Fresno,1858.0,0.6733594220349187
12645,551,Fresno,1411.0,0.6086694762191451
12646,551,Fresno,705.0,0.475737507525587
12647,551,Fresno,1547.0,0.6305237808549067
12648,551,Fresno,1847.0,0.6719145093317279
12649,551,Fresno,626.0,0.4587296809151114
12650,534,Fresno,5473.0,0.89894641782059
12651,534,Fresno,2708.0,0.7667369054786274
12652,534,Fresno,2687.0,0.7654425045153522
12653,534,Fresno,3701.0,0.8334136062612884
12654,534,Fresno,6097.0,0.9131848284166165
12655,534,Fresno,1476.0,0.6200180614087899
12656,534,Fresno,5265.0,0.8931968693558098
12657,534,Fresno,2777.0,0.7731186032510536
12658,534,Fresno,2532.0,0.752317880794702
12659,534,Fresno,1573.0,0.6336845273931366
12660,534,Fresno,2797.0,0.774894641782059
12661,534,Fresno,1958.0,0.687326911499097
12662,534,Fresno,1792.0,0.6639072847682119
12663,552,Fresno,2384.0,0.7373871161950633
12664,552,Fresno,1216.0,0.5739313666465984
12665,552,Fresno,1846.0,0.6716134858518964
12666,552,Fresno,3483.0,0.8230885009030704
12667,552,Fresno,2278.0,0.7275737507525587
12668,552,Fresno,3238.0,0.8081276339554485
12669,552,Fresno,250.0,0.3478025285972306
12670,552,Fresno,2031.0,0.6959060806742926
12671,552,Fresno,1607.0,0.6396146899458158
12672,552,Fresno,1846.0,0.6716134858518964
12673,552,Fresno,1718.0,0.653792895845876
12674,552,Fresno,2943.0,0.7856110776640578
12675,552,Fresno,1825.0,0.6689042745334136
12676,552,Fresno,2400.0,0.7390728476821192
12677,552,Fresno,2798.0,0.7750150511739916
12678,552,Fresno,2683.0,0.7650511739915713
12679,552,Fresno,2285.0,0.7281757977122215
12680,552,Fresno,2309.0,0.7303431667670078
12681,552,Fresno,1411.0,0.6086694762191451
12682,552,Fresno,2910.0,0.7837146297411198
12683,535,Fresno,2622.0,0.7590307043949428
12684,535,Fresno,2622.0,0.7590307043949428
12685,535,Fresno,2823.0,0.7768813967489464
12686,535,Fresno,2964.0,0.7870559903672486
12687,535,Fresno,2152.0,0.7133654425045154
12688,535,Fresno,2405.0,0.7393437688139675
12689,535,Fresno,4213.0,0.8558097531607466
12690,535,Fresno,4510.0,0.8674593618302228
12691,535,Fresno,3404.0,0.819205298013245
12692,535,Fresno,3037.0,0.7931667670078266
12693,535,Fresno,2366.0,0.7357314870559903
12694,535,Fresno,4166.0,0.8539434075857917
12695,535,Fresno,3765.0,0.8358518964479229
12696,535,Fresno,4209.0,0.8555087296809151
12697,553,Fresno,1425.0,0.6114087898856111
12698,553,Fresno,5829.0,0.9077664057796508
12699,553,Fresno,3891.0,0.8410596026490066
12700,553,Fresno,2337.0,0.7327513546056592
12701,553,Fresno,1774.0,0.6610776640577966
12702,553,Fresno,3367.0,0.8172486453943407
12703,553,Fresno,3592.0,0.8288380493678507
12704,553,Fresno,2339.0,0.7330222757375076
12705,553,Fresno,3584.0,0.8283564118001204
12706,553,Fresno,3993.0,0.8462974111980734
12707,553,Fresno,4158.0,0.8536122817579771
12708,553,Fresno,1325.0,0.5932871763997591
12709,553,Fresno,4232.0,0.8566827212522576
12710,553,Fresno,1785.0,0.6626128838049368
12711,553,Fresno,3726.0,0.8342263696568333
12712,553,Fresno,2070.0,0.7017158338350391
12713,536,Fresno,212.0,0.3303431667670078
12714,536,Fresno,1083.0,0.5488260084286575
12715,536,Fresno,1976.0,0.6895544852498495
12716,536,Fresno,300.0,0.36285370258880195
12717,536,Fresno,300.0,0.36285370258880195
12718,536,Fresno,235.0,0.34108970499698976
12719,536,Fresno,300.0,0.36285370258880195
12720,536,Fresno,1083.0,0.5488260084286575
12721,536,Fresno,1098.0,0.5511438892233594
12722,536,Fresno,238.0,0.34187236604455146
12723,536,Fresno,1163.0,0.5632149307645996
12724,536,Fresno,1163.0,0.5632149307645996
12725,536,Fresno,5226.0,0.8916014449127032
12726,536,Fresno,300.0,0.36285370258880195
12727,536,Fresno,2944.0,0.7857314870559904
12728,536,Fresno,233.0,0.3395845875978326
12729,536,Fresno,327.0,0.3710716435881999
12730,536,Fresno,5437.0,0.8980734497290789
12731,536,Fresno,233.0,0.3395845875978326
12732,536,Fresno,233.0,0.3395845875978326
12733,536,Fresno,305.0,0.36435881998795905
12734,536,Fresno,4132.0,0.8524081878386515
12735,536,Fresno,301.0,0.36324503311258277
12736,536,Fresno,2317.0,0.7311258278145696
12737,536,Fresno,4129.0,0.8520168573148705
12738,536,Fresno,212.0,0.3303431667670078
12739,554,Fresno,2011.0,0.6937387116195063
12740,554,Fresno,4121.0,0.8514148103552077
12741,554,Fresno,2487.0,0.7483744732089103
12742,554,Fresno,5600.0,0.902317880794702
12743,554,Fresno,2332.0,0.732480433473811
12744,554,Fresno,3093.0,0.79789283564118
12745,554,Fresno,3777.0,0.8363034316676701
12746,554,Fresno,4947.0,0.8827814569536424
12747,554,Fresno,4227.0,0.8564720048163756
12748,554,Fresno,5168.0,0.8903070439494281
12749,554,Fresno,5587.0,0.9019566526189042
12750,554,Fresno,3108.0,0.7991571342564721
12751,554,Fresno,4176.0,0.8543648404575557
12752,554,Fresno,2637.0,0.7603552077062011
12753,554,Fresno,2731.0,0.7682420228777844
12754,554,Fresno,3563.0,0.8269416014449127
12755,554,Fresno,2737.0,0.7690848886213124
12756,554,Fresno,4608.0,0.8714930764599639
12757,554,Fresno,5301.0,0.8944310656231186
12758,554,Fresno,5228.0,0.8917519566526189
12759,554,Fresno,3114.0,0.7994882600842865
12760,901,Fresno,989.0,0.5313967489464179
12761,901,Fresno,4240.0,0.8570740517760386
12762,901,Fresno,1570.0,0.6332329921733896
12763,561,Fresno,5527.0,0.9003612281757977
12764,561,Fresno,7512.0,0.9361228175797712
12765,561,Fresno,7124.0,0.9302829620710416
12766,561,Fresno,8029.0,0.9433172787477423
12767,561,Fresno,8238.0,0.945574954846478
12768,562,Fresno,10793.0,0.9614689945815773
12769,582,Fresno,5440.0,0.8981336544250451
12770,582,Fresno,3220.0,0.8067429259482239
12771,582,Fresno,3981.0,0.8454846478025286
12772,582,Fresno,2481.0,0.7472004816375677
12773,582,Fresno,2969.0,0.7877182420228778
12774,582,Fresno,3597.0,0.829108970499699
12775,582,Fresno,2135.0,0.7105358217940999
12776,582,Fresno,1837.0,0.6702287778446718
12777,582,Fresno,4538.0,0.8686935580975316
12778,582,Fresno,2970.0,0.7878988561107766
12779,582,Fresno,4703.0,0.8744431065623118
12780,584,Fresno,8379.0,0.9475617098133654
12781,584,Fresno,7668.0,0.9387116195063215
12782,925,Fresno,8035.0,0.9434075857916917
12783,925,Fresno,6305.0,0.9175797712221553
12784,925,Fresno,9756.0,0.9579169175195665
12785,925,Fresno,8418.0,0.9479831426851294
12786,925,Fresno,11909.0,0.964118001204094
12787,925,Fresno,7482.0,0.9355207706201084
12788,925,Fresno,7875.0,0.9417820590006021
12789,925,Fresno,6569.0,0.9214930764599639
12790,589,Fresno,3295.0,0.8119506321493076
12791,589,Fresno,5846.0,0.9080674292594823
12792,589,Fresno,4954.0,0.8832630945213726
12793,589,Fresno,3248.0,0.8086694762191451
12794,1333,Fresno,0.0,0.0
12795,1333,Fresno,202.0,0.3261288380493679
12796,842,Fresno,2333.0,0.7326309452137266
12797,842,Fresno,3875.0,0.8400361228175798
12798,1345,Fresno,29.0,0.16047561709813365
12799,901,Fresno,1570.0,0.6332329921733896
12800,901,Fresno,3364.0,0.8170981336544251
12801,901,Fresno,4768.0,0.8768813967489464
12802,901,Fresno,4251.0,0.857585791691752
12803,909,Fresno,645.0,0.4641180012040939
12804,909,Fresno,643.0,0.4634256472004816
12805,909,Fresno,1960.0,0.6878386514148104
12806,909,Fresno,643.0,0.4634256472004816
12807,909,Fresno,672.0,0.46956652618904277
12808,909,Fresno,644.0,0.4638470800722456
12809,909,Fresno,4636.0,0.8724864539434076
12810,902,Fresno,7244.0,0.9323901264298615
12811,902,Fresno,4407.0,0.8636363636363636
12812,902,Fresno,4665.0,0.8732691149909693
12813,902,Fresno,0.0,0.0
12814,910,Fresno,4708.0,0.8746538229981938
12815,910,Fresno,4813.0,0.878687537627935
12816,903,Fresno,2751.0,0.770048163756773
12817,903,Fresno,2221.0,0.7213726670680313
12818,903,Fresno,6232.0,0.9152919927754365
12819,903,Fresno,7620.0,0.9380493678506924
12820,903,Fresno,1674.0,0.6484647802528597
12821,903,Fresno,6974.0,0.9279349789283564
12822,903,Fresno,6426.0,0.9196869355809754
12823,903,Fresno,7689.0,0.939042745334136
12824,903,Fresno,3711.0,0.8337146297411198
12825,903,Fresno,7080.0,0.9294400963275136
12826,903,Fresno,3560.0,0.8268512944009633
12827,903,Fresno,3889.0,0.8408789885611078
12828,903,Fresno,2417.0,0.7407585791691752
12829,903,Fresno,7527.0,0.9363937387116195
12830,903,Fresno,6985.0,0.9281155930162552
12831,903,Fresno,7742.0,0.9399157134256472
12832,911,Fresno,4050.0,0.8482239614689946
12833,911,Fresno,4906.0,0.8808549066827213
12834,911,Fresno,4273.0,0.8585189644792294
12835,911,Fresno,3734.0,0.8345574954846477
12836,911,Fresno,4246.0,0.8573449729078868
12837,911,Fresno,3371.0,0.8173690547862733
12838,911,Fresno,3534.0,0.8259181216134859
12839,911,Fresno,4044.0,0.8480433473810958
12840,911,Fresno,3130.0,0.8006622516556291
12841,911,Fresno,4842.0,0.8797110174593619
12842,911,Fresno,3288.0,0.8113485851896448
12843,911,Fresno,4696.0,0.8741721854304636
12844,911,Fresno,3508.0,0.8244130042143287
12845,911,Fresno,4981.0,0.8840457555689344
12846,911,Fresno,4573.0,0.8701384708007225
12847,911,Fresno,4131.0,0.8522275737507525
12848,2369,Unincorporate,60.0,0.22218543046357617
12849,1321,Fresno,303.0,0.36375677302829623
12850,1321,Fresno,397.0,0.39151113786875374
12851,1321,Fresno,178.0,0.31478025285972305
12852,1321,Fresno,274.0,0.35439494280553885
12853,1321,Fresno,228.0,0.3358819987959061
12854,1321,Fresno,394.0,0.39048765803732693
12855,1321,Fresno,259.0,0.35
12856,1321,Fresno,22.0,0.1382299819385912
12857,1321,Fresno,296.0,0.3614990969295605
12858,1321,Fresno,345.0,0.37667068031306444
12859,1321,Fresno,320.0,0.36902468392534615
12860,556,Fresno,1215.0,0.5737206502107164
12861,556,Fresno,718.0,0.47968091511137867
12862,556,Fresno,441.0,0.4070439494280554
12863,556,Fresno,381.0,0.38672486453943405
12864,556,Fresno,1177.0,0.5662552679108971
12865,556,Fresno,782.0,0.4938591210114389
12866,556,Fresno,859.0,0.5091511137868754
12867,556,Fresno,342.0,0.3754063816977724
12868,556,Fresno,720.0,0.48037326911499095
12869,556,Fresno,355.0,0.3786273329319687
12870,556,Fresno,823.0,0.5007826610475618
12871,556,Fresno,723.0,0.48148705599036723
12872,556,Fresno,792.0,0.4957254665863937
12873,556,Fresno,731.0,0.48344370860927155
12874,556,Fresno,681.0,0.47134256472004815
12875,556,Fresno,343.0,0.3758278145695364
12876,556,Fresno,782.0,0.4938591210114389
12877,556,Fresno,1185.0,0.5681216134858519
12878,1323,Fresno,466.0,0.41351595424443105
12879,1323,Fresno,460.0,0.41173991571342566
12880,1323,Fresno,931.0,0.5197772426249248
12881,1323,Fresno,463.0,0.4123419626730885
12882,557,Fresno,4017.0,0.8469295605057194
12883,557,Fresno,1866.0,0.6745334136062613
12884,557,Fresno,4958.0,0.8833835039133052
12885,557,Fresno,5942.0,0.909692956050572
12886,557,Fresno,1485.0,0.6214027694160145
12887,557,Fresno,116.0,0.2770620108368453
12888,557,Fresno,1924.0,0.6831727874774233
12889,558,Fresno,1423.0,0.6110475617098133
12890,558,Fresno,2189.0,0.7178205900060205
12891,556,Fresno,1198.0,0.5702287778446719
12892,557,Fresno,4358.0,0.8619506321493077
12893,558,Fresno,1132.0,0.5564720048163757
12894,558,Fresno,5398.0,0.8975617098133655
12895,558,Fresno,1177.0,0.5662552679108971
12896,558,Fresno,1438.0,0.6136062612883805
12897,558,Fresno,793.0,0.4958759783263095
12898,558,Fresno,1445.0,0.6150210716435882
12899,558,Fresno,4483.0,0.866225165562914
12900,558,Fresno,867.0,0.5105960264900662
12901,558,Fresno,839.0,0.5045153521974715
12902,558,Fresno,791.0,0.495574954846478
12903,558,Fresno,1255.0,0.5796809151113786
12904,558,Fresno,1453.0,0.616255267910897
12905,558,Fresno,4952.0,0.883112582781457
12906,558,Fresno,830.0,0.50210716435882
12907,558,Fresno,1256.0,0.5798314268512944
12908,558,Fresno,789.0,0.4953040337146297
12909,558,Fresno,6650.0,0.9226369656833233
12910,558,Fresno,5033.0,0.8860024081878386
12911,558,Fresno,5083.0,0.8874774232390127
12912,558,Fresno,5248.0,0.8927152317880794
12913,558,Fresno,1221.0,0.5744130042143287
12914,558,Fresno,1361.0,0.6
12915,558,Fresno,5322.0,0.8951234196267309
12916,558,Fresno,1552.0,0.6311258278145695
12917,558,Fresno,1249.0,0.5785972305839856
12918,558,Fresno,829.0,0.5019566526189043
12919,558,Fresno,1445.0,0.6150210716435882
12920,558,Fresno,5284.0,0.8940698374473209
12921,558,Fresno,1180.0,0.5670680313064419
12922,559,Fresno,9951.0,0.9588801926550271
12923,559,Fresno,7021.0,0.9285972305839856
12924,559,Fresno,5332.0,0.895574954846478
12925,560,Fresno,4728.0,0.8753461770018062
12926,561,Fresno,7452.0,0.9352799518362432
12927,561,Fresno,8364.0,0.9473208910295003
12928,561,Fresno,5268.0,0.8933774834437086
12929,561,Fresno,7263.0,0.9327513546056593
12930,561,Fresno,6784.0,0.925105358217941
12931,561,Fresno,7285.0,0.9330222757375075
12932,561,Fresno,5239.0,0.8922335942203492
12933,561,Fresno,7499.0,0.9360024081878386
12934,561,Fresno,5685.0,0.9045153521974714
12935,561,Fresno,7820.0,0.9407585791691752
12936,561,Fresno,4599.0,0.8710415412402167
12937,563,Fresno,3243.0,0.8083082480433473
12938,563,Fresno,7153.0,0.9306441902468392
12939,563,Fresno,3968.0,0.8448524984948826
12940,563,Fresno,643.0,0.4634256472004816
12941,563,Fresno,2175.0,0.7164057796508128
12942,563,Fresno,644.0,0.4638470800722456
12943,563,Fresno,2434.0,0.7425346177001806
12944,563,Fresno,4217.0,0.8559301625526791
12945,563,Fresno,4825.0,0.8791691751956653
12946,563,Fresno,2338.0,0.7328717639975918
12947,564,Fresno,7612.0,0.9379289584587598
12948,565,Fresno,8147.0,0.9444912703190849
12949,570,Fresno,5244.0,0.8925948223961468
12950,570,Fresno,194.0,0.324051776038531
12951,570,Fresno,174.0,0.31152919927754363
12952,570,Fresno,103.0,0.26745936183022273
12953,570,Fresno,4621.0,0.8719747140276941
12954,570,Fresno,162.0,0.3052077062010837
12955,570,Fresno,158.0,0.3039735099337748
12956,570,Fresno,4444.0,0.865201685731487
12957,570,Fresno,857.0,0.5086995785671282
12958,570,Fresno,4491.0,0.8665562913907284
12959,570,Fresno,718.0,0.47968091511137867
12960,570,Fresno,3265.0,0.8101745936183022
12961,570,Fresno,3929.0,0.8427152317880795
12962,570,Fresno,5241.0,0.8923841059602649
12963,570,Fresno,412.0,0.3973810957254666
12964,570,Fresno,4793.0,0.8776941601444913
12965,570,Fresno,441.0,0.4070439494280554
12966,570,Fresno,1729.0,0.6556291390728477
12967,570,Fresno,1447.0,0.615412402167369
12968,570,Fresno,5184.0,0.8906080674292595
12969,570,Fresno,615.0,0.4554184226369657
12970,570,Fresno,2757.0,0.7707104154124022
12971,567,Fresno,3359.0,0.8167670078266105
12972,568,Fresno,4673.0,0.8735701384708007
12973,571,Fresno,2716.0,0.7672185430463576
12974,571,Fresno,3138.0,0.8009030704394943
12975,571,Fresno,1210.0,0.5722155328115593
12976,571,Fresno,3407.0,0.8193257074051776
12977,571,Fresno,1712.0,0.6530102347983142
12978,571,Fresno,2376.0,0.7366345574954847
12979,571,Fresno,1916.0,0.6819686935580975
12980,571,Fresno,2548.0,0.7534617700180614
12981,571,Fresno,2107.0,0.7069235400361228
12982,571,Fresno,1763.0,0.6592414208308248
12983,571,Fresno,1146.0,0.5591511137868754
12984,571,Fresno,1282.0,0.5848886213124623
12985,571,Fresno,2378.0,0.7369656833232993
12986,573,Fresno,3963.0,0.8445514750150511
12987,573,Fresno,2195.0,0.7186032510535821
12988,573,Fresno,3039.0,0.793467790487658
12989,573,Fresno,2388.0,0.7377784467188441
12990,573,Fresno,3125.0,0.8002408187838651
12991,573,Fresno,4761.0,0.8767007826610476
12992,573,Fresno,2847.0,0.7789885611077664
12993,573,Fresno,5093.0,0.8877182420228777
12994,573,Fresno,4907.0,0.881005418422637
12995,573,Fresno,3883.0,0.8403973509933775
12996,573,Fresno,1347.0,0.5971703792895846
12997,573,Fresno,4941.0,0.8823901264298615
12998,573,Fresno,3554.0,0.8266104756170981
12999,573,Fresno,2391.0,0.7381095725466587
13000,573,Fresno,2839.0,0.7782360024081878
13001,573,Fresno,4416.0,0.8639072847682119
13002,573,Fresno,3767.0,0.8359422034918723
13003,573,Fresno,1942.0,0.6850391330523781
13004,573,Fresno,2983.0,0.7887417218543047
13005,573,Fresno,4954.0,0.8832630945213726
13006,573,Fresno,2118.0,0.7080674292594823
13007,574,Fresno,4598.0,0.8709512341962673
13008,574,Fresno,4451.0,0.8653220951234196
13009,574,Fresno,3305.0,0.8129139072847682
13010,574,Fresno,3233.0,0.8078266104756171
13011,574,Fresno,4269.0,0.8581878386514148
13012,574,Fresno,5365.0,0.8964178205900061
13013,574,Fresno,5256.0,0.8930764599638772
13014,574,Fresno,5393.0,0.8971703792895845
13015,574,Fresno,2623.0,0.7592414208308248
13016,574,Fresno,2969.0,0.7877182420228778
13017,574,Fresno,3170.0,0.8032510535821794
13018,574,Fresno,4940.0,0.882269717037929
13019,574,Fresno,3732.0,0.8344370860927153
13020,574,Fresno,3525.0,0.8254364840457555
13021,574,Fresno,4542.0,0.8689042745334136
13022,574,Fresno,4571.0,0.8698976520168573
13023,574,Fresno,4270.0,0.8583082480433474
13024,574,Fresno,4801.0,0.8782059000602047
13025,574,Fresno,3085.0,0.797049969897652
13026,572,Fresno,3811.0,0.8376881396748946
13027,575,Fresno,2627.0,0.7595123419626731
13028,575,Fresno,2130.0,0.7099337748344371
13029,575,Fresno,2806.0,0.7758278145695364
13030,575,Fresno,2801.0,0.7751956652618904
13031,575,Fresno,2966.0,0.7872667068031306
13032,575,Fresno,2084.0,0.7039133052378086
13033,575,Fresno,4731.0,0.8754665863937388
13034,575,Fresno,4373.0,0.8624924744130043
13035,575,Fresno,4229.0,0.8565924142083082
13036,576,Fresno,3810.0,0.8376279349789284
13037,576,Fresno,3187.0,0.8047862733293197
13038,576,Fresno,4136.0,0.8526189042745335
13039,576,Fresno,3054.0,0.7950632149307646
13040,576,Fresno,4752.0,0.8765502709211318
13041,576,Fresno,5537.0,0.9007826610475617
13042,576,Fresno,3862.0,0.8397049969897652
13043,576,Fresno,4164.0,0.8537627934978929
13044,576,Fresno,3395.0,0.8186333534015653
13045,576,Fresno,3943.0,0.8436484045755569
13046,576,Fresno,2769.0,0.7720650210716435
13047,576,Fresno,3350.0,0.8161348585189645
13048,576,Fresno,3054.0,0.7950632149307646
13049,576,Fresno,4064.0,0.8486754966887418
13050,576,Fresno,4175.0,0.8542444310656231
13051,578,Fresno,896.0,0.5145996387718242
13052,578,Fresno,1191.0,0.5688741721854305
13053,578,Fresno,1750.0,0.6575556893437688
13054,578,Fresno,3823.0,0.838591210114389
13055,578,Fresno,1408.0,0.6081878386514148
13056,578,Fresno,7098.0,0.9298013245033112
13057,578,Fresno,5742.0,0.9059602649006623
13058,578,Fresno,1829.0,0.6694762191450934
13059,578,Fresno,1182.0,0.5676399759181217
13060,578,Fresno,6280.0,0.9167971101745936
13061,578,Fresno,1140.0,0.5582480433473811
13062,578,Fresno,1987.0,0.6908187838651415
13063,578,Fresno,2548.0,0.7534617700180614
13064,578,Fresno,1718.0,0.653792895845876
13065,578,Fresno,3226.0,0.8071342564720048
13066,578,Fresno,3809.0,0.837567730282962
13067,578,Fresno,1435.0,0.6131547260686333
13068,578,Fresno,2398.0,0.7387417218543046
13069,578,Fresno,893.0,0.5139975918121613
13070,579,Fresno,3354.0,0.8164960866947621
13071,579,Fresno,3313.0,0.8138169777242625
13072,579,Fresno,2487.0,0.7483744732089103
13073,579,Fresno,1873.0,0.6759783263094521
13074,579,Fresno,2791.0,0.7742323901264299
13075,579,Fresno,3199.0,0.805478627332932
13076,579,Fresno,967.0,0.5282962071041541
13077,579,Fresno,3449.0,0.8213726670680314
13078,579,Fresno,2345.0,0.7334738109572546
13079,579,Fresno,1882.0,0.677633955448525
13080,579,Fresno,2475.0,0.7462372065021071
13081,579,Fresno,2469.0,0.7455147501505117
13082,579,Fresno,2123.0,0.7087296809151113
13083,579,Fresno,2004.0,0.6931366646598435
13084,580,Fresno,4724.0,0.8751354605659242
13085,580,Fresno,102.0,0.2670078266104756
13086,580,Fresno,11.0,0.08383503913305237
13087,580,Fresno,2038.0,0.6968091511137868
13088,580,Fresno,3938.0,0.8431968693558097
13089,580,Fresno,2891.0,0.7820891029500301
13090,580,Fresno,2822.0,0.7768211920529802
13091,580,Fresno,2638.0,0.7604756170981336
13092,580,Fresno,1571.0,0.6333835039133052
13093,580,Fresno,2151.0,0.7130644190246839
13094,580,Fresno,1414.0,0.609060806742926
13095,580,Fresno,1738.0,0.6564419024683925
13096,581,Fresno,4657.0,0.8730885009030704
13097,581,Fresno,3938.0,0.8431968693558097
13098,581,Fresno,4085.0,0.849789283564118
13099,581,Fresno,1303.0,0.588380493678507
13100,581,Fresno,5125.0,0.8888922335942203
13101,581,Fresno,4778.0,0.8773028296207104
13102,581,Fresno,4297.0,0.8594220349187237
13103,581,Fresno,5053.0,0.8865743527995184
13104,581,Fresno,4707.0,0.8745635159542444
13105,581,Fresno,3940.0,0.8433473810957255
13106,581,Fresno,4982.0,0.884166164960867
13107,581,Fresno,4121.0,0.8514148103552077
13108,581,Fresno,3981.0,0.8454846478025286
13109,581,Fresno,3971.0,0.8451836243226972
13110,581,Fresno,5159.0,0.8899759181216135
13111,581,Fresno,4271.0,0.8583985550872968
13112,581,Fresno,5015.0,0.885430463576159
13113,581,Fresno,5117.0,0.8886514148103553
13114,581,Fresno,5243.0,0.8925045153521974
13115,582,Fresno,5535.0,0.9006923540036122
13116,582,Fresno,4925.0,0.8817579771222155
13117,582,Fresno,7109.0,0.9299819385912101
13118,582,Fresno,7065.0,0.9292594822396147
13119,582,Fresno,5107.0,0.8880794701986755
13120,582,Fresno,4082.0,0.849578567128236
13121,582,Fresno,2739.0,0.7693558097531608
13122,582,Fresno,4462.0,0.86580373269115
13123,582,Fresno,4923.0,0.8815773630343167
13124,582,Fresno,1779.0,0.6618302227573751
13125,582,Fresno,8229.0,0.9454244431065623
13126,582,Fresno,3928.0,0.8425948223961469
13127,584,Fresno,5516.0,0.9000602046959663
13128,584,Fresno,4794.0,0.8777844671884407
13129,584,Fresno,4769.0,0.877001806140879
13130,584,Fresno,7714.0,0.9393738711619506
13131,584,Fresno,4929.0,0.8818783865141481
13132,584,Fresno,5731.0,0.9056592414208309
13133,584,Fresno,7175.0,0.931005418422637
13134,584,Fresno,7510.0,0.936062612883805
13135,584,Fresno,6297.0,0.9173690547862733
13136,584,Fresno,4454.0,0.8654425045153522
13137,584,Fresno,6283.0,0.9170379289584588
13138,584,Fresno,4132.0,0.8524081878386515
13139,584,Fresno,7853.0,0.9414810355207707
13140,585,Fresno,6975.0,0.9279951836243227
13141,585,Fresno,2992.0,0.7895243829018663
13142,585,Fresno,2081.0,0.7033112582781457
13143,585,Fresno,3033.0,0.7928657435279952
13144,585,Fresno,1529.0,0.6278145695364239
13145,585,Fresno,1532.0,0.628055388320289
13146,585,Fresno,2999.0,0.7903672486453943
13147,585,Fresno,7208.0,0.9314870559903673
13148,586,Fresno,6389.0,0.9191450933172788
13149,586,Fresno,3920.0,0.8421432871763997
13150,586,Fresno,8556.0,0.9497290788681517
13151,586,Fresno,6882.0,0.9263094521372667
13152,586,Fresno,6112.0,0.9134858518964479
13153,586,Fresno,6559.0,0.921312462372065
13154,586,Fresno,8065.0,0.9437086092715232
13155,586,Fresno,6912.0,0.9267308850090307
13156,586,Fresno,6683.0,0.9232691149909693
13157,586,Fresno,8921.0,0.9520770620108369
13158,586,Fresno,6669.0,0.922998193859121
13159,586,Fresno,8691.0,0.9509933774834437
13160,586,Fresno,6333.0,0.9181818181818182
13161,586,Fresno,7809.0,0.9406080674292595
13162,586,Fresno,7609.0,0.9378687537627935
13163,586,Fresno,3383.0,0.8177302829620711
13164,586,Fresno,7395.0,0.9344370860927153
13165,586,Fresno,3212.0,0.8063816977724263
13166,916,Fresno,2477.0,0.7465382299819386
13167,923,Fresno,2229.0,0.7226670680313064
13168,917,Fresno,4914.0,0.8812763395544853
13169,924,Fresno,8486.0,0.9490367248645394
13170,918,Fresno,8887.0,0.9519566526189043
13171,918,Fresno,4728.0,0.8753461770018062
13172,918,Fresno,7570.0,0.937146297411198
13173,918,Fresno,4288.0,0.8591210114388922
13174,918,Fresno,4826.0,0.8792594822396147
13175,918,Fresno,8367.0,0.9473810957254666
13176,918,Fresno,7097.0,0.929741119807345
13177,918,Fresno,5654.0,0.9035520770620108
13178,918,Fresno,4268.0,0.8580674292594822
13179,918,Fresno,4741.0,0.8759181216134858
13180,918,Fresno,5414.0,0.8978627332931969
13181,918,Fresno,5552.0,0.901264298615292
13182,918,Fresno,7567.0,0.9370860927152318
13183,918,Fresno,7550.0,0.936724864539434
13184,918,Fresno,4252.0,0.8577062010836846
13185,918,Fresno,5642.0,0.9031908488862131
13186,918,Fresno,6066.0,0.9123419626730885
13187,918,Fresno,8055.0,0.9435279951836243
13188,918,Fresno,6496.0,0.9205900060204696
13189,918,Fresno,7560.0,0.936905478627333
13190,925,Fresno,10825.0,0.9615894039735099
13191,925,Fresno,7531.0,0.9365442504515352
13192,925,Fresno,6449.0,0.9198675496688742
13193,925,Fresno,10067.0,0.9593016255267911
13194,925,Fresno,9107.0,0.953371462974112
13195,925,Fresno,10517.0,0.9607465382299819
13196,925,Fresno,11553.0,0.963275135460566
13197,925,Fresno,10079.0,0.9594220349187237
13198,925,Fresno,9527.0,0.9564720048163757
13199,925,Fresno,6051.0,0.9120409391932571
13200,925,Fresno,8928.0,0.9521974714027694
13201,925,Fresno,6390.0,0.919205298013245
13202,2375,Unincorporate,12.0,0.08880192655027092
13203,2376,Unincorporate,25.0,0.14864539434075857
13204,1397,Fresno,28.0,0.15755568934376882
13205,1397,Fresno,26.0,0.1517760385310054
13206,1397,Fresno,26.0,0.1517760385310054
13207,1397,Fresno,29.0,0.16047561709813365
13208,1397,Fresno,29.0,0.16047561709813365
13209,1397,Fresno,29.0,0.16047561709813365
13210,1397,Fresno,29.0,0.16047561709813365
13211,1397,Fresno,28.0,0.15755568934376882
13212,1400,Fresno,290.0,0.3598735701384708
13213,1403,Fresno,16.0,0.10885009030704396
13214,1398,Fresno,66.0,0.2300421432871764
13215,1401,Fresno,74.0,0.23976520168573148
13216,1401,Fresno,125.0,0.28365442504515354
13217,1404,Fresno,123.0,0.2817278747742324
13218,1325,Fresno,1118.0,0.5543949428055388
13219,1325,Fresno,1092.0,0.5500602046959663
13220,1325,Fresno,1086.0,0.5492474413004215
13221,1325,Fresno,1147.0,0.5594521372667068
13222,1325,Fresno,1049.0,0.5416917519566526
13223,1325,Fresno,1120.0,0.5545454545454546
13224,1325,Fresno,1942.0,0.6850391330523781
13225,1325,Fresno,1073.0,0.5469295605057194
13226,1325,Fresno,1115.0,0.5537326911499096
13227,1325,Fresno,1150.0,0.5606562311860325
13228,1325,Fresno,1107.0,0.5529199277543648
13229,1325,Fresno,1099.0,0.5513546056592414
13230,1325,Fresno,1080.0,0.5481336544250451
13231,1330,Fresno,1053.0,0.5426550270921132
13232,1330,Fresno,1073.0,0.5469295605057194
13233,1330,Fresno,1128.0,0.5557495484647803
13234,1330,Fresno,1075.0,0.5472004816375677
13235,1330,Fresno,938.0,0.5217037928958459
13236,1330,Fresno,938.0,0.5217037928958459
13237,1330,Fresno,1043.0,0.5402468392534617
13238,1330,Fresno,1092.0,0.5500602046959663
13239,1330,Fresno,1009.0,0.5347381095725466
13240,1330,Fresno,1022.0,0.536724864539434
13241,1330,Fresno,1169.0,0.5648404575556893
13242,1330,Fresno,1019.0,0.5361830222757376
13243,1330,Fresno,1116.0,0.5540337146297412
13244,1330,Fresno,1126.0,0.5555689343768814
13245,1330,Fresno,1080.0,0.5481336544250451
13246,1330,Fresno,1161.0,0.5628236002408188
13247,1330,Fresno,1089.0,0.5497290788681517
13248,1330,Fresno,1021.0,0.5365743527995184
13249,1330,Fresno,931.0,0.5197772426249248
13250,1334,Fresno,0.0,0.0
13251,1334,Fresno,96.0,0.26056592414208307
13252,1340,Fresno,402.0,0.3930764599638772
13253,1340,Fresno,403.0,0.3933172787477423
13254,1340,Fresno,98.0,0.2637266706803131
13255,1340,Fresno,216.0,0.33245033112582784
13256,1340,Fresno,430.0,0.4034617700180614
13257,1340,Fresno,269.0,0.3526490066225166
13258,1340,Fresno,232.0,0.3388621312462372
13259,1340,Fresno,111.0,0.2730583985550873
13260,1340,Fresno,105.0,0.26878386514148106
13261,1326,Fresno,1155.0,0.5615593016255268
13262,1327,Fresno,96.0,0.26056592414208307
13263,1327,Fresno,1160.0,0.562673088500903
13264,1327,Fresno,1147.0,0.5594521372667068
13265,1327,Fresno,1132.0,0.5564720048163757
13266,597,Fresno,3559.0,0.8267609873570139
13267,597,Fresno,3544.0,0.826369656833233
13268,597,Fresno,3611.0,0.8298013245033112
13269,597,Fresno,3525.0,0.8254364840457555
13270,597,Fresno,3308.0,0.8131547260686334
13271,597,Fresno,3511.0,0.8246538229981939
13272,597,Fresno,3763.0,0.8357615894039735
13273,597,Fresno,3689.0,0.8331727874774233
13274,598,Fresno,3309.0,0.8133353401565322
13275,598,Fresno,1359.0,0.5993979530403372
13276,598,Fresno,4791.0,0.8775436484045755
13277,598,Fresno,4034.0,0.847682119205298
13278,598,Fresno,4943.0,0.8825707405177604
13279,598,Fresno,2227.0,0.7223359422034918
13280,598,Fresno,3039.0,0.793467790487658
13281,598,Fresno,3986.0,0.8460264900662252
13282,598,Fresno,3941.0,0.8434677904876581
13283,598,Fresno,4751.0,0.8764298615291993
13284,598,Fresno,5401.0,0.8976520168573149
13285,598,Fresno,4520.0,0.8678205900060205
13286,598,Fresno,3011.0,0.7913907284768212
13287,598,Fresno,3303.0,0.8127332931968694
13288,598,Fresno,4090.0,0.8503010234798314
13289,598,Fresno,2136.0,0.7106863335340157
13290,598,Fresno,3849.0,0.8394641782059
13291,598,Fresno,4853.0,0.8798916315472607
13292,598,Fresno,1668.0,0.6475617098133655
13293,598,Fresno,4504.0,0.867098133654425
13294,598,Fresno,4542.0,0.8689042745334136
13295,598,Fresno,1298.0,0.5877483443708609
13296,598,Fresno,4949.0,0.882901866345575
13297,832,Fresno,3725.0,0.8341360626128838
13298,832,Fresno,3599.0,0.8292594822396147
13299,832,Fresno,1696.0,0.6514148103552077
13300,832,Fresno,3534.0,0.8259181216134859
13301,832,Fresno,3488.0,0.8232390126429862
13302,832,Fresno,3765.0,0.8358518964479229
13303,1327,Fresno,1156.0,0.5618904274533414
13304,1327,Fresno,71.0,0.23696568332329923
13305,1331,Fresno,958.0,0.5262191450933172
13306,1331,Fresno,1342.0,0.596207104154124
13307,1331,Fresno,1015.0,0.5355809753160746
13308,1331,Fresno,971.0,0.528687537627935
13309,1331,Fresno,1193.0,0.5691450933172787
13310,1331,Fresno,1115.0,0.5537326911499096
13311,1331,Fresno,1357.0,0.59894641782059
13312,1331,Fresno,1094.0,0.550421432871764
13313,1331,Fresno,1167.0,0.5645093317278748
13314,1331,Fresno,1085.0,0.5490668272125225
13315,1331,Fresno,1155.0,0.5615593016255268
13316,1331,Fresno,1116.0,0.5540337146297412
13317,1331,Fresno,1321.0,0.5922937989163155
13318,1331,Fresno,1115.0,0.5537326911499096
13319,1331,Fresno,1256.0,0.5798314268512944
13320,1335,Fresno,691.0,0.473419626730885
13321,1335,Fresno,851.0,0.50737507525587
13322,1335,Fresno,369.0,0.3828717639975918
13323,1335,Fresno,286.0,0.35854906682721255
13324,1335,Fresno,692.0,0.4736604455147502
13325,1335,Fresno,326.0,0.3707706201083685
13326,1335,Fresno,310.0,0.3659241420830825
13327,1335,Fresno,317.0,0.3681216134858519
13328,1335,Fresno,242.0,0.3441601444912703
13329,1335,Fresno,312.0,0.3665863937387116
13330,1335,Fresno,810.0,0.49846478025285973
13331,1335,Fresno,690.0,0.4731186032510536
13332,1335,Fresno,807.0,0.49792293798916315
13333,1335,Fresno,823.0,0.5007826610475618
13334,1341,Fresno,458.0,0.4113786875376279
13335,1341,Fresno,600.0,0.451475015051174
13336,1341,Fresno,842.0,0.5057796508127634
13337,1341,Fresno,509.0,0.42618904274533415
13338,1341,Fresno,820.0,0.5001505117399158
13339,1341,Fresno,469.0,0.4145093317278748
13340,1341,Fresno,465.0,0.41297411198073447
13341,1341,Fresno,655.0,0.4656532209512342
13342,1341,Fresno,595.0,0.44945815773630343
13343,1341,Fresno,466.0,0.41351595424443105
13344,1341,Fresno,471.0,0.4149909692956051
13345,1341,Fresno,441.0,0.4070439494280554
13346,1341,Fresno,653.0,0.4651113786875376
13347,1328,Fresno,257.0,0.34954846478025287
13348,1328,Fresno,310.0,0.3659241420830825
13349,1328,Fresno,285.0,0.3580975316074654
13350,1332,Fresno,2007.0,0.6933172787477423
13351,1332,Fresno,2070.0,0.7017158338350391
13352,1332,Fresno,331.0,0.3724262492474413
13353,1332,Fresno,2011.0,0.6937387116195063
13354,1332,Fresno,612.0,0.4547862733293197
13355,1332,Fresno,869.0,0.5107164358819988
13356,1332,Fresno,1266.0,0.5813967489464178
13357,1332,Fresno,388.0,0.3887116195063215
13358,1332,Fresno,450.0,0.4096026490066225
13359,1332,Fresno,1273.0,0.5828717639975918
13360,1332,Fresno,377.0,0.38515954244431067
13361,1332,Fresno,624.0,0.4582480433473811
13362,1332,Fresno,789.0,0.4953040337146297
13363,1332,Fresno,2039.0,0.6971402769416014
13364,1332,Fresno,372.0,0.3837447320891029
13365,1332,Fresno,456.0,0.4110174593618302
13366,1332,Fresno,389.0,0.3888621312462372
13367,1332,Fresno,1281.0,0.5846177001806141
13368,1332,Fresno,1955.0,0.6867549668874172
13369,1332,Fresno,448.0,0.4090307043949428
13370,1332,Fresno,148.0,0.2980132450331126
13371,1332,Fresno,605.0,0.45310054184226367
13372,1332,Fresno,1849.0,0.6721854304635762
13373,1336,Fresno,735.0,0.48431667670078266
13374,1336,Fresno,725.0,0.4822998193859121
13375,1336,Fresno,574.0,0.44470198675496686
13376,1336,Fresno,873.0,0.5113485851896448
13377,1336,Fresno,806.0,0.49765201685731486
13378,1336,Fresno,819.0,0.4999698976520169
13379,1336,Fresno,731.0,0.48344370860927155
13380,1336,Fresno,570.0,0.44310656231186035
13381,1336,Fresno,811.0,0.49870559903672484
13382,1336,Fresno,794.0,0.4961167971101746
13383,1336,Fresno,735.0,0.48431667670078266
13384,1336,Fresno,574.0,0.44470198675496686
13385,1336,Fresno,475.0,0.41625526791089706
13386,1336,Fresno,794.0,0.4961167971101746
13387,1336,Fresno,833.0,0.5026490066225165
13388,1336,Fresno,696.0,0.474051776038531
13389,1342,Fresno,534.0,0.4338651414810355
13390,1342,Fresno,40.0,0.18552077062010836
13391,589,Fresno,3411.0,0.8195966285370259
13392,1333,Fresno,2922.0,0.7844671884406984
13393,1333,Fresno,1141.0,0.5584286574352799
13394,1337,Fresno,372.0,0.3837447320891029
13395,1337,Fresno,62.0,0.22441300421432872
13396,1337,Fresno,117.0,0.2779349789283564
13397,1337,Fresno,62.0,0.22441300421432872
13398,1337,Fresno,1611.0,0.6403070439494281
13399,1337,Fresno,61.0,0.22296809151113786
13400,1337,Fresno,62.0,0.22441300421432872
13401,1337,Fresno,61.0,0.22296809151113786
13402,1337,Fresno,61.0,0.22296809151113786
13403,1343,Fresno,827.0,0.5014449127031908
13404,1343,Fresno,284.0,0.3575556893437688
13405,1343,Fresno,809.0,0.49825406381697773
13406,1343,Fresno,721.0,0.48079470198675495
13407,1343,Fresno,804.0,0.49735099337748345
13408,1343,Fresno,456.0,0.4110174593618302
13409,1343,Fresno,729.0,0.48311258278145697
13410,1343,Fresno,275.0,0.35463576158940396
13411,1343,Fresno,49.0,0.20270921131848285
13412,1343,Fresno,313.0,0.3670078266104756
13413,1343,Fresno,541.0,0.43534015653220953
13414,1343,Fresno,516.0,0.4279951836243227
13415,1343,Fresno,743.0,0.4857013847080072
13416,1343,Fresno,766.0,0.48982540638169775
13417,1343,Fresno,269.0,0.3526490066225166
13418,1343,Fresno,401.0,0.3927754364840458
13419,1343,Fresno,746.0,0.4864840457555689
13420,591,Fresno,8645.0,0.9505719446116797
13421,593,Fresno,5543.0,0.90105358217941
13422,593,Fresno,4707.0,0.8745635159542444
13423,831,Fresno,4742.0,0.8760084286574353
13424,831,Fresno,5395.0,0.8972305839855509
13425,1338,Fresno,7.0,0.06303431667670079
13426,1338,Fresno,0.0,0.0
13427,1339,Fresno,525.0,0.43067429259482237
13428,1344,Fresno,782.0,0.4938591210114389
13429,1344,Fresno,10.0,0.07874774232390126
13430,1344,Fresno,10.0,0.07874774232390126
13431,1344,Fresno,10.0,0.07874774232390126
13432,1344,Fresno,712.0,0.4779650812763396
13433,1344,Fresno,721.0,0.48079470198675495
13434,1344,Fresno,668.0,0.4687537627934979
13435,1344,Fresno,541.0,0.43534015653220953
13436,1344,Fresno,527.0,0.4318181818181818
13437,1344,Fresno,698.0,0.47435279951836246
13438,1344,Fresno,10.0,0.07874774232390126
13439,1344,Fresno,771.0,0.4912101143889223
13440,1344,Fresno,747.0,0.4866044551475015
13441,1344,Fresno,397.0,0.39151113786875374
13442,1344,Fresno,728.0,0.4828416616496087
13443,1344,Fresno,384.0,0.3877182420228778
13444,1344,Fresno,19.0,0.12332931968693558
13445,1344,Fresno,721.0,0.48079470198675495
13446,1344,Fresno,966.0,0.5281155930162552
13447,1344,Fresno,494.0,0.4215833835039133
13448,597,Fresno,3574.0,0.8276941601444913
13449,597,Fresno,3478.0,0.8228175797712222
13450,597,Fresno,2975.0,0.7882299819385912
13451,832,Fresno,3729.0,0.8343768813967489
13452,832,Fresno,1660.0,0.6462974111980735
13453,832,Fresno,4068.0,0.8488862131246238
13454,832,Fresno,3544.0,0.826369656833233
13455,832,Fresno,3845.0,0.8392835641180012
13456,832,Fresno,2387.0,0.7376881396748947
13457,832,Fresno,3689.0,0.8331727874774233
13458,832,Fresno,1679.0,0.6493377483443709
13459,832,Fresno,1680.0,0.6496086694762191
13460,832,Fresno,3657.0,0.8320288982540638
13461,832,Fresno,2295.0,0.7289584587597833
13462,832,Fresno,3627.0,0.8307043949428056
13463,832,Fresno,2405.0,0.7393437688139675
13464,832,Fresno,3429.0,0.8202889825406382
13465,832,Fresno,2537.0,0.7528296207104154
13466,832,Fresno,6015.0,0.911408789885611
13467,832,Fresno,3653.0,0.8318181818181818
13468,841,Fresno,783.0,0.4940698374473209
13469,841,Fresno,3514.0,0.8249247441300421
13470,841,Fresno,1680.0,0.6496086694762191
13471,1345,Fresno,25.0,0.14864539434075857
13472,1345,Fresno,54.0,0.21351595424443107
13473,1345,Fresno,104.0,0.267940999397953
13474,1345,Fresno,17.0,0.11363636363636363
13475,599,Fresno,3015.0,0.7916616496086695
13476,599,Fresno,1696.0,0.6514148103552077
13477,599,Fresno,3170.0,0.8032510535821794
13478,599,Fresno,2275.0,0.7273630343166767
13479,599,Fresno,4589.0,0.8705900060204695
13480,599,Fresno,3738.0,0.8347682119205299
13481,599,Fresno,997.0,0.5327513546056593
13482,599,Fresno,2538.0,0.7529199277543649
13483,599,Fresno,3009.0,0.7912402167369055
13484,599,Fresno,902.0,0.5158940397350993
13485,599,Fresno,3458.0,0.8219747140276942
13486,599,Fresno,3496.0,0.8236604455147502
13487,599,Fresno,2590.0,0.7568934376881397
13488,599,Fresno,909.0,0.5170680313064419
13489,599,Fresno,2771.0,0.7723359422034919
13490,599,Fresno,2479.0,0.7469596628537026
13491,599,Fresno,3118.0,0.7998795906080675
13492,599,Fresno,1764.0,0.65948223961469
13493,599,Fresno,2436.0,0.7427152317880795
13494,599,Fresno,3565.0,0.8272426249247441
13495,599,Fresno,3013.0,0.7914509331727875
13496,599,Fresno,1183.0,0.5677603853100542
13497,599,Fresno,1726.0,0.6551173991571343
13498,599,Fresno,1289.0,0.5862733293196869
13499,599,Fresno,2228.0,0.7224864539434076
13500,599,Fresno,3031.0,0.7927453341360626
13501,602,Fresno,2966.0,0.7872667068031306
13502,602,Fresno,3815.0,0.837989163154726
13503,602,Fresno,2918.0,0.7841360626128838
13504,602,Fresno,3288.0,0.8113485851896448
13505,602,Fresno,2735.0,0.7686935580975316
13506,602,Fresno,3043.0,0.7942504515352198
13507,602,Fresno,2796.0,0.7747140276941601
13508,602,Fresno,2073.0,0.7020770620108369
13509,603,Fresno,3203.0,0.8056592414208308
13510,603,Fresno,3445.0,0.8211318482841662
13511,603,Fresno,2612.0,0.75842865743528
13512,603,Fresno,2906.0,0.7834437086092715
13513,603,Fresno,2516.0,0.7509632751354606
13514,603,Fresno,2215.0,0.7206502107164359
13515,603,Fresno,839.0,0.5045153521974715
13516,603,Fresno,2393.0,0.7382600842865743
13517,603,Fresno,2625.0,0.7593919325707406
13518,603,Fresno,3069.0,0.7961167971101746
13519,603,Fresno,3551.0,0.8264900662251655
13520,603,Fresno,980.0,0.5297712221553281
13521,603,Fresno,1966.0,0.6883202889825406
13522,603,Fresno,3340.0,0.8156231186032511
13523,603,Fresno,3459.0,0.8220349187236604
13524,603,Fresno,3180.0,0.8041240216736906
13525,603,Fresno,2332.0,0.732480433473811
13526,603,Fresno,937.0,0.5214027694160145
13527,603,Fresno,1814.0,0.6671282360024082
13528,603,Fresno,3510.0,0.8245635159542445
13529,603,Fresno,3039.0,0.793467790487658
13530,600,Fresno,1746.0,0.6571342564720049
13531,600,Fresno,2536.0,0.7527092113184829
13532,600,Fresno,3205.0,0.8057796508127634
13533,600,Fresno,3399.0,0.8190246839253462
13534,600,Fresno,2473.0,0.7458759783263095
13535,600,Fresno,1513.0,0.6254665863937388
13536,600,Fresno,3260.0,0.8097832630945214
13537,600,Fresno,2114.0,0.7076459963877182
13538,600,Fresno,1718.0,0.653792895845876
13539,600,Fresno,3437.0,0.820469596628537
13540,600,Fresno,1677.0,0.6490066225165563
13541,600,Fresno,2022.0,0.694521372667068
13542,600,Fresno,1714.0,0.6532811559301626
13543,600,Fresno,3455.0,0.8217940999397954
13544,604,Fresno,3064.0,0.7958759783263094
13545,604,Fresno,2455.0,0.7442504515352197
13546,833,Fresno,2384.0,0.7373871161950633
13547,833,Fresno,2985.0,0.7889223359422035
13548,833,Fresno,2251.0,0.7250150511739916
13549,833,Fresno,2872.0,0.7806441902468393
13550,833,Fresno,3222.0,0.8068633353401565
13551,833,Fresno,2317.0,0.7311258278145696
13552,833,Fresno,2817.0,0.7765502709211318
13553,833,Fresno,3184.0,0.804425045153522
13554,833,Fresno,2406.0,0.7395243829018664
13555,833,Fresno,3818.0,0.8382901866345575
13556,833,Fresno,2555.0,0.7539434075857917
13557,833,Fresno,2628.0,0.7596026490066226
13558,833,Fresno,1723.0,0.6545153521974714
13559,833,Fresno,2529.0,0.7520168573148706
13560,833,Fresno,2400.0,0.7390728476821192
13561,833,Fresno,2533.0,0.7524683925346177
13562,833,Fresno,3015.0,0.7916616496086695
13563,833,Fresno,2243.0,0.7241119807344973
13564,834,Fresno,3062.0,0.7956953642384106
13565,834,Fresno,2975.0,0.7882299819385912
13566,834,Fresno,2891.0,0.7820891029500301
13567,834,Fresno,2023.0,0.6946116797110174
13568,834,Fresno,2499.0,0.7495183624322698
13569,834,Fresno,3029.0,0.7925346177001806
13570,834,Fresno,3408.0,0.8193859121011439
13571,834,Fresno,2606.0,0.758007224563516
13572,834,Fresno,2484.0,0.747471402769416
13573,834,Fresno,1933.0,0.6842865743527995
13574,834,Fresno,2783.0,0.7738109572546659
13575,834,Fresno,2587.0,0.7566225165562914
13576,834,Fresno,2340.0,0.7331426851294401
13577,834,Fresno,3023.0,0.7921432871763998
13578,834,Fresno,2737.0,0.7690848886213124
13579,834,Fresno,2438.0,0.7429861529199278
13580,834,Fresno,2438.0,0.7429861529199278
13581,834,Fresno,1934.0,0.6844671884406984
13582,834,Fresno,1972.0,0.6891029500301024
13583,834,Fresno,1825.0,0.6689042745334136
13584,834,Fresno,3276.0,0.8106863335340156
13585,834,Fresno,1898.0,0.6796809151113787
13586,843,Fresno,1914.0,0.6816074653822998
13587,843,Fresno,3137.0,0.800842865743528
13588,843,Fresno,2118.0,0.7080674292594823
13589,843,Fresno,2148.0,0.7124021673690548
13590,843,Fresno,1956.0,0.6869656833232992
13591,843,Fresno,3128.0,0.800421432871764
13592,843,Fresno,2506.0,0.7503010234798314
13593,843,Fresno,2416.0,0.7405478627332932
13594,843,Fresno,2120.0,0.7083082480433474
13595,843,Fresno,1971.0,0.6889524382901866
13596,843,Fresno,1356.0,0.5987658037326912
13597,843,Fresno,1857.0,0.6731788079470199
13598,843,Fresno,1664.0,0.6468392534617701
13599,843,Fresno,2479.0,0.7469596628537026
13600,843,Fresno,2287.0,0.7283865141481035
13601,843,Fresno,2193.0,0.7183022275737507
13602,843,Fresno,3091.0,0.7976520168573149
13603,843,Fresno,1462.0,0.6174894641782059
13604,844,Fresno,1675.0,0.6486453943407586
13605,844,Fresno,2474.0,0.7460866947621915
13606,844,Fresno,2661.0,0.7630042143287177
13607,844,Fresno,2857.0,0.7798916315472607
13608,844,Fresno,3228.0,0.8073449729078868
13609,844,Fresno,1823.0,0.6685430463576159
13610,844,Fresno,2141.0,0.7112883804936785
13611,844,Fresno,2430.0,0.7421432871763998
13612,844,Fresno,2434.0,0.7425346177001806
13613,844,Fresno,3440.0,0.8207706201083684
13614,844,Fresno,2947.0,0.7859422034918724
13615,844,Fresno,2398.0,0.7387417218543046
13616,844,Fresno,2472.0,0.7457254665863937
13617,844,Fresno,2360.0,0.7350391330523781
13618,844,Fresno,2422.0,0.7412101143889224
13619,844,Fresno,2372.0,0.7363034316676701
13620,844,Fresno,2902.0,0.7830824804334738
13621,844,Fresno,2638.0,0.7604756170981336
13622,844,Fresno,2585.0,0.7564419024683925
13623,844,Fresno,2783.0,0.7738109572546659
13624,844,Fresno,2594.0,0.757164358819988
13625,844,Fresno,2270.0,0.7265201685731487
13626,844,Fresno,3246.0,0.8085490668272125
13627,844,Fresno,2575.0,0.7559602649006623
13628,605,Fresno,3438.0,0.8205599036724864
13629,605,Fresno,2690.0,0.7656833232992173
13630,605,Fresno,2010.0,0.6935580975316075
13631,605,Fresno,2690.0,0.7656833232992173
13632,605,Fresno,1103.0,0.5521372667068031
13633,605,Fresno,3175.0,0.8037627934978928
13634,605,Fresno,3557.0,0.8266706803130645
13635,605,Fresno,2371.0,0.7362432269717037
13636,605,Fresno,3316.0,0.813937387116195
13637,605,Fresno,910.0,0.517308850090307
13638,605,Fresno,3594.0,0.8289584587597832
13639,605,Fresno,3225.0,0.8070439494280554
13640,605,Fresno,2928.0,0.785009030704395
13641,605,Fresno,910.0,0.517308850090307
13642,605,Fresno,2377.0,0.7368151715833835
13643,605,Fresno,3007.0,0.7909090909090909
13644,605,Fresno,3463.0,0.8222155328115593
13645,605,Fresno,3321.0,0.8142685129440096
13646,605,Fresno,2117.0,0.7079470198675497
13647,605,Fresno,2277.0,0.7274834437086093
13648,605,Fresno,3703.0,0.8335039133052378
13649,605,Fresno,2717.0,0.767308850090307
13650,605,Fresno,3212.0,0.8063816977724263
13651,605,Fresno,2704.0,0.766465984346779
13652,605,Fresno,2249.0,0.7247441300421433
13653,605,Fresno,2363.0,0.7354304635761589
13654,605,Fresno,3947.0,0.8438591210114389
13655,605,Fresno,2190.0,0.7179711017459361
13656,610,Fresno,5976.0,0.9104756170981336
13657,610,Fresno,2589.0,0.7568332329921734
13658,610,Fresno,5518.0,0.9001505117399157
13659,610,Fresno,6914.0,0.926791089704997
13660,610,Fresno,7607.0,0.937748344370861
13661,610,Fresno,7871.0,0.9416616496086695
13662,981,Fresno,5259.0,0.8931366646598434
13663,940,Fresno,11091.0,0.9623720650210716
13664,950,Fresno,6143.0,0.9138470800722457
13665,950,Fresno,5748.0,0.9060505719446117
13666,950,Fresno,4988.0,0.8845273931366646
13667,950,Fresno,9032.0,0.9529199277543648
13668,950,Fresno,8268.0,0.9461770018061408
13669,950,Fresno,4681.0,0.8737507525586996
13670,950,Fresno,5914.0,0.9090307043949428
13671,950,Fresno,9140.0,0.953582179409994
13672,855,Fresno,3975.0,0.8453341360626129
13673,855,Fresno,3446.0,0.8212221553281156
13674,855,Fresno,3653.0,0.8318181818181818
13675,855,Fresno,2597.0,0.7572847682119205
13676,855,Fresno,9252.0,0.9543648404575557
13677,855,Fresno,10030.0,0.9591812161348585
13678,855,Fresno,9761.0,0.9579771222155328
13679,1468,Fresno,1585.0,0.6358819987959061
13680,1468,Fresno,630.0,0.4597230583985551
13681,1479,Fresno,1285.0,0.5856110776640578
13682,1479,Fresno,1821.0,0.6682119205298013
13683,1100,Fresno,2738.0,0.7692655027092113
13684,1100,Fresno,857.0,0.5086995785671282
13685,1476,Fresno,2394.0,0.7383503913305238
13686,1476,Fresno,2583.0,0.75632149307646
13687,1476,Fresno,2322.0,0.731426851294401
13688,1499,Fresno,12406.0,0.9657435279951836
13689,1499,Fresno,14221.0,0.9701986754966887
13690,1499,Fresno,11631.0,0.9635761589403974
13691,1499,Fresno,14031.0,0.9697772426249247
13692,1499,Fresno,11608.0,0.9634557495484648
13693,1499,Fresno,8071.0,0.9437688139674895
13694,605,Fresno,3600.0,0.8293798916315472
13695,605,Fresno,2353.0,0.7342263696568332
13696,605,Fresno,2696.0,0.7661047561709813
13697,605,Fresno,1390.0,0.6049066827212523
13698,606,Fresno,2572.0,0.7556592414208309
13699,606,Fresno,370.0,0.38311258278145693
13700,606,Fresno,1205.0,0.5711318482841662
13701,606,Fresno,1991.0,0.6912402167369055
13702,606,Fresno,205.0,0.32769416014449126
13703,606,Fresno,2492.0,0.7488561107766406
13704,606,Fresno,733.0,0.4837748344370861
13705,606,Fresno,2698.0,0.7661649608669476
13706,606,Fresno,2433.0,0.742414208308248
13707,606,Fresno,1357.0,0.59894641782059
13708,606,Fresno,1260.0,0.5803130644190246
13709,606,Fresno,286.0,0.35854906682721255
13710,606,Fresno,351.0,0.3779349789283564
13711,606,Fresno,2431.0,0.742203491872366
13712,606,Fresno,851.0,0.50737507525587
13713,607,Fresno,2509.0,0.7505418422636966
13714,607,Fresno,1916.0,0.6819686935580975
13715,607,Fresno,2123.0,0.7087296809151113
13716,607,Fresno,3581.0,0.8280854906682721
13717,607,Fresno,3502.0,0.823841059602649
13718,607,Fresno,3337.0,0.8154124021673691
13719,607,Fresno,2156.0,0.7142986152919928
13720,835,Fresno,2327.0,0.7321192052980132
13721,835,Fresno,1883.0,0.6778145695364238
13722,835,Fresno,2094.0,0.7051475015051174
13723,835,Fresno,2548.0,0.7534617700180614
13724,835,Fresno,3262.0,0.8099337748344371
13725,835,Fresno,2255.0,0.7253461770018061
13726,835,Fresno,1873.0,0.6759783263094521
13727,835,Fresno,2310.0,0.7305237808549067
13728,835,Fresno,2142.0,0.7114388922335942
13729,835,Fresno,2015.0,0.6940698374473209
13730,835,Fresno,1353.0,0.598314268512944
13731,835,Fresno,1659.0,0.6461468994581577
13732,835,Fresno,1645.0,0.6443407585791692
13733,845,Fresno,2263.0,0.7260686333534015
13734,845,Fresno,1930.0,0.6839554485249849
13735,845,Fresno,1795.0,0.6645695364238411
13736,845,Fresno,1774.0,0.6610776640577966
13737,845,Fresno,1708.0,0.652739313666466
13738,845,Fresno,2556.0,0.7540337146297411
13739,845,Fresno,2607.0,0.7580975316074654
13740,845,Fresno,1987.0,0.6908187838651415
13741,845,Fresno,2639.0,0.7606562311860325
13742,845,Fresno,2581.0,0.7562010836845274
13743,845,Fresno,2412.0,0.7402468392534618
13744,845,Fresno,2292.0,0.7288380493678507
13745,845,Fresno,1866.0,0.6745334136062613
13746,845,Fresno,2547.0,0.7532209512341963
13747,845,Fresno,2680.0,0.7648404575556893
13748,845,Fresno,2474.0,0.7460866947621915
13749,845,Fresno,1954.0,0.6866044551475015
13750,845,Fresno,2080.0,0.7031005418422637
13751,845,Fresno,2019.0,0.6941902468392535
13752,845,Fresno,2631.0,0.7599939795304034
13753,845,Fresno,1981.0,0.6899458157736303
13754,845,Fresno,2095.0,0.7053281155930162
13755,845,Fresno,1765.0,0.659692956050572
13756,845,Fresno,2247.0,0.7243829018663456
13757,845,Fresno,2406.0,0.7395243829018664
13758,845,Fresno,2103.0,0.7064720048163757
13759,608,Fresno,1345.0,0.5967188440698374
13760,608,Fresno,3582.0,0.8282059000602047
13761,608,Fresno,3439.0,0.820680313064419
13762,608,Fresno,4054.0,0.8484948826008428
13763,608,Fresno,3599.0,0.8292594822396147
13764,608,Fresno,4102.0,0.850632149307646
13765,608,Fresno,4558.0,0.8692354003612281
13766,608,Fresno,1116.0,0.5540337146297412
13767,608,Fresno,3576.0,0.827844671884407
13768,608,Fresno,4876.0,0.8803130644190247
13769,608,Fresno,3264.0,0.8100240818783865
13770,608,Fresno,3587.0,0.8285671282360024
13771,608,Fresno,4268.0,0.8580674292594822
13772,608,Fresno,3469.0,0.8223359422034918
13773,608,Fresno,1089.0,0.5497290788681517
13774,608,Fresno,3928.0,0.8425948223961469
13775,608,Fresno,6159.0,0.9142685129440097
13776,608,Fresno,687.0,0.4725165562913907
13777,608,Fresno,3579.0,0.8279951836243227
13778,608,Fresno,4041.0,0.8479229379891632
13779,609,Fresno,1165.0,0.5639674894641782
13780,609,Fresno,1857.0,0.6731788079470199
13781,609,Fresno,766.0,0.48982540638169775
13782,609,Fresno,481.0,0.4179108970499699
13783,609,Fresno,414.0,0.39834437086092717
13784,609,Fresno,664.0,0.4678506923540036
13785,609,Fresno,481.0,0.4179108970499699
13786,609,Fresno,390.0,0.38910295003010237
13787,609,Fresno,273.0,0.35421432871763997
13788,609,Fresno,832.0,0.502317880794702
13789,609,Fresno,502.0,0.4241420830824804
13790,609,Fresno,964.0,0.5278747742323902
13791,836,Fresno,169.0,0.30869957856712826
13792,836,Fresno,483.0,0.41845273931366644
13793,836,Fresno,257.0,0.34954846478025287
13794,836,Fresno,291.0,0.3602347983142685
13795,836,Fresno,2118.0,0.7080674292594823
13796,836,Fresno,2062.0,0.7005719446116797
13797,836,Fresno,393.0,0.39009632751354606
13798,836,Fresno,245.0,0.34551475015051175
13799,836,Fresno,284.0,0.3575556893437688
13800,836,Fresno,232.0,0.3388621312462372
13801,836,Fresno,224.0,0.3349187236604455
13802,836,Fresno,268.0,0.3522576760987357
13803,836,Fresno,379.0,0.38606261288380495
13804,836,Fresno,292.0,0.3604455147501505
13805,836,Fresno,225.0,0.3351896447922938
13806,837,Fresno,1769.0,0.660355207706201
13807,837,Fresno,1450.0,0.6159241420830824
13808,837,Fresno,1064.0,0.5448223961468994
13809,836,Fresno,149.0,0.2984647802528597
13810,846,Fresno,1541.0,0.6296508127633955
13811,846,Fresno,1458.0,0.6169175195665262
13812,846,Fresno,1548.0,0.6306742925948224
13813,846,Fresno,1986.0,0.6906682721252257
13814,846,Fresno,1659.0,0.6461468994581577
13815,846,Fresno,1800.0,0.6653220951234197
13816,846,Fresno,1574.0,0.6338651414810356
13817,846,Fresno,1774.0,0.6610776640577966
13818,846,Fresno,1692.0,0.6510836845273932
13819,846,Fresno,1859.0,0.6735099337748345
13820,846,Fresno,1971.0,0.6889524382901866
13821,846,Fresno,1712.0,0.6530102347983142
13822,846,Fresno,1600.0,0.6384406983744733
13823,846,Fresno,1789.0,0.6633353401565322
13824,846,Fresno,1687.0,0.6505418422636966
13825,846,Fresno,1361.0,0.6
13826,846,Fresno,1470.0,0.6188741721854305
13827,846,Fresno,2357.0,0.7347682119205298
13828,846,Fresno,1893.0,0.6789584587597832
13829,846,Fresno,1692.0,0.6510836845273932
13830,846,Fresno,1856.0,0.672998193859121
13831,846,Fresno,1870.0,0.6753461770018061
13832,846,Fresno,1481.0,0.6208007224563517
13833,846,Fresno,1332.0,0.5947922937989163
13834,846,Fresno,1955.0,0.6867549668874172
13835,846,Fresno,1728.0,0.6554485249849489
13836,846,Fresno,1658.0,0.6459361830222757
13837,846,Fresno,2154.0,0.7138771824202288
13838,846,Fresno,1688.0,0.6506622516556292
13839,846,Fresno,1663.0,0.6467188440698375
13840,610,Fresno,4896.0,0.8805538832028899
13841,610,Fresno,5178.0,0.8904575556893438
13842,610,Fresno,5722.0,0.9054786273329319
13843,610,Fresno,5814.0,0.9074653822998194
13844,610,Fresno,6027.0,0.91158940397351
13845,610,Fresno,8206.0,0.9451836243226972
13846,610,Fresno,5857.0,0.9083684527393137
13847,610,Fresno,7761.0,0.9401565322095123
13848,610,Fresno,8117.0,0.9442504515352197
13849,610,Fresno,6366.0,0.918783865141481
13850,610,Fresno,6265.0,0.9162552679108971
13851,610,Fresno,5398.0,0.8975617098133655
13852,611,Fresno,4998.0,0.8849488260084286
13853,611,Fresno,2476.0,0.7463576158940397
13854,611,Fresno,3016.0,0.7918121613485852
13855,611,Fresno,3287.0,0.8112582781456954
13856,611,Fresno,2272.0,0.7268211920529801
13857,611,Fresno,1538.0,0.6290788681517159
13858,611,Fresno,5575.0,0.9016255267910898
13859,611,Fresno,570.0,0.44310656231186035
13860,611,Fresno,2094.0,0.7051475015051174
13861,611,Fresno,5720.0,0.9053281155930163
13862,611,Fresno,2407.0,0.7397350993377484
13863,611,Fresno,5643.0,0.9032510535821794
13864,611,Fresno,3513.0,0.8247742323901265
13865,611,Fresno,715.0,0.478476821192053
13866,611,Fresno,5236.0,0.8920228777844672
13867,611,Fresno,618.0,0.4565623118603251
13868,838,Fresno,557.0,0.43895243829018665
13869,838,Fresno,1058.0,0.5434978928356412
13870,838,Fresno,1315.0,0.590728476821192
13871,838,Fresno,524.0,0.43034316676700785
13872,838,Fresno,5254.0,0.8928958458759784
13873,838,Fresno,3508.0,0.8244130042143287
13874,838,Fresno,4982.0,0.884166164960867
13875,838,Fresno,3059.0,0.7954545454545454
13876,838,Fresno,4508.0,0.8673389524382902
13877,838,Fresno,1154.0,0.561198073449729
13878,838,Fresno,3219.0,0.8066827212522577
13879,838,Fresno,659.0,0.46664659843467793
13880,838,Fresno,3503.0,0.8239012642986153
13881,838,Fresno,392.0,0.3897049969897652
13882,838,Fresno,1030.0,0.5381697772426249
13883,838,Fresno,1787.0,0.6630644190246839
13884,838,Fresno,1963.0,0.6880192655027092
13885,838,Fresno,556.0,0.4385611077664058
13886,838,Fresno,4455.0,0.8655328115593016
13887,838,Fresno,3692.0,0.8332931968693558
13888,838,Fresno,393.0,0.39009632751354606
13889,838,Fresno,1502.0,0.6243527995183624
13890,838,Fresno,4269.0,0.8581878386514148
13891,838,Fresno,4146.0,0.8532209512341963
13892,838,Fresno,4522.0,0.8679108970499699
13893,838,Fresno,699.0,0.4746237206502107
13894,838,Fresno,1094.0,0.550421432871764
13895,838,Fresno,5226.0,0.8916014449127032
13896,838,Fresno,1179.0,0.5668272125225767
13897,838,Fresno,1327.0,0.5936785069235401
13898,838,Fresno,3513.0,0.8247742323901265
13899,838,Fresno,450.0,0.4096026490066225
13900,847,Fresno,3165.0,0.8028597230583986
13901,847,Fresno,904.0,0.5161047561709813
13902,847,Fresno,595.0,0.44945815773630343
13903,847,Fresno,2754.0,0.7702889825406382
13904,847,Fresno,3145.0,0.8013847080072246
13905,847,Fresno,1661.0,0.6463877182420229
13906,847,Fresno,1881.0,0.6774834437086092
13907,847,Fresno,1280.0,0.5842564720048163
13908,847,Fresno,5332.0,0.895574954846478
13909,847,Fresno,1064.0,0.5448223961468994
13910,847,Fresno,2054.0,0.6991270319084889
13911,847,Fresno,2315.0,0.7308549066827212
13912,847,Fresno,2161.0,0.714990969295605
13913,847,Fresno,813.0,0.499157134256472
13914,847,Fresno,1473.0,0.6194461167971101
13915,847,Fresno,1415.0,0.6093016255267911
13916,847,Fresno,1264.0,0.5810656231186032
13917,847,Fresno,906.0,0.5164057796508128
13918,847,Fresno,1522.0,0.6270319084888621
13919,847,Fresno,1371.0,0.6018362432269717
13920,847,Fresno,3015.0,0.7916616496086695
13921,848,Fresno,2685.0,0.7652016857314871
13922,848,Fresno,1537.0,0.6288380493678507
13923,848,Fresno,1659.0,0.6461468994581577
13924,848,Fresno,2126.0,0.7093016255267911
13925,848,Fresno,2061.0,0.7003010234798315
13926,848,Fresno,2548.0,0.7534617700180614
13927,848,Fresno,1469.0,0.6186935580975316
13928,848,Fresno,1462.0,0.6174894641782059
13929,848,Fresno,1577.0,0.6345273931366646
13930,848,Fresno,2319.0,0.7312462372065021
13931,848,Fresno,1874.0,0.6763094521372667
13932,848,Fresno,1323.0,0.5927152317880795
13933,612,Fresno,4579.0,0.8702287778446719
13934,612,Fresno,8021.0,0.9431065623118603
13935,612,Fresno,8027.0,0.9432269717037929
13936,612,Fresno,4383.0,0.8629741119807345
13937,612,Fresno,7837.0,0.9410596026490067
13938,612,Fresno,7082.0,0.929530403371463
13939,612,Fresno,3890.0,0.8409993979530404
13940,612,Fresno,6812.0,0.9255568934376881
13941,612,Fresno,7607.0,0.937748344370861
13942,612,Fresno,8259.0,0.9458759783263094
13943,612,Fresno,6704.0,0.9237206502107165
13944,612,Fresno,4224.0,0.8562612883804936
13945,612,Fresno,8564.0,0.9498494882600843
13946,612,Fresno,4553.0,0.8691149909692956
13947,612,Fresno,4021.0,0.8470800722456352
13948,612,Fresno,4120.0,0.851264298615292
13949,612,Fresno,5955.0,0.9098735701384708
13950,612,Fresno,4127.0,0.8519265502709211
13951,612,Fresno,4642.0,0.8726670680313064
13952,612,Fresno,4491.0,0.8665562913907284
13953,612,Fresno,5600.0,0.902317880794702
13954,612,Fresno,7538.0,0.9366646598434678
13955,612,Fresno,4085.0,0.849789283564118
13956,612,Fresno,5169.0,0.8903672486453943
13957,612,Fresno,6648.0,0.9225466586393739
13958,612,Fresno,8588.0,0.9500301023479831
13959,612,Fresno,5062.0,0.8868452739313667
13960,613,Fresno,6054.0,0.9121011438892234
13961,613,Fresno,5966.0,0.9100541842263696
13962,613,Fresno,4244.0,0.8571944611679712
13963,613,Fresno,6936.0,0.9270921131848284
13964,613,Fresno,8095.0,0.9440698374473209
13965,613,Fresno,4355.0,0.8617399157134257
13966,613,Fresno,5052.0,0.8864840457555689
13967,613,Fresno,4440.0,0.8648705599036725
13968,613,Fresno,5111.0,0.8884105960264901
13969,613,Fresno,4735.0,0.8756773028296208
13970,613,Fresno,4068.0,0.8488862131246238
13971,613,Fresno,5780.0,0.9066225165562913
13972,613,Fresno,5006.0,0.8851896447922938
13973,613,Fresno,5414.0,0.8978627332931969
13974,613,Fresno,4310.0,0.8597832630945214
13975,613,Fresno,3985.0,0.8459060806742926
13976,613,Fresno,3454.0,0.8216435881998796
13977,613,Fresno,3907.0,0.8414208308248043
13978,613,Fresno,3492.0,0.8234497290788682
13979,613,Fresno,4142.0,0.8530704394942805
13980,613,Fresno,5167.0,0.8902468392534618
13981,613,Fresno,3264.0,0.8100240818783865
13982,613,Fresno,4075.0,0.8492775436484046
13983,839,Fresno,6031.0,0.9117399157134256
13984,839,Fresno,5165.0,0.8901866345574955
13985,839,Fresno,3063.0,0.79578567128236
13986,839,Fresno,3813.0,0.8378085490668272
13987,839,Fresno,5061.0,0.8867549668874172
13988,839,Fresno,2996.0,0.7900060204695967
13989,839,Fresno,5310.0,0.8948223961468995
13990,839,Fresno,5188.0,0.8908488862131246
13991,839,Fresno,4601.0,0.8711318482841661
13992,839,Fresno,4433.0,0.8644792293798916
13993,839,Fresno,4396.0,0.8634256472004816
13994,839,Fresno,4733.0,0.8755568934376882
13995,839,Fresno,3924.0,0.8424142083082481
13996,839,Fresno,5064.0,0.8870258880192655
13997,839,Fresno,4284.0,0.8590307043949428
13998,839,Fresno,3309.0,0.8133353401565322
13999,839,Fresno,4697.0,0.8742323901264298
14000,839,Fresno,4559.0,0.8692956050571945
14001,839,Fresno,3171.0,0.803371462974112
14002,839,Fresno,2831.0,0.7775436484045756
14003,839,Fresno,3374.0,0.8174593618302227
14004,839,Fresno,5278.0,0.8937989163154726
14005,839,Fresno,4673.0,0.8735701384708007
14006,849,Fresno,5864.0,0.9085490668272125
14007,849,Fresno,4695.0,0.8741119807344973
14008,849,Fresno,565.0,0.4409692956050572
14009,849,Fresno,2658.0,0.7624924744130042
14010,849,Fresno,4122.0,0.8515954244431065
14011,849,Fresno,4369.0,0.8621312462372065
14012,849,Fresno,2734.0,0.7685430463576159
14013,849,Fresno,5791.0,0.9068633353401565
14014,849,Fresno,4501.0,0.8669175195665262
14015,849,Fresno,3218.0,0.8066225165562914
14016,849,Fresno,2799.0,0.7750752558699578
14017,849,Fresno,5851.0,0.9081878386514148
14018,849,Fresno,2903.0,0.7832329921733895
14019,849,Fresno,3845.0,0.8392835641180012
14020,849,Fresno,2583.0,0.75632149307646
14021,849,Fresno,3420.0,0.8199277543648404
14022,849,Fresno,5900.0,0.908850090307044
14023,849,Fresno,1051.0,0.5421432871763998
14024,849,Fresno,3531.0,0.8257676098735701
14025,849,Fresno,3332.0,0.8152317880794702
14026,849,Fresno,5807.0,0.9072245635159543
14027,849,Fresno,4603.0,0.8712221553281156
14028,849,Fresno,4317.0,0.8600240818783865
14029,849,Fresno,428.0,0.40301023479831427
14030,849,Fresno,4583.0,0.8703792895845875
14031,849,Fresno,2928.0,0.785009030704395
14032,849,Fresno,3395.0,0.8186333534015653
14033,849,Fresno,8778.0,0.9514148103552077
14034,849,Fresno,2912.0,0.7838350391330524
14035,849,Fresno,4356.0,0.8618603251053583
14036,1123,Fresno,1388.0,0.6045454545454545
14037,1123,Fresno,1653.0,0.6452438290186635
14038,1123,Fresno,1420.0,0.6104455147501505
14039,1123,Fresno,1655.0,0.6455147501505117
14040,1104,Fresno,1208.0,0.571523178807947
14041,1128,Fresno,6.0,0.05770620108368453
14042,1128,Fresno,444.0,0.40794701986754967
14043,1128,Fresno,637.0,0.46158940397350995
14044,1128,Fresno,6.0,0.05770620108368453
14045,1128,Fresno,771.0,0.4912101143889223
14046,1041,Fresno,631.0,0.4600842865743528
14047,1041,Fresno,800.0,0.49701986754966887
14048,1041,Fresno,504.0,0.4246538229981939
14049,1124,Fresno,2063.0,0.7007525586995785
14050,1125,Fresno,1371.0,0.6018362432269717
14051,1442,Fresno,702.0,0.47525586995785674
14052,1442,Fresno,692.0,0.4736604455147502
14053,1442,Fresno,620.0,0.45701384708007226
14054,1442,Fresno,734.0,0.48404575556893437
14055,1442,Fresno,311.0,0.3662853702588802
14056,1442,Fresno,302.0,0.36351595424443106
14057,1442,Fresno,715.0,0.478476821192053
14058,1442,Fresno,981.0,0.5299819385912101
14059,1442,Fresno,212.0,0.3303431667670078
14060,1442,Fresno,753.0,0.4871763997591812
14061,1442,Fresno,467.0,0.4140878988561108
14062,1452,Fresno,1577.0,0.6345273931366646
14063,1452,Fresno,1757.0,0.6583985550872968
14064,1451,Fresno,187.0,0.31965683323299215
14065,1452,Fresno,1594.0,0.6374172185430463
14066,1452,Fresno,845.0,0.5061408789885611
14067,1452,Fresno,183.0,0.3173389524382902
14068,1452,Fresno,375.0,0.3844370860927152
14069,1452,Fresno,271.0,0.3536122817579771
14070,1452,Fresno,155.0,0.30237808549066825
14071,1452,Fresno,320.0,0.36902468392534615
14072,1457,Fresno,1528.0,0.627633955448525
14073,1457,Fresno,4206.0,0.8553883202889826
14074,1458,Fresno,2229.0,0.7226670680313064
14075,1458,Fresno,707.0,0.47627934978928355
14076,1458,Fresno,2080.0,0.7031005418422637
14077,1458,Fresno,2012.0,0.6938591210114389
14078,1458,Fresno,1165.0,0.5639674894641782
14079,1458,Fresno,3336.0,0.8152919927754365
14080,1458,Fresno,3305.0,0.8129139072847682
14081,1458,Fresno,4883.0,0.8803732691149909
14082,1458,Fresno,1164.0,0.5636363636363636
14083,1458,Fresno,2026.0,0.6950632149307646
14084,1458,Fresno,2156.0,0.7142986152919928
14085,1458,Fresno,548.0,0.4366947621914509
14086,1458,Fresno,1983.0,0.6901866345574955
14087,1092,Fresno,9296.0,0.9546056592414208
14088,1092,Fresno,3317.0,0.8140878988561108
14089,1092,Fresno,2126.0,0.7093016255267911
14090,1092,Fresno,4037.0,0.8478326309452138
14091,1092,Fresno,2274.0,0.7271824202287779
14092,1092,Fresno,23643.0,0.981637567730283
14093,1092,Fresno,2144.0,0.7115291992775437
14094,1092,Fresno,1478.0,0.6202889825406381
14095,1092,Fresno,2169.0,0.7156532209512342
14096,1092,Fresno,2140.0,0.7111378687537628
14097,1092,Fresno,9431.0,0.955689343768814
14098,1092,Fresno,3140.0,0.8010234798314269
14099,1092,Fresno,9026.0,0.9528597230583985
14100,1092,Fresno,2096.0,0.7054485249849488
14101,1092,Fresno,1361.0,0.6
14102,1092,Fresno,3505.0,0.8241119807344973
14103,1092,Fresno,15048.0,0.9726068633353402
14104,1092,Fresno,2172.0,0.7161348585189645
14105,1092,Fresno,1972.0,0.6891029500301024
14106,1092,Fresno,2398.0,0.7387417218543046
14107,1092,Fresno,3091.0,0.7976520168573149
14108,1092,Fresno,1939.0,0.6848886213124624
14109,1092,Fresno,8551.0,0.9496086694762191
14110,1092,Fresno,2160.0,0.7149307645996388
14111,1109,Fresno,14661.0,0.9714027694160144
14112,1109,Fresno,28726.0,0.9852799518362432
14113,1109,Fresno,22097.0,0.9798916315472607
14114,1109,Fresno,2237.0,0.7236002408187838
14115,1109,Fresno,26498.0,0.983323299217339
14116,1109,Fresno,7562.0,0.9369656833232992
14117,1109,Fresno,14582.0,0.9712221553281156
14118,1109,Fresno,2269.0,0.7263997591812161
14119,1109,Fresno,7308.0,0.9334136062612883
14120,1110,Fresno,22263.0,0.9801324503311258
14121,1110,Fresno,26314.0,0.982901866345575
14122,1110,Fresno,26397.0,0.9830222757375076
14123,1110,Fresno,27117.0,0.9839855508729681
14124,1110,Fresno,31918.0,0.9895243829018664
14125,1110,Fresno,13172.0,0.9675496688741722
14126,1110,Fresno,25744.0,0.9822998193859122
14127,1110,Fresno,7936.0,0.9420830824804335
14128,1110,Fresno,23267.0,0.9813967489464178
14129,1110,Fresno,29579.0,0.9864539434075857
14130,1110,Fresno,22933.0,0.9808549066827212
14131,1110,Fresno,21813.0,0.9795906080674293
14132,1110,Fresno,3126.0,0.8003311258278145
14133,1110,Fresno,26449.0,0.9831426851294401
14134,1093,Fresno,1326.0,0.5934978928356411
14135,1093,Fresno,1226.0,0.575316074653823
14136,1093,Fresno,1333.0,0.5950331125827815
14137,1093,Fresno,1055.0,0.543046357615894
14138,2460,Unincorporate,68.0,0.23305237808549067
14139,2460,Unincorporate,55.0,0.21559301625526792
14140,1216,Fresno,24.0,0.1451234196267309
14141,1216,Fresno,24.0,0.1451234196267309
14142,2626,Unincorporate,101.0,0.26619506321493075
14143,2626,Unincorporate,151.0,0.2995183624322697
14144,2504,Unincorporate,518.0,0.4285671282360024
14145,2504,Unincorporate,517.0,0.4282962071041541
14146,2504,Unincorporate,798.0,0.49671884406983746
14147,2504,Unincorporate,70.0,0.23573148705599037
14148,2504,Unincorporate,415.0,0.39888621312462375
14149,2633,Unincorporate,1594.0,0.6374172185430463
14150,2633,Unincorporate,1550.0,0.6309452137266707
14151,2633,Unincorporate,1273.0,0.5828717639975918
14152,2633,Unincorporate,1320.0,0.5919626730885009
14153,2633,Unincorporate,961.0,0.5270921131848284
14154,2634,Unincorporate,111.0,0.2730583985550873
14155,2634,Unincorporate,1538.0,0.6290788681517159
14156,2634,Unincorporate,0.0,0.0
14157,2635,Unincorporate,111.0,0.2730583985550873
14158,2635,Unincorporate,111.0,0.2730583985550873
14159,2636,Unincorporate,0.0,0.0
14160,2636,Unincorporate,111.0,0.2730583985550873
14161,2636,Unincorporate,0.0,0.0
14162,2636,Unincorporate,1.0,0.007465382299819386
14163,2636,Unincorporate,1.0,0.007465382299819386
14164,2637,Unincorporate,2.0,0.021763997591812162
14165,2637,Unincorporate,0.0,0.0
14166,2637,Unincorporate,1.0,0.007465382299819386
14167,2637,Unincorporate,1.0,0.007465382299819386
14168,2637,Unincorporate,1.0,0.007465382299819386
14169,2638,Unincorporate,0.0,0.0
14170,2638,Unincorporate,40.0,0.18552077062010836
14171,2638,Unincorporate,0.0,0.0
14172,2638,Unincorporate,7.0,0.06303431667670079
14173,2638,Unincorporate,0.0,0.0
14174,2638,Unincorporate,4.0,0.04298615291992775
14175,2638,Unincorporate,4.0,0.04298615291992775
14176,2638,Unincorporate,0.0,0.0
14177,2638,Unincorporate,7.0,0.06303431667670079
14178,2638,Unincorporate,88.0,0.25343166767007824
14179,1208,Fresno,361.0,0.380373269114991
14180,1208,Fresno,251.0,0.3480433473810957
14181,1208,Fresno,0.0,0.0
14182,1208,Fresno,477.0,0.41679711017459364
14183,1208,Fresno,0.0,0.0
14184,1208,Fresno,716.0,0.47895845875978327
14185,2630,Unincorporate,157.0,0.303582179409994
14186,2630,Unincorporate,313.0,0.3670078266104756
14187,1215,Fresno,72.0,0.23783865141481036
14188,2629,Unincorporate,309.0,0.3655027092113185
14189,171,Clovis,2913.0,0.7839253461770018
14190,171,Clovis,2660.0,0.7627633955448525
14191,174,Clovis,2566.0,0.7547862733293197
14192,174,Clovis,4104.0,0.8508127633955449
14193,175,Clovis,3606.0,0.8296207104154124
14194,179,Clovis,6037.0,0.9118302227573751
14195,179,Clovis,5625.0,0.9028898254063817
14196,179,Clovis,8232.0,0.9455147501505118
14197,194,Clovis,4799.0,0.8780252859723059
14198,131,Clovis,5232.0,0.8918723660445514
14199,131,Clovis,6316.0,0.9178205900060205
14200,131,Clovis,6358.0,0.9186634557495484
14201,131,Clovis,4753.0,0.8766405779650813
14202,133,Clovis,9258.0,0.954425045153522
14203,146,Clovis,5001.0,0.8850993377483444
14204,146,Clovis,6816.0,0.9256472004816376
14205,146,Clovis,4585.0,0.8704394942805539
14206,146,Clovis,4455.0,0.8655328115593016
14207,146,Clovis,4858.0,0.8800722456351595
14208,146,Clovis,4396.0,0.8634256472004816
14209,146,Clovis,4962.0,0.8834738109572546
14210,146,Clovis,4047.0,0.8481637567730282
14211,146,Clovis,7716.0,0.9394942805538832
14212,146,Clovis,6614.0,0.922366044551475
14213,147,Clovis,6612.0,0.9222155328115593
14214,148,Clovis,4971.0,0.883744732089103
14215,148,Clovis,4994.0,0.8848284166164961
14216,162,Clovis,5657.0,0.9036122817579771
14217,162,Clovis,5587.0,0.9019566526189042
14218,162,Clovis,6349.0,0.9185129440096328
14219,162,Clovis,8125.0,0.944310656231186
14220,162,Clovis,5024.0,0.8856712823600241
14221,162,Clovis,5298.0,0.8942805538832029
14222,162,Clovis,6013.0,0.9113184828416616
14223,162,Clovis,4997.0,0.8848886213124624
14224,162,Clovis,7158.0,0.9307645996387718
14225,162,Clovis,4727.0,0.8752558699578568
14226,162,Clovis,5627.0,0.9030102347983142
14227,162,Clovis,6322.0,0.917940999397953
14228,162,Clovis,7571.0,0.9372065021071644
14229,162,Clovis,8741.0,0.9511739915713425
14230,177,Clovis,8675.0,0.9508127633955449
14231,177,Clovis,6930.0,0.9269717037928958
14232,177,Clovis,7300.0,0.9332931968693559
14233,120,Clovis,1100.0,0.5516556291390728
14234,120,Clovis,938.0,0.5217037928958459
14235,120,Clovis,944.0,0.522998193859121
14236,120,Clovis,933.0,0.520680313064419
14237,123,Clovis,249.0,0.347471402769416
14238,1262,Fresno,31.0,0.1650812763395545
14239,1262,Fresno,98.0,0.2637266706803131
14240,1692,Mendota,76.0,0.24211318482841662
14241,1691,Mendota,80.0,0.24530403371462975
14242,1691,Mendota,758.0,0.4882299819385912
14243,2250,Mendota,0.0,0.0
14244,1702,Unincorporate,0.0,0.0
14245,1702,Unincorporate,0.0,0.0
14246,1702,Mendota,0.0,0.0
14247,2260,Unincorporate,0.0,0.0
14248,2260,Unincorporate,0.0,0.0
14249,2251,Unincorporate,0.0,0.0
14250,2251,Unincorporate,0.0,0.0
14251,2253,Unincorporate,0.0,0.0
14252,2253,Unincorporate,0.0,0.0
14253,2253,Unincorporate,0.0,0.0
14254,2253,Unincorporate,0.0,0.0
14255,2253,Unincorporate,0.0,0.0
14256,2253,Unincorporate,0.0,0.0
14257,2253,Unincorporate,0.0,0.0
14258,2253,Unincorporate,0.0,0.0
14259,1690,Mendota,707.0,0.47627934978928355
14260,1690,Mendota,584.0,0.4475316074653823
14261,1690,Mendota,0.0,0.0
14262,2250,Unincorporate,0.0,0.0
14263,2250,Unincorporate,192.0,0.322576760987357
14264,2240,Unincorporate,0.0,0.0
14265,2240,Unincorporate,6.0,0.05770620108368453
14266,2240,Unincorporate,0.0,0.0
14267,2240,Unincorporate,0.0,0.0
14268,2240,Unincorporate,107.0,0.27092113184828415
14269,2240,Unincorporate,0.0,0.0
14270,2240,Unincorporate,0.0,0.0
14271,2240,Unincorporate,0.0,0.0
14272,2240,Unincorporate,0.0,0.0
14273,1701,Mendota,136.0,0.2890728476821192
14274,1701,Mendota,133.0,0.28801926550270923
14275,1701,Mendota,136.0,0.2890728476821192
14276,1701,Mendota,140.0,0.29193257074051776
14277,1701,Mendota,134.0,0.28841059602649005
14278,1701,Mendota,134.0,0.28841059602649005
14279,1701,Mendota,282.0,0.3568031306441902
14280,2385,Unincorporate,10.0,0.07874774232390126
14281,2385,Unincorporate,1.0,0.007465382299819386
14282,2385,Unincorporate,4.0,0.04298615291992775
14283,1611,Kerman,0.0,0.0
14284,1581,Kerman,421.0,0.4009030704394943
14285,1581,Kerman,212.0,0.3303431667670078
14286,2386,Unincorporate,46.0,0.19686935580975315
14287,2386,Unincorporate,65.0,0.22859723058398554
14288,2386,Unincorporate,64.0,0.227423239012643
14289,2386,Unincorporate,55.0,0.21559301625526792
14290,1582,Kerman,88.0,0.25343166767007824
14291,340,Unincorporate,6.0,0.05770620108368453
14292,340,Unincorporate,3.0,0.033564118001204096
14293,340,Unincorporate,3.0,0.033564118001204096
14294,2309,Unincorporate,0.0,0.0
14295,2309,Unincorporate,42.0,0.18895243829018663
14296,2309,Unincorporate,3.0,0.033564118001204096
14297,339,Coalinga,233.0,0.3395845875978326
14298,339,Coalinga,234.0,0.3403973509933775
14299,339,Coalinga,264.0,0.3513546056592414
14300,339,Coalinga,247.0,0.34629741119807345
14301,339,Coalinga,247.0,0.34629741119807345
14302,339,Coalinga,248.0,0.3469596628537026
14303,339,Coalinga,247.0,0.34629741119807345
14304,339,Coalinga,247.0,0.34629741119807345
14305,339,Coalinga,248.0,0.3469596628537026
14306,339,Coalinga,446.0,0.40851896447922936
14307,338,Coalinga,244.0,0.34509331727874776
14308,2310,Unincorporate,0.0,0.0
14309,2310,Unincorporate,0.0,0.0
14310,2311,Coalinga,233.0,0.3395845875978326
14311,2311,Unincorporate,2.0,0.021763997591812162
14312,334,Coalinga,260.0,0.35036122817579773
14313,334,Coalinga,277.0,0.35520770620108366
14314,334,Coalinga,289.0,0.35945213726670683
14315,334,Coalinga,355.0,0.3786273329319687
14316,334,Coalinga,290.0,0.3598735701384708
14317,334,Coalinga,276.0,0.35496688741721855
14318,334,Coalinga,289.0,0.35945213726670683
14319,334,Coalinga,260.0,0.35036122817579773
14320,334,Coalinga,286.0,0.35854906682721255
14321,334,Coalinga,412.0,0.3973810957254666
14322,334,Coalinga,402.0,0.3930764599638772
14323,334,Coalinga,263.0,0.35102347983142684
14324,334,Coalinga,290.0,0.3598735701384708
14325,334,Coalinga,297.0,0.3617700180614088
14326,334,Coalinga,268.0,0.3522576760987357
14327,334,Coalinga,263.0,0.35102347983142684
14328,334,Coalinga,1417.0,0.6098133654425045
14329,2312,Unincorporate,19.0,0.12332931968693558
14330,2312,Unincorporate,0.0,0.0
14331,2312,Unincorporate,20.0,0.1290487658037327
14332,2312,Unincorporate,0.0,0.0
14333,335,Coalinga,245.0,0.34551475015051175
14334,335,Coalinga,240.0,0.3428657435279952
14335,335,Coalinga,379.0,0.38606261288380495
14336,335,Coalinga,176.0,0.31315472606863337
14337,335,Coalinga,192.0,0.322576760987357
14338,335,Coalinga,96.0,0.26056592414208307
14339,333,Coalinga,399.0,0.3922335942203492
14340,335,Coalinga,96.0,0.26056592414208307
14341,335,Coalinga,112.0,0.27396146899458157
14342,2557,Unincorporate,2.0,0.021763997591812162
14343,2557,Unincorporate,4.0,0.04298615291992775
14344,2557,Unincorporate,3.0,0.033564118001204096
14345,2520,Unincorporate,32.0,0.1669175195665262
14346,2520,Unincorporate,5.0,0.050752558699578565
14347,2520,Unincorporate,4.0,0.04298615291992775
14348,2523,Unincorporate,28.0,0.15755568934376882
14349,2523,Unincorporate,16.0,0.10885009030704396
14350,2524,Unincorporate,32.0,0.1669175195665262
14351,2526,Unincorporate,18.0,0.11815171583383503
14352,2526,Unincorporate,31.0,0.1650812763395545
14353,2527,Unincorporate,36.0,0.17606863335340156
14354,2529,Unincorporate,33.0,0.16887417218543047
14355,2041,Unincorporate,0.0,0.0
14356,2041,Unincorporate,0.0,0.0
14357,2041,Unincorporate,3.0,0.033564118001204096
14358,2041,Unincorporate,1035.0,0.5388621312462372
14359,2041,Unincorporate,28.0,0.15755568934376882
14360,2041,Unincorporate,1538.0,0.6290788681517159
14361,2041,Unincorporate,5.0,0.050752558699578565
14362,2041,Unincorporate,32.0,0.1669175195665262
14363,2041,Unincorporate,23.0,0.14145093317278748
14364,2041,Unincorporate,145.0,0.2948223961468995
14365,2511,Unincorporate,13.0,0.09331727874774233
14366,2511,Unincorporate,26.0,0.1517760385310054
14367,2511,Unincorporate,13.0,0.09331727874774233
14368,2511,Unincorporate,13.0,0.09331727874774233
14369,2502,Unincorporate,33.0,0.16887417218543047
14370,2502,Unincorporate,6.0,0.05770620108368453
14371,2502,Unincorporate,65.0,0.22859723058398554
14372,2502,Unincorporate,18.0,0.11815171583383503
14373,2502,Unincorporate,56.0,0.21694762191450934
14374,2502,Unincorporate,46.0,0.19686935580975315
14375,2502,Unincorporate,313.0,0.3670078266104756
14376,2502,Unincorporate,102.0,0.2670078266104756
14377,2502,Unincorporate,4.0,0.04298615291992775
14378,2502,Unincorporate,4.0,0.04298615291992775
14379,2502,Unincorporate,16.0,0.10885009030704396
14380,2502,Unincorporate,50.0,0.20463576158940397
14381,2502,Unincorporate,0.0,0.0
14382,2502,Unincorporate,37.0,0.1790487658037327
14383,2502,Unincorporate,57.0,0.2181216134858519
14384,2502,Unincorporate,15.0,0.10361228175797713
14385,2502,Unincorporate,15.0,0.10361228175797713
14386,2502,Unincorporate,23.0,0.14145093317278748
14387,2505,Unincorporate,515.0,0.42775436484045753
14388,2505,Unincorporate,762.0,0.48877182420228776
14389,2505,Unincorporate,14.0,0.098314268512944
14390,459,Fowler,9.0,0.07393136664659844
14391,459,Fowler,91.0,0.25626128838049367
14392,459,Fowler,9.0,0.07393136664659844
14393,849,Fresno,2072.0,0.7019265502709211
14394,849,Fresno,767.0,0.49015653220951233
14395,849,Fresno,3132.0,0.8007224563515954
14396,938,Fresno,7099.0,0.9298615291992776
14397,938,Fresno,5382.0,0.8968693558097531
14398,938,Fresno,6597.0,0.9220349187236604
14399,938,Fresno,5397.0,0.8973810957254665
14400,938,Fresno,4954.0,0.8832630945213726
14401,938,Fresno,7227.0,0.9319385912101144
14402,938,Fresno,6828.0,0.9258278145695364
14403,938,Fresno,7042.0,0.928898254063817
14404,948,Fresno,7831.0,0.9409391932570741
14405,948,Fresno,6951.0,0.9273931366646598
14406,948,Fresno,5270.0,0.8934978928356412
14407,948,Fresno,5267.0,0.8933172787477424
14408,948,Fresno,3964.0,0.8446417820590006
14409,971,Fresno,3006.0,0.7907886815171583
14410,971,Fresno,3909.0,0.8415111378687538
14411,971,Fresno,3387.0,0.8180012040939193
14412,971,Fresno,3207.0,0.8059602649006623
14413,971,Fresno,2571.0,0.7555087296809151
14414,971,Fresno,3042.0,0.794099939795304
14415,971,Fresno,2311.0,0.7306742925948224
14416,971,Fresno,2765.0,0.7715833835039133
14417,971,Fresno,2859.0,0.779951836243227
14418,971,Fresno,2777.0,0.7731186032510536
14419,971,Fresno,1418.0,0.6101444912703191
14420,980,Fresno,3816.0,0.8380794701986755
14421,980,Fresno,4598.0,0.8709512341962673
14422,980,Fresno,3230.0,0.8075556893437689
14423,980,Fresno,4034.0,0.847682119205298
14424,980,Fresno,3604.0,0.8295605057194461
14425,980,Fresno,3169.0,0.8031306441902468
14426,939,Fresno,9417.0,0.9555087296809152
14427,939,Fresno,6997.0,0.9284166164960866
14428,939,Fresno,8968.0,0.9525586995785671
14429,939,Fresno,8964.0,0.9524382901866345
14430,939,Fresno,9148.0,0.9536423841059603
14431,939,Fresno,10153.0,0.9597832630945213
14432,939,Fresno,10216.0,0.9600240818783865
14433,939,Fresno,9742.0,0.9578567128236002
14434,939,Fresno,9427.0,0.9555689343768814
14435,949,Fresno,9603.0,0.9570138470800722
14436,949,Fresno,7934.0,0.9420228777844671
14437,949,Fresno,10111.0,0.9594822396146899
14438,949,Fresno,8944.0,0.9523780854906683
14439,949,Fresno,9004.0,0.9527995183624323
14440,949,Fresno,8922.0,0.9521372667068031
14441,949,Fresno,9332.0,0.9548765803732692
14442,949,Fresno,9656.0,0.9574954846478025
14443,972,Fresno,7190.0,0.9311860325105358
14444,972,Fresno,7995.0,0.9429861529199277
14445,972,Fresno,7090.0,0.9296809151113787
14446,972,Fresno,3714.0,0.8338350391330523
14447,972,Fresno,2746.0,0.7697170379289585
14448,981,Fresno,7217.0,0.9317278747742324
14449,981,Fresno,7051.0,0.9290788681517158
14450,981,Fresno,6947.0,0.9273028296207104
14451,981,Fresno,5927.0,0.9093919325707405
14452,981,Fresno,6127.0,0.9136664659843468
14453,981,Fresno,8262.0,0.9459361830222758
14454,981,Fresno,6076.0,0.9127332931968694
14455,950,Fresno,6061.0,0.9121914509331728
14456,950,Fresno,4620.0,0.8718543046357616
14457,950,Fresno,7442.0,0.9347983142685129
14458,950,Fresno,9615.0,0.9571342564720048
14459,950,Fresno,7727.0,0.9397350993377483
14460,950,Fresno,5623.0,0.9028296207104154
14461,950,Fresno,5096.0,0.8877784467188441
14462,950,Fresno,8063.0,0.9436484045755569
14463,950,Fresno,8532.0,0.9494882600842866
14464,950,Fresno,9796.0,0.9581276339554485
14465,950,Fresno,12141.0,0.9648404575556894
14466,950,Fresno,6450.0,0.9199277543648404
14467,950,Fresno,4439.0,0.8647501505117399
14468,950,Fresno,4589.0,0.8705900060204695
14469,950,Fresno,10757.0,0.9613485851896448
14470,973,Fresno,3055.0,0.7951836243226972
14471,973,Fresno,5185.0,0.8906983744732089
14472,973,Fresno,4372.0,0.8623419626730885
14473,973,Fresno,7333.0,0.9338952438290187
14474,973,Fresno,4534.0,0.8685430463576159
14475,973,Fresno,3919.0,0.8420830824804335
14476,973,Fresno,4014.0,0.8467790487658038
14477,973,Fresno,3014.0,0.7915111378687537
14478,973,Fresno,5970.0,0.910325105358218
14479,973,Fresno,4185.0,0.8548765803732691
14480,973,Fresno,6908.0,0.9266706803130644
14481,973,Fresno,4456.0,0.865623118603251
14482,973,Fresno,6076.0,0.9127332931968694
14483,973,Fresno,3217.0,0.8065623118603251
14484,973,Fresno,6648.0,0.9225466586393739
14485,973,Fresno,2490.0,0.7487055990367248
14486,973,Fresno,5372.0,0.8966887417218543
14487,973,Fresno,6792.0,0.9252257676098735
14488,973,Fresno,1575.0,0.6341059602649006
14489,973,Fresno,5147.0,0.8895243829018663
14490,973,Fresno,4722.0,0.8750451535219748
14491,982,Fresno,4945.0,0.8826610475617098
14492,982,Fresno,7221.0,0.9317880794701987
14493,982,Fresno,7139.0,0.9304635761589404
14494,982,Fresno,3085.0,0.797049969897652
14495,982,Fresno,3967.0,0.8447621914509331
14496,982,Fresno,4906.0,0.8808549066827213
14497,982,Fresno,2860.0,0.7800421432871764
14498,982,Fresno,7659.0,0.9386514148103552
14499,982,Fresno,6336.0,0.9183323299217339
14500,982,Fresno,7314.0,0.9336544250451535
14501,982,Fresno,4934.0,0.8819987959060807
14502,982,Fresno,7350.0,0.9341059602649007
14503,982,Fresno,6282.0,0.9169476219145093
14504,982,Fresno,4556.0,0.8691751956652619
14505,982,Fresno,4912.0,0.8811559301625527
14506,982,Fresno,5280.0,0.8938591210114389
14507,982,Fresno,5802.0,0.9071041541240217
14508,2377,Unincorporate,142.0,0.29307645996387716
14509,2377,Unincorporate,70.0,0.23573148705599037
14510,1408,Fresno,24.0,0.1451234196267309
14511,1410,Fresno,74.0,0.23976520168573148
14512,1409,Fresno,6.0,0.05770620108368453
14513,1411,Fresno,4.0,0.04298615291992775
14514,1346,Fresno,14.0,0.098314268512944
14515,1353,Fresno,172.0,0.31005418422636966
14516,1353,Fresno,288.0,0.3590307043949428
14517,1353,Fresno,258.0,0.349789283564118
14518,1353,Fresno,271.0,0.3536122817579771
14519,1353,Fresno,214.0,0.33175797712221555
14520,1353,Fresno,214.0,0.33175797712221555
14521,1353,Fresno,191.0,0.3218844069837447
14522,1347,Fresno,146.0,0.29614689945815775
14523,1347,Fresno,150.0,0.2988260084286574
14524,1347,Fresno,152.0,0.30033112582781457
14525,1347,Fresno,4.0,0.04298615291992775
14526,1347,Fresno,155.0,0.30237808549066825
14527,1347,Fresno,148.0,0.2980132450331126
14528,1347,Fresno,6.0,0.05770620108368453
14529,1347,Fresno,6.0,0.05770620108368453
14530,1347,Fresno,186.0,0.31911499096929563
14531,1347,Fresno,170.0,0.3089403973509934
14532,1347,Fresno,151.0,0.2995183624322697
14533,1354,Fresno,289.0,0.35945213726670683
14534,1354,Fresno,182.0,0.3169175195665262
14535,1354,Fresno,153.0,0.30090307043949427
14536,1354,Fresno,252.0,0.3484045755568934
14537,1354,Fresno,231.0,0.3383503913305238
14538,1354,Fresno,235.0,0.34108970499698976
14539,1354,Fresno,246.0,0.34581577363034316
14540,1354,Fresno,288.0,0.3590307043949428
14541,1354,Fresno,230.0,0.33783865141481034
14542,1354,Fresno,147.0,0.29744130042143285
14543,1348,Fresno,530.0,0.4327814569536424
14544,1348,Fresno,190.0,0.3211920529801324
14545,1348,Fresno,630.0,0.4597230583985551
14546,1348,Fresno,534.0,0.4338651414810355
14547,1348,Fresno,619.0,0.45680313064419026
14548,1348,Fresno,193.0,0.32329921733895245
14549,1348,Fresno,216.0,0.33245033112582784
14550,1348,Fresno,203.0,0.3267308850090307
14551,1348,Fresno,254.0,0.3488260084286574
14552,1348,Fresno,534.0,0.4338651414810355
14553,1348,Fresno,642.0,0.4631848284166165
14554,1348,Fresno,632.0,0.46047561709813367
14555,1348,Fresno,510.0,0.42645996387718244
14556,1348,Fresno,217.0,0.3329319686935581
14557,1348,Fresno,232.0,0.3388621312462372
14558,1348,Fresno,233.0,0.3395845875978326
14559,1348,Fresno,494.0,0.4215833835039133
14560,1348,Fresno,229.0,0.33684527393136665
14561,1348,Fresno,504.0,0.4246538229981939
14562,1348,Fresno,630.0,0.4597230583985551
14563,1348,Fresno,237.0,0.34166164960866946
14564,1348,Fresno,504.0,0.4246538229981939
14565,1355,Fresno,244.0,0.34509331727874776
14566,1355,Fresno,628.0,0.4590909090909091
14567,1355,Fresno,413.0,0.39789283564118
14568,1355,Fresno,581.0,0.4467489464178206
14569,1355,Fresno,432.0,0.40409391932570743
14570,1355,Fresno,433.0,0.40445514750150513
14571,1355,Fresno,129.0,0.2860626128838049
14572,1355,Fresno,177.0,0.31393738711619507
14573,1355,Fresno,504.0,0.4246538229981939
14574,1355,Fresno,137.0,0.28967489464178203
14575,1355,Fresno,462.0,0.4121312462372065
14576,1355,Fresno,309.0,0.3655027092113185
14577,1355,Fresno,415.0,0.39888621312462375
14578,1349,Fresno,720.0,0.48037326911499095
14579,1349,Fresno,823.0,0.5007826610475618
14580,1349,Fresno,610.0,0.45433473810957253
14581,1349,Fresno,933.0,0.520680313064419
14582,1349,Fresno,461.0,0.4119807344972908
14583,1349,Fresno,447.0,0.40872968091511136
14584,1349,Fresno,592.0,0.44879590608067427
14585,1349,Fresno,797.0,0.4965382299819386
14586,1349,Fresno,947.0,0.523841059602649
14587,1349,Fresno,785.0,0.4944912703190849
14588,1349,Fresno,471.0,0.4149909692956051
14589,1349,Fresno,518.0,0.4285671282360024
14590,1349,Fresno,112.0,0.27396146899458157
14591,1349,Fresno,934.0,0.520891029500301
14592,1349,Fresno,556.0,0.4385611077664058
14593,1349,Fresno,466.0,0.41351595424443105
14594,1349,Fresno,744.0,0.48600240818783863
14595,1349,Fresno,772.0,0.4915111378687538
14596,1349,Fresno,800.0,0.49701986754966887
14597,1349,Fresno,586.0,0.44786273329319687
14598,1356,Fresno,537.0,0.43467790487658037
14599,1356,Fresno,827.0,0.5014449127031908
14600,1356,Fresno,47.0,0.19861529199277544
14601,1356,Fresno,564.0,0.4406080674292595
14602,1356,Fresno,526.0,0.43115593016255266
14603,1356,Fresno,607.0,0.45382299819385913
14604,1356,Fresno,605.0,0.45310054184226367
14605,1356,Fresno,569.0,0.4422937989163155
14606,1356,Fresno,785.0,0.4944912703190849
14607,1356,Fresno,1085.0,0.5490668272125225
14608,1356,Fresno,494.0,0.4215833835039133
14609,1356,Fresno,411.0,0.3969897652016857
14610,1356,Fresno,547.0,0.4365442504515352
14611,1356,Fresno,584.0,0.4475316074653823
14612,1350,Fresno,926.0,0.5191450933172788
14613,1350,Fresno,784.0,0.49425045153521974
14614,1350,Fresno,913.0,0.5177001806140878
14615,1350,Fresno,891.0,0.5135460565924143
14616,1350,Fresno,685.0,0.4722155328115593
14617,1350,Fresno,784.0,0.49425045153521974
14618,1350,Fresno,16.0,0.10885009030704396
14619,1350,Fresno,948.0,0.5242323901264299
14620,1350,Fresno,10.0,0.07874774232390126
14621,1350,Fresno,739.0,0.4849789283564118
14622,1350,Fresno,10.0,0.07874774232390126
14623,1350,Fresno,856.0,0.5083383503913306
14624,1350,Fresno,949.0,0.5246538229981939
14625,1350,Fresno,790.0,0.4954846478025286
14626,1350,Fresno,719.0,0.47995183624322696
14627,1350,Fresno,616.0,0.4558699578567128
14628,1350,Fresno,722.0,0.4810957254665864
14629,1350,Fresno,833.0,0.5026490066225165
14630,1350,Fresno,951.0,0.5251354605659242
14631,1350,Fresno,12.0,0.08880192655027092
14632,1350,Fresno,775.0,0.49214328717639977
14633,1350,Fresno,10.0,0.07874774232390126
14634,1350,Fresno,717.0,0.4794099939795304
14635,1350,Fresno,10.0,0.07874774232390126
14636,1350,Fresno,900.0,0.5155930162552679
14637,1357,Fresno,187.0,0.31965683323299215
14638,1357,Fresno,526.0,0.43115593016255266
14639,1357,Fresno,333.0,0.3730583985550873
14640,1357,Fresno,499.0,0.4233895243829019
14641,1357,Fresno,460.0,0.41173991571342566
14642,1357,Fresno,445.0,0.40827814569536425
14643,1357,Fresno,525.0,0.43067429259482237
14644,1357,Fresno,34.0,0.17146297411198075
14645,1357,Fresno,509.0,0.42618904274533415
14646,1357,Fresno,894.0,0.5142083082480433
14647,1357,Fresno,6.0,0.05770620108368453
14648,1357,Fresno,448.0,0.4090307043949428
14649,1357,Fresno,189.0,0.320680313064419
14650,1357,Fresno,36.0,0.17606863335340156
14651,1357,Fresno,506.0,0.42507525586995787
14652,1357,Fresno,505.0,0.42486453943407587
14653,1351,Fresno,430.0,0.4034617700180614
14654,1351,Fresno,422.0,0.4011438892233594
14655,1351,Fresno,578.0,0.4460565924142083
14656,1351,Fresno,330.0,0.3720048163756773
14657,1358,Fresno,184.0,0.31794099939795306
14658,1358,Fresno,168.0,0.3082781456953642
14659,1358,Fresno,10.0,0.07874774232390126
14660,1358,Fresno,159.0,0.30421432871764
14661,1358,Fresno,0.0,0.0
14662,1358,Fresno,490.0,0.42055990367248647
14663,1358,Fresno,169.0,0.30869957856712826
14664,1358,Fresno,174.0,0.31152919927754363
14665,1358,Fresno,178.0,0.31478025285972305
14666,850,Fresno,1229.0,0.5758579169175195
14667,850,Fresno,2231.0,0.7228777844671884
14668,850,Fresno,1548.0,0.6306742925948224
14669,850,Fresno,1766.0,0.659933774834437
14670,850,Fresno,1564.0,0.6323901264298615
14671,1352,Fresno,30.0,0.1627031908488862
14672,1352,Fresno,883.0,0.5127934978928357
14673,1352,Fresno,387.0,0.3885310054184226
14674,1352,Fresno,16.0,0.10885009030704396
14675,1359,Fresno,578.0,0.4460565924142083
14676,1359,Fresno,319.0,0.36857314870559904
14677,1359,Fresno,383.0,0.3874473208910295
14678,1359,Fresno,360.0,0.3800120409391933
14679,1359,Fresno,409.0,0.3950632149307646
14680,1359,Fresno,502.0,0.4241420830824804
14681,1359,Fresno,486.0,0.4191149909692956
14682,1359,Fresno,120.0,0.2797712221553281
14683,1360,Fresno,2721.0,0.7676098735701384
14684,851,Fresno,1439.0,0.6138169777242625
14685,851,Fresno,1217.0,0.5740818783865141
14686,851,Fresno,1916.0,0.6819686935580975
14687,851,Fresno,2530.0,0.7521372667068031
14688,851,Fresno,2152.0,0.7133654425045154
14689,851,Fresno,1416.0,0.6095725466586394
14690,851,Fresno,1395.0,0.6058097531607466
14691,851,Fresno,999.0,0.5331125827814569
14692,851,Fresno,1887.0,0.6782962071041542
14693,851,Fresno,1364.0,0.6006622516556291
14694,851,Fresno,2560.0,0.7543347381095725
14695,851,Fresno,2235.0,0.7233594220349188
14696,851,Fresno,2024.0,0.6947922937989163
14697,851,Fresno,2154.0,0.7138771824202288
14698,851,Fresno,2884.0,0.7813365442504515
14699,851,Fresno,1272.0,0.582480433473811
14700,851,Fresno,2004.0,0.6931366646598435
14701,851,Fresno,1181.0,0.5673991571342565
14702,851,Fresno,1608.0,0.6397953040337147
14703,856,Fresno,1401.0,0.606953642384106
14704,856,Fresno,2138.0,0.7110174593618303
14705,856,Fresno,1593.0,0.6370559903672487
14706,856,Fresno,1107.0,0.5529199277543648
14707,856,Fresno,1418.0,0.6101444912703191
14708,856,Fresno,879.0,0.5123720650210717
14709,856,Fresno,1378.0,0.6031908488862131
14710,856,Fresno,1471.0,0.6191149909692956
14711,856,Fresno,1517.0,0.6260987357013847
14712,856,Fresno,234.0,0.3403973509933775
14713,856,Fresno,1198.0,0.5702287778446719
14714,856,Fresno,1785.0,0.6626128838049368
14715,856,Fresno,1382.0,0.6037627934978929
14716,856,Fresno,1599.0,0.6381998795906081
14717,856,Fresno,1399.0,0.606742925948224
14718,852,Fresno,2520.0,0.7513847080072246
14719,852,Fresno,2125.0,0.7091210114388923
14720,852,Fresno,1873.0,0.6759783263094521
14721,852,Fresno,1789.0,0.6633353401565322
14722,852,Fresno,1868.0,0.6748344370860927
14723,852,Fresno,1945.0,0.6855207706201084
14724,852,Fresno,2248.0,0.7245936183022276
14725,852,Fresno,1875.0,0.6764900662251656
14726,852,Fresno,2568.0,0.7549969897652017
14727,852,Fresno,2592.0,0.7570740517760385
14728,852,Fresno,1756.0,0.6582781456953642
14729,852,Fresno,2458.0,0.7447019867549669
14730,852,Fresno,1824.0,0.6687236604455148
14731,852,Fresno,1810.0,0.6664057796508127
14732,852,Fresno,1837.0,0.6702287778446718
14733,852,Fresno,2806.0,0.7758278145695364
14734,852,Fresno,1909.0,0.6807645996387718
14735,852,Fresno,1739.0,0.6565924142083083
14736,852,Fresno,2733.0,0.7684527393136664
14737,852,Fresno,2304.0,0.7297110174593618
14738,852,Fresno,1783.0,0.6621914509331728
14739,852,Fresno,2485.0,0.7477423239012643
14740,852,Fresno,1835.0,0.6699578567128236
14741,852,Fresno,1642.0,0.6439494280553884
14742,852,Fresno,1701.0,0.6520770620108368
14743,852,Fresno,1845.0,0.6713425647200482
14744,852,Fresno,1623.0,0.6414810355207706
14745,852,Fresno,1751.0,0.6576158940397351
14746,852,Fresno,2026.0,0.6950632149307646
14747,852,Fresno,1948.0,0.6859723058398555
14748,857,Fresno,2149.0,0.7127332931968694
14749,857,Fresno,1533.0,0.6281757977122215
14750,857,Fresno,1628.0,0.642414208308248
14751,857,Fresno,1689.0,0.6508127633955448
14752,857,Fresno,1583.0,0.6355809753160746
14753,857,Fresno,1821.0,0.6682119205298013
14754,857,Fresno,1636.0,0.6435279951836244
14755,857,Fresno,1752.0,0.6577363034316677
14756,857,Fresno,1566.0,0.6326610475617098
14757,857,Fresno,1447.0,0.615412402167369
14758,857,Fresno,1484.0,0.6212221553281156
14759,857,Fresno,1677.0,0.6490066225165563
14760,857,Fresno,1991.0,0.6912402167369055
14761,857,Fresno,1712.0,0.6530102347983142
14762,857,Fresno,1483.0,0.6211017459361831
14763,857,Fresno,1783.0,0.6621914509331728
14764,857,Fresno,1698.0,0.6516556291390728
14765,857,Fresno,1700.0,0.651896447922938
14766,857,Fresno,1861.0,0.6739012642986153
14767,857,Fresno,1847.0,0.6719145093317279
14768,857,Fresno,1793.0,0.6641481035520771
14769,857,Fresno,1494.0,0.622787477423239
14770,857,Fresno,1547.0,0.6305237808549067
14771,857,Fresno,1575.0,0.6341059602649006
14772,857,Fresno,2093.0,0.7049066827212522
14773,857,Fresno,1539.0,0.6293497892835641
14774,853,Fresno,1631.0,0.6428958458759784
14775,853,Fresno,1902.0,0.6801926550270921
14776,853,Fresno,2648.0,0.7616195063214931
14777,853,Fresno,1746.0,0.6571342564720049
14778,853,Fresno,1421.0,0.6106562311860325
14779,853,Fresno,1520.0,0.6267308850090307
14780,853,Fresno,1655.0,0.6455147501505117
14781,853,Fresno,2030.0,0.6956050571944612
14782,853,Fresno,1988.0,0.6910295003010235
14783,853,Fresno,2134.0,0.7103251053582179
14784,853,Fresno,1374.0,0.6022576760987357
14785,853,Fresno,1407.0,0.6079771222155328
14786,853,Fresno,1688.0,0.6506622516556292
14787,853,Fresno,1580.0,0.6350391330523781
14788,853,Fresno,1489.0,0.6218543046357616
14789,853,Fresno,1662.0,0.6465382299819386
14790,853,Fresno,1331.0,0.5944611679711017
14791,853,Fresno,1872.0,0.6757074051776039
14792,853,Fresno,1554.0,0.6312462372065021
14793,853,Fresno,1477.0,0.6201384708007225
14794,853,Fresno,1837.0,0.6702287778446718
14795,853,Fresno,1367.0,0.6013546056592414
14796,853,Fresno,1401.0,0.606953642384106
14797,853,Fresno,1453.0,0.616255267910897
14798,853,Fresno,1539.0,0.6293497892835641
14799,853,Fresno,1959.0,0.6876279349789284
14800,853,Fresno,1518.0,0.6262793497892836
14801,853,Fresno,1633.0,0.643226971703793
14802,853,Fresno,1855.0,0.6728476821192053
14803,853,Fresno,1520.0,0.6267308850090307
14804,853,Fresno,1727.0,0.6552980132450331
14805,853,Fresno,1499.0,0.6237808549066827
14806,858,Fresno,1645.0,0.6443407585791692
14807,858,Fresno,1576.0,0.6343166767007826
14808,858,Fresno,1345.0,0.5967188440698374
14809,858,Fresno,4256.0,0.857796508127634
14810,858,Fresno,2060.0,0.7000301023479831
14811,858,Fresno,1573.0,0.6336845273931366
14812,858,Fresno,1586.0,0.6360024081878386
14813,858,Fresno,1778.0,0.6616496086694762
14814,858,Fresno,1934.0,0.6844671884406984
14815,858,Fresno,2317.0,0.7311258278145696
14816,858,Fresno,2357.0,0.7347682119205298
14817,858,Fresno,3910.0,0.8416014449127032
14818,858,Fresno,3830.0,0.8387718242022878
14819,858,Fresno,1668.0,0.6475617098133655
14820,858,Fresno,1546.0,0.6304033714629741
14821,858,Fresno,1654.0,0.6453341360626129
14822,858,Fresno,1647.0,0.6445514750150512
14823,858,Fresno,1657.0,0.6457555689343769
14824,858,Fresno,1649.0,0.6447922937989163
14825,858,Fresno,1820.0,0.6680614087898856
14826,858,Fresno,1865.0,0.6743829018663455
14827,858,Fresno,1735.0,0.6560505719446117
14828,858,Fresno,835.0,0.5032510535821794
14829,858,Fresno,1825.0,0.6689042745334136
14830,858,Fresno,3760.0,0.8355207706201083
14831,858,Fresno,3610.0,0.8296809151113786
14832,858,Fresno,1854.0,0.6726670680313065
14833,858,Fresno,1781.0,0.6620710415412402
14834,858,Fresno,1562.0,0.6322095123419627
14835,858,Fresno,2216.0,0.7207706201083685
14836,858,Fresno,2096.0,0.7054485249849488
14837,854,Fresno,3231.0,0.8076760987357013
14838,854,Fresno,2517.0,0.7510836845273932
14839,854,Fresno,2385.0,0.7375376279349789
14840,854,Fresno,4210.0,0.8555689343768814
14841,854,Fresno,4835.0,0.8795906080674293
14842,854,Fresno,4735.0,0.8756773028296208
14843,854,Fresno,4792.0,0.8776038531005419
14844,854,Fresno,2410.0,0.7400060204695966
14845,854,Fresno,1770.0,0.6604756170981336
14846,854,Fresno,1817.0,0.6675496688741722
14847,854,Fresno,1882.0,0.677633955448525
14848,854,Fresno,2644.0,0.7610475617098134
14849,854,Fresno,4826.0,0.8792594822396147
14850,854,Fresno,4673.0,0.8735701384708007
14851,854,Fresno,4827.0,0.8793497892835641
14852,854,Fresno,4988.0,0.8845273931366646
14853,854,Fresno,2602.0,0.7576459963877182
14854,854,Fresno,2428.0,0.7418723660445514
14855,854,Fresno,2729.0,0.7680915111378688
14856,854,Fresno,3320.0,0.8142083082480434
14857,854,Fresno,2324.0,0.731667670078266
14858,854,Fresno,1878.0,0.677001806140879
14859,854,Fresno,1786.0,0.6629139072847682
14860,854,Fresno,2833.0,0.7777543648404576
14861,854,Fresno,4872.0,0.8802528597230584
14862,854,Fresno,4620.0,0.8718543046357616
14863,854,Fresno,4913.0,0.881216134858519
14864,854,Fresno,1580.0,0.6350391330523781
14865,854,Fresno,1787.0,0.6630644190246839
14866,854,Fresno,4099.0,0.8505117399157134
14867,854,Fresno,4822.0,0.8789885611077664
14868,859,Fresno,5163.0,0.8900963275135461
14869,859,Fresno,4298.0,0.85948223961469
14870,859,Fresno,6136.0,0.9137868753762793
14871,859,Fresno,6720.0,0.9239915713425647
14872,859,Fresno,6281.0,0.9168573148705599
14873,859,Fresno,1611.0,0.6403070439494281
14874,859,Fresno,4251.0,0.857585791691752
14875,859,Fresno,4992.0,0.8847080072245636
14876,859,Fresno,6163.0,0.9144792293798917
14877,859,Fresno,6215.0,0.9150511739915713
14878,859,Fresno,3505.0,0.8241119807344973
14879,859,Fresno,5508.0,0.8997290788681517
14880,859,Fresno,4980.0,0.883955448524985
14881,859,Fresno,4489.0,0.866465984346779
14882,859,Fresno,6371.0,0.9188440698374474
14883,859,Fresno,3816.0,0.8380794701986755
14884,859,Fresno,1743.0,0.6568031306441903
14885,859,Fresno,6006.0,0.9110776640577966
14886,859,Fresno,4856.0,0.8800120409391933
14887,859,Fresno,3491.0,0.8233594220349187
14888,859,Fresno,5208.0,0.8912101143889223
14889,859,Fresno,6082.0,0.9129139072847682
14890,859,Fresno,6849.0,0.9260084286574353
14891,859,Fresno,6902.0,0.9266104756170981
14892,859,Fresno,6530.0,0.9209512341962673
14893,859,Fresno,4687.0,0.8739313666465984
14894,859,Fresno,5192.0,0.8909692956050572
14895,855,Fresno,8189.0,0.9447922937989163
14896,855,Fresno,5397.0,0.8973810957254665
14897,855,Fresno,8796.0,0.9516255267910897
14898,855,Fresno,9737.0,0.957796508127634
14899,855,Fresno,3677.0,0.8325105358217941
14900,855,Fresno,2184.0,0.7173690547862733
14901,855,Fresno,5512.0,0.8998795906080674
14902,855,Fresno,9037.0,0.9529801324503311
14903,855,Fresno,9312.0,0.9547862733293196
14904,855,Fresno,9479.0,0.9559903672486454
14905,855,Fresno,2089.0,0.7042745334136062
14906,855,Fresno,7985.0,0.9426851294400963
14907,855,Fresno,3233.0,0.8078266104756171
14908,855,Fresno,4167.0,0.8540638169777243
14909,855,Fresno,4523.0,0.8679711017459362
14910,855,Fresno,5865.0,0.9086092715231788
14911,855,Fresno,5240.0,0.8922937989163154
14912,855,Fresno,9497.0,0.9562311860325106
14913,855,Fresno,4579.0,0.8702287778446719
14914,855,Fresno,3612.0,0.8299217338952438
14915,855,Fresno,3348.0,0.8159843467790487
14916,855,Fresno,5796.0,0.9069235400361229
14917,855,Fresno,3411.0,0.8195966285370259
14918,860,Fresno,6285.0,0.917098133654425
14919,862,Fresno,5568.0,0.9013847080072246
14920,862,Fresno,5781.0,0.9066827212522577
14921,862,Fresno,5755.0,0.9062612883804937
14922,862,Fresno,8205.0,0.9450933172787478
14923,862,Fresno,7407.0,0.9345574954846478
14924,862,Fresno,7285.0,0.9330222757375075
14925,862,Fresno,5378.0,0.8968091511137869
14926,992,Fresno,7626.0,0.938169777242625
14927,992,Fresno,8029.0,0.9433172787477423
14928,992,Fresno,8812.0,0.9518061408789885
14929,992,Fresno,9364.0,0.9550872968091512
14930,992,Fresno,9259.0,0.9544852498494882
14931,992,Fresno,8200.0,0.9449729078868152
14932,992,Fresno,8677.0,0.9509030704394943
14933,992,Fresno,10115.0,0.9595424443106563
14934,992,Fresno,9796.0,0.9581276339554485
14935,992,Fresno,8661.0,0.9507525586995785
14936,992,Fresno,9428.0,0.9556291390728476
14937,992,Fresno,8217.0,0.9452739313666466
14938,992,Fresno,7947.0,0.9423239012642987
14939,992,Fresno,7989.0,0.9427754364840457
14940,992,Fresno,8078.0,0.9438290186634557
14941,992,Fresno,9627.0,0.9573148705599037
14942,992,Fresno,7743.0,0.9399759181216135
14943,992,Fresno,9371.0,0.9552077062010836
14944,992,Fresno,6706.0,0.9237808549066827
14945,992,Fresno,9367.0,0.9551475015051174
14946,1004,Fresno,6008.0,0.9111378687537628
14947,1004,Fresno,7424.0,0.9347381095725467
14948,1004,Fresno,7653.0,0.9385611077664058
14949,1004,Fresno,8637.0,0.9505117399157135
14950,1004,Fresno,7927.0,0.9419626730885009
14951,1004,Fresno,7486.0,0.9356712823600241
14952,1004,Fresno,7363.0,0.9342865743527995
14953,1004,Fresno,7857.0,0.9415412402167369
14954,1004,Fresno,7232.0,0.9321192052980133
14955,1004,Fresno,7309.0,0.9335039133052379
14956,1004,Fresno,7582.0,0.937326911499097
14957,1004,Fresno,7082.0,0.929530403371463
14958,1004,Fresno,7213.0,0.9315472606863335
14959,1004,Fresno,7756.0,0.9400361228175798
14960,1004,Fresno,9576.0,0.9568332329921734
14961,1004,Fresno,7981.0,0.9425647200481637
14962,1004,Fresno,9623.0,0.9572546658639374
14963,1004,Fresno,5645.0,0.903371462974112
14964,1004,Fresno,7872.0,0.9417218543046357
14965,1004,Fresno,5163.0,0.8900963275135461
14966,1004,Fresno,7685.0,0.9389223359422035
14967,1004,Fresno,7652.0,0.9384708007224564
14968,993,Fresno,6678.0,0.9231186032510535
14969,993,Fresno,7527.0,0.9363937387116195
14970,993,Fresno,6955.0,0.9274533413606262
14971,993,Fresno,49.0,0.20270921131848285
14972,993,Fresno,6806.0,0.9254665863937387
14973,993,Fresno,7414.0,0.9346177001806141
14974,993,Fresno,7954.0,0.9423841059602649
14975,993,Fresno,7785.0,0.9403371462974112
14976,993,Fresno,7114.0,0.930162552679109
14977,993,Fresno,7446.0,0.9349789283564118
14978,993,Fresno,5450.0,0.8983744732089103
14979,1005,Fresno,5998.0,0.910776640577965
14980,1005,Fresno,5581.0,0.9017760385310054
14981,1005,Fresno,5498.0,0.8995484647802529
14982,1005,Fresno,7170.0,0.9308850090307044
14983,994,Fresno,5178.0,0.8904575556893438
14984,994,Fresno,7763.0,0.9402167369054786
14985,994,Fresno,4232.0,0.8566827212522576
14986,994,Fresno,4258.0,0.8578567128236002
14987,994,Fresno,4941.0,0.8823901264298615
14988,994,Fresno,6017.0,0.9114990969295605
14989,994,Fresno,6720.0,0.9239915713425647
14990,994,Fresno,5672.0,0.9040337146297411
14991,994,Fresno,7026.0,0.928687537627935
14992,994,Fresno,4979.0,0.8838651414810356
14993,994,Fresno,4803.0,0.8784166164960867
14994,994,Fresno,4701.0,0.8743527995183624
14995,994,Fresno,5327.0,0.895364238410596
14996,994,Fresno,5274.0,0.8936183022275738
14997,994,Fresno,5330.0,0.8954545454545455
14998,994,Fresno,4916.0,0.8813365442504515
14999,994,Fresno,5109.0,0.8883202889825407
15000,994,Fresno,5282.0,0.8939795304033714
15001,994,Fresno,5325.0,0.8952739313666466
15002,994,Fresno,7816.0,0.9406983744732089
15003,994,Fresno,4685.0,0.873841059602649
15004,994,Fresno,7359.0,0.9341962673088501
15005,994,Fresno,4816.0,0.8787477423239013
15006,994,Fresno,7316.0,0.9337146297411199
15007,994,Fresno,5113.0,0.8885611077664057
15008,1006,Fresno,5108.0,0.8881998795906081
15009,1006,Fresno,5080.0,0.8873871161950632
15010,1006,Fresno,4987.0,0.884376881396749
15011,1006,Fresno,4743.0,0.8761288380493678
15012,1006,Fresno,4867.0,0.8801926550270921
15013,1006,Fresno,5229.0,0.8918121613485852
15014,1006,Fresno,4977.0,0.8838049367850692
15015,1006,Fresno,4095.0,0.8503913305237809
15016,1006,Fresno,4885.0,0.8804334738109573
15017,1006,Fresno,4899.0,0.8806140878988561
15018,1006,Fresno,4385.0,0.8631547260686333
15019,1006,Fresno,5450.0,0.8983744732089103
15020,1006,Fresno,4373.0,0.8624924744130043
15021,1392,Fresno,522.0,0.42965081276339556
15022,1392,Fresno,120.0,0.2797712221553281
15023,1392,Fresno,209.0,0.3287778446718844
15024,1394,Fresno,76.0,0.24211318482841662
15025,1394,Fresno,60.0,0.22218543046357617
15026,1394,Fresno,50.0,0.20463576158940397
15027,1394,Fresno,34.0,0.17146297411198075
15028,1394,Fresno,45.0,0.1942203491872366
15029,1395,Fresno,28.0,0.15755568934376882
15030,1395,Fresno,6.0,0.05770620108368453
15031,1395,Fresno,16.0,0.10885009030704396
15032,1399,Fresno,3.0,0.033564118001204096
15033,507,Fresno,5323.0,0.8951836243226972
15034,507,Fresno,2298.0,0.7291992775436484
15035,507,Fresno,7246.0,0.9325105358217941
15036,507,Fresno,775.0,0.49214328717639977
15037,507,Fresno,10843.0,0.9616496086694762
15038,507,Fresno,7702.0,0.9391932570740518
15039,507,Fresno,7578.0,0.9372667068031306
15040,507,Fresno,48.0,0.200632149307646
15041,507,Fresno,67.0,0.23169777242624925
15042,507,Fresno,8455.0,0.9485851896447923
15043,507,Fresno,7602.0,0.937567730282962
15044,507,Fresno,38.0,0.18133654425045154
15045,507,Fresno,7839.0,0.9411198073449729
15046,507,Fresno,8480.0,0.9488862131246237
15047,507,Fresno,8206.0,0.9451836243226972
15048,507,Fresno,5266.0,0.893257074051776
15049,507,Fresno,51.0,0.20695364238410596
15050,507,Fresno,66.0,0.2300421432871764
15051,507,Fresno,66.0,0.2300421432871764
15052,507,Fresno,6754.0,0.924683925346177
15053,507,Fresno,3326.0,0.8147200481637568
15054,507,Fresno,62.0,0.22441300421432872
15055,507,Fresno,8476.0,0.9488260084286574
15056,507,Fresno,5054.0,0.8866646598434678
15057,507,Fresno,37.0,0.1790487658037327
15058,507,Fresno,5783.0,0.9067429259482239
15059,507,Fresno,6936.0,0.9270921131848284
15060,507,Fresno,3045.0,0.7943708609271524
15061,507,Fresno,7821.0,0.9408187838651415
15062,507,Fresno,5315.0,0.8950030102347983
15063,507,Fresno,7261.0,0.9326911499096929
15064,509,Fresno,14473.0,0.9708609271523179
15065,509,Fresno,12720.0,0.966465984346779
15066,509,Fresno,11756.0,0.9638771824202288
15067,509,Fresno,12939.0,0.9668874172185431
15068,509,Fresno,13584.0,0.9682119205298013
15069,509,Fresno,12528.0,0.9659843467790488
15070,509,Fresno,13586.0,0.9682721252257676
15071,509,Fresno,12175.0,0.9650812763395545
15072,509,Fresno,13544.0,0.9680915111378687
15073,509,Fresno,14382.0,0.9708007224563516
15074,955,Fresno,1945.0,0.6855207706201084
15075,978,Fresno,1528.0,0.627633955448525
15076,978,Fresno,2499.0,0.7495183624322698
15077,978,Fresno,2219.0,0.721101745936183
15078,986,Fresno,2646.0,0.7612883804936785
15079,986,Fresno,1894.0,0.6790788681517158
15080,986,Fresno,2893.0,0.7823299217338953
15081,986,Fresno,3073.0,0.7963576158940397
15082,986,Fresno,1967.0,0.6884708007224564
15083,986,Fresno,3117.0,0.7997591812161349
15084,986,Fresno,2932.0,0.7852799518362432
15085,998,Fresno,3099.0,0.7985851896447923
15086,998,Fresno,3351.0,0.8162552679108971
15087,998,Fresno,3418.0,0.819837447320891
15088,998,Fresno,3441.0,0.8208609271523178
15089,998,Fresno,3239.0,0.8081878386514149
15090,998,Fresno,3255.0,0.8094220349187237
15091,998,Fresno,3129.0,0.8005418422636966
15092,998,Fresno,3340.0,0.8156231186032511
15093,998,Fresno,3301.0,0.8125526791089706
15094,1010,Fresno,2224.0,0.721944611679711
15095,1010,Fresno,2152.0,0.7133654425045154
15096,1010,Fresno,2557.0,0.7541541240216737
15097,1010,Fresno,2470.0,0.7455749548464781
15098,1010,Fresno,3492.0,0.8234497290788682
15099,1010,Fresno,3250.0,0.8088500903070439
15100,1010,Fresno,2549.0,0.7537025888019265
15101,1010,Fresno,2997.0,0.7900963275135461
15102,1010,Fresno,2346.0,0.7336243226971704
15103,1010,Fresno,1638.0,0.6436484045755569
15104,1010,Fresno,1764.0,0.65948223961469
15105,1444,Fresno,450.0,0.4096026490066225
15106,1444,Fresno,683.0,0.4718543046357616
15107,1444,Fresno,579.0,0.4462372065021072
15108,1444,Fresno,433.0,0.40445514750150513
15109,1444,Fresno,547.0,0.4365442504515352
15110,1444,Fresno,473.0,0.4155328115593016
15111,1444,Fresno,570.0,0.44310656231186035
15112,1445,Fresno,725.0,0.4822998193859121
15113,1445,Fresno,744.0,0.48600240818783863
15114,1446,Fresno,361.0,0.380373269114991
15115,1446,Fresno,695.0,0.4739614689945816
15116,1446,Fresno,472.0,0.4152919927754365
15117,1446,Fresno,511.0,0.42679108970499696
15118,1446,Fresno,655.0,0.4656532209512342
15119,1446,Fresno,263.0,0.35102347983142684
15120,1446,Fresno,542.0,0.43567128236002406
15121,1446,Fresno,770.0,0.4909090909090909
15122,1446,Fresno,615.0,0.4554184226369657
15123,1446,Fresno,472.0,0.4152919927754365
15124,1446,Fresno,654.0,0.4653822998193859
15125,1451,Fresno,1004.0,0.5338952438290187
15126,1100,Fresno,1059.0,0.5437688139674894
15127,1102,Fresno,879.0,0.5123720650210717
15128,1102,Fresno,1026.0,0.5372366044551475
15129,1102,Fresno,837.0,0.5037326911499097
15130,1102,Fresno,136.0,0.2890728476821192
15131,1102,Fresno,866.0,0.5104154124021674
15132,1102,Fresno,640.0,0.46285370258880193
15133,1102,Fresno,1345.0,0.5967188440698374
15134,1102,Fresno,1003.0,0.5336845273931367
15135,1102,Fresno,1106.0,0.5527694160144492
15136,1102,Fresno,1017.0,0.5360024081878386
15137,1102,Fresno,770.0,0.4909090909090909
15138,1102,Fresno,1082.0,0.5484647802528597
15139,1102,Fresno,962.0,0.5273630343166767
15140,1102,Fresno,1219.0,0.5742925948223961
15141,1102,Fresno,922.0,0.5186935580975316
15142,1102,Fresno,821.0,0.5003612281757978
15143,1102,Fresno,1690.0,0.6509632751354606
15144,1102,Fresno,949.0,0.5246538229981939
15145,1102,Fresno,163.0,0.30580975316074654
15146,1122,Fresno,1336.0,0.5954244431065623
15147,1122,Fresno,448.0,0.4090307043949428
15148,1122,Fresno,985.0,0.5306441902468393
15149,1122,Fresno,1379.0,0.6033413606261289
15150,1122,Fresno,1007.0,0.5344671884406984
15151,1122,Fresno,1362.0,0.6003010234798314
15152,1122,Fresno,1319.0,0.5916917519566526
15153,1123,Fresno,1587.0,0.636062612883805
15154,1123,Fresno,1937.0,0.6847381095725467
15155,1123,Fresno,1550.0,0.6309452137266707
15156,1123,Fresno,2199.0,0.7190547862733293
15157,1123,Fresno,1582.0,0.635430463576159
15158,1458,Fresno,690.0,0.4731186032510536
15159,1458,Fresno,1163.0,0.5632149307645996
15160,1458,Fresno,1165.0,0.5639674894641782
15161,1458,Fresno,3048.0,0.7945815773630344
15162,1458,Fresno,1055.0,0.543046357615894
15163,1459,Fresno,2988.0,0.7891631547260687
15164,1459,Fresno,2162.0,0.7151414810355208
15165,1459,Fresno,2355.0,0.7344370860927152
15166,1459,Fresno,1395.0,0.6058097531607466
15167,1459,Fresno,1985.0,0.6905177603853101
15168,1459,Fresno,2364.0,0.7355207706201083
15169,1459,Fresno,2067.0,0.7012040939193257
15170,1459,Fresno,2015.0,0.6940698374473209
15171,1459,Fresno,1480.0,0.6205900060204695
15172,1462,Fresno,2062.0,0.7005719446116797
15173,1462,Fresno,1763.0,0.6592414208308248
15174,1462,Fresno,2232.0,0.7229680915111378
15175,1462,Fresno,1823.0,0.6685430463576159
15176,1462,Fresno,2210.0,0.7199578567128236
15177,1462,Fresno,834.0,0.5030102347983143
15178,1462,Fresno,2649.0,0.7618603251053582
15179,1462,Fresno,2425.0,0.7414509331727874
15180,1462,Fresno,1606.0,0.6394039735099337
15181,1462,Fresno,1501.0,0.6240216736905478
15182,1462,Fresno,2756.0,0.7705599036724865
15183,1473,Fresno,4320.0,0.8601444912703191
15184,1473,Fresno,4282.0,0.8589403973509934
15185,1473,Fresno,3573.0,0.827633955448525
15186,1473,Fresno,3626.0,0.8305538832028898
15187,1473,Fresno,3643.0,0.8315773630343167
15188,1473,Fresno,2559.0,0.7542444310656231
15189,1473,Fresno,1813.0,0.666887417218543
15190,1473,Fresno,8362.0,0.9471703792895846
15191,1473,Fresno,2803.0,0.7754665863937387
15192,1473,Fresno,1889.0,0.6785370258880192
15193,1473,Fresno,2424.0,0.741360626128838
15194,1473,Fresno,7169.0,0.9308248043347381
15195,1473,Fresno,10197.0,0.9599638771824203
15196,1474,Fresno,4439.0,0.8647501505117399
15197,1481,Fresno,5969.0,0.9102046959662854
15198,1481,Fresno,3470.0,0.8224262492474413
15199,1481,Fresno,3222.0,0.8068633353401565
15200,1481,Fresno,2170.0,0.7158940397350994
15201,1481,Fresno,3071.0,0.7962673088500903
15202,1481,Fresno,5998.0,0.910776640577965
15203,1481,Fresno,2353.0,0.7342263696568332
15204,1481,Fresno,5661.0,0.9036724864539434
15205,1481,Fresno,7495.0,0.9358819987959061
15206,1481,Fresno,8987.0,0.9526189042745334
15207,1481,Fresno,9404.0,0.9553281155930162
15208,1481,Fresno,1976.0,0.6895544852498495
15209,1481,Fresno,3209.0,0.806110776640578
15210,1481,Fresno,4601.0,0.8711318482841661
15211,1481,Fresno,8102.0,0.9441300421432872
15212,1481,Fresno,1397.0,0.6062010836845274
15213,1481,Fresno,7843.0,0.9412402167369055
15214,1481,Fresno,1927.0,0.6836243226971703
15215,1481,Fresno,6594.0,0.9219747140276942
15216,1481,Fresno,8250.0,0.9458157736303432
15217,1481,Fresno,1307.0,0.5888621312462372
15218,1481,Fresno,9457.0,0.9558097531607466
15219,1481,Fresno,2324.0,0.731667670078266
15220,1481,Fresno,984.0,0.5302829620710415
15221,1481,Fresno,5787.0,0.9068031306441903
15222,1481,Fresno,7945.0,0.9422636965683323
15223,1475,Fresno,3194.0,0.8052378085490668
15224,1475,Fresno,2294.0,0.728898254063817
15225,1475,Fresno,5480.0,0.899157134256472
15226,1475,Fresno,2234.0,0.7232390126429862
15227,1475,Fresno,1593.0,0.6370559903672487
15228,1475,Fresno,2398.0,0.7387417218543046
15229,1475,Fresno,3895.0,0.8411198073449729
15230,1475,Fresno,3310.0,0.813515954244431
15231,1475,Fresno,2867.0,0.7804334738109573
15232,1482,Fresno,3249.0,0.8087597832630945
15233,1482,Fresno,5668.0,0.9039735099337748
15234,1482,Fresno,4166.0,0.8539434075857917
15235,1482,Fresno,7528.0,0.936484045755569
15236,1482,Fresno,3041.0,0.793889223359422
15237,1482,Fresno,3222.0,0.8068633353401565
15238,1482,Fresno,2778.0,0.7732691149909693
15239,1482,Fresno,2134.0,0.7103251053582179
15240,1482,Fresno,1812.0,0.6666465984346779
15241,1482,Fresno,5241.0,0.8923841059602649
15242,1482,Fresno,4571.0,0.8698976520168573
15243,1482,Fresno,2896.0,0.7825707405177604
15244,1482,Fresno,3504.0,0.8239915713425647
15245,1482,Fresno,4501.0,0.8669175195665262
15246,1482,Fresno,3192.0,0.8051173991571342
15247,1482,Fresno,4855.0,0.8799518362432269
15248,1482,Fresno,2396.0,0.7385611077664058
15249,1482,Fresno,2661.0,0.7630042143287177
15250,1476,Fresno,2232.0,0.7229680915111378
15251,1476,Fresno,2029.0,0.6953341360626129
15252,1476,Fresno,2554.0,0.7538531005418423
15253,1476,Fresno,3041.0,0.793889223359422
15254,1476,Fresno,2210.0,0.7199578567128236
15255,1476,Fresno,2300.0,0.7292895845875978
15256,1476,Fresno,1485.0,0.6214027694160145
15257,1476,Fresno,2505.0,0.750210716435882
15258,1476,Fresno,2554.0,0.7538531005418423
15259,1476,Fresno,1682.0,0.65
15260,1476,Fresno,3145.0,0.8013847080072246
15261,1476,Fresno,2502.0,0.7500602046959662
15262,1476,Fresno,2181.0,0.7170981336544251
15263,1476,Fresno,2457.0,0.7445213726670681
15264,1476,Fresno,2436.0,0.7427152317880795
15265,1483,Fresno,3298.0,0.8122817579771222
15266,1483,Fresno,3073.0,0.7963576158940397
15267,1483,Fresno,2322.0,0.731426851294401
15268,1483,Fresno,1147.0,0.5594521372667068
15269,1483,Fresno,1391.0,0.6051776038531005
15270,1483,Fresno,3216.0,0.8065021071643588
15271,1483,Fresno,1151.0,0.5608669476219145
15272,1483,Fresno,3097.0,0.7984045755568935
15273,1483,Fresno,3585.0,0.8284166164960867
15274,1483,Fresno,4504.0,0.867098133654425
15275,1483,Fresno,4372.0,0.8623419626730885
15276,1483,Fresno,4412.0,0.8638169777242625
15277,1483,Fresno,3236.0,0.8079470198675497
15278,1483,Fresno,3661.0,0.8320891029500301
15279,1483,Fresno,1695.0,0.6512944009632752
15280,1477,Fresno,1679.0,0.6493377483443709
15281,1477,Fresno,2112.0,0.7074352799518362
15282,1477,Fresno,1274.0,0.5831426851294401
15283,1477,Fresno,840.0,0.5048464780252859
15284,1477,Fresno,1807.0,0.6659843467790487
15285,1477,Fresno,1454.0,0.616435881998796
15286,1477,Fresno,1897.0,0.6795003010234798
15287,1477,Fresno,1403.0,0.6074954846478026
15288,1477,Fresno,1428.0,0.6119807344972907
15289,1477,Fresno,1488.0,0.621733895243829
15290,1477,Fresno,1439.0,0.6138169777242625
15291,1477,Fresno,1176.0,0.5658940397350993
15292,1477,Fresno,2956.0,0.7865743527995184
15293,1477,Fresno,2248.0,0.7245936183022276
15294,1477,Fresno,2098.0,0.7055990367248646
15295,1477,Fresno,1412.0,0.6088801926550271
15296,1477,Fresno,1910.0,0.6809151113786875
15297,1477,Fresno,1310.0,0.5894039735099338
15298,1477,Fresno,1506.0,0.6248344370860928
15299,1484,Fresno,1785.0,0.6626128838049368
15300,1484,Fresno,1584.0,0.6357013847080072
15301,1484,Fresno,1619.0,0.6408488862131246
15302,1484,Fresno,1457.0,0.61685731487056
15303,1484,Fresno,4045.0,0.848103552077062
15304,1484,Fresno,2507.0,0.750421432871764
15305,1484,Fresno,1133.0,0.5568332329921734
15306,1484,Fresno,1451.0,0.616044551475015
15307,1484,Fresno,1415.0,0.6093016255267911
15308,1484,Fresno,1547.0,0.6305237808549067
15309,1484,Fresno,5140.0,0.8893437688139675
15310,1484,Fresno,1208.0,0.571523178807947
15311,1484,Fresno,1175.0,0.5656833232992173
15312,1478,Fresno,1242.0,0.5776038531005419
15313,1478,Fresno,1701.0,0.6520770620108368
15314,1478,Fresno,1466.0,0.6182119205298013
15315,1478,Fresno,1475.0,0.6198073449729079
15316,1478,Fresno,1008.0,0.5346478025285972
15317,1478,Fresno,840.0,0.5048464780252859
15318,1478,Fresno,1213.0,0.572998193859121
15319,1478,Fresno,573.0,0.44425045153521975
15320,1478,Fresno,935.0,0.5210415412402167
15321,1478,Fresno,1103.0,0.5521372667068031
15322,1485,Fresno,657.0,0.46604455147501506
15323,1485,Fresno,2203.0,0.7194461167971101
15324,1485,Fresno,1275.0,0.5832329921733895
15325,1485,Fresno,1382.0,0.6037627934978929
15326,1485,Fresno,1027.0,0.5375677302829621
15327,1485,Fresno,1311.0,0.5895845875978326
15328,1485,Fresno,970.0,0.5285671282360024
15329,1485,Fresno,1265.0,0.581216134858519
15330,1485,Fresno,1582.0,0.635430463576159
15331,1485,Fresno,2181.0,0.7170981336544251
15332,1485,Fresno,1467.0,0.6183022275737508
15333,1485,Fresno,2066.0,0.7009632751354605
15334,1485,Fresno,916.0,0.5179711017459362
15335,1485,Fresno,2327.0,0.7321192052980132
15336,1491,Fresno,7449.0,0.9351896447922938
15337,1491,Fresno,6239.0,0.9155328115593017
15338,1491,Fresno,6663.0,0.9228777844671885
15339,1491,Fresno,6693.0,0.923419626730885
15340,1491,Fresno,6272.0,0.9164960866947622
15341,1491,Fresno,13280.0,0.9677904876580373
15342,1491,Fresno,6064.0,0.9122817579771222
15343,1491,Fresno,9049.0,0.9531005418422637
15344,1491,Fresno,9250.0,0.9543046357615894
15345,1491,Fresno,9581.0,0.9568934376881397
15346,1491,Fresno,9571.0,0.9567128236002408
15347,1491,Fresno,9406.0,0.9553883202889826
15348,1491,Fresno,5290.0,0.8941601444912703
15349,1491,Fresno,14001.0,0.9696568332329921
15350,1491,Fresno,7970.0,0.9424443106562311
15351,1492,Fresno,6299.0,0.9174894641782059
15352,1492,Fresno,6147.0,0.9139674894641782
15353,1492,Fresno,8164.0,0.9445815773630343
15354,1492,Fresno,6231.0,0.9152317880794701
15355,1492,Fresno,4790.0,0.8774834437086093
15356,1492,Fresno,12713.0,0.9664057796508128
15357,1492,Fresno,6958.0,0.9275737507525587
15358,1492,Fresno,3897.0,0.8412703190848886
15359,1492,Fresno,6338.0,0.9184226369656833
15360,1492,Fresno,9351.0,0.9550270921131848
15361,1492,Fresno,7132.0,0.9303431667670078
15362,1492,Fresno,7066.0,0.929319686935581
15363,1492,Fresno,4078.0,0.8494882600842866
15364,1492,Fresno,6577.0,0.9216736905478627
15365,1492,Fresno,5348.0,0.8959662853702589
15366,1492,Fresno,5156.0,0.8898254063816978
15367,1492,Fresno,6708.0,0.9238410596026491
15368,1492,Fresno,8630.0,0.9503913305237809
15369,1492,Fresno,3291.0,0.8114990969295605
15370,1493,Fresno,3985.0,0.8459060806742926
15371,1493,Fresno,5598.0,0.9022275737507526
15372,1493,Fresno,7844.0,0.9413004214328717
15373,1493,Fresno,6798.0,0.9252859723058399
15374,1493,Fresno,8026.0,0.9431667670078266
15375,1493,Fresno,3991.0,0.8462372065021072
15376,1493,Fresno,4646.0,0.8728476821192053
15377,1493,Fresno,5693.0,0.9047561709813365
15378,1493,Fresno,6956.0,0.9275135460565924
15379,1493,Fresno,7840.0,0.9411800120409392
15380,1493,Fresno,4517.0,0.867730282962071
15381,1493,Fresno,8723.0,0.9510535821794099
15382,1493,Fresno,4346.0,0.8612582781456953
15383,1493,Fresno,4421.0,0.8641180012040939
15384,1493,Fresno,4637.0,0.872576760987357
15385,1493,Fresno,7488.0,0.9357615894039735
15386,1493,Fresno,3967.0,0.8447621914509331
15387,1493,Fresno,6941.0,0.927212522576761
15388,1494,Fresno,3301.0,0.8125526791089706
15389,1494,Fresno,6094.0,0.9131246237206502
15390,1494,Fresno,1934.0,0.6844671884406984
15391,1494,Fresno,8282.0,0.946417820590006
15392,1494,Fresno,3571.0,0.827423239012643
15393,1494,Fresno,6661.0,0.922787477423239
15394,1494,Fresno,6314.0,0.917730282962071
15395,1494,Fresno,1713.0,0.65316074653823
15396,1494,Fresno,2570.0,0.7552679108970499
15397,1494,Fresno,2348.0,0.7338952438290187
15398,1494,Fresno,2034.0,0.6963576158940398
15399,1494,Fresno,6102.0,0.9132450331125828
15400,1494,Fresno,2002.0,0.6929560505719446
15401,1494,Fresno,2103.0,0.7064720048163757
15402,1494,Fresno,2220.0,0.7211920529801324
15403,1494,Fresno,6157.0,0.9141782059000602
15404,1494,Fresno,2349.0,0.7339855508729681
15405,1494,Fresno,2155.0,0.7140276941601444
15406,1495,Fresno,1258.0,0.5800722456351596
15407,1495,Fresno,2084.0,0.7039133052378086
15408,1495,Fresno,2051.0,0.6986754966887417
15409,1495,Fresno,3102.0,0.7987658037326911
15410,1495,Fresno,2149.0,0.7127332931968694
15411,1495,Fresno,2325.0,0.7317880794701986
15412,1495,Fresno,4371.0,0.8622215532811559
15413,1495,Fresno,2685.0,0.7652016857314871
15414,1495,Fresno,1351.0,0.5977423239012642
15415,1499,Fresno,13283.0,0.9678506923540036
15416,1499,Fresno,11636.0,0.96369656833233
15417,1499,Fresno,13999.0,0.9695966285370259
15418,1499,Fresno,10446.0,0.9605659241420831
15419,1499,Fresno,9415.0,0.9554485249849488
15420,1499,Fresno,12907.0,0.9667670078266105
15421,1499,Fresno,12975.0,0.9670680313064419
15422,1503,Fresno,6260.0,0.9161348585189645
15423,1503,Fresno,4793.0,0.8776941601444913
15424,1503,Fresno,6859.0,0.9262492474413004
15425,1503,Fresno,3761.0,0.8355809753160747
15426,1503,Fresno,6082.0,0.9129139072847682
15427,1503,Fresno,6446.0,0.9197772426249248
15428,1503,Fresno,2428.0,0.7418723660445514
15429,1503,Fresno,6249.0,0.9158037326911499
15430,1503,Fresno,6748.0,0.924473208910295
15431,1504,Fresno,3243.0,0.8083082480433473
15432,1504,Fresno,2839.0,0.7782360024081878
15433,1504,Fresno,5234.0,0.8919325707405178
15434,1504,Fresno,486.0,0.4191149909692956
15435,1504,Fresno,2841.0,0.7783865141481036
15436,1504,Fresno,3522.0,0.8252859723058399
15437,1504,Fresno,2069.0,0.7015954244431065
15438,1504,Fresno,2892.0,0.7822396146899459
15439,904,Fresno,3141.0,0.8010836845273931
15440,904,Fresno,1360.0,0.5996989765201686
15441,904,Fresno,900.0,0.5155930162552679
15442,904,Fresno,2873.0,0.7807947019867549
15443,904,Fresno,9403.0,0.95526791089705
15444,904,Fresno,2644.0,0.7610475617098134
15445,904,Fresno,6247.0,0.9157134256472005
15446,904,Fresno,11047.0,0.9621914509331728
15447,904,Fresno,6115.0,0.9135460565924142
15448,904,Fresno,6086.0,0.9130042143287176
15449,904,Fresno,2158.0,0.71475015051174
15450,904,Fresno,3352.0,0.8163455749548465
15451,904,Fresno,7497.0,0.9359422034918724
15452,977,Fresno,1007.0,0.5344671884406984
15453,977,Fresno,4270.0,0.8583082480433474
15454,977,Fresno,1896.0,0.6793497892835642
15455,983,Fresno,4819.0,0.8788380493678507
15456,983,Fresno,3158.0,0.8021974714027694
15457,983,Fresno,3048.0,0.7945815773630344
15458,983,Fresno,2939.0,0.7854906682721252
15459,983,Fresno,5305.0,0.8946417820590006
15460,1008,Fresno,1815.0,0.667308850090307
15461,1008,Fresno,2772.0,0.7724864539434075
15462,1008,Fresno,2945.0,0.7858217940999398
15463,1008,Fresno,1920.0,0.6826008428657435
15464,1008,Fresno,1103.0,0.5521372667068031
15465,1013,Fresno,7083.0,0.9296207104154124
15466,1013,Fresno,6775.0,0.9249247441300421
15467,1013,Fresno,6936.0,0.9270921131848284
15468,1013,Fresno,6551.0,0.9212522576760988
15469,1013,Fresno,7029.0,0.9287778446718844
15470,212,Clovis,1915.0,0.6817579771222155
15471,212,Clovis,1051.0,0.5421432871763998
15472,212,Clovis,2302.0,0.7294701986754967
15473,211,Clovis,1049.0,0.5416917519566526
15474,1461,Fresno,2133.0,0.7101444912703191
15475,1461,Fresno,2187.0,0.7176399759181216
15476,1461,Fresno,523.0,0.43001204093919326
15477,1461,Fresno,2234.0,0.7232390126429862
15478,1461,Fresno,985.0,0.5306441902468393
15479,1461,Fresno,928.0,0.5193257074051776
15480,1461,Fresno,1075.0,0.5472004816375677
15481,1461,Fresno,963.0,0.5275737507525587
15482,1370,Fresno,567.0,0.4414509331727875
15483,1370,Fresno,294.0,0.3609271523178808
15484,905,Fresno,2395.0,0.7384406983744732
15485,905,Fresno,3173.0,0.8036423841059602
15486,905,Fresno,2485.0,0.7477423239012643
15487,905,Fresno,2478.0,0.7467489464178206
15488,905,Fresno,3955.0,0.8443708609271523
15489,905,Fresno,3107.0,0.7990969295605057
15490,905,Fresno,6731.0,0.924262492474413
15491,905,Fresno,913.0,0.5177001806140878
15492,905,Fresno,1206.0,0.5712823600240818
15493,905,Fresno,808.0,0.49804334738109574
15494,905,Fresno,2577.0,0.7560505719446117
15495,905,Fresno,1531.0,0.6279650812763395
15496,905,Fresno,1592.0,0.6367549668874172
15497,905,Fresno,2937.0,0.785430463576159
15498,905,Fresno,6804.0,0.9254063816977725
15499,905,Fresno,955.0,0.5256773028296207
15500,905,Fresno,1030.0,0.5381697772426249
15501,905,Fresno,2419.0,0.740939193257074
15502,905,Fresno,1612.0,0.6404575556893438
15503,906,Fresno,6521.0,0.9208308248043348
15504,906,Fresno,2341.0,0.7332329921733896
15505,906,Fresno,2454.0,0.7441300421432872
15506,906,Fresno,3820.0,0.8385310054184226
15507,906,Fresno,3964.0,0.8446417820590006
15508,906,Fresno,4052.0,0.8483443708609272
15509,906,Fresno,3078.0,0.7967790487658037
15510,906,Fresno,1888.0,0.6784166164960866
15511,906,Fresno,6801.0,0.9253461770018061
15512,906,Fresno,7043.0,0.9289885611077664
15513,906,Fresno,3840.0,0.839012642986153
15514,906,Fresno,3008.0,0.7910897049969897
15515,906,Fresno,2417.0,0.7407585791691752
15516,906,Fresno,2365.0,0.7356110776640578
15517,906,Fresno,3306.0,0.8130343166767008
15518,906,Fresno,4074.0,0.849157134256472
15519,906,Fresno,3876.0,0.8401866345574955
15520,907,Fresno,2124.0,0.7089403973509933
15521,907,Fresno,2236.0,0.7234497290788682
15522,907,Fresno,2126.0,0.7093016255267911
15523,907,Fresno,2860.0,0.7800421432871764
15524,907,Fresno,2641.0,0.7608669476219145
15525,907,Fresno,2122.0,0.7085791691751957
15526,907,Fresno,2519.0,0.7512944009632752
15527,907,Fresno,2149.0,0.7127332931968694
15528,907,Fresno,2129.0,0.7097230583985551
15529,907,Fresno,2650.0,0.7620710415412402
15530,907,Fresno,650.0,0.4646899458157736
15531,907,Fresno,2568.0,0.7549969897652017
15532,907,Fresno,766.0,0.48982540638169775
15533,907,Fresno,1837.0,0.6702287778446718
15534,907,Fresno,1589.0,0.6363034316676701
15535,907,Fresno,650.0,0.4646899458157736
15536,907,Fresno,760.0,0.4884406983744732
15537,907,Fresno,2650.0,0.7620710415412402
15538,907,Fresno,2129.0,0.7097230583985551
15539,907,Fresno,2549.0,0.7537025888019265
15540,907,Fresno,1748.0,0.6574653822998194
15541,912,Fresno,1870.0,0.6753461770018061
15542,912,Fresno,1855.0,0.6728476821192053
15543,912,Fresno,5150.0,0.8896748946417821
15544,912,Fresno,1761.0,0.6588801926550271
15545,912,Fresno,2694.0,0.7660144491270319
15546,912,Fresno,1863.0,0.6741119807344973
15547,912,Fresno,2304.0,0.7297110174593618
15548,912,Fresno,3396.0,0.818783865141481
15549,912,Fresno,2269.0,0.7263997591812161
15550,912,Fresno,2399.0,0.7389223359422035
15551,912,Fresno,1889.0,0.6785370258880192
15552,912,Fresno,2214.0,0.7205599036724865
15553,912,Fresno,2785.0,0.7739313666465985
15554,912,Fresno,2450.0,0.7438290186634557
15555,912,Fresno,3884.0,0.8404575556893438
15556,912,Fresno,4493.0,0.8667369054786274
15557,913,Fresno,3115.0,0.7996086694762191
15558,913,Fresno,712.0,0.4779650812763396
15559,913,Fresno,3330.0,0.8151414810355208
15560,913,Fresno,2690.0,0.7656833232992173
15561,913,Fresno,2970.0,0.7878988561107766
15562,913,Fresno,2218.0,0.7209512341962673
15563,913,Fresno,2972.0,0.7880794701986755
15564,913,Fresno,1544.0,0.6302227573750753
15565,913,Fresno,2111.0,0.7073148705599037
15566,913,Fresno,2683.0,0.7650511739915713
15567,913,Fresno,1916.0,0.6819686935580975
15568,913,Fresno,1822.0,0.668362432269717
15569,913,Fresno,1509.0,0.6251655629139072
15570,913,Fresno,3037.0,0.7931667670078266
15571,913,Fresno,2510.0,0.750632149307646
15572,913,Fresno,783.0,0.4940698374473209
15573,913,Fresno,989.0,0.5313967489464179
15574,914,Fresno,708.0,0.47661047561709813
15575,919,Fresno,4691.0,0.8740216736905478
15576,919,Fresno,3358.0,0.8166465984346779
15577,919,Fresno,3283.0,0.8110776640577965
15578,919,Fresno,5137.0,0.8892233594220349
15579,919,Fresno,4722.0,0.8750451535219748
15580,919,Fresno,5044.0,0.8862733293196869
15581,919,Fresno,4731.0,0.8754665863937388
15582,919,Fresno,5363.0,0.8962673088500903
15583,926,Fresno,6105.0,0.9133052378085491
15584,926,Fresno,6397.0,0.9193257074051776
15585,926,Fresno,8429.0,0.9481637567730283
15586,926,Fresno,7619.0,0.937989163154726
15587,926,Fresno,6249.0,0.9158037326911499
15588,926,Fresno,11230.0,0.9625526791089705
15589,926,Fresno,11556.0,0.9633353401565322
15590,926,Fresno,10241.0,0.9601444912703191
15591,926,Fresno,6614.0,0.922366044551475
15592,926,Fresno,6067.0,0.9124021673690548
15593,926,Fresno,6476.0,0.9203491872366044
15594,921,Fresno,5276.0,0.8937387116195064
15595,921,Fresno,5246.0,0.8926550270921132
15596,921,Fresno,4943.0,0.8825707405177604
15597,943,Fresno,8462.0,0.9487055990367249
15598,943,Fresno,10314.0,0.9603853100541843
15599,943,Fresno,5812.0,0.9073750752558699
15600,943,Fresno,7446.0,0.9349789283564118
15601,943,Fresno,7486.0,0.9356712823600241
15602,943,Fresno,10260.0,0.9602649006622517
15603,943,Fresno,6061.0,0.9121914509331728
15604,943,Fresno,7563.0,0.9370258880192655
15605,943,Fresno,6119.0,0.9136062612883805
15606,943,Fresno,8130.0,0.9443708609271523
15607,943,Fresno,8633.0,0.9504515352197471
15608,943,Fresno,10660.0,0.9610475617098133
15609,943,Fresno,11466.0,0.9630343166767008
15610,943,Fresno,9226.0,0.9541842263696568
15611,943,Fresno,7737.0,0.9397953040337146
15612,943,Fresno,9077.0,0.9532811559301626
15613,943,Fresno,9153.0,0.9537326911499097
15614,943,Fresno,9787.0,0.9580373269114991
15615,944,Fresno,9153.0,0.9537326911499097
15616,944,Fresno,9061.0,0.9532209512341963
15617,944,Fresno,5917.0,0.9091511137868754
15618,944,Fresno,5967.0,0.910114388922336
15619,944,Fresno,8658.0,0.9506923540036123
15620,944,Fresno,7185.0,0.9311258278145695
15621,944,Fresno,4587.0,0.8704996989765201
15622,944,Fresno,5054.0,0.8866646598434678
15623,944,Fresno,9876.0,0.9584587597832631
15624,944,Fresno,8810.0,0.9517158338350391
15625,944,Fresno,4281.0,0.858850090307044
15626,944,Fresno,6525.0,0.920891029500301
15627,944,Fresno,4459.0,0.8656833232992174
15628,945,Fresno,6749.0,0.9245635159542445
15629,945,Fresno,8228.0,0.9453341360626129
15630,945,Fresno,6498.0,0.9206502107164359
15631,945,Fresno,6380.0,0.9190848886213124
15632,945,Fresno,7715.0,0.9394340758579169
15633,945,Fresno,6489.0,0.9204996989765202
15634,945,Fresno,7489.0,0.9358217940999398
15635,945,Fresno,8179.0,0.9446718844069838
15636,945,Fresno,7297.0,0.9332329921733895
15637,945,Fresno,8297.0,0.9465382299819386
15638,945,Fresno,9533.0,0.956532209512342
15639,945,Fresno,8263.0,0.9460565924142083
15640,945,Fresno,8281.0,0.9463275135460566
15641,945,Fresno,6161.0,0.9143889223359422
15642,945,Fresno,8296.0,0.9464780252859724
15643,945,Fresno,8495.0,0.9492474413004214
15644,945,Fresno,7624.0,0.9381095725466586
15645,945,Fresno,7836.0,0.9409993979530403
15646,945,Fresno,8438.0,0.9483443708609272
15647,945,Fresno,7443.0,0.9348585189644792
15648,945,Fresno,9229.0,0.9542444310656231
15649,945,Fresno,8244.0,0.9456652618904274
15650,946,Fresno,9676.0,0.9575556893437688
15651,946,Fresno,7214.0,0.9316074653822998
15652,946,Fresno,6512.0,0.9207405177603853
15653,946,Fresno,7288.0,0.9331727874774233
15654,946,Fresno,6275.0,0.9166465984346779
15655,946,Fresno,2146.0,0.7118001204093919
15656,946,Fresno,6356.0,0.9186032510535822
15657,946,Fresno,1856.0,0.672998193859121
15658,947,Fresno,6282.0,0.9169476219145093
15659,947,Fresno,1430.0,0.6124623720650211
15660,947,Fresno,961.0,0.5270921131848284
15661,947,Fresno,2247.0,0.7243829018663456
15662,947,Fresno,6883.0,0.926369656833233
15663,951,Fresno,8609.0,0.9500903070439495
15664,951,Fresno,8918.0,0.9520168573148705
15665,951,Fresno,10740.0,0.9612883804936785
15666,951,Fresno,5721.0,0.9054184226369657
15667,951,Fresno,4918.0,0.8813967489464178
15668,951,Fresno,4141.0,0.8529801324503311
15669,951,Fresno,4140.0,0.8528898254063817
15670,951,Fresno,4924.0,0.8816676700782661
15671,951,Fresno,5535.0,0.9006923540036122
15672,951,Fresno,1845.0,0.6713425647200482
15673,951,Fresno,10814.0,0.9615291992775437
15674,951,Fresno,4447.0,0.8652618904274534
15675,951,Fresno,3358.0,0.8166465984346779
15676,952,Fresno,5309.0,0.8947621914509332
15677,952,Fresno,5344.0,0.8958458759783263
15678,952,Fresno,3844.0,0.8391631547260686
15679,952,Fresno,7740.0,0.9398555087296809
15680,952,Fresno,2644.0,0.7610475617098134
15681,952,Fresno,3679.0,0.8326008428657435
15682,952,Fresno,8195.0,0.9449127031908489
15683,952,Fresno,7313.0,0.9335942203491873
15684,952,Fresno,3941.0,0.8434677904876581
15685,952,Fresno,9916.0,0.9586995785671283
15686,952,Fresno,5591.0,0.9020469596628538
15687,952,Fresno,3360.0,0.8168573148705599
15688,952,Fresno,3185.0,0.8045153521974714
15689,952,Fresno,10464.0,0.9606261288380493
15690,952,Fresno,3581.0,0.8280854906682721
15691,953,Fresno,2736.0,0.7688741721854304
15692,953,Fresno,5592.0,0.90210716435882
15693,953,Fresno,8566.0,0.9499096929560505
15694,953,Fresno,2763.0,0.7714328717639976
15695,953,Fresno,7366.0,0.9343768813967489
15696,953,Fresno,7890.0,0.9418422636965683
15697,953,Fresno,7457.0,0.9353401565322095
15698,953,Fresno,7108.0,0.9299217338952438
15699,953,Fresno,7038.0,0.9288380493678506
15700,953,Fresno,0.0,0.0
15701,953,Fresno,9118.0,0.9534617700180614
15702,953,Fresno,7846.0,0.9414208308248043
15703,953,Fresno,4333.0,0.8605057194461168
15704,953,Fresno,8993.0,0.9526791089704997
15705,953,Fresno,8528.0,0.9494280553883203
15706,953,Fresno,6992.0,0.9282962071041542
15707,953,Fresno,8789.0,0.9515352197471403
15708,953,Fresno,7251.0,0.9325707405177603
15709,954,Fresno,6601.0,0.9220951234196267
15710,954,Fresno,5613.0,0.9027092113184828
15711,956,Fresno,7628.0,0.9382901866345575
15712,956,Fresno,6993.0,0.9283564118001204
15713,956,Fresno,7672.0,0.9387718242022878
15714,956,Fresno,1320.0,0.5919626730885009
15715,956,Fresno,7786.0,0.9403973509933775
15716,956,Fresno,2182.0,0.7172185430463576
15717,956,Fresno,6512.0,0.9207405177603853
15718,956,Fresno,2184.0,0.7173690547862733
15719,957,Fresno,2572.0,0.7556592414208309
15720,957,Fresno,2489.0,0.7485851896447923
15721,957,Fresno,2243.0,0.7241119807344973
15722,957,Fresno,6748.0,0.924473208910295
15723,974,Fresno,4150.0,0.8533413606261289
15724,974,Fresno,2805.0,0.7756472004816376
15725,974,Fresno,3289.0,0.8114388922335942
15726,974,Fresno,4182.0,0.8547862733293197
15727,974,Fresno,5293.0,0.8942203491872366
15728,974,Fresno,5664.0,0.9037326911499097
15729,974,Fresno,4980.0,0.883955448524985
15730,974,Fresno,2831.0,0.7775436484045756
15731,974,Fresno,3736.0,0.8346177001806141
15732,974,Fresno,5215.0,0.8913907284768212
15733,974,Fresno,2995.0,0.7898555087296809
15734,974,Fresno,5717.0,0.9052378085490669
15735,974,Fresno,4921.0,0.8815171583383504
15736,974,Fresno,3507.0,0.824262492474413
15737,974,Fresno,6221.0,0.9151113786875377
15738,974,Fresno,4808.0,0.8785370258880193
15739,974,Fresno,2722.0,0.7677904876580374
15740,974,Fresno,3565.0,0.8272426249247441
15741,974,Fresno,4371.0,0.8622215532811559
15742,974,Fresno,4902.0,0.8807043949428055
15743,974,Fresno,6091.0,0.9130644190246839
15744,974,Fresno,4508.0,0.8673389524382902
15745,975,Fresno,4178.0,0.854635761589404
15746,975,Fresno,3066.0,0.7959662853702589
15747,975,Fresno,3878.0,0.840276941601445
15748,975,Fresno,4485.0,0.8663455749548464
15749,975,Fresno,4408.0,0.8636965683323299
15750,975,Fresno,4316.0,0.8599638771824202
15751,975,Fresno,3297.0,0.8121312462372065
15752,975,Fresno,4174.0,0.8541842263696569
15753,975,Fresno,2968.0,0.7875075255869958
15754,975,Fresno,3367.0,0.8172486453943407
15755,975,Fresno,5487.0,0.8993377483443709
15756,975,Fresno,3889.0,0.8408789885611078
15757,975,Fresno,2998.0,0.7902167369054787
15758,975,Fresno,4234.0,0.856773028296207
15759,975,Fresno,4083.0,0.8496688741721854
15760,975,Fresno,5215.0,0.8913907284768212
15761,975,Fresno,2968.0,0.7875075255869958
15762,975,Fresno,3634.0,0.8310656231186032
15763,976,Fresno,3544.0,0.826369656833233
15764,976,Fresno,3352.0,0.8163455749548465
15765,976,Fresno,4345.0,0.8611378687537627
15766,976,Fresno,4166.0,0.8539434075857917
15767,976,Fresno,3887.0,0.840728476821192
15768,976,Fresno,3447.0,0.821312462372065
15769,976,Fresno,4919.0,0.8814569536423841
15770,979,Fresno,1728.0,0.6554485249849489
15771,979,Fresno,2066.0,0.7009632751354605
15772,979,Fresno,2193.0,0.7183022275737507
15773,979,Fresno,2104.0,0.706742925948224
15774,979,Fresno,2141.0,0.7112883804936785
15775,214,Clovis,167.0,0.3077062010836845
15776,214,Clovis,1621.0,0.641149909692956
15777,214,Clovis,3619.0,0.8300722456351596
15778,214,Clovis,2737.0,0.7690848886213124
15779,214,Clovis,3471.0,0.8225466586393738
15780,214,Clovis,675.0,0.47028898254063817
15781,214,Clovis,7446.0,0.9349789283564118
15782,214,Clovis,3154.0,0.8019566526189043
15783,214,Clovis,1886.0,0.6781456953642384
15784,214,Clovis,2408.0,0.7398555087296809
15785,214,Clovis,932.0,0.5202287778446719
15786,214,Clovis,3527.0,0.8256170981336545
15787,214,Clovis,2158.0,0.71475015051174
15788,214,Clovis,3154.0,0.8019566526189043
15789,214,Clovis,3036.0,0.7930162552679109
15790,214,Clovis,202.0,0.3261288380493679
15791,214,Clovis,1621.0,0.641149909692956
15792,214,Clovis,459.0,0.41152919927754367
15793,214,Clovis,2162.0,0.7151414810355208
15794,213,Clovis,1571.0,0.6333835039133052
15795,213,Clovis,2650.0,0.7620710415412402
15796,213,Clovis,2180.0,0.7169476219145093
15797,213,Clovis,6193.0,0.9148103552077061
15798,213,Clovis,674.0,0.47004816375677305
15799,213,Clovis,1093.0,0.5502408187838651
15800,213,Clovis,2369.0,0.7361529199277543
15801,213,Clovis,2228.0,0.7224864539434076
15802,213,Clovis,1283.0,0.5851595424443107
15803,213,Clovis,1352.0,0.5980132450331126
15804,213,Clovis,2448.0,0.7437086092715232
15805,213,Clovis,6563.0,0.9214027694160144
15806,213,Clovis,1535.0,0.6285069235400361
15807,213,Clovis,3591.0,0.8287778446718844
15808,213,Clovis,2223.0,0.7218242022877784
15809,213,Clovis,2091.0,0.7044551475015051
15810,213,Clovis,2153.0,0.7136664659843468
15811,213,Clovis,2052.0,0.6989163154726069
15812,213,Clovis,9615.0,0.9571342564720048
15813,213,Clovis,5064.0,0.8870258880192655
15814,213,Clovis,1093.0,0.5502408187838651
15815,213,Clovis,1095.0,0.5506622516556291
15816,213,Clovis,1438.0,0.6136062612883805
15817,1014,Fresno,947.0,0.523841059602649
15818,1014,Fresno,1728.0,0.6554485249849489
15819,1014,Fresno,2885.0,0.7814268512944009
15820,1014,Fresno,1874.0,0.6763094521372667
15821,1014,Fresno,174.0,0.31152919927754363
15822,1014,Fresno,88.0,0.25343166767007824
15823,1014,Fresno,717.0,0.4794099939795304
15824,1014,Fresno,959.0,0.5264900662251656
15825,1014,Fresno,597.0,0.4506020469596628
15826,1014,Fresno,845.0,0.5061408789885611
15827,1014,Fresno,2876.0,0.7809753160746539
15828,213,Clovis,691.0,0.473419626730885
15829,1014,Fresno,95.0,0.2596026490066225
15830,1014,Fresno,168.0,0.3082781456953642
15831,210,Clovis,1087.0,0.5494280553883203
15832,210,Clovis,1054.0,0.5429259482239615
15833,1016,Fresno,942.0,0.5226068633353401
15834,1016,Fresno,836.0,0.5034918723660445
15835,1016,Fresno,1143.0,0.5586694762191451
15836,1016,Fresno,1666.0,0.6472606863335341
15837,1016,Fresno,857.0,0.5086995785671282
15838,209,Clovis,470.0,0.4147501505117399
15839,209,Clovis,697.0,0.4741721854304636
15840,209,Clovis,985.0,0.5306441902468393
15841,209,Clovis,884.0,0.5129139072847683
15842,1017,Fresno,34.0,0.17146297411198075
15843,1017,Fresno,456.0,0.4110174593618302
15844,208,Clovis,226.0,0.3353702588801927
15845,208,Clovis,613.0,0.4549668874172185
15846,208,Clovis,257.0,0.34954846478025287
15847,208,Clovis,536.0,0.43446718844069837
15848,208,Clovis,309.0,0.3655027092113185
15849,208,Clovis,542.0,0.43567128236002406
15850,208,Clovis,462.0,0.4121312462372065
15851,208,Clovis,511.0,0.42679108970499696
15852,208,Clovis,286.0,0.35854906682721255
15853,208,Clovis,443.0,0.40773630343166767
15854,208,Clovis,766.0,0.48982540638169775
15855,208,Clovis,877.0,0.5120409391932571
15856,208,Clovis,495.0,0.42203491872366045
15857,208,Clovis,564.0,0.4406080674292595
15858,208,Clovis,464.0,0.41264298615291994
15859,208,Clovis,378.0,0.38564118001204095
15860,1020,Fresno,157.0,0.303582179409994
15861,1020,Fresno,280.0,0.35602046959662853
15862,1020,Fresno,201.0,0.3257074051776038
15863,1020,Fresno,360.0,0.3800120409391933
15864,1020,Fresno,392.0,0.3897049969897652
15865,1020,Fresno,256.0,0.34924744130042146
15866,1020,Fresno,342.0,0.3754063816977724
15867,1020,Fresno,319.0,0.36857314870559904
15868,1020,Fresno,283.0,0.3571342564720048
15869,1020,Fresno,347.0,0.37715231788079473
15870,1020,Fresno,251.0,0.3480433473810957
15871,1020,Fresno,251.0,0.3480433473810957
15872,1020,Fresno,162.0,0.3052077062010837
15873,1020,Fresno,404.0,0.3935279951836243
15874,1020,Fresno,310.0,0.3659241420830825
15875,1020,Fresno,242.0,0.3441601444912703
15876,1020,Fresno,180.0,0.3159542444310656
15877,1020,Fresno,352.0,0.37808549066827213
15878,1020,Fresno,230.0,0.33783865141481034
15879,295,Clovis,437.0,0.4054485249849488
15880,295,Clovis,85.0,0.2503010234798314
15881,1232,Fresno,70.0,0.23573148705599037
15882,1232,Fresno,80.0,0.24530403371462975
15883,298,Clovis,28.0,0.15755568934376882
15884,983,Fresno,4272.0,0.8584587597832631
15885,983,Fresno,3299.0,0.8124021673690548
15886,983,Fresno,3995.0,0.8463576158940397
15887,983,Fresno,3455.0,0.8217940999397954
15888,983,Fresno,4670.0,0.8733895243829018
15889,983,Fresno,5136.0,0.8891330523780855
15890,983,Fresno,4443.0,0.8651414810355208
15891,983,Fresno,3210.0,0.8062010836845274
15892,995,Fresno,2061.0,0.7003010234798315
15893,995,Fresno,4703.0,0.8744431065623118
15894,995,Fresno,1797.0,0.6650210716435881
15895,995,Fresno,6781.0,0.9250451535219747
15896,995,Fresno,5952.0,0.9097832630945214
15897,995,Fresno,4718.0,0.874894641782059
15898,995,Fresno,4082.0,0.849578567128236
15899,995,Fresno,4220.0,0.8559903672486454
15900,995,Fresno,4338.0,0.8608067429259483
15901,995,Fresno,2436.0,0.7427152317880795
15902,995,Fresno,2296.0,0.7290487658037327
15903,995,Fresno,7685.0,0.9389223359422035
15904,995,Fresno,4511.0,0.8675496688741722
15905,995,Fresno,2426.0,0.74157134256472
15906,995,Fresno,5383.0,0.8969295605057195
15907,995,Fresno,4946.0,0.8827212522576761
15908,995,Fresno,4437.0,0.8646598434677905
15909,995,Fresno,4106.0,0.8509331727874774
15910,995,Fresno,5189.0,0.8909090909090909
15911,995,Fresno,2311.0,0.7306742925948224
15912,995,Fresno,4131.0,0.8522275737507525
15913,1007,Fresno,4744.0,0.8762191450933173
15914,1007,Fresno,4148.0,0.8532811559301625
15915,1007,Fresno,1613.0,0.64051776038531
15916,1007,Fresno,2072.0,0.7019265502709211
15917,1007,Fresno,1260.0,0.5803130644190246
15918,1007,Fresno,1214.0,0.5733594220349187
15919,1007,Fresno,1319.0,0.5916917519566526
15920,1007,Fresno,2396.0,0.7385611077664058
15921,1007,Fresno,5125.0,0.8888922335942203
15922,1007,Fresno,1353.0,0.598314268512944
15923,1007,Fresno,5227.0,0.8916917519566526
15924,1007,Fresno,4528.0,0.8681818181818182
15925,1007,Fresno,5539.0,0.9008729680915112
15926,1007,Fresno,2038.0,0.6968091511137868
15927,1007,Fresno,3957.0,0.8444310656231186
15928,1007,Fresno,2079.0,0.7029199277543648
15929,1007,Fresno,1198.0,0.5702287778446719
15930,1007,Fresno,1035.0,0.5388621312462372
15931,1007,Fresno,5827.0,0.9076459963877183
15932,1007,Fresno,4224.0,0.8562612883804936
15933,1007,Fresno,1745.0,0.6569837447320891
15934,1007,Fresno,1399.0,0.606742925948224
15935,1007,Fresno,1227.0,0.5754665863937387
15936,1007,Fresno,1196.0,0.5698073449729079
15937,1007,Fresno,4649.0,0.8729078868151716
15938,1007,Fresno,2029.0,0.6953341360626129
15939,1007,Fresno,2368.0,0.7360024081878387
15940,1007,Fresno,4828.0,0.8794099939795305
15941,1007,Fresno,4154.0,0.8534015653220951
15942,984,Fresno,4530.0,0.8683323299217339
15943,984,Fresno,4000.0,0.8464479229379892
15944,984,Fresno,2507.0,0.750421432871764
15945,984,Fresno,4475.0,0.866014449127032
15946,984,Fresno,4066.0,0.8487658037326912
15947,984,Fresno,3986.0,0.8460264900662252
15948,984,Fresno,3462.0,0.8221252257676098
15949,984,Fresno,4106.0,0.8509331727874774
15950,984,Fresno,3353.0,0.8164358819987959
15951,984,Fresno,3750.0,0.8349187236604455
15952,984,Fresno,3849.0,0.8394641782059
15953,984,Fresno,4987.0,0.884376881396749
15954,984,Fresno,4241.0,0.8571342564720048
15955,984,Fresno,3535.0,0.8260385310054185
15956,984,Fresno,3795.0,0.8372366044551475
15957,984,Fresno,4965.0,0.883564118001204
15958,984,Fresno,3572.0,0.8275436484045755
15959,984,Fresno,2878.0,0.7810957254665863
15960,984,Fresno,5454.0,0.8986152919927755
15961,984,Fresno,4663.0,0.8731487055990367
15962,984,Fresno,2627.0,0.7595123419626731
15963,984,Fresno,5255.0,0.8929861529199278
15964,984,Fresno,3282.0,0.810957254665864
15965,984,Fresno,3774.0,0.8361830222757375
15966,996,Fresno,4009.0,0.8465984346779049
15967,996,Fresno,2735.0,0.7686935580975316
15968,996,Fresno,2494.0,0.7490668272125226
15969,996,Fresno,2477.0,0.7465382299819386
15970,996,Fresno,2005.0,0.6932570740517761
15971,996,Fresno,3326.0,0.8147200481637568
15972,996,Fresno,2513.0,0.7507525586995786
15973,996,Fresno,2908.0,0.7835942203491872
15974,996,Fresno,2995.0,0.7898555087296809
15975,996,Fresno,2650.0,0.7620710415412402
15976,996,Fresno,2965.0,0.787116195063215
15977,996,Fresno,4422.0,0.8642083082480434
15978,996,Fresno,2355.0,0.7344370860927152
15979,996,Fresno,2900.0,0.7829319686935581
15980,1008,Fresno,1355.0,0.5986453943407586
15981,1008,Fresno,2423.0,0.7413004214328718
15982,1008,Fresno,1701.0,0.6520770620108368
15983,1008,Fresno,2889.0,0.7818181818181819
15984,1008,Fresno,2163.0,0.7153220951234196
15985,1008,Fresno,1005.0,0.5340758579169175
15986,1008,Fresno,2262.0,0.725948223961469
15987,1008,Fresno,1003.0,0.5336845273931367
15988,1008,Fresno,2936.0,0.7853702588801926
15989,1008,Fresno,1675.0,0.6486453943407586
15990,1008,Fresno,2246.0,0.7242323901264298
15991,1008,Fresno,1981.0,0.6899458157736303
15992,1008,Fresno,2115.0,0.7077062010836845
15993,1008,Fresno,1550.0,0.6309452137266707
15994,1008,Fresno,2623.0,0.7592414208308248
15995,1008,Fresno,2433.0,0.742414208308248
15996,1008,Fresno,2283.0,0.7279650812763395
15997,1008,Fresno,1443.0,0.6146598434677905
15998,985,Fresno,2322.0,0.731426851294401
15999,985,Fresno,3663.0,0.8322396146899458
16000,985,Fresno,2615.0,0.7585791691751956
16001,985,Fresno,4789.0,0.877423239012643
16002,985,Fresno,2619.0,0.7587296809151114
16003,985,Fresno,3806.0,0.8375075255869958
16004,985,Fresno,3787.0,0.8367248645394341
16005,985,Fresno,3441.0,0.8208609271523178
16006,985,Fresno,3383.0,0.8177302829620711
16007,997,Fresno,2036.0,0.6964780252859724
16008,997,Fresno,2609.0,0.7582781456953642
16009,997,Fresno,2527.0,0.751896447922938
16010,997,Fresno,3848.0,0.8393738711619506
16011,997,Fresno,3762.0,0.8356712823600241
16012,997,Fresno,1976.0,0.6895544852498495
16013,997,Fresno,3915.0,0.8418121613485852
16014,997,Fresno,3418.0,0.819837447320891
16015,997,Fresno,2955.0,0.7864539434075858
16016,997,Fresno,3363.0,0.8170078266104757
16017,997,Fresno,2602.0,0.7576459963877182
16018,997,Fresno,3312.0,0.8136664659843468
16019,997,Fresno,3023.0,0.7921432871763998
16020,997,Fresno,1983.0,0.6901866345574955
16021,997,Fresno,3969.0,0.8449127031908489
16022,997,Fresno,3590.0,0.8287176399759181
16023,997,Fresno,3395.0,0.8186333534015653
16024,1009,Fresno,2995.0,0.7898555087296809
16025,1009,Fresno,2990.0,0.7892835641180012
16026,1009,Fresno,2633.0,0.760114388922336
16027,1009,Fresno,2257.0,0.7256170981336544
16028,1009,Fresno,2126.0,0.7093016255267911
16029,1009,Fresno,2872.0,0.7806441902468393
16030,1009,Fresno,0.0,0.0
16031,1009,Fresno,1880.0,0.6772727272727272
16032,1009,Fresno,2655.0,0.7623118603251053
16033,1009,Fresno,2812.0,0.7761890427453342
16034,1009,Fresno,2501.0,0.7498494882600842
16035,1009,Fresno,2925.0,0.7847080072245635
16036,987,Fresno,2809.0,0.7760686333534016
16037,987,Fresno,3008.0,0.7910897049969897
16038,987,Fresno,684.0,0.4720048163756773
16039,987,Fresno,2514.0,0.7508729680915112
16040,987,Fresno,3483.0,0.8230885009030704
16041,987,Fresno,2218.0,0.7209512341962673
16042,987,Fresno,3052.0,0.7948826008428658
16043,987,Fresno,2637.0,0.7603552077062011
16044,987,Fresno,2221.0,0.7213726670680313
16045,987,Fresno,1746.0,0.6571342564720049
16046,987,Fresno,2506.0,0.7503010234798314
16047,987,Fresno,2101.0,0.7060505719446116
16048,987,Fresno,2549.0,0.7537025888019265
16049,987,Fresno,1366.0,0.6010836845273931
16050,987,Fresno,1284.0,0.5854003612281758
16051,987,Fresno,622.0,0.45758579169175195
16052,987,Fresno,1331.0,0.5944611679711017
16053,987,Fresno,2327.0,0.7321192052980132
16054,987,Fresno,2845.0,0.7787176399759181
16055,987,Fresno,3303.0,0.8127332931968694
16056,999,Fresno,2669.0,0.7637266706803131
16057,999,Fresno,3292.0,0.811619506321493
16058,999,Fresno,2416.0,0.7405478627332932
16059,999,Fresno,2766.0,0.7717338952438291
16060,999,Fresno,3145.0,0.8013847080072246
16061,999,Fresno,1839.0,0.6706201083684528
16062,999,Fresno,1157.0,0.562010836845274
16063,999,Fresno,2274.0,0.7271824202287779
16064,999,Fresno,3252.0,0.8090006020469597
16065,999,Fresno,1059.0,0.5437688139674894
16066,999,Fresno,3112.0,0.799367850692354
16067,999,Fresno,2574.0,0.7558398555087297
16068,999,Fresno,2815.0,0.776369656833233
16069,999,Fresno,3297.0,0.8121312462372065
16070,999,Fresno,2756.0,0.7705599036724865
16071,999,Fresno,1147.0,0.5594521372667068
16072,999,Fresno,2427.0,0.7416917519566526
16073,999,Fresno,1083.0,0.5488260084286575
16074,999,Fresno,1388.0,0.6045454545454545
16075,999,Fresno,1478.0,0.6202889825406381
16076,1011,Fresno,2676.0,0.7644190246839253
16077,1011,Fresno,2411.0,0.7401565322095124
16078,1011,Fresno,6408.0,0.9195665261890428
16079,1011,Fresno,3874.0,0.8399157134256472
16080,1011,Fresno,2971.0,0.7880192655027092
16081,1011,Fresno,1228.0,0.5756170981336545
16082,1011,Fresno,2601.0,0.7575255869957856
16083,1011,Fresno,1837.0,0.6702287778446718
16084,1011,Fresno,5835.0,0.9078567128236003
16085,1011,Fresno,2365.0,0.7356110776640578
16086,1011,Fresno,1188.0,0.568573148705599
16087,1011,Fresno,6243.0,0.9155930162552679
16088,1011,Fresno,2956.0,0.7865743527995184
16089,988,Fresno,1725.0,0.6549367850692354
16090,988,Fresno,5117.0,0.8886514148103553
16091,988,Fresno,3576.0,0.827844671884407
16092,988,Fresno,5182.0,0.8905478627332932
16093,988,Fresno,3474.0,0.8226369656833233
16094,988,Fresno,1978.0,0.6897953040337146
16095,1001,Fresno,6111.0,0.9134256472004816
16096,1001,Fresno,6670.0,0.9230583985550873
16097,1001,Fresno,5129.0,0.8890427453341361
16098,1001,Fresno,5185.0,0.8906983744732089
16099,1013,Fresno,5340.0,0.8957254665863937
16100,1013,Fresno,6073.0,0.9125827814569536
16101,1013,Fresno,6697.0,0.9235701384708007
16102,991,Fresno,3516.0,0.8250752558699579
16103,991,Fresno,2332.0,0.732480433473811
16104,991,Fresno,3039.0,0.793467790487658
16105,991,Fresno,3039.0,0.793467790487658
16106,991,Fresno,1758.0,0.6585189644792294
16107,991,Fresno,3758.0,0.8354003612281758
16108,991,Fresno,3564.0,0.8270921131848284
16109,991,Fresno,3814.0,0.8378988561107766
16110,991,Fresno,1988.0,0.6910295003010235
16111,991,Fresno,3564.0,0.8270921131848284
16112,991,Fresno,2792.0,0.7743527995183624
16113,1022,Fresno,2273.0,0.7269717037928959
16114,1022,Fresno,2197.0,0.7188440698374473
16115,1022,Fresno,3173.0,0.8036423841059602
16116,1022,Fresno,3129.0,0.8005418422636966
16117,1022,Fresno,2416.0,0.7405478627332932
16118,1022,Fresno,2951.0,0.7862131246237206
16119,1022,Fresno,5465.0,0.8988561107766406
16120,1022,Fresno,2465.0,0.7452739313666465
16121,1022,Fresno,3625.0,0.8304033714629742
16122,1022,Fresno,2927.0,0.7848585189644792
16123,1023,Fresno,169.0,0.30869957856712826
16124,1025,Fresno,297.0,0.3617700180614088
16125,1235,Fresno,7.0,0.06303431667670079
16126,1235,Fresno,18.0,0.11815171583383503
16127,1235,Fresno,17.0,0.11363636363636363
16128,1244,Fresno,16.0,0.10885009030704396
16129,185,Clovis,2039.0,0.6971402769416014
16130,185,Clovis,1272.0,0.582480433473811
16131,185,Clovis,1662.0,0.6465382299819386
16132,185,Clovis,1039.0,0.5392835641180012
16133,185,Clovis,1514.0,0.6256472004816376
16134,185,Clovis,1476.0,0.6200180614087899
16135,185,Clovis,2273.0,0.7269717037928959
16136,185,Clovis,1540.0,0.6295304033714629
16137,185,Clovis,1680.0,0.6496086694762191
16138,199,Clovis,2358.0,0.7349187236604455
16139,199,Clovis,1143.0,0.5586694762191451
16140,199,Clovis,2267.0,0.7263094521372667
16141,199,Clovis,1197.0,0.5699277543648404
16142,199,Clovis,1969.0,0.6887116195063215
16143,199,Clovis,2163.0,0.7153220951234196
16144,199,Clovis,1174.0,0.5655629139072847
16145,199,Clovis,6885.0,0.9264298615291993
16146,199,Clovis,1408.0,0.6081878386514148
16147,199,Clovis,2547.0,0.7532209512341963
16148,990,Fresno,2922.0,0.7844671884406984
16149,212,Fresno,6613.0,0.9222757375075256
16150,212,Fresno,5308.0,0.8947019867549669
16151,212,Clovis,918.0,0.5183925346177002
16152,212,Clovis,922.0,0.5186935580975316
16153,212,Clovis,913.0,0.5177001806140878
16154,212,Clovis,761.0,0.48859121011438894
16155,212,Clovis,2262.0,0.725948223961469
16156,212,Fresno,2670.0,0.7638169777242625
16157,212,Clovis,1131.0,0.5561709813365443
16158,212,Clovis,5018.0,0.8854906682721252
16159,212,Clovis,5666.0,0.9038832028898254
16160,211,Clovis,1357.0,0.59894641782059
16161,211,Clovis,754.0,0.4873570138470801
16162,211,Clovis,846.0,0.5065021071643588
16163,211,Clovis,814.0,0.4994280553883203
16164,211,Clovis,2367.0,0.7358518964479229
16165,211,Clovis,1200.0,0.5706502107164358
16166,211,Clovis,1402.0,0.6072546658639374
16167,211,Clovis,957.0,0.525948223961469
16168,211,Clovis,1807.0,0.6659843467790487
16169,211,Clovis,763.0,0.48904274533413605
16170,211,Clovis,1672.0,0.6482239614689946
16171,211,Clovis,1288.0,0.5860927152317881
16172,211,Clovis,1324.0,0.5929861529199277
16173,294,Clovis,465.0,0.41297411198073447
16174,294,Clovis,530.0,0.4327814569536424
16175,294,Clovis,647.0,0.4643889223359422
16176,294,Clovis,711.0,0.4776640577965081
16177,294,Clovis,572.0,0.44397953040337146
16178,1231,Fresno,190.0,0.3211920529801324
16179,1231,Fresno,165.0,0.3069235400361228
16180,1240,Fresno,7.0,0.06303431667670079
16181,1234,Fresno,66.0,0.2300421432871764
16182,1447,Fresno,833.0,0.5026490066225165
16183,1447,Fresno,1000.0,0.5333232992173389
16184,1447,Fresno,1350.0,0.5975617098133654
16185,1447,Fresno,769.0,0.4906381697772426
16186,1447,Fresno,866.0,0.5104154124021674
16187,1447,Fresno,602.0,0.451896447922938
16188,1453,Fresno,572.0,0.44397953040337146
16189,1453,Fresno,667.0,0.4684226369656833
16190,1453,Fresno,474.0,0.41583383503913307
16191,1453,Fresno,420.0,0.400632149307646
16192,1453,Fresno,288.0,0.3590307043949428
16193,1453,Fresno,1187.0,0.5684527393136665
16194,1453,Fresno,271.0,0.3536122817579771
16195,1453,Fresno,885.0,0.5130042143287177
16196,1453,Fresno,309.0,0.3655027092113185
16197,1453,Fresno,320.0,0.36902468392534615
16198,1453,Fresno,1605.0,0.6391932570740517
16199,1453,Fresno,990.0,0.5317278747742324
16200,1453,Fresno,1873.0,0.6759783263094521
16201,1453,Fresno,937.0,0.5214027694160145
16202,1453,Fresno,316.0,0.36779048765803735
16203,1453,Fresno,989.0,0.5313967489464179
16204,1461,Fresno,2205.0,0.7196267308850091
16205,1461,Fresno,1882.0,0.677633955448525
16206,1461,Fresno,900.0,0.5155930162552679
16207,1461,Fresno,1402.0,0.6072546658639374
16208,1461,Fresno,879.0,0.5123720650210717
16209,1461,Fresno,1129.0,0.555900060204696
16210,1461,Fresno,897.0,0.5147501505117399
16211,1461,Fresno,2251.0,0.7250150511739916
16212,1461,Fresno,821.0,0.5003612281757978
16213,1461,Fresno,1445.0,0.6150210716435882
16214,1461,Fresno,1927.0,0.6836243226971703
16215,1461,Fresno,1317.0,0.5911800120409392
16216,1461,Fresno,1122.0,0.554846478025286
16217,1461,Fresno,1427.0,0.6116797110174593
16218,1461,Fresno,2173.0,0.7162251655629139
16219,920,Fresno,10166.0,0.9598434677904877
16220,920,Fresno,7475.0,0.9354605659241421
16221,920,Fresno,2795.0,0.7745936183022276
16222,920,Fresno,3506.0,0.8242022877784467
16223,920,Fresno,4360.0,0.8620409391932571
16224,920,Fresno,3887.0,0.840728476821192
16225,920,Fresno,3228.0,0.8073449729078868
16226,2383,Unincorporate,85.0,0.2503010234798314
16227,2383,Unincorporate,107.0,0.27092113184828415
16228,2383,Unincorporate,0.0,0.0
16229,1412,Fresno,66.0,0.2300421432871764
16230,1414,Fresno,69.0,0.2342865743527995
16231,1361,Fresno,157.0,0.303582179409994
16232,1361,Fresno,227.0,0.33558097531607467
16233,1361,Fresno,132.0,0.28750752558699577
16234,1361,Fresno,159.0,0.30421432871764
16235,1361,Fresno,175.0,0.3124322697170379
16236,1361,Fresno,237.0,0.34166164960866946
16237,1361,Fresno,149.0,0.2984647802528597
16238,1361,Fresno,298.0,0.3621312462372065
16239,1361,Fresno,117.0,0.2779349789283564
16240,1361,Fresno,299.0,0.3624623720650211
16241,1361,Fresno,151.0,0.2995183624322697
16242,1361,Fresno,75.0,0.2407585791691752
16243,1361,Fresno,163.0,0.30580975316074654
16244,1361,Fresno,315.0,0.36767007826610476
16245,1361,Fresno,177.0,0.31393738711619507
16246,1361,Fresno,297.0,0.3617700180614088
16247,1361,Fresno,174.0,0.31152919927754363
16248,1361,Fresno,178.0,0.31478025285972305
16249,1416,Fresno,49.0,0.20270921131848285
16250,1363,Fresno,175.0,0.3124322697170379
16251,1363,Fresno,176.0,0.31315472606863337
16252,1363,Fresno,23.0,0.14145093317278748
16253,1363,Fresno,174.0,0.31152919927754363
16254,1363,Fresno,20.0,0.1290487658037327
16255,1363,Fresno,178.0,0.31478025285972305
16256,1363,Fresno,182.0,0.3169175195665262
16257,1363,Fresno,177.0,0.31393738711619507
16258,1363,Fresno,187.0,0.31965683323299215
16259,1418,Fresno,2.0,0.021763997591812162
16260,1418,Fresno,17.0,0.11363636363636363
16261,1364,Fresno,91.0,0.25626128838049367
16262,1364,Fresno,8.0,0.06815171583383504
16263,1419,Fresno,43.0,0.19039735099337748
16264,1419,Fresno,46.0,0.19686935580975315
16265,1419,Fresno,44.0,0.1917519566526189
16266,1419,Fresno,44.0,0.1917519566526189
16267,1419,Fresno,49.0,0.20270921131848285
16268,1365,Fresno,18.0,0.11815171583383503
16269,1365,Fresno,18.0,0.11815171583383503
16270,1365,Fresno,42.0,0.18895243829018663
16271,1420,Fresno,22.0,0.1382299819385912
16272,1420,Fresno,241.0,0.3434978928356412
16273,1366,Fresno,31.0,0.1650812763395545
16274,1366,Fresno,19.0,0.12332931968693558
16275,1366,Fresno,96.0,0.26056592414208307
16276,1366,Fresno,76.0,0.24211318482841662
16277,1366,Fresno,54.0,0.21351595424443107
16278,1366,Fresno,34.0,0.17146297411198075
16279,1370,Fresno,274.0,0.35439494280553885
16280,1370,Fresno,293.0,0.36062612883804934
16281,1370,Fresno,294.0,0.3609271523178808
16282,1370,Fresno,408.0,0.39491270319084887
16283,1367,Fresno,191.0,0.3218844069837447
16284,1367,Fresno,191.0,0.3218844069837447
16285,1367,Fresno,69.0,0.2342865743527995
16286,1367,Fresno,191.0,0.3218844069837447
16287,1367,Fresno,191.0,0.3218844069837447
16288,1367,Fresno,300.0,0.36285370258880195
16289,1367,Fresno,191.0,0.3218844069837447
16290,1367,Fresno,35.0,0.17357013847080072
16291,1367,Fresno,669.0,0.4689644792293799
16292,1367,Fresno,667.0,0.4684226369656833
16293,1367,Fresno,670.0,0.4690848886213125
16294,1367,Fresno,675.0,0.47028898254063817
16295,1367,Fresno,191.0,0.3218844069837447
16296,1367,Fresno,35.0,0.17357013847080072
16297,1367,Fresno,191.0,0.3218844069837447
16298,1367,Fresno,73.0,0.23883202889825406
16299,1367,Fresno,191.0,0.3218844069837447
16300,1367,Fresno,191.0,0.3218844069837447
16301,1367,Fresno,191.0,0.3218844069837447
16302,1367,Fresno,60.0,0.22218543046357617
16303,1367,Fresno,191.0,0.3218844069837447
16304,1367,Fresno,260.0,0.35036122817579773
16305,1371,Fresno,417.0,0.399789283564118
16306,1371,Fresno,438.0,0.4059602649006622
16307,1371,Fresno,521.0,0.429319686935581
16308,1371,Fresno,452.0,0.4102347983142685
16309,1371,Fresno,376.0,0.38473810957254667
16310,1371,Fresno,520.0,0.42901866345574957
16311,1371,Fresno,410.0,0.39596628537025885
16312,1371,Fresno,424.0,0.4015051173991571
16313,1371,Fresno,426.0,0.40249849488260087
16314,1371,Fresno,580.0,0.4464780252859723
16315,1371,Fresno,532.0,0.4334136062612884
16316,1371,Fresno,989.0,0.5313967489464179
16317,1368,Fresno,1010.0,0.534828416616496
16318,1368,Fresno,688.0,0.4726670680313064
16319,1368,Fresno,946.0,0.5235099337748345
16320,1369,Fresno,5443.0,0.8982540638169777
16321,1369,Fresno,2.0,0.021763997591812162
16322,1369,Fresno,4017.0,0.8469295605057194
16323,864,Fresno,1485.0,0.6214027694160145
16324,864,Fresno,1402.0,0.6072546658639374
16325,864,Fresno,1273.0,0.5828717639975918
16326,864,Fresno,1110.0,0.5532811559301626
16327,864,Fresno,1542.0,0.6298615291992775
16328,864,Fresno,1123.0,0.5551475015051174
16329,864,Fresno,1143.0,0.5586694762191451
16330,864,Fresno,1481.0,0.6208007224563517
16331,864,Fresno,1633.0,0.643226971703793
16332,864,Fresno,1125.0,0.5554184226369657
16333,864,Fresno,1668.0,0.6475617098133655
16334,864,Fresno,1521.0,0.6269717037928958
16335,864,Fresno,4178.0,0.854635761589404
16336,864,Fresno,1227.0,0.5754665863937387
16337,864,Fresno,4323.0,0.8602347983142685
16338,864,Fresno,1106.0,0.5527694160144492
16339,864,Fresno,1475.0,0.6198073449729079
16340,864,Fresno,1516.0,0.625948223961469
16341,864,Fresno,1318.0,0.5914810355207706
16342,864,Fresno,1648.0,0.6446417820590006
16343,864,Fresno,1321.0,0.5922937989163155
16344,864,Fresno,1526.0,0.6273931366646598
16345,864,Fresno,1422.0,0.6108669476219145
16346,864,Fresno,4025.0,0.8473810957254666
16347,864,Fresno,1539.0,0.6293497892835641
16348,864,Fresno,1396.0,0.6059903672486454
16349,1372,Fresno,298.0,0.3621312462372065
16350,1372,Fresno,467.0,0.4140878988561108
16351,1372,Fresno,498.0,0.42302829620710414
16352,1372,Fresno,445.0,0.40827814569536425
16353,1372,Fresno,495.0,0.42203491872366045
16354,1372,Fresno,464.0,0.41264298615291994
16355,1372,Fresno,524.0,0.43034316676700785
16356,1372,Fresno,476.0,0.41658639373871165
16357,1372,Fresno,507.0,0.4253762793497893
16358,1372,Fresno,643.0,0.4634256472004816
16359,1372,Fresno,540.0,0.43512944009632754
16360,1372,Fresno,501.0,0.423841059602649
16361,1372,Fresno,558.0,0.43925346177001806
16362,1372,Fresno,465.0,0.41297411198073447
16363,1372,Fresno,440.0,0.4067128236002408
16364,1373,Fresno,1005.0,0.5340758579169175
16365,1373,Fresno,3328.0,0.8149307645996388
16366,1373,Fresno,1699.0,0.6517459361830222
16367,866,Fresno,6541.0,0.9210716435881999
16368,866,Fresno,3916.0,0.8419626730885009
16369,866,Fresno,4250.0,0.8574954846478026
16370,866,Fresno,5108.0,0.8881998795906081
16371,866,Fresno,6818.0,0.9257074051776039
16372,866,Fresno,6770.0,0.9248344370860927
16373,866,Fresno,1938.0,0.6848284166164961
16374,866,Fresno,6688.0,0.9233594220349187
16375,866,Fresno,4431.0,0.8643889223359422
16376,866,Fresno,6764.0,0.9247441300421433
16377,866,Fresno,6744.0,0.9243829018663455
16378,866,Fresno,6770.0,0.9248344370860927
16379,641,Fresno,0.0,0.0
16380,641,Fresno,14609.0,0.9712823600240819
16381,641,Fresno,14693.0,0.9716435881998796
16382,641,Fresno,5.0,0.050752558699578565
16383,641,Fresno,29336.0,0.9859723058398555
16384,881,Fresno,3675.0,0.8324503311258278
16385,881,Fresno,4902.0,0.8807043949428055
16386,881,Fresno,2660.0,0.7627633955448525
16387,881,Fresno,4475.0,0.866014449127032
16388,644,Fresno,42758.0,0.9936183022275737
16389,644,Fresno,30547.0,0.9872968091511138
16390,644,Fresno,30891.0,0.9881998795906081
16391,644,Fresno,26876.0,0.9835641180012041
16392,644,Fresno,43567.0,0.9943708609271523
16393,644,Fresno,41921.0,0.992414208308248
16394,644,Fresno,42735.0,0.9935580975316075
16395,2423,Unincorporate,0.0,0.0
16396,2423,Unincorporate,9.0,0.07393136664659844
16397,871,Fresno,4416.0,0.8639072847682119
16398,871,Fresno,4383.0,0.8629741119807345
16399,871,Fresno,1786.0,0.6629139072847682
16400,865,Fresno,2071.0,0.7018061408789885
16401,865,Fresno,1518.0,0.6262793497892836
16402,865,Fresno,1370.0,0.6016255267910897
16403,865,Fresno,1828.0,0.6692956050571944
16404,865,Fresno,1373.0,0.6020770620108369
16405,865,Fresno,1534.0,0.6283263094521373
16406,865,Fresno,1520.0,0.6267308850090307
16407,865,Fresno,3862.0,0.8397049969897652
16408,865,Fresno,1248.0,0.5785069235400361
16409,865,Fresno,1790.0,0.6636363636363637
16410,865,Fresno,2037.0,0.6965984346779048
16411,865,Fresno,1675.0,0.6486453943407586
16412,865,Fresno,2233.0,0.7230885009030704
16413,865,Fresno,3934.0,0.8429861529199277
16414,865,Fresno,2261.0,0.7257977122215533
16415,865,Fresno,1535.0,0.6285069235400361
16416,865,Fresno,2141.0,0.7112883804936785
16417,865,Fresno,1874.0,0.6763094521372667
16418,865,Fresno,1566.0,0.6326610475617098
16419,865,Fresno,1332.0,0.5947922937989163
16420,865,Fresno,1818.0,0.6676700782661048
16421,865,Fresno,1599.0,0.6381998795906081
16422,865,Fresno,1443.0,0.6146598434677905
16423,865,Fresno,1777.0,0.6614689945815774
16424,865,Fresno,3582.0,0.8282059000602047
16425,865,Fresno,1873.0,0.6759783263094521
16426,865,Fresno,1912.0,0.6813365442504515
16427,865,Fresno,1450.0,0.6159241420830824
16428,865,Fresno,1387.0,0.6043347381095725
16429,865,Fresno,1431.0,0.6126730885009031
16430,865,Fresno,3881.0,0.8403371462974112
16431,865,Fresno,1785.0,0.6626128838049368
16432,865,Fresno,1915.0,0.6817579771222155
16433,865,Fresno,1534.0,0.6283263094521373
16434,872,Fresno,1915.0,0.6817579771222155
16435,872,Fresno,1842.0,0.6710114388922336
16436,872,Fresno,2211.0,0.7201384708007225
16437,872,Fresno,1952.0,0.6863636363636364
16438,872,Fresno,1893.0,0.6789584587597832
16439,872,Fresno,4606.0,0.8714027694160145
16440,872,Fresno,1606.0,0.6394039735099337
16441,872,Fresno,4278.0,0.8587597832630945
16442,872,Fresno,1525.0,0.627212522576761
16443,872,Fresno,1920.0,0.6826008428657435
16444,872,Fresno,3026.0,0.7923239012642986
16445,872,Fresno,5606.0,0.9024683925346177
16446,872,Fresno,1489.0,0.6218543046357616
16447,872,Fresno,1631.0,0.6428958458759784
16448,872,Fresno,1505.0,0.6247140276941602
16449,872,Fresno,1877.0,0.6768512944009633
16450,872,Fresno,1896.0,0.6793497892835642
16451,872,Fresno,1629.0,0.6425647200481638
16452,872,Fresno,1700.0,0.651896447922938
16453,872,Fresno,2270.0,0.7265201685731487
16454,872,Fresno,3165.0,0.8028597230583986
16455,872,Fresno,1823.0,0.6685430463576159
16456,872,Fresno,1670.0,0.6479831426851295
16457,872,Fresno,1937.0,0.6847381095725467
16458,872,Fresno,1958.0,0.687326911499097
16459,872,Fresno,1412.0,0.6088801926550271
16460,872,Fresno,2346.0,0.7336243226971704
16461,866,Fresno,1596.0,0.6377483443708609
16462,866,Fresno,7449.0,0.9351896447922938
16463,866,Fresno,4616.0,0.8717037928958459
16464,866,Fresno,4076.0,0.8493979530403372
16465,866,Fresno,7143.0,0.9305237808549067
16466,866,Fresno,7201.0,0.9313064419024684
16467,866,Fresno,5462.0,0.8987959060806743
16468,866,Fresno,7076.0,0.9293798916315472
16469,866,Fresno,7607.0,0.937748344370861
16470,866,Fresno,3524.0,0.8253461770018061
16471,866,Fresno,6273.0,0.9165562913907285
16472,866,Fresno,4296.0,0.8593618302227574
16473,866,Fresno,4520.0,0.8678205900060205
16474,866,Fresno,5221.0,0.8915111378687538
16475,866,Fresno,7340.0,0.9339554485249849
16476,866,Fresno,6375.0,0.9189042745334136
16477,866,Fresno,1396.0,0.6059903672486454
16478,866,Fresno,6696.0,0.9234798314268513
16479,866,Fresno,6891.0,0.9264900662251656
16480,866,Fresno,7286.0,0.9331125827814569
16481,866,Fresno,5692.0,0.9046959662853703
16482,866,Fresno,6593.0,0.9218844069837447
16483,873,Fresno,3493.0,0.8235701384708007
16484,873,Fresno,4137.0,0.8526791089704997
16485,873,Fresno,6536.0,0.9210114388922336
16486,873,Fresno,3126.0,0.8003311258278145
16487,873,Fresno,2710.0,0.7668272125225768
16488,873,Fresno,5637.0,0.9031005418422637
16489,873,Fresno,3172.0,0.8034918723660446
16490,873,Fresno,6157.0,0.9141782059000602
16491,873,Fresno,5090.0,0.8876580373269115
16492,873,Fresno,6378.0,0.918994581577363
16493,873,Fresno,17022.0,0.9752558699578567
16494,873,Fresno,4313.0,0.8598735701384708
16495,873,Fresno,4223.0,0.8561408789885611
16496,873,Fresno,4332.0,0.8603853100541842
16497,873,Fresno,4569.0,0.8696568332329921
16498,873,Fresno,16815.0,0.974894641782059
16499,873,Fresno,2927.0,0.7848585189644792
16500,873,Fresno,4982.0,0.884166164960867
16501,873,Fresno,8533.0,0.9495484647802529
16502,873,Fresno,6546.0,0.9211318482841662
16503,873,Fresno,2237.0,0.7236002408187838
16504,873,Fresno,6234.0,0.9153521974714027
16505,873,Fresno,2043.0,0.697682119205298
16506,874,Fresno,6400.0,0.9193859121011438
16507,874,Fresno,26282.0,0.9828416616496086
16508,874,Fresno,7009.0,0.928476821192053
16509,874,Fresno,7989.0,0.9427754364840457
16510,874,Fresno,7318.0,0.9337748344370861
16511,874,Fresno,7629.0,0.9383503913305238
16512,874,Fresno,21156.0,0.9792293798916315
16513,874,Fresno,16931.0,0.9751354605659242
16514,874,Fresno,6293.0,0.9171583383503913
16515,874,Fresno,16844.0,0.9749548464780253
16516,874,Fresno,18486.0,0.977001806140879
16517,875,Fresno,8627.0,0.9503311258278145
16518,875,Fresno,7717.0,0.9395544852498495
16519,875,Fresno,20842.0,0.9788079470198675
16520,875,Fresno,20981.0,0.9789283564118001
16521,875,Fresno,7363.0,0.9342865743527995
16522,875,Fresno,8785.0,0.951475015051174
16523,875,Fresno,8432.0,0.9482239614689946
16524,867,Fresno,5873.0,0.9086694762191451
16525,867,Fresno,5303.0,0.8945815773630343
16526,867,Fresno,5573.0,0.9015653220951234
16527,867,Fresno,7982.0,0.9426249247441301
16528,867,Fresno,7536.0,0.9366044551475015
16529,867,Fresno,10168.0,0.9599036724864539
16530,867,Fresno,18093.0,0.9764599638771824
16531,867,Fresno,19560.0,0.9779650812763395
16532,867,Fresno,5775.0,0.9065021071643589
16533,867,Fresno,7178.0,0.9310656231186033
16534,867,Fresno,7914.0,0.9419024683925347
16535,867,Fresno,21898.0,0.9796508127633955
16536,867,Fresno,6697.0,0.9235701384708007
16537,867,Fresno,7805.0,0.9405177603853101
16538,867,Fresno,7245.0,0.9324503311258279
16539,867,Fresno,11062.0,0.9622516556291391
16540,867,Fresno,17947.0,0.9763395544852499
16541,867,Fresno,5726.0,0.9055388320288983
16542,867,Fresno,6407.0,0.9195063214930764
16543,867,Fresno,5843.0,0.9079470198675497
16544,867,Fresno,10223.0,0.9600842865743529
16545,867,Fresno,5896.0,0.9087898856110777
16546,867,Fresno,6462.0,0.9200782661047562
16547,867,Fresno,6163.0,0.9144792293798917
16548,867,Fresno,7809.0,0.9406080674292595
16549,867,Fresno,6378.0,0.918994581577363
16550,867,Fresno,6156.0,0.9140878988561107
16551,867,Fresno,5386.0,0.8970499698976521
16552,867,Fresno,5998.0,0.910776640577965
16553,867,Fresno,6651.0,0.9226971703792896
16554,867,Fresno,17713.0,0.9762793497892835
16555,876,Fresno,17054.0,0.975316074653823
16556,876,Fresno,26105.0,0.9825406381697772
16557,876,Fresno,28243.0,0.9847682119205298
16558,876,Fresno,7845.0,0.9413606261288381
16559,876,Fresno,8017.0,0.9430463576158941
16560,876,Fresno,8422.0,0.9480433473810957
16561,876,Fresno,26373.0,0.9829620710415412
16562,876,Fresno,29265.0,0.9856712823600241
16563,876,Fresno,7584.0,0.9373871161950632
16564,876,Fresno,16962.0,0.9751956652618904
16565,876,Fresno,7223.0,0.9318482841661649
16566,876,Fresno,16308.0,0.9745936183022276
16567,876,Fresno,30153.0,0.9869957856712823
16568,876,Fresno,17408.0,0.9757977122215533
16569,876,Fresno,7645.0,0.93841059602649
16570,876,Fresno,18115.0,0.9765201685731487
16571,876,Fresno,19075.0,0.9776038531005419
16572,876,Fresno,7283.0,0.9329319686935581
16573,876,Fresno,8135.0,0.9444310656231186
16574,876,Fresno,16799.0,0.9748344370860927
16575,876,Fresno,28358.0,0.9849488260084287
16576,877,Fresno,16575.0,0.9747742323901264
16577,877,Fresno,17104.0,0.9754364840457556
16578,877,Fresno,29360.0,0.9860325105358217
16579,877,Fresno,27315.0,0.9842865743527995
16580,877,Fresno,28924.0,0.9854304635761589
16581,877,Fresno,29030.0,0.9855508729680915
16582,877,Fresno,17362.0,0.975737507525587
16583,877,Fresno,26209.0,0.9826610475617098
16584,877,Fresno,24710.0,0.9822396146899458
16585,877,Fresno,15265.0,0.9730282962071042
16586,877,Fresno,16845.0,0.9750150511739916
16587,877,Fresno,18503.0,0.9770620108368453
16588,877,Fresno,28985.0,0.9854906682721253
16589,877,Fresno,17495.0,0.9758579169175196
16590,868,Fresno,8384.0,0.9476219145093318
16591,868,Fresno,18796.0,0.9774232390126429
16592,868,Fresno,29593.0,0.9865743527995183
16593,868,Fresno,8386.0,0.947682119205298
16594,868,Fresno,7705.0,0.9392534617700181
16595,868,Fresno,8373.0,0.9474413004214328
16596,868,Fresno,19014.0,0.9775436484045755
16597,868,Fresno,18656.0,0.9772727272727273
16598,868,Fresno,29804.0,0.9867549668874173
16599,869,Fresno,6961.0,0.9276640577965082
16600,869,Fresno,14025.0,0.9697170379289585
16601,869,Fresno,6189.0,0.9146598434677905
16602,869,Fresno,3786.0,0.8366345574954847
16603,869,Fresno,7281.0,0.9328717639975919
16604,869,Fresno,6080.0,0.9128236002408188
16605,869,Fresno,15230.0,0.9729078868151716
16606,869,Fresno,6257.0,0.9159542444310657
16607,869,Fresno,14668.0,0.9714629741119807
16608,869,Fresno,6331.0,0.9180915111378688
16609,869,Fresno,6471.0,0.9202889825406382
16610,869,Fresno,7144.0,0.930583985550873
16611,869,Fresno,7802.0,0.9404575556893437
16612,869,Fresno,5825.0,0.9075857916917519
16613,869,Fresno,6318.0,0.9178807947019868
16614,869,Fresno,7202.0,0.9313967489464178
16615,869,Fresno,6331.0,0.9180915111378688
16616,869,Fresno,7216.0,0.9316676700782661
16617,878,Fresno,34063.0,0.990307043949428
16618,878,Fresno,29568.0,0.9863937387116195
16619,878,Fresno,30998.0,0.9884406983744732
16620,878,Fresno,29706.0,0.9866947621914509
16621,878,Fresno,34228.0,0.9904274533413606
16622,878,Fresno,30330.0,0.9871161950632149
16623,879,Fresno,6857.0,0.9261890427453341
16624,879,Fresno,15087.0,0.9728476821192052
16625,879,Fresno,10.0,0.07874774232390126
16626,879,Fresno,17583.0,0.9760385310054184
16627,879,Fresno,2801.0,0.7751956652618904
16628,879,Fresno,13657.0,0.9685731487055991
16629,879,Fresno,18085.0,0.9763997591812161
16630,879,Fresno,29427.0,0.9862131246237207
16631,879,Fresno,27464.0,0.9844069837447321
16632,879,Fresno,18656.0,0.9772727272727273
16633,879,Fresno,22186.0,0.979951836243227
16634,879,Fresno,4180.0,0.8547260686333534
16635,879,Fresno,15336.0,0.9734497290788682
16636,879,Fresno,17554.0,0.9759783263094521
16637,879,Fresno,2.0,0.021763997591812162
16638,879,Fresno,12054.0,0.9644792293798916
16639,879,Fresno,3304.0,0.8128236002408188
16640,879,Fresno,15080.0,0.9727272727272728
16641,879,Fresno,15334.0,0.9733895243829018
16642,879,Fresno,12567.0,0.9661649608669476
16643,879,Fresno,14617.0,0.9713425647200482
16644,879,Fresno,8327.0,0.9467188440698374
16645,879,Fresno,29322.0,0.9859121011438893
16646,641,Fresno,13988.0,0.9695364238410596
16647,641,Fresno,29367.0,0.9860927152317881
16648,641,Fresno,9501.0,0.9562913907284768
16649,641,Fresno,0.0,0.0
16650,641,Fresno,9509.0,0.9563515954244431
16651,641,Fresno,23978.0,0.9818181818181818
16652,870,Fresno,13937.0,0.9692956050571945
16653,870,Fresno,14761.0,0.9717037928958459
16654,870,Fresno,3937.0,0.8431065623118603
16655,870,Fresno,6661.0,0.922787477423239
16656,870,Fresno,1918.0,0.6823299217338953
16657,870,Fresno,3224.0,0.8069837447320891
16658,870,Fresno,2373.0,0.7364238410596027
16659,870,Fresno,2806.0,0.7758278145695364
16660,870,Fresno,5483.0,0.8992775436484046
16661,870,Fresno,3143.0,0.8012341962673089
16662,870,Fresno,14222.0,0.970258880192655
16663,870,Fresno,14831.0,0.9720650210716436
16664,880,Fresno,15083.0,0.972787477423239
16665,880,Fresno,12162.0,0.964960866947622
16666,880,Fresno,12094.0,0.9645996387718242
16667,880,Fresno,3983.0,0.8457555689343769
16668,880,Fresno,11210.0,0.9624924744130042
16669,880,Fresno,3788.0,0.8368753762793498
16670,880,Fresno,12216.0,0.9653220951234196
16671,880,Fresno,15321.0,0.9732390126429862
16672,880,Fresno,3789.0,0.8370258880192655
16673,880,Fresno,12215.0,0.9652618904274534
16674,880,Fresno,14828.0,0.9720048163756773
16675,880,Fresno,15350.0,0.9735099337748344
16676,880,Fresno,11306.0,0.9627934978928356
16677,643,Fresno,135.0,0.2887116195063215
16678,643,Fresno,29474.0,0.9862733293196869
16679,643,Fresno,29512.0,0.9863335340156533
16680,1061,Fresno,5.0,0.050752558699578565
16681,1061,Fresno,2825.0,0.7770620108368452
16682,1061,Fresno,2766.0,0.7717338952438291
16683,1061,Fresno,2706.0,0.7666164960866948
16684,1061,Fresno,3425.0,0.8201083684527393
16685,1061,Fresno,2705.0,0.7665261890427454
16686,1061,Fresno,2703.0,0.7664057796508128
16687,1061,Fresno,2774.0,0.7726068633353401
16688,1061,Fresno,5020.0,0.8855508729680915
16689,1061,Fresno,3383.0,0.8177302829620711
16690,1071,Fresno,2569.0,0.7550872968091511
16691,1082,Fresno,2639.0,0.7606562311860325
16692,1082,Fresno,2213.0,0.7204394942805539
16693,1082,Fresno,2467.0,0.7453943407585791
16694,1082,Fresno,3718.0,0.8338952438290187
16695,1082,Fresno,3371.0,0.8173690547862733
16696,2391,Unincorporate,4.0,0.04298615291992775
16697,2409,Unincorporate,5.0,0.050752558699578565
16698,2409,Unincorporate,115.0,0.2762492474413004
16699,2392,Unincorporate,13.0,0.09331727874774233
16700,2410,Unincorporate,13.0,0.09331727874774233
16701,2410,Unincorporate,26.0,0.1517760385310054
16702,2393,Unincorporate,2.0,0.021763997591812162
16703,2393,Unincorporate,0.0,0.0
16704,2411,Unincorporate,0.0,0.0
16705,2411,Unincorporate,1.0,0.007465382299819386
16706,2411,Unincorporate,0.0,0.0
16707,2411,Unincorporate,0.0,0.0
16708,2394,Unincorporate,1.0,0.007465382299819386
16709,2412,Unincorporate,0.0,0.0
16710,1421,Fresno,302.0,0.36351595424443106
16711,1421,Fresno,59.0,0.2213726670680313
16712,801,Fresno,541.0,0.43534015653220953
16713,1422,Fresno,415.0,0.39888621312462375
16714,1422,Fresno,308.0,0.36499096929560504
16715,1422,Fresno,488.0,0.4199277543648405
16716,721,Fresno,481.0,0.4179108970499699
16717,721,Fresno,65.0,0.22859723058398554
16718,721,Fresno,246.0,0.34581577363034316
16719,725,Fresno,101.0,0.26619506321493075
16720,725,Fresno,55.0,0.21559301625526792
16721,727,Fresno,101.0,0.26619506321493075
16722,727,Fresno,217.0,0.3329319686935581
16723,727,Fresno,0.0,0.0
16724,1375,Fresno,197.0,0.32480433473810955
16725,1375,Fresno,290.0,0.3598735701384708
16726,1375,Fresno,113.0,0.27474413004214326
16727,723,Fresno,418.0,0.40003010234798314
16728,1375,Fresno,765.0,0.4895544852498495
16729,729,Fresno,682.0,0.4716435881998796
16730,729,Fresno,415.0,0.39888621312462375
16731,1376,Fresno,240.0,0.3428657435279952
16732,1376,Fresno,1.0,0.007465382299819386
16733,724,Fresno,1242.0,0.5776038531005419
16734,724,Fresno,1180.0,0.5670680313064419
16735,731,Fresno,1177.0,0.5662552679108971
16736,731,Fresno,1478.0,0.6202889825406381
16737,1377,Fresno,1168.0,0.5646598434677905
16738,1377,Fresno,1218.0,0.5742022877784467
16739,1377,Fresno,1418.0,0.6101444912703191
16740,1377,Fresno,1169.0,0.5648404575556893
16741,1377,Fresno,1216.0,0.5739313666465984
16742,1378,Fresno,487.0,0.4194461167971102
16743,1378,Fresno,1251.0,0.5791992775436484
16744,1378,Fresno,621.0,0.45728476821192054
16745,1378,Fresno,1487.0,0.6216736905478627
16746,1378,Fresno,1276.0,0.5833835039133053
16747,1378,Fresno,1182.0,0.5676399759181217
16748,1378,Fresno,1254.0,0.579530403371463
16749,1378,Fresno,1444.0,0.6148404575556894
16750,1378,Fresno,1250.0,0.5788681517158338
16751,1378,Fresno,1365.0,0.6008729680915111
16752,1378,Fresno,1282.0,0.5848886213124623
16753,1378,Fresno,1511.0,0.625316074653823
16754,733,Fresno,806.0,0.49765201685731486
16755,734,Fresno,235.0,0.34108970499698976
16756,881,Fresno,3160.0,0.8024081878386514
16757,881,Fresno,3397.0,0.8188440698374473
16758,1379,Fresno,2010.0,0.6935580975316075
16759,1379,Fresno,1225.0,0.5750752558699579
16760,1379,Fresno,703.0,0.47537627934978927
16761,1379,Fresno,3388.0,0.8180614087898856
16762,882,Fresno,5281.0,0.8939193257074052
16763,882,Fresno,4637.0,0.872576760987357
16764,882,Fresno,3780.0,0.8364238410596027
16765,882,Fresno,8244.0,0.9456652618904274
16766,882,Fresno,3682.0,0.8328115593016255
16767,882,Fresno,4090.0,0.8503010234798314
16768,882,Fresno,0.0,0.0
16769,882,Fresno,0.0,0.0
16770,882,Fresno,6151.0,0.9140276941601445
16771,882,Fresno,16309.0,0.9746538229981938
16772,882,Fresno,16875.0,0.9750752558699578
16773,882,Fresno,4130.0,0.85210716435882
16774,634,Fresno,27139.0,0.9841059602649007
16775,634,Fresno,24489.0,0.9821192052980132
16776,634,Fresno,30775.0,0.9879590608067429
16777,634,Fresno,30800.0,0.9880794701986755
16778,634,Fresno,17166.0,0.9754966887417219
16779,634,Fresno,27003.0,0.9836845273931366
16780,635,Fresno,28580.0,0.9850692354003612
16781,635,Fresno,30774.0,0.9878988561107767
16782,635,Fresno,30966.0,0.9883804936785069
16783,635,Fresno,26489.0,0.9832630945213726
16784,636,Fresno,30674.0,0.9875075255869958
16785,636,Fresno,29267.0,0.9857314870559903
16786,636,Fresno,29293.0,0.9857916917519567
16787,636,Fresno,40761.0,0.9921131848284166
16788,636,Fresno,25954.0,0.9824202287778446
16789,636,Fresno,29899.0,0.9868151715833835
16790,636,Fresno,40513.0,0.9919325707405178
16791,636,Fresno,45934.0,0.9976520168573149
16792,636,Fresno,30611.0,0.9873570138470801
16793,636,Fresno,38366.0,0.991330523780855
16794,636,Fresno,30692.0,0.9876279349789283
16795,636,Fresno,38417.0,0.9913907284768212
16796,636,Fresno,18925.0,0.9774834437086093
16797,636,Fresno,27107.0,0.9839253461770018
16798,636,Fresno,38513.0,0.9914509331727874
16799,638,Fresno,45636.0,0.9972907886815171
16800,638,Fresno,30930.0,0.9883202889825407
16801,638,Fresno,32197.0,0.9897049969897652
16802,638,Fresno,45983.0,0.9978326309452137
16803,638,Fresno,38545.0,0.99157134256472
16804,638,Fresno,45477.0,0.9969295605057195
16805,638,Fresno,42195.0,0.9926550270921132
16806,638,Fresno,45224.0,0.9965382299819386
16807,640,Fresno,44150.0,0.9948826008428657
16808,640,Fresno,46097.0,0.9980734497290789
16809,640,Fresno,46730.0,0.998735701384708
16810,640,Fresno,45224.0,0.9965382299819386
16811,642,Fresno,26448.0,0.9830824804334738
16812,642,Fresno,13327.0,0.9679711017459361
16813,642,Fresno,35672.0,0.990728476821192
16814,642,Fresno,41167.0,0.9922335942203492
16815,642,Fresno,34715.0,0.9904876580373269
16816,642,Fresno,15463.0,0.9735701384708008
16817,642,Fresno,28268.0,0.9848284166164961
16818,642,Fresno,42356.0,0.9930162552679109
16819,642,Fresno,42452.0,0.9930764599638772
16820,642,Fresno,35298.0,0.9906682721252258
16821,642,Fresno,30674.0,0.9875075255869958
16822,642,Fresno,29583.0,0.9865141481035521
16823,642,Fresno,27094.0,0.9838651414810355
16824,642,Fresno,30692.0,0.9876279349789283
16825,642,Fresno,45603.0,0.9972305839855509
16826,642,Fresno,45252.0,0.9966887417218543
16827,642,Fresno,45027.0,0.9962673088500903
16828,642,Fresno,34915.0,0.9906080674292594
16829,642,Fresno,41212.0,0.9922937989163154
16830,642,Fresno,33311.0,0.9901866345574954
16831,642,Fresno,31044.0,0.9886815171583383
16832,642,Fresno,40493.0,0.9918723660445514
16833,642,Fresno,27193.0,0.984166164960867
16834,642,Fresno,42457.0,0.9931366646598435
16835,642,Fresno,44502.0,0.9954846478025285
16836,642,Fresno,45447.0,0.9967489464178206
16837,644,Fresno,42166.0,0.9925948223961469
16838,644,Fresno,6.0,0.05770620108368453
16839,644,Fresno,40985.0,0.9921733895243829
16840,644,Fresno,34111.0,0.9903672486453944
16841,644,Fresno,28157.0,0.9847080072245635
16842,644,Fresno,40196.0,0.9918121613485852
16843,644,Fresno,14762.0,0.9717639975918122
16844,644,Fresno,44732.0,0.9959662853702589
16845,644,Fresno,28634.0,0.9851294400963275
16846,644,Fresno,17266.0,0.9756170981336544
16847,1091,Fresno,27015.0,0.983744732089103
16848,1091,Fresno,9217.0,0.9541240216736906
16849,1091,Fresno,3212.0,0.8063816977724263
16850,1091,Fresno,17269.0,0.9756773028296207
16851,1091,Fresno,22825.0,0.9806742925948224
16852,1091,Fresno,23080.0,0.9810957254665864
16853,1091,Fresno,23692.0,0.9816977724262492
16854,1091,Fresno,17631.0,0.9760987357013847
16855,1091,Fresno,24093.0,0.9819385912101144
16856,1091,Fresno,2662.0,0.7631547260686333
16857,1091,Fresno,4342.0,0.8609572546658639
16858,1091,Fresno,22644.0,0.980373269114991
16859,2414,Unincorporate,67.0,0.23169777242624925
16860,2414,Unincorporate,58.0,0.2197471402769416
16861,2414,Unincorporate,59.0,0.2213726670680313
16862,2415,Unincorporate,0.0,0.0
16863,2415,Unincorporate,0.0,0.0
16864,2416,Unincorporate,36.0,0.17606863335340156
16865,2416,Unincorporate,20.0,0.1290487658037327
16866,2419,Unincorporate,9.0,0.07393136664659844
16867,2419,Unincorporate,20.0,0.1290487658037327
16868,2419,Unincorporate,9.0,0.07393136664659844
16869,2419,Unincorporate,9.0,0.07393136664659844
16870,2419,Unincorporate,0.0,0.0
16871,2419,Unincorporate,22.0,0.1382299819385912
16872,2419,Unincorporate,9.0,0.07393136664659844
16873,2419,Unincorporate,18.0,0.11815171583383503
16874,2420,Unincorporate,54.0,0.21351595424443107
16875,2417,Unincorporate,0.0,0.0
16876,2421,Unincorporate,25.0,0.14864539434075857
16877,2421,Unincorporate,24.0,0.1451234196267309
16878,803,Fresno,53.0,0.21080674292594823
16879,805,Fresno,58.0,0.2197471402769416
16880,805,Fresno,58.0,0.2197471402769416
16881,805,Fresno,54.0,0.21351595424443107
16882,804,Fresno,22.0,0.1382299819385912
16883,804,Fresno,20.0,0.1290487658037327
16884,804,Fresno,20.0,0.1290487658037327
16885,804,Fresno,20.0,0.1290487658037327
16886,804,Fresno,2.0,0.021763997591812162
16887,804,Fresno,18.0,0.11815171583383503
16888,804,Fresno,6.0,0.05770620108368453
16889,806,Fresno,21.0,0.1343467790487658
16890,806,Fresno,26.0,0.1517760385310054
16891,738,Fresno,72.0,0.23783865141481036
16892,738,Fresno,68.0,0.23305237808549067
16893,807,Fresno,65.0,0.22859723058398554
16894,807,Fresno,426.0,0.40249849488260087
16895,807,Fresno,21.0,0.1343467790487658
16896,807,Fresno,421.0,0.4009030704394943
16897,739,Fresno,86.0,0.251475015051174
16898,739,Fresno,738.0,0.4847682119205298
16899,739,Fresno,86.0,0.251475015051174
16900,739,Fresno,101.0,0.26619506321493075
16901,739,Fresno,99.0,0.26462974111980736
16902,739,Fresno,1.0,0.007465382299819386
16903,739,Fresno,114.0,0.2753762793497893
16904,739,Fresno,659.0,0.46664659843467793
16905,747,Fresno,97.0,0.26222155328115593
16906,747,Fresno,59.0,0.2213726670680313
16907,747,Fresno,64.0,0.227423239012643
16908,747,Fresno,111.0,0.2730583985550873
16909,747,Fresno,247.0,0.34629741119807345
16910,740,Fresno,960.0,0.5267308850090308
16911,740,Fresno,338.0,0.37408187838651413
16912,740,Fresno,352.0,0.37808549066827213
16913,741,Fresno,2338.0,0.7328717639975918
16914,741,Fresno,2849.0,0.7791992775436484
16915,741,Fresno,2845.0,0.7787176399759181
16916,741,Fresno,2037.0,0.6965984346779048
16917,741,Fresno,2374.0,0.7365442504515353
16918,741,Fresno,1808.0,0.6662251655629139
16919,748,Fresno,1495.0,0.6230583985550873
16920,748,Fresno,871.0,0.5109271523178808
16921,748,Fresno,392.0,0.3897049969897652
16922,748,Fresno,1497.0,0.6233895243829018
16923,748,Fresno,1325.0,0.5932871763997591
16924,748,Fresno,597.0,0.4506020469596628
16925,748,Fresno,420.0,0.400632149307646
16926,748,Fresno,841.0,0.5053281155930163
16927,748,Fresno,1378.0,0.6031908488862131
16928,748,Fresno,1924.0,0.6831727874774233
16929,748,Fresno,963.0,0.5275737507525587
16930,748,Fresno,324.0,0.36992775436484043
16931,748,Fresno,447.0,0.40872968091511136
16932,748,Fresno,1735.0,0.6560505719446117
16933,748,Fresno,397.0,0.39151113786875374
16934,748,Fresno,906.0,0.5164057796508128
16935,748,Fresno,1591.0,0.6366044551475015
16936,748,Fresno,430.0,0.4034617700180614
16937,748,Fresno,329.0,0.3714930764599639
16938,748,Fresno,322.0,0.3696568332329922
16939,748,Fresno,258.0,0.349789283564118
16940,748,Fresno,248.0,0.3469596628537026
16941,748,Fresno,255.0,0.34903672486453946
16942,748,Fresno,373.0,0.3840457555689344
16943,748,Fresno,1674.0,0.6484647802528597
16944,748,Fresno,963.0,0.5275737507525587
16945,748,Fresno,432.0,0.40409391932570743
16946,748,Fresno,1321.0,0.5922937989163155
16947,748,Fresno,1037.0,0.5390126429861529
16948,2423,Unincorporate,11.0,0.08383503913305237
16949,2424,Unincorporate,44.0,0.1917519566526189
16950,2424,Unincorporate,2.0,0.021763997591812162
16951,761,Fresno,2432.0,0.7422937989163154
16952,1165,Fresno,1763.0,0.6592414208308248
16953,726,Fresno,0.0,0.0
16954,697,Fresno,43567.0,0.9943708609271523
16955,698,Fresno,43018.0,0.9938591210114389
16956,1108,Fresno,28506.0,0.9850090307043949
16957,1108,Fresno,26152.0,0.9826008428657436
16958,1108,Fresno,35962.0,0.9907886815171584
16959,1108,Fresno,36975.0,0.990909090909091
16960,1108,Fresno,31785.0,0.9893437688139675
16961,749,Fresno,17066.0,0.9753762793497893
16962,749,Fresno,2390.0,0.7379590608067429
16963,749,Fresno,5594.0,0.9021673690547862
16964,749,Fresno,21057.0,0.979108970499699
16965,749,Fresno,21009.0,0.9789885611077664
16966,749,Fresno,1890.0,0.6786574352799518
16967,749,Fresno,1724.0,0.6547260686333534
16968,749,Fresno,12962.0,0.9670078266104756
16969,749,Fresno,16233.0,0.9744130042143287
16970,749,Fresno,2052.0,0.6989163154726069
16971,749,Fresno,2024.0,0.6947922937989163
16972,749,Fresno,2077.0,0.7025888019265503
16973,749,Fresno,2078.0,0.7027694160144491
16974,749,Fresno,1868.0,0.6748344370860927
16975,749,Fresno,12015.0,0.9641782059000602
16976,2425,Unincorporate,23.0,0.14145093317278748
16977,2427,Unincorporate,12.0,0.08880192655027092
16978,2428,Unincorporate,528.0,0.4322998193859121
16979,2428,Unincorporate,445.0,0.40827814569536425
16980,808,Fresno,863.0,0.5099337748344371
16981,809,Fresno,45.0,0.1942203491872366
16982,810,Fresno,458.0,0.4113786875376279
16983,810,Fresno,49.0,0.20270921131848285
16984,752,Fresno,283.0,0.3571342564720048
16985,752,Fresno,453.0,0.4105960264900662
16986,752,Fresno,498.0,0.42302829620710414
16987,752,Fresno,1844.0,0.6711619506321493
16988,752,Fresno,3164.0,0.8027694160144492
16989,752,Fresno,1892.0,0.6788681517158338
16990,752,Fresno,1677.0,0.6490066225165563
16991,752,Fresno,476.0,0.41658639373871165
16992,762,Fresno,5.0,0.050752558699578565
16993,753,Fresno,900.0,0.5155930162552679
16994,753,Fresno,1268.0,0.5818181818181818
16995,753,Fresno,716.0,0.47895845875978327
16996,753,Fresno,625.0,0.4585189644792294
16997,753,Fresno,495.0,0.42203491872366045
16998,753,Fresno,767.0,0.49015653220951233
16999,753,Fresno,768.0,0.4904274533413606
17000,753,Fresno,2633.0,0.760114388922336
17001,753,Fresno,2496.0,0.7493076459963878
17002,753,Fresno,1886.0,0.6781456953642384
17003,753,Fresno,1415.0,0.6093016255267911
17004,753,Fresno,0.0,0.0
17005,753,Fresno,304.0,0.36405779650812764
17006,753,Fresno,636.0,0.46122817579771225
17007,753,Fresno,906.0,0.5164057796508128
17008,753,Fresno,1360.0,0.5996989765201686
17009,753,Fresno,395.0,0.39081878386514146
17010,753,Fresno,34.0,0.17146297411198075
17011,763,Fresno,56.0,0.21694762191450934
17012,763,Fresno,61.0,0.22296809151113786
17013,755,Fresno,1171.0,0.5650812763395545
17014,755,Fresno,3002.0,0.7906682721252257
17015,755,Fresno,1734.0,0.6559000602046959
17016,755,Fresno,1125.0,0.5554184226369657
17017,755,Fresno,3022.0,0.7920228777844672
17018,755,Fresno,1459.0,0.6169777242624924
17019,755,Fresno,2754.0,0.7702889825406382
17020,755,Fresno,1686.0,0.6504515352197472
17021,755,Fresno,1577.0,0.6345273931366646
17022,755,Fresno,2537.0,0.7528296207104154
17023,755,Fresno,1143.0,0.5586694762191451
17024,755,Fresno,2861.0,0.7801324503311259
17025,755,Fresno,1065.0,0.545153521974714
17026,755,Fresno,1840.0,0.6707706201083684
17027,755,Fresno,1250.0,0.5788681517158338
17028,755,Fresno,1186.0,0.5682721252257676
17029,755,Fresno,1272.0,0.582480433473811
17030,765,Fresno,1104.0,0.5523780854906682
17031,765,Fresno,734.0,0.48404575556893437
17032,765,Fresno,701.0,0.47516556291390727
17033,765,Fresno,693.0,0.4738109572546659
17034,765,Fresno,865.0,0.5102046959662854
17035,765,Fresno,770.0,0.4909090909090909
17036,765,Fresno,1186.0,0.5682721252257676
17037,765,Fresno,695.0,0.4739614689945816
17038,765,Fresno,1435.0,0.6131547260686333
17039,765,Fresno,1030.0,0.5381697772426249
17040,757,Fresno,1885.0,0.6779951836243227
17041,757,Fresno,1193.0,0.5691450933172787
17042,757,Fresno,1421.0,0.6106562311860325
17043,757,Fresno,1502.0,0.6243527995183624
17044,757,Fresno,1429.0,0.6122215532811559
17045,757,Fresno,1418.0,0.6101444912703191
17046,757,Fresno,2734.0,0.7685430463576159
17047,757,Fresno,1888.0,0.6784166164960866
17048,757,Fresno,2471.0,0.7456351595424443
17049,757,Fresno,1465.0,0.6180915111378688
17050,757,Fresno,1295.0,0.5873570138470801
17051,757,Fresno,1799.0,0.6652317880794701
17052,757,Fresno,1707.0,0.6526490066225166
17053,757,Fresno,3280.0,0.8108368452739314
17054,757,Fresno,1603.0,0.6388621312462373
17055,757,Fresno,1668.0,0.6475617098133655
17056,757,Fresno,1468.0,0.6184828416616496
17057,766,Fresno,1446.0,0.615201685731487
17058,766,Fresno,1328.0,0.5938591210114389
17059,766,Fresno,1295.0,0.5873570138470801
17060,766,Fresno,1265.0,0.581216134858519
17061,766,Fresno,912.0,0.5175797712221554
17062,766,Fresno,559.0,0.43940397350993377
17063,766,Fresno,0.0,0.0
17064,766,Fresno,1717.0,0.6536423841059603
17065,766,Fresno,1168.0,0.5646598434677905
17066,766,Fresno,899.0,0.5152618904274533
17067,766,Fresno,2098.0,0.7055990367248646
17068,766,Fresno,611.0,0.4545153521974714
17069,759,Fresno,1837.0,0.6702287778446718
17070,759,Fresno,1136.0,0.5572847682119205
17071,759,Fresno,1034.0,0.5387417218543047
17072,759,Fresno,890.0,0.5134256472004817
17073,759,Fresno,1198.0,0.5702287778446719
17074,759,Fresno,1199.0,0.5704996989765202
17075,759,Fresno,1205.0,0.5711318482841662
17076,759,Fresno,1240.0,0.5773931366646599
17077,759,Fresno,1293.0,0.5870258880192655
17078,759,Fresno,788.0,0.4950632149307646
17079,759,Fresno,2046.0,0.6980132450331126
17080,759,Fresno,909.0,0.5170680313064419
17081,759,Fresno,2251.0,0.7250150511739916
17082,759,Fresno,1139.0,0.5580674292594823
17083,761,Fresno,2061.0,0.7003010234798315
17084,761,Fresno,2605.0,0.7578266104756171
17085,761,Fresno,2064.0,0.7008428657435279
17086,761,Fresno,2573.0,0.7557495484647803
17087,761,Fresno,1616.0,0.6406682721252258
17088,761,Fresno,3971.0,0.8451836243226972
17089,761,Fresno,1626.0,0.6421432871763998
17090,761,Fresno,2427.0,0.7416917519566526
17091,1165,Fresno,1876.0,0.6766405779650813
17092,1165,Fresno,2437.0,0.7428657435279952
17093,1165,Fresno,2692.0,0.7658940397350993
17094,1165,Fresno,1763.0,0.6592414208308248
17095,1165,Fresno,1872.0,0.6757074051776039
17096,768,Fresno,879.0,0.5123720650210717
17097,768,Fresno,1060.0,0.5440096327513546
17098,768,Fresno,786.0,0.4947019867549669
17099,769,Fresno,832.0,0.502317880794702
17100,769,Fresno,600.0,0.451475015051174
17101,769,Fresno,1499.0,0.6237808549066827
17102,769,Fresno,1933.0,0.6842865743527995
17103,769,Fresno,410.0,0.39596628537025885
17104,1531,Fresno,0.0,0.0
17105,1531,Unincorporate,0.0,0.0
17106,1531,Unincorporate,98.0,0.2637266706803131
17107,1531,Fresno,0.0,0.0
17108,1531,Unincorporate,2.0,0.021763997591812162
17109,1531,Fresno,0.0,0.0
17110,1531,Fresno,0.0,0.0
17111,1531,Fresno,0.0,0.0
17112,1531,Fresno,200.0,0.3253461770018061
17113,1531,Fresno,0.0,0.0
17114,2435,Unincorporate,5.0,0.050752558699578565
17115,2435,Unincorporate,12.0,0.08880192655027092
17116,2435,Unincorporate,10.0,0.07874774232390126
17117,2435,Unincorporate,15.0,0.10361228175797713
17118,2435,Unincorporate,16.0,0.10885009030704396
17119,2438,Unincorporate,20.0,0.1290487658037327
17120,2438,Unincorporate,11.0,0.08383503913305237
17121,2438,Unincorporate,11.0,0.08383503913305237
17122,2438,Unincorporate,22.0,0.1382299819385912
17123,2436,Unincorporate,140.0,0.29193257074051776
17124,2436,Unincorporate,242.0,0.3441601444912703
17125,2436,Unincorporate,100.0,0.26535219747140276
17126,2436,Unincorporate,12.0,0.08880192655027092
17127,2439,Unincorporate,134.0,0.28841059602649005
17128,2439,Unincorporate,3.0,0.033564118001204096
17129,2437,Unincorporate,95.0,0.2596026490066225
17130,2437,Unincorporate,124.0,0.28269114990969296
17131,2437,Unincorporate,103.0,0.26745936183022273
17132,2440,Unincorporate,130.0,0.2866044551475015
17133,2440,Unincorporate,15.0,0.10361228175797713
17134,2440,Unincorporate,3.0,0.033564118001204096
17135,812,Fresno,1.0,0.007465382299819386
17136,2441,Unincorporate,8.0,0.06815171583383504
17137,2441,Unincorporate,3.0,0.033564118001204096
17138,2441,Unincorporate,15.0,0.10361228175797713
17139,2441,Unincorporate,0.0,0.0
17140,2441,Unincorporate,0.0,0.0
17141,2441,Unincorporate,2.0,0.021763997591812162
17142,2441,Unincorporate,3.0,0.033564118001204096
17143,2441,Unincorporate,2.0,0.021763997591812162
17144,772,Fresno,10.0,0.07874774232390126
17145,772,Fresno,8.0,0.06815171583383504
17146,2442,Unincorporate,1.0,0.007465382299819386
17147,773,Fresno,22.0,0.1382299819385912
17148,781,Fresno,5.0,0.050752558699578565
17149,781,Fresno,4.0,0.04298615291992775
17150,781,Fresno,10.0,0.07874774232390126
17151,781,Fresno,3.0,0.033564118001204096
17152,781,Fresno,10.0,0.07874774232390126
17153,2443,Unincorporate,2.0,0.021763997591812162
17154,2443,Unincorporate,3.0,0.033564118001204096
17155,774,Fresno,146.0,0.29614689945815775
17156,774,Fresno,171.0,0.30942203491872367
17157,774,Fresno,470.0,0.4147501505117399
17158,774,Fresno,658.0,0.46625526791089705
17159,782,Fresno,12.0,0.08880192655027092
17160,782,Fresno,16.0,0.10885009030704396
17161,782,Fresno,175.0,0.3124322697170379
17162,2444,Unincorporate,10.0,0.07874774232390126
17163,2444,Unincorporate,51.0,0.20695364238410596
17164,2444,Unincorporate,20.0,0.1290487658037327
17165,2444,Unincorporate,10.0,0.07874774232390126
17166,775,Fresno,546.0,0.43627332931968693
17167,775,Fresno,508.0,0.42576760987357015
17168,775,Fresno,682.0,0.4716435881998796
17169,775,Fresno,1462.0,0.6174894641782059
17170,775,Fresno,1429.0,0.6122215532811559
17171,775,Fresno,672.0,0.46956652618904277
17172,775,Fresno,412.0,0.3973810957254666
17173,775,Fresno,1460.0,0.6170680313064419
17174,775,Fresno,561.0,0.43982540638169776
17175,775,Fresno,739.0,0.4849789283564118
17176,775,Fresno,553.0,0.4376881396748946
17177,775,Fresno,802.0,0.4971703792895846
17178,775,Fresno,874.0,0.5115593016255268
17179,775,Fresno,1409.0,0.6083082480433474
17180,775,Fresno,555.0,0.4382299819385912
17181,783,Fresno,6.0,0.05770620108368453
17182,783,Fresno,172.0,0.31005418422636966
17183,783,Fresno,278.0,0.3555087296809151
17184,783,Fresno,176.0,0.31315472606863337
17185,783,Fresno,698.0,0.47435279951836246
17186,783,Fresno,172.0,0.31005418422636966
17187,814,Fresno,14.0,0.098314268512944
17188,776,Fresno,1331.0,0.5944611679711017
17189,776,Fresno,1497.0,0.6233895243829018
17190,784,Fresno,710.0,0.4773630343166767
17191,815,Fresno,14.0,0.098314268512944
17192,778,Fresno,5649.0,0.9034918723660446
17193,778,Fresno,11.0,0.08383503913305237
17194,778,Fresno,2869.0,0.7805538832028899
17195,786,Fresno,8083.0,0.9439494280553883
17196,786,Fresno,6462.0,0.9200782661047562
17197,786,Fresno,6895.0,0.9265502709211318
17198,817,Fresno,1358.0,0.599157134256472
17199,817,Fresno,1319.0,0.5916917519566526
17200,2449,Unincorporate,0.0,0.0
17201,2449,Unincorporate,4.0,0.04298615291992775
17202,2449,Unincorporate,4.0,0.04298615291992775
17203,2449,Unincorporate,0.0,0.0
17204,2449,Unincorporate,8.0,0.06815171583383504
17205,2450,Unincorporate,1.0,0.007465382299819386
17206,2450,Unincorporate,0.0,0.0
17207,2451,Unincorporate,0.0,0.0
17208,2451,Unincorporate,0.0,0.0
17209,2451,Unincorporate,0.0,0.0
17210,2452,Unincorporate,0.0,0.0
17211,2452,Unincorporate,19.0,0.12332931968693558
17212,2452,Unincorporate,4.0,0.04298615291992775
17213,2452,Unincorporate,0.0,0.0
17214,2453,Unincorporate,39.0,0.18323299217338954
17215,2454,Unincorporate,24.0,0.1451234196267309
17216,2455,Unincorporate,50.0,0.20463576158940397
17217,2455,Unincorporate,49.0,0.20270921131848285
17218,2456,Unincorporate,14.0,0.098314268512944
17219,2456,Unincorporate,91.0,0.25626128838049367
17220,2457,Unincorporate,79.0,0.24434075857916918
17221,2457,Unincorporate,2.0,0.021763997591812162
17222,2459,Unincorporate,133.0,0.28801926550270923
17223,2459,Unincorporate,21.0,0.1343467790487658
17224,2459,Unincorporate,88.0,0.25343166767007824
17225,2480,Unincorporate,19.0,0.12332931968693558
17226,2480,Unincorporate,8.0,0.06815171583383504
17227,2480,Unincorporate,2.0,0.021763997591812162
17228,2480,Unincorporate,0.0,0.0
17229,2480,Unincorporate,16.0,0.10885009030704396
17230,2480,Unincorporate,8.0,0.06815171583383504
17231,2481,Unincorporate,3.0,0.033564118001204096
17232,2481,Unincorporate,1.0,0.007465382299819386
17233,2481,Unincorporate,0.0,0.0
17234,2481,Unincorporate,3.0,0.033564118001204096
17235,2481,Unincorporate,12.0,0.08880192655027092
17236,2481,Unincorporate,4.0,0.04298615291992775
17237,2481,Unincorporate,8.0,0.06815171583383504
17238,2481,Unincorporate,13.0,0.09331727874774233
17239,2481,Unincorporate,17.0,0.11363636363636363
17240,2481,Unincorporate,42.0,0.18895243829018663
17241,2481,Unincorporate,39.0,0.18323299217338954
17242,2481,Unincorporate,4.0,0.04298615291992775
17243,2481,Unincorporate,13.0,0.09331727874774233
17244,2481,Unincorporate,8.0,0.06815171583383504
17245,2481,Unincorporate,43.0,0.19039735099337748
17246,2481,Unincorporate,0.0,0.0
17247,2481,Unincorporate,73.0,0.23883202889825406
17248,2481,Unincorporate,23.0,0.14145093317278748
17249,2481,Unincorporate,6.0,0.05770620108368453
17250,2481,Unincorporate,35.0,0.17357013847080072
17251,2481,Unincorporate,106.0,0.26992775436484046
17252,2481,Unincorporate,205.0,0.32769416014449126
17253,2091,Unincorporate,0.0,0.0
17254,2091,Unincorporate,98.0,0.2637266706803131
17255,2091,Unincorporate,67.0,0.23169777242624925
17256,2091,Unincorporate,64.0,0.227423239012643
17257,2092,Unincorporate,333.0,0.3730583985550873
17258,2092,Unincorporate,342.0,0.3754063816977724
17259,2092,Unincorporate,129.0,0.2860626128838049
17260,2092,Unincorporate,320.0,0.36902468392534615
17261,2092,Unincorporate,342.0,0.3754063816977724
17262,2092,Unincorporate,325.0,0.3703491872366045
17263,2092,Unincorporate,341.0,0.3749247441300421
17264,2092,Unincorporate,339.0,0.3743829018663456
17265,2092,Unincorporate,332.0,0.37266706803130645
17266,2092,Unincorporate,342.0,0.3754063816977724
17267,2092,Unincorporate,16.0,0.10885009030704396
17268,2092,Unincorporate,188.0,0.32013847080072244
17269,2092,Unincorporate,345.0,0.37667068031306444
17270,2092,Unincorporate,342.0,0.3754063816977724
17271,2092,Unincorporate,346.0,0.3769416014449127
17272,2092,Unincorporate,338.0,0.37408187838651413
17273,2093,Unincorporate,398.0,0.3918723660445515
17274,2093,Unincorporate,317.0,0.3681216134858519
17275,2093,Unincorporate,354.0,0.37838651414810354
17276,2093,Unincorporate,330.0,0.3720048163756773
17277,2093,Unincorporate,202.0,0.3261288380493679
17278,2093,Unincorporate,330.0,0.3720048163756773
17279,2093,Unincorporate,324.0,0.36992775436484043
17280,2099,Unincorporate,95.0,0.2596026490066225
17281,2099,Unincorporate,111.0,0.2730583985550873
17282,2099,Unincorporate,65.0,0.22859723058398554
17283,2099,Unincorporate,97.0,0.26222155328115593
17284,2099,Unincorporate,25.0,0.14864539434075857
17285,2099,Unincorporate,19.0,0.12332931968693558
17286,2099,Unincorporate,35.0,0.17357013847080072
17287,2099,Unincorporate,95.0,0.2596026490066225
17288,2099,Unincorporate,70.0,0.23573148705599037
17289,2099,Unincorporate,8.0,0.06815171583383504
17290,2095,Unincorporate,288.0,0.3590307043949428
17291,2095,Unincorporate,378.0,0.38564118001204095
17292,2095,Unincorporate,361.0,0.380373269114991
17293,2095,Unincorporate,290.0,0.3598735701384708
17294,2095,Unincorporate,291.0,0.3602347983142685
17295,2095,Unincorporate,278.0,0.3555087296809151
17296,2096,Unincorporate,280.0,0.35602046959662853
17297,2096,Unincorporate,329.0,0.3714930764599639
17298,2096,Unincorporate,317.0,0.3681216134858519
17299,2096,Unincorporate,329.0,0.3714930764599639
17300,2096,Unincorporate,280.0,0.35602046959662853
17301,2482,Unincorporate,146.0,0.29614689945815775
17302,2482,Unincorporate,125.0,0.28365442504515354
17303,633,Fresno,6964.0,0.9278747742323902
17304,633,Fresno,6983.0,0.928055388320289
17305,633,Fresno,7154.0,0.9307043949428055
17306,633,Fresno,28279.0,0.9848886213124624
17307,633,Fresno,27580.0,0.9844671884406984
17308,633,Fresno,16101.0,0.9741721854304636
17309,633,Fresno,26860.0,0.9835039133052378
17310,883,Fresno,26476.0,0.9832028898254064
17311,883,Fresno,17264.0,0.9755568934376881
17312,883,Fresno,18441.0,0.9768211920529801
17313,883,Fresno,4679.0,0.8736905478627333
17314,884,Fresno,27043.0,0.9838049367850692
17315,885,Fresno,28659.0,0.9851896447922938
17316,637,Fresno,33411.0,0.9902468392534618
17317,639,Fresno,28024.0,0.9846478025285972
17318,639,Fresno,34869.0,0.9905478627332932
17319,708,Fresno,1480.0,0.6205900060204695
17320,708,Fresno,848.0,0.506953642384106
17321,758,Fresno,1626.0,0.6421432871763998
17322,728,Fresno,0.0,0.0
17323,730,Fresno,29.0,0.16047561709813365
17324,767,Fresno,797.0,0.4965382299819386
17325,767,Fresno,164.0,0.30638169777242624
17326,767,Fresno,174.0,0.31152919927754363
17327,767,Fresno,245.0,0.34551475015051175
17328,777,Fresno,2078.0,0.7027694160144491
17329,631,Fresno,0.0,0.0
17330,631,Fresno,4289.0,0.8591812161348585
17331,647,Fresno,19712.0,0.9781456953642385
17332,648,Fresno,23043.0,0.9809753160746538
17333,649,Fresno,30479.0,0.9871763997591813
17334,649,Fresno,29386.0,0.9861529199277543
17335,649,Fresno,30782.0,0.9880192655027092
17336,651,Fresno,31047.0,0.9887417218543046
17337,651,Fresno,31038.0,0.9886213124623721
17338,651,Fresno,30080.0,0.9869355809753161
17339,651,Fresno,30763.0,0.9878386514148103
17340,653,Fresno,45251.0,0.996628537025888
17341,655,Fresno,45588.0,0.9971703792895846
17342,655,Fresno,45955.0,0.9977122215532812
17343,655,Fresno,46521.0,0.9982540638169777
17344,655,Fresno,45917.0,0.9975918121613486
17345,655,Fresno,45795.0,0.9974111980734497
17346,655,Fresno,46717.0,0.9986152919927754
17347,655,Fresno,45901.0,0.9975316074653823
17348,655,Fresno,47139.0,0.9992775436484046
17349,668,Fresno,46957.0,0.9990367248645394
17350,668,Fresno,46168.0,0.9981336544250452
17351,670,Fresno,46710.0,0.9984948826008428
17352,670,Fresno,47420.0,0.9996387718242022
17353,670,Fresno,46063.0,0.9979530403371463
17354,670,Fresno,46571.0,0.9983744732089103
17355,671,Fresno,45979.0,0.9977724262492474
17356,672,Fresno,53171.0,1.0
17357,683,Fresno,45020.0,0.9962071041541241
17358,683,Fresno,46025.0,0.99789283564118
17359,683,Fresno,42729.0,0.9934978928356412
17360,683,Fresno,41831.0,0.9923540036122818
17361,683,Fresno,43909.0,0.9945815773630343
17362,684,Fresno,40727.0,0.9920529801324504
17363,1107,Fresno,22666.0,0.9804334738109572
17364,1107,Fresno,26275.0,0.9827814569536424
17365,1107,Fresno,30025.0,0.9868753762793497
17366,1107,Fresno,30311.0,0.9870559903672487
17367,737,Fresno,3119.0,0.8
17368,737,Fresno,3142.0,0.8011438892233594
17369,737,Fresno,3161.0,0.8026189042745334
17370,737,Fresno,3172.0,0.8034918723660446
17371,737,Fresno,3348.0,0.8159843467790487
17372,737,Fresno,3001.0,0.7905478627332932
17373,737,Fresno,3710.0,0.8336544250451535
17374,737,Fresno,1788.0,0.6631547260686333
17375,745,Fresno,3778.0,0.8363636363636363
17376,745,Fresno,19585.0,0.9780252859723059
17377,745,Fresno,6299.0,0.9174894641782059
17378,745,Fresno,6573.0,0.9216134858518964
17379,745,Fresno,6009.0,0.9112281757977122
17380,745,Fresno,4453.0,0.8653822998193859
17381,645,Fresno,3817.0,0.8381697772426249
17382,646,Fresno,18639.0,0.9771824202287779
17383,695,Fresno,44907.0,0.9960866947621915
17384,695,Fresno,45464.0,0.9968693558097531
17385,695,Fresno,45032.0,0.9963275135460566
17386,695,Fresno,44195.0,0.9949428055388321
17387,695,Fresno,45559.0,0.997049969897652
17388,682,Fresno,45835.0,0.997471402769416
17389,696,Fresno,44507.0,0.9955448524984949
17390,697,Fresno,11.0,0.08383503913305237
17391,742,Fresno,5844.0,0.9080072245635159
17392,742,Fresno,3915.0,0.8418121613485852
17393,742,Fresno,4823.0,0.8790788681517159
17394,743,Fresno,21726.0,0.9794701986754967
17395,743,Fresno,14343.0,0.9706201083684527
17396,743,Fresno,8425.0,0.948103552077062
17397,743,Fresno,4140.0,0.8528898254063817
17398,743,Fresno,2363.0,0.7354304635761589
17399,743,Fresno,2747.0,0.7698073449729079
17400,743,Fresno,2399.0,0.7389223359422035
17401,743,Fresno,2845.0,0.7787176399759181
17402,743,Fresno,2266.0,0.7262492474413004
17403,743,Fresno,3593.0,0.828898254063817
17404,743,Fresno,18458.0,0.9768813967489464
17405,743,Fresno,8610.0,0.9501505117399157
17406,743,Fresno,2000.0,0.6927453341360627
17407,743,Fresno,3380.0,0.8175797712221553
17408,743,Fresno,8515.0,0.9493076459963877
17409,743,Fresno,23311.0,0.9814569536423841
17410,743,Fresno,4326.0,0.8603251053582179
17411,743,Fresno,2326.0,0.7319084888621312
17412,743,Fresno,2051.0,0.6986754966887417
17413,743,Fresno,2357.0,0.7347682119205298
17414,743,Fresno,18759.0,0.9773630343166767
17415,743,Fresno,23495.0,0.9815171583383504
17416,743,Fresno,15006.0,0.9725466586393738
17417,743,Fresno,2478.0,0.7467489464178206
17418,743,Fresno,2460.0,0.7449729078868151
17419,743,Fresno,4295.0,0.8593016255267911
17420,743,Fresno,17690.0,0.9762191450933173
17421,743,Fresno,4022.0,0.8472004816375678
17422,743,Fresno,2222.0,0.7216435881998796
17423,743,Fresno,5644.0,0.9033112582781457
17424,743,Fresno,3576.0,0.827844671884407
17425,743,Fresno,21558.0,0.9793497892835641
17426,744,Fresno,14229.0,0.9703792895845876
17427,744,Fresno,21643.0,0.9794099939795304
17428,744,Fresno,8484.0,0.94894641782059
17429,744,Fresno,14496.0,0.9709211318482842
17430,744,Fresno,3673.0,0.8323901264298615
17431,744,Fresno,19251.0,0.9777844671884407
17432,744,Fresno,20019.0,0.9782059000602047
17433,746,Fresno,31685.0,0.9892233594220349
17434,656,Fresno,38294.0,0.9912101143889224
17435,656,Fresno,21053.0,0.9790487658037327
17436,656,Fresno,42717.0,0.9934376881396749
17437,657,Fresno,43376.0,0.9940397350993377
17438,657,Fresno,38603.0,0.9916917519566526
17439,657,Fresno,31218.0,0.9889223359422035
17440,657,Fresno,43936.0,0.9947019867549669
17441,673,Fresno,44697.0,0.9958458759783263
17442,673,Fresno,31019.0,0.9885009030704395
17443,673,Fresno,44982.0,0.9961468994581577
17444,673,Fresno,38543.0,0.9915111378687538
17445,673,Fresno,43692.0,0.9944611679711017
17446,673,Fresno,42702.0,0.9933774834437086
17447,673,Fresno,42697.0,0.9933172787477423
17448,673,Fresno,44432.0,0.9953642384105961
17449,673,Fresno,38072.0,0.991149909692956
17450,673,Fresno,42685.0,0.993257074051776
17451,658,Fresno,30751.0,0.9877784467188441
17452,658,Fresno,43935.0,0.9946417820590006
17453,659,Fresno,42964.0,0.9937989163154726
17454,659,Fresno,44865.0,0.9960264900662251
17455,674,Fresno,43480.0,0.9941601444912703
17456,674,Fresno,44389.0,0.9952438290186635
17457,686,Fresno,31308.0,0.9891029500301024
17458,686,Fresno,40674.0,0.991992775436484
17459,686,Fresno,36876.0,0.9908488862131246
17460,686,Fresno,18207.0,0.9766405779650813
17461,686,Fresno,11528.0,0.9632149307645996
17462,686,Fresno,26662.0,0.9834437086092715
17463,661,Fresno,45729.0,0.9973509933774835
17464,663,Fresno,44719.0,0.9959060806742926
17465,663,Fresno,46792.0,0.9988561107766406
17466,675,Fresno,44483.0,0.9954244431065623
17467,675,Fresno,47300.0,0.9995183624322698
17468,688,Fresno,44313.0,0.9951234196267309
17469,687,Fresno,32323.0,0.9898254063816978
17470,687,Fresno,32586.0,0.9899458157736304
17471,687,Fresno,30703.0,0.9877182420228778
17472,689,Fresno,33114.0,0.9900662251655629
17473,689,Fresno,30898.0,0.9882600842865743
17474,689,Fresno,33131.0,0.9901264298615292
17475,689,Fresno,31233.0,0.989042745334136
17476,676,Fresno,51062.0,0.9999397953040338
17477,690,Fresno,41934.0,0.9924744130042144
17478,690,Fresno,44221.0,0.9950632149307646
17479,690,Fresno,44026.0,0.9947621914509331
17480,690,Fresno,42212.0,0.9927152317880795
17481,691,Fresno,42012.0,0.9925346177001806
17482,691,Fresno,31873.0,0.9894039735099338
17483,691,Fresno,32888.0,0.9900060204695966
17484,692,Fresno,44510.0,0.9956050571944611
17485,692,Fresno,43534.0,0.9942805538832029
17486,692,Fresno,44092.0,0.9948223961468995
17487,692,Fresno,42248.0,0.9927754364840458
17488,694,Fresno,44521.0,0.9956652618904275
17489,694,Fresno,42257.0,0.9928958458759783
17490,705,Fresno,38592.0,0.9916315472606864
17491,705,Fresno,43069.0,0.9939193257074052
17492,705,Fresno,42681.0,0.9931968693558098
17493,706,Fresno,0.0,0.0
17494,706,Fresno,42254.0,0.992835641180012
17495,1130,Fresno,29309.0,0.9858518964479229
17496,1130,Fresno,18390.0,0.9767609873570139
17497,1130,Fresno,20601.0,0.978687537627935
17498,707,Fresno,16.0,0.10885009030704396
17499,707,Fresno,44213.0,0.9950030102347983
17500,707,Fresno,43464.0,0.9940999397953041
17501,707,Fresno,44363.0,0.9951836243226971
17502,1131,Fresno,31748.0,0.9892835641180012
17503,1131,Fresno,14815.0,0.971944611679711
17504,1131,Fresno,32251.0,0.9897652016857315
17505,1131,Fresno,15819.0,0.9739313666465984
17506,1131,Fresno,27311.0,0.9842263696568332
17507,1131,Fresno,13.0,0.09331727874774233
17508,1131,Fresno,27605.0,0.984587597832631
17509,1131,Fresno,28900.0,0.9853702588801927
17510,1131,Fresno,23156.0,0.9812763395544852
17511,1131,Fresno,24105.0,0.9819987959060806
17512,1131,Fresno,27599.0,0.9845273931366647
17513,1131,Fresno,37707.0,0.9910897049969898
17514,1132,Fresno,32073.0,0.9896447922937989
17515,1132,Fresno,32364.0,0.989885611077664
17516,1132,Fresno,37239.0,0.9910295003010234
17517,749,Fresno,12996.0,0.9671282360024082
17518,749,Fresno,1991.0,0.6912402167369055
17519,749,Fresno,1885.0,0.6779951836243227
17520,749,Fresno,2083.0,0.7037627934978928
17521,749,Fresno,2062.0,0.7005719446116797
17522,749,Fresno,2239.0,0.7237808549066828
17523,749,Fresno,1901.0,0.6800421432871764
17524,749,Fresno,5961.0,0.9099939795304034
17525,749,Fresno,1665.0,0.6470198675496689
17526,749,Fresno,1859.0,0.6735099337748345
17527,749,Fresno,5702.0,0.9048765803732691
17528,749,Fresno,2080.0,0.7031005418422637
17529,749,Fresno,6001.0,0.910987357013847
17530,749,Fresno,5374.0,0.8967489464178205
17531,749,Fresno,11331.0,0.9628537025888019
17532,750,Fresno,2991.0,0.7893738711619507
17533,750,Fresno,23136.0,0.981216134858519
17534,750,Fresno,19540.0,0.9779048765803733
17535,750,Fresno,7278.0,0.9328115593016255
17536,750,Fresno,6852.0,0.9261288380493679
17537,750,Fresno,3395.0,0.8186333534015653
17538,750,Fresno,2953.0,0.7863636363636364
17539,750,Fresno,2629.0,0.7597230583985551
17540,750,Fresno,2640.0,0.7608067429259482
17541,750,Fresno,6714.0,0.9239012642986153
17542,750,Fresno,20048.0,0.9782661047561709
17543,750,Fresno,6401.0,0.9194461167971102
17544,750,Fresno,14909.0,0.9723058398555088
17545,750,Fresno,13629.0,0.9683925346177001
17546,750,Fresno,6585.0,0.9217940999397953
17547,750,Fresno,3828.0,0.8387116195063214
17548,750,Fresno,3359.0,0.8167670078266105
17549,750,Fresno,2812.0,0.7761890427453342
17550,750,Fresno,6843.0,0.925948223961469
17551,750,Fresno,3085.0,0.797049969897652
17552,750,Fresno,22286.0,0.9801926550270921
17553,750,Fresno,3054.0,0.7950632149307646
17554,750,Fresno,22934.0,0.9809151113786876
17555,750,Fresno,13227.0,0.9676700782661047
17556,750,Fresno,6325.0,0.9180012040939193
17557,750,Fresno,18171.0,0.976580373269115
17558,750,Fresno,20196.0,0.9783865141481035
17559,750,Fresno,2891.0,0.7820891029500301
17560,750,Fresno,21402.0,0.9792895845875978
17561,750,Fresno,3037.0,0.7931667670078266
17562,750,Fresno,13785.0,0.9689945815773631
17563,750,Fresno,2896.0,0.7825707405177604
17564,750,Fresno,2777.0,0.7731186032510536
17565,750,Fresno,3068.0,0.7960264900662252
17566,750,Fresno,21934.0,0.9797110174593618
17567,750,Fresno,3111.0,0.7992775436484045
17568,750,Fresno,17508.0,0.9759181216134859
17569,750,Fresno,3136.0,0.8007826610475617
17570,750,Fresno,3051.0,0.7947621914509332
17571,750,Fresno,13974.0,0.9693558097531607
17572,750,Fresno,3529.0,0.8257074051776039
17573,751,Fresno,32064.0,0.9895845875978326
17574,751,Fresno,0.0,0.0
17575,751,Fresno,20090.0,0.9783263094521373
17576,751,Fresno,8493.0,0.949157134256472
17577,751,Fresno,31032.0,0.9885611077664058
17578,751,Fresno,18358.0,0.9767007826610475
17579,751,Fresno,42799.0,0.99367850692354
17580,751,Fresno,20469.0,0.9785671282360024
17581,751,Fresno,19638.0,0.9780854906682721
17582,751,Fresno,22741.0,0.9806140878988561
17583,751,Fresno,22448.0,0.9802528597230584
17584,756,Fresno,5142.0,0.8894039735099337
17585,756,Fresno,3337.0,0.8154124021673691
17586,756,Fresno,10032.0,0.9592414208308248
17587,756,Fresno,3971.0,0.8451836243226972
17588,685,Fresno,30513.0,0.9872366044551475
17589,685,Fresno,22229.0,0.9800120409391933
17590,685,Fresno,20365.0,0.9784467188440699
17591,685,Fresno,8164.0,0.9445815773630343
17592,685,Fresno,17682.0,0.976158940397351
17593,685,Fresno,22567.0,0.9803130644190247
17594,685,Fresno,22728.0,0.9804936785069236
17595,685,Fresno,11459.0,0.9629741119807345
17596,685,Fresno,31230.0,0.9889825406381698
17597,685,Fresno,21129.0,0.9791691751956653
17598,685,Fresno,31066.0,0.9888019265502709
17599,699,Fresno,516.0,0.4279951836243227
17600,699,Fresno,1416.0,0.6095725466586394
17601,699,Fresno,1624.0,0.6417218543046358
17602,700,Fresno,7448.0,0.9350993377483444
17603,700,Fresno,6027.0,0.91158940397351
17604,700,Fresno,6725.0,0.9240818783865141
17605,700,Fresno,6160.0,0.9143287176399759
17606,701,Fresno,0.0,0.0
17607,1152,Fresno,6203.0,0.9149909692956051
17608,1152,Fresno,3124.0,0.8001806140878989
17609,1152,Fresno,2525.0,0.7516556291390728
17610,1064,Fresno,2251.0,0.7250150511739916
17611,1064,Fresno,1652.0,0.6450933172787477
17612,1064,Fresno,1844.0,0.6711619506321493
17613,1064,Fresno,2093.0,0.7049066827212522
17614,1120,Fresno,724.0,0.4819385912101144
17615,1120,Fresno,1789.0,0.6633353401565322
17616,1103,Fresno,833.0,0.5026490066225165
17617,1103,Fresno,989.0,0.5313967489464179
17618,1103,Fresno,727.0,0.4826610475617098
17619,1103,Fresno,948.0,0.5242323901264299
17620,1103,Fresno,833.0,0.5026490066225165
17621,1103,Fresno,949.0,0.5246538229981939
17622,1126,Fresno,735.0,0.48431667670078266
17623,1126,Fresno,760.0,0.4884406983744732
17624,1153,Fresno,8568.0,0.9499698976520169
17625,1153,Fresno,3143.0,0.8012341962673089
17626,1153,Fresno,2973.0,0.7881396748946418
17627,1153,Fresno,2484.0,0.747471402769416
17628,1153,Fresno,2806.0,0.7758278145695364
17629,1153,Fresno,2999.0,0.7903672486453943
17630,1153,Fresno,3265.0,0.8101745936183022
17631,1153,Fresno,8749.0,0.9512341962673089
17632,1147,Fresno,301.0,0.36324503311258277
17633,1147,Fresno,709.0,0.4769416014449127
17634,1147,Fresno,780.0,0.49346779048765804
17635,1147,Fresno,289.0,0.35945213726670683
17636,1193,Fresno,218.0,0.3332931968693558
17637,1193,Fresno,1822.0,0.668362432269717
17638,1193,Fresno,961.0,0.5270921131848284
17639,701,Fresno,5540.0,0.9009632751354606
17640,700,Fresno,1775.0,0.6612582781456954
17641,760,Fresno,1932.0,0.6841661649608669
17642,702,Fresno,16280.0,0.974473208910295
17643,702,Fresno,21950.0,0.9797712221553281
17644,702,Fresno,0.0,0.0
17645,702,Fresno,9481.0,0.9560505719446116
17646,702,Fresno,9484.0,0.956110776640578
17647,702,Fresno,4992.0,0.8847080072245636
17648,702,Fresno,15574.0,0.973630343166767
17649,1148,Fresno,3611.0,0.8298013245033112
17650,1148,Fresno,16187.0,0.9743527995183624
17651,1148,Fresno,10422.0,0.9605057194461168
17652,1148,Fresno,8091.0,0.9440096327513546
17653,1148,Fresno,6850.0,0.9260686333534016
17654,1148,Fresno,3189.0,0.8049066827212522
17655,1148,Fresno,10915.0,0.9618904274533414
17656,1148,Fresno,5952.0,0.9097832630945214
17657,1148,Fresno,7553.0,0.9367850692354004
17658,1148,Fresno,10899.0,0.9618302227573751
17659,1148,Fresno,6106.0,0.9133654425045153
17660,1148,Fresno,6038.0,0.9119205298013245
17661,1148,Fresno,7420.0,0.9346779048765804
17662,1148,Fresno,6489.0,0.9204996989765202
17663,703,Fresno,31203.0,0.9888621312462372
17664,703,Fresno,21735.0,0.979530403371463
17665,703,Fresno,21989.0,0.9798314268512944
17666,703,Fresno,16294.0,0.9745334136062613
17667,1149,Fresno,14575.0,0.9711619506321493
17668,1149,Fresno,20884.0,0.9788681517158339
17669,1149,Fresno,20385.0,0.9785069235400361
17670,1149,Fresno,11174.0,0.9624322697170379
17671,704,Fresno,26511.0,0.9833835039133052
17672,704,Fresno,39184.0,0.991751956652619
17673,704,Fresno,23866.0,0.9817579771222156
17674,1150,Fresno,18483.0,0.9769416014449127
17675,1150,Fresno,19519.0,0.9778446718844069
17676,1150,Fresno,20720.0,0.9787477423239013
17677,1151,Fresno,19102.0,0.9776640577965081
17678,1151,Fresno,19249.0,0.9777242624924745
17679,1151,Fresno,20485.0,0.9786273329319687
17680,1151,Fresno,16129.0,0.9742925948223962
17681,1152,Fresno,2755.0,0.7704093919325707
17682,1152,Fresno,3270.0,0.8105057194461168
17683,1152,Fresno,9697.0,0.9576760987357014
17684,1152,Fresno,11300.0,0.9627031908488862
17685,1152,Fresno,4189.0,0.8550872968091511
17686,1152,Fresno,4470.0,0.8659241420830824
17687,1152,Fresno,18586.0,0.9771222155328115
17688,1152,Fresno,14997.0,0.9724864539434076
17689,1152,Fresno,8263.0,0.9460565924142083
17690,1152,Fresno,5200.0,0.8910897049969898
17691,1152,Fresno,3329.0,0.8150511739915713
17692,1152,Fresno,2622.0,0.7590307043949428
17693,1525,Fresno,644.0,0.4638470800722456
17694,1062,Fresno,4604.0,0.871312462372065
17695,1062,Fresno,1164.0,0.5636363636363636
17696,1062,Fresno,2156.0,0.7142986152919928
17697,1062,Fresno,2634.0,0.7602046959662854
17698,1062,Fresno,944.0,0.522998193859121
17699,1062,Fresno,937.0,0.5214027694160145
17700,1062,Fresno,2130.0,0.7099337748344371
17701,1062,Fresno,1377.0,0.6029500301023479
17702,1062,Fresno,1829.0,0.6694762191450934
17703,1062,Fresno,1173.0,0.5654124021673691
17704,1062,Fresno,2548.0,0.7534617700180614
17705,1062,Fresno,1280.0,0.5842564720048163
17706,1062,Fresno,1023.0,0.5368753762793498
17707,1062,Fresno,2082.0,0.7035520770620108
17708,1062,Fresno,2533.0,0.7524683925346177
17709,1062,Fresno,838.0,0.5041240216736905
17710,1062,Fresno,2525.0,0.7516556291390728
17711,1062,Fresno,1387.0,0.6043347381095725
17712,1062,Fresno,2285.0,0.7281757977122215
17713,1062,Fresno,2168.0,0.7155027092113185
17714,1062,Fresno,1183.0,0.5677603853100542
17715,1062,Fresno,1209.0,0.5718543046357616
17716,1062,Fresno,2275.0,0.7273630343166767
17717,1062,Fresno,2536.0,0.7527092113184829
17718,1062,Fresno,1673.0,0.648314268512944
17719,1062,Fresno,1314.0,0.590487658037327
17720,1062,Fresno,1723.0,0.6545153521974714
17721,1062,Fresno,1301.0,0.5880794701986755
17722,1062,Fresno,2180.0,0.7169476219145093
17723,1062,Fresno,2222.0,0.7216435881998796
17724,1072,Fresno,3090.0,0.797471402769416
17725,1072,Fresno,1676.0,0.6488260084286575
17726,1072,Fresno,812.0,0.49897652016857313
17727,1072,Fresno,1568.0,0.6329921733895244
17728,1072,Fresno,1345.0,0.5967188440698374
17729,1072,Fresno,1223.0,0.5747140276941601
17730,1072,Fresno,2517.0,0.7510836845273932
17731,1072,Fresno,891.0,0.5135460565924143
17732,1063,Fresno,962.0,0.5273630343166767
17733,1063,Fresno,589.0,0.44831426851294404
17734,1063,Fresno,1622.0,0.6413305237808549
17735,1063,Fresno,418.0,0.40003010234798314
17736,1063,Fresno,1351.0,0.5977423239012642
17737,1063,Fresno,1959.0,0.6876279349789284
17738,1063,Fresno,1473.0,0.6194461167971101
17739,1063,Fresno,852.0,0.5076459963877182
17740,1063,Fresno,1657.0,0.6457555689343769
17741,1073,Fresno,638.0,0.46210114388922335
17742,1073,Fresno,491.0,0.42071041541240217
17743,1073,Fresno,811.0,0.49870559903672484
17744,1073,Fresno,681.0,0.47134256472004815
17745,1074,Fresno,1125.0,0.5554184226369657
17746,1074,Fresno,891.0,0.5135460565924143
17747,1074,Fresno,977.0,0.5294099939795304
17748,1074,Fresno,892.0,0.5137567730282963
17749,1064,Fresno,2101.0,0.7060505719446116
17750,1064,Fresno,2255.0,0.7253461770018061
17751,1064,Fresno,1804.0,0.6656833232992173
17752,1064,Fresno,1877.0,0.6768512944009633
17753,1064,Fresno,2128.0,0.7095424443106563
17754,1064,Fresno,2125.0,0.7091210114388923
17755,1064,Fresno,1225.0,0.5750752558699579
17756,1064,Fresno,1657.0,0.6457555689343769
17757,1064,Fresno,1726.0,0.6551173991571343
17758,1064,Fresno,1999.0,0.6924142083082481
17759,1064,Fresno,2305.0,0.7298615291992775
17760,1064,Fresno,1722.0,0.6543949428055388
17761,1064,Fresno,1804.0,0.6656833232992173
17762,1064,Fresno,2157.0,0.714569536423841
17763,1075,Fresno,1229.0,0.5758579169175195
17764,1075,Fresno,1912.0,0.6813365442504515
17765,1066,Fresno,6750.0,0.9246237206502107
17766,1066,Fresno,6308.0,0.9176399759181216
17767,1066,Fresno,6068.0,0.9124924744130042
17768,1066,Fresno,3537.0,0.8261890427453341
17769,1066,Fresno,2995.0,0.7898555087296809
17770,1066,Fresno,2645.0,0.7611679711017459
17771,1066,Fresno,6244.0,0.9156532209512342
17772,1066,Fresno,6237.0,0.9154726068633353
17773,1066,Fresno,6335.0,0.9182420228777844
17774,1066,Fresno,3091.0,0.7976520168573149
17775,1066,Fresno,2501.0,0.7498494882600842
17776,1066,Fresno,2209.0,0.7198073449729079
17777,1066,Fresno,2493.0,0.7489765201685732
17778,1066,Fresno,2373.0,0.7364238410596027
17779,1066,Fresno,3282.0,0.810957254665864
17780,1066,Fresno,2327.0,0.7321192052980132
17781,1077,Fresno,1807.0,0.6659843467790487
17782,1077,Fresno,1704.0,0.652528597230584
17783,1077,Fresno,2673.0,0.7640276941601445
17784,1077,Fresno,2258.0,0.7257074051776039
17785,1077,Fresno,2173.0,0.7162251655629139
17786,1068,Fresno,938.0,0.5217037928958459
17787,1068,Fresno,792.0,0.4957254665863937
17788,1068,Fresno,1244.0,0.5780252859723058
17789,1068,Fresno,1567.0,0.6328416616496086
17790,1068,Fresno,5302.0,0.894521372667068
17791,1068,Fresno,1595.0,0.6375978326309452
17792,1068,Fresno,1163.0,0.5632149307645996
17793,1068,Fresno,3939.0,0.8432871763997591
17794,1068,Fresno,1560.0,0.632059000602047
17795,1068,Fresno,1293.0,0.5870258880192655
17796,1068,Fresno,3875.0,0.8400361228175798
17797,1068,Fresno,1435.0,0.6131547260686333
17798,1068,Fresno,3941.0,0.8434677904876581
17799,1068,Fresno,3951.0,0.8440999397953041
17800,1068,Fresno,621.0,0.45728476821192054
17801,1068,Fresno,1568.0,0.6329921733895244
17802,1068,Fresno,5707.0,0.9051173991571343
17803,1068,Fresno,3953.0,0.8442504515352197
17804,1078,Fresno,1339.0,0.5957555689343769
17805,1078,Fresno,1271.0,0.582269717037929
17806,1078,Fresno,1032.0,0.5384708007224563
17807,1078,Fresno,1020.0,0.5363937387116195
17808,1078,Fresno,897.0,0.5147501505117399
17809,1078,Fresno,453.0,0.4105960264900662
17810,1078,Fresno,1226.0,0.575316074653823
17811,1078,Fresno,1371.0,0.6018362432269717
17812,1078,Fresno,976.0,0.5291691751956653
17813,1079,Fresno,719.0,0.47995183624322696
17814,1079,Fresno,718.0,0.47968091511137867
17815,1079,Fresno,1865.0,0.6743829018663455
17816,1079,Fresno,9.0,0.07393136664659844
17817,1079,Fresno,416.0,0.39948826008428656
17818,1079,Fresno,8.0,0.06815171583383504
17819,1070,Fresno,2774.0,0.7726068633353401
17820,1070,Fresno,3160.0,0.8024081878386514
17821,1070,Fresno,2647.0,0.7614087898856111
17822,1070,Fresno,2170.0,0.7158940397350994
17823,1070,Fresno,2426.0,0.74157134256472
17824,1080,Fresno,3980.0,0.8453943407585792
17825,1080,Fresno,1670.0,0.6479831426851295
17826,1080,Fresno,1463.0,0.6177904876580373
17827,1080,Fresno,1674.0,0.6484647802528597
17828,1080,Fresno,4212.0,0.8557194461167971
17829,1080,Fresno,1292.0,0.5867549668874172
17830,1080,Fresno,449.0,0.40933172787477423
17831,1080,Fresno,986.0,0.5309753160746539
17832,1081,Fresno,1903.0,0.6803130644190247
17833,1032,Fresno,48.0,0.200632149307646
17834,1032,Fresno,54.0,0.21351595424443107
17835,1032,Fresno,0.0,0.0
17836,1037,Fresno,96.0,0.26056592414208307
17837,1033,Fresno,11.0,0.08383503913305237
17838,1033,Fresno,9.0,0.07393136664659844
17839,1033,Fresno,153.0,0.30090307043949427
17840,1246,Fresno,78.0,0.24370860927152319
17841,1246,Fresno,119.0,0.27934978928356413
17842,1248,Fresno,72.0,0.23783865141481036
17843,1248,Fresno,179.0,0.3154425045153522
17844,1248,Fresno,243.0,0.34467188440698376
17845,1248,Fresno,75.0,0.2407585791691752
17846,1248,Fresno,72.0,0.23783865141481036
17847,1248,Fresno,67.0,0.23169777242624925
17848,1092,Fresno,2148.0,0.7124021673690548
17849,1092,Fresno,3788.0,0.8368753762793498
17850,1092,Fresno,8772.0,0.9513546056592415
17851,1092,Fresno,23633.0,0.9815773630343166
17852,1092,Fresno,4635.0,0.8723961468994581
17853,1092,Fresno,2528.0,0.7519566526189043
17854,1092,Fresno,23128.0,0.9811559301625526
17855,1092,Fresno,3098.0,0.7984948826008429
17856,1092,Fresno,8931.0,0.9522576760987357
17857,1092,Fresno,3202.0,0.8055689343768814
17858,1092,Fresno,2237.0,0.7236002408187838
17859,1092,Fresno,2196.0,0.7186935580975317
17860,1092,Fresno,22923.0,0.980794701986755
17861,1093,Fresno,996.0,0.5323901264298615
17862,1093,Fresno,1738.0,0.6564419024683925
17863,1093,Fresno,997.0,0.5327513546056593
17864,1093,Fresno,1154.0,0.561198073449729
17865,1093,Fresno,2008.0,0.6933774834437086
17866,1093,Fresno,1277.0,0.5835340156532209
17867,1093,Fresno,1772.0,0.660746538229982
17868,1093,Fresno,1287.0,0.5858518964479229
17869,1093,Fresno,1497.0,0.6233895243829018
17870,1093,Fresno,1239.0,0.5771222155328115
17871,1093,Fresno,1998.0,0.6920830824804335
17872,1093,Fresno,1251.0,0.5791992775436484
17873,1093,Fresno,1324.0,0.5929861529199277
17874,1093,Fresno,1175.0,0.5656833232992173
17875,1093,Fresno,1238.0,0.5768813967489465
17876,1093,Fresno,1360.0,0.5996989765201686
17877,1093,Fresno,1866.0,0.6745334136062613
17878,1093,Fresno,1364.0,0.6006622516556291
17879,1093,Fresno,1078.0,0.5477423239012643
17880,1093,Fresno,1537.0,0.6288380493678507
17881,1093,Fresno,1210.0,0.5722155328115593
17882,1093,Fresno,1330.0,0.5942203491872367
17883,1093,Fresno,1263.0,0.5809151113786876
17884,1093,Fresno,2156.0,0.7142986152919928
17885,1093,Fresno,1463.0,0.6177904876580373
17886,1093,Fresno,1146.0,0.5591511137868754
17887,1093,Fresno,1109.0,0.5531306441902468
17888,1093,Fresno,1100.0,0.5516556291390728
17889,1093,Fresno,2009.0,0.6934376881396749
17890,1093,Fresno,1440.0,0.6139975918121614
17891,1093,Fresno,1402.0,0.6072546658639374
17892,1093,Fresno,1257.0,0.5799819385912102
17893,1093,Fresno,1338.0,0.5956050571944612
17894,1093,Fresno,1774.0,0.6610776640577966
17895,1093,Fresno,1712.0,0.6530102347983142
17896,1093,Fresno,1428.0,0.6119807344972907
17897,1111,Fresno,1796.0,0.6648404575556893
17898,1111,Fresno,1536.0,0.628687537627935
17899,1111,Fresno,1520.0,0.6267308850090307
17900,1111,Fresno,1591.0,0.6366044551475015
17901,1111,Fresno,2107.0,0.7069235400361228
17902,1111,Fresno,1700.0,0.651896447922938
17903,1111,Fresno,2027.0,0.6951836243226972
17904,1111,Fresno,1734.0,0.6559000602046959
17905,1111,Fresno,1754.0,0.6581577363034317
17906,1111,Fresno,1514.0,0.6256472004816376
17907,1111,Fresno,1922.0,0.6829319686935581
17908,1111,Fresno,1844.0,0.6711619506321493
17909,1111,Fresno,1720.0,0.6542745334136063
17910,1111,Fresno,1744.0,0.6568934376881397
17911,1111,Fresno,1403.0,0.6074954846478026
17912,1111,Fresno,1407.0,0.6079771222155328
17913,1111,Fresno,1847.0,0.6719145093317279
17914,1111,Fresno,1596.0,0.6377483443708609
17915,1111,Fresno,2102.0,0.7062010836845274
17916,1111,Fresno,1626.0,0.6421432871763998
17917,1111,Fresno,1790.0,0.6636363636363637
17918,1111,Fresno,1898.0,0.6796809151113787
17919,1111,Fresno,1593.0,0.6370559903672487
17920,1111,Fresno,1707.0,0.6526490066225166
17921,1112,Fresno,2039.0,0.6971402769416014
17922,1112,Fresno,2570.0,0.7552679108970499
17923,1112,Fresno,14677.0,0.971523178807947
17924,1112,Fresno,1808.0,0.6662251655629139
17925,1112,Fresno,2570.0,0.7552679108970499
17926,1112,Fresno,2769.0,0.7720650210716435
17927,1112,Fresno,1933.0,0.6842865743527995
17928,1112,Fresno,14166.0,0.9701384708007225
17929,1112,Fresno,2151.0,0.7130644190246839
17930,1112,Fresno,15331.0,0.9733293196869356
17931,1112,Fresno,7350.0,0.9341059602649007
17932,1112,Fresno,3482.0,0.822998193859121
17933,1112,Fresno,2781.0,0.7734798314268513
17934,1112,Fresno,3475.0,0.8227272727272728
17935,1112,Fresno,2390.0,0.7379590608067429
17936,1112,Fresno,2189.0,0.7178205900060205
17937,1112,Fresno,7235.0,0.9323299217338953
17938,1094,Fresno,1447.0,0.615412402167369
17939,1094,Fresno,1748.0,0.6574653822998194
17940,1094,Fresno,1662.0,0.6465382299819386
17941,1094,Fresno,1511.0,0.625316074653823
17942,1094,Fresno,1497.0,0.6233895243829018
17943,1094,Fresno,1464.0,0.6179711017459362
17944,1094,Fresno,1401.0,0.606953642384106
17945,1094,Fresno,2751.0,0.770048163756773
17946,1094,Fresno,2155.0,0.7140276941601444
17947,1094,Fresno,2309.0,0.7303431667670078
17948,1094,Fresno,1627.0,0.6422937989163154
17949,1094,Fresno,1593.0,0.6370559903672487
17950,1094,Fresno,1858.0,0.6733594220349187
17951,1094,Fresno,1825.0,0.6689042745334136
17952,1094,Fresno,1944.0,0.6852799518362432
17953,1094,Fresno,1600.0,0.6384406983744733
17954,1094,Fresno,1514.0,0.6256472004816376
17955,1094,Fresno,1455.0,0.6165863937387116
17956,1094,Fresno,1773.0,0.6608970499698976
17957,1094,Fresno,2997.0,0.7900963275135461
17958,1094,Fresno,1233.0,0.5763395544852499
17959,1094,Fresno,1341.0,0.5960264900662252
17960,1094,Fresno,1566.0,0.6326610475617098
17961,1094,Fresno,1757.0,0.6583985550872968
17962,1094,Fresno,1088.0,0.549578567128236
17963,1094,Fresno,2381.0,0.7372065021071643
17964,1094,Fresno,1880.0,0.6772727272727272
17965,1094,Fresno,2556.0,0.7540337146297411
17966,1094,Fresno,2525.0,0.7516556291390728
17967,1094,Fresno,2316.0,0.7309753160746538
17968,1094,Fresno,1714.0,0.6532811559301626
17969,1094,Fresno,1729.0,0.6556291390728477
17970,1113,Fresno,3668.0,0.8323299217338952
17971,1113,Fresno,3570.0,0.8273329319686935
17972,1113,Fresno,3159.0,0.8022877784467188
17973,1113,Fresno,3713.0,0.8337748344370861
17974,1113,Fresno,2646.0,0.7612883804936785
17975,1113,Fresno,4300.0,0.8595424443106562
17976,1113,Fresno,3629.0,0.8307645996387718
17977,1113,Fresno,4235.0,0.8568332329921734
17978,1113,Fresno,3754.0,0.8352498494882601
17979,1113,Fresno,3322.0,0.8143889223359422
17980,1113,Fresno,4820.0,0.8789283564118001
17981,1113,Fresno,1558.0,0.6317278747742324
17982,1113,Fresno,1830.0,0.6695966285370258
17983,1113,Fresno,1874.0,0.6763094521372667
17984,1113,Fresno,2110.0,0.7072245635159542
17985,1113,Fresno,4343.0,0.8610475617098133
17986,1113,Fresno,1655.0,0.6455147501505117
17987,1113,Fresno,1761.0,0.6588801926550271
17988,1095,Fresno,2780.0,0.7733293196869356
17989,1095,Fresno,2766.0,0.7717338952438291
17990,1095,Fresno,2360.0,0.7350391330523781
17991,1095,Fresno,1984.0,0.6903371462974112
17992,1095,Fresno,2932.0,0.7852799518362432
17993,1095,Fresno,2910.0,0.7837146297411198
17994,1095,Fresno,1704.0,0.652528597230584
17995,1095,Fresno,2856.0,0.779741119807345
17996,1095,Fresno,2478.0,0.7467489464178206
17997,1095,Fresno,1683.0,0.6501505117399157
17998,1095,Fresno,3363.0,0.8170078266104757
17999,1095,Fresno,2153.0,0.7136664659843468
18000,1095,Fresno,3196.0,0.8053281155930162
18001,1095,Fresno,2594.0,0.757164358819988
18002,1095,Fresno,3206.0,0.805900060204696
18003,1095,Fresno,2660.0,0.7627633955448525
18004,1095,Fresno,1911.0,0.6810957254665864
18005,1095,Fresno,2290.0,0.7285671282360024
18006,1095,Fresno,2815.0,0.776369656833233
18007,1095,Fresno,1784.0,0.6623419626730885
18008,1095,Fresno,3091.0,0.7976520168573149
18009,1095,Fresno,3229.0,0.8074653822998193
18010,1095,Fresno,3258.0,0.8096929560505719
18011,1095,Fresno,1779.0,0.6618302227573751
18012,1095,Fresno,1930.0,0.6839554485249849
18013,1095,Fresno,2992.0,0.7895243829018663
18014,1095,Fresno,3518.0,0.8251655629139073
18015,1095,Fresno,1619.0,0.6408488862131246
18016,1095,Fresno,1490.0,0.6220048163756773
18017,1095,Fresno,3042.0,0.794099939795304
18018,1095,Fresno,1542.0,0.6298615291992775
18019,1114,Fresno,3313.0,0.8138169777242625
18020,1114,Fresno,3587.0,0.8285671282360024
18021,1114,Fresno,3243.0,0.8083082480433473
18022,1114,Fresno,2835.0,0.7779349789283564
18023,1114,Fresno,4157.0,0.8534918723660445
18024,1114,Fresno,3186.0,0.804635761589404
18025,1114,Fresno,2848.0,0.779108970499699
18026,1114,Fresno,4277.0,0.8586995785671282
18027,1114,Fresno,3390.0,0.8181818181818182
18028,1114,Fresno,3293.0,0.8117399157134256
18029,1114,Fresno,4664.0,0.873208910295003
18030,1114,Fresno,4768.0,0.8768813967489464
18031,1114,Fresno,3099.0,0.7985851896447923
18032,1114,Fresno,4212.0,0.8557194461167971
18033,1114,Fresno,3310.0,0.813515954244431
18034,1114,Fresno,4354.0,0.8615894039735099
18035,1114,Fresno,2789.0,0.7741721854304636
18036,1114,Fresno,2851.0,0.7793497892835641
18037,1114,Fresno,3516.0,0.8250752558699579
18038,1114,Fresno,4571.0,0.8698976520168573
18039,1114,Fresno,6778.0,0.9249849488260085
18040,1114,Fresno,3932.0,0.8428657435279951
18041,1114,Fresno,4691.0,0.8740216736905478
18042,1114,Fresno,3421.0,0.8199879590608068
18043,1096,Fresno,2630.0,0.7598735701384708
18044,1096,Fresno,2509.0,0.7505418422636966
18045,1096,Fresno,3027.0,0.7924443106562312
18046,1096,Fresno,2221.0,0.7213726670680313
18047,1096,Fresno,2723.0,0.7678506923540036
18048,1096,Fresno,833.0,0.5026490066225165
18049,1096,Fresno,1184.0,0.5679409993979531
18050,1096,Fresno,1105.0,0.5525888019265502
18051,1096,Fresno,3077.0,0.7966586393738712
18052,1096,Fresno,1231.0,0.5761288380493679
18053,1096,Fresno,2048.0,0.6982540638169777
18054,1096,Fresno,2157.0,0.714569536423841
18055,1096,Fresno,778.0,0.49286574352799517
18056,1096,Fresno,1417.0,0.6098133654425045
18057,1096,Fresno,2410.0,0.7400060204695966
18058,1096,Fresno,1200.0,0.5706502107164358
18059,1096,Fresno,712.0,0.4779650812763396
18060,1096,Fresno,2055.0,0.6993076459963877
18061,1096,Fresno,1279.0,0.5839253461770018
18062,1096,Fresno,1273.0,0.5828717639975918
18063,1096,Fresno,2059.0,0.6998494882600843
18064,1096,Fresno,1082.0,0.5484647802528597
18065,1096,Fresno,3205.0,0.8057796508127634
18066,1096,Fresno,1144.0,0.5588500903070439
18067,1096,Fresno,1211.0,0.5724864539434076
18068,1096,Fresno,2454.0,0.7441300421432872
18069,1096,Fresno,841.0,0.5053281155930163
18070,1096,Fresno,1983.0,0.6901866345574955
18071,1096,Fresno,2478.0,0.7467489464178206
18072,1096,Fresno,712.0,0.4779650812763396
18073,1096,Fresno,2994.0,0.7897049969897652
18074,1096,Fresno,1982.0,0.6900662251655629
18075,1096,Fresno,924.0,0.5190246839253462
18076,1096,Fresno,1148.0,0.5598735701384708
18077,1115,Fresno,2885.0,0.7814268512944009
18078,1115,Fresno,3945.0,0.8437688139674895
18079,1115,Fresno,4426.0,0.8642986152919928
18080,1115,Fresno,6664.0,0.9229379891631547
18081,1115,Fresno,404.0,0.3935279951836243
18082,1115,Fresno,4506.0,0.8672185430463576
18083,1115,Fresno,3935.0,0.8430463576158941
18084,1115,Fresno,5822.0,0.9075255869957857
18085,1115,Fresno,2136.0,0.7106863335340157
18086,1115,Fresno,2350.0,0.7340758579169175
18087,1115,Fresno,2148.0,0.7124021673690548
18088,1097,Fresno,1724.0,0.6547260686333534
18089,1097,Fresno,3040.0,0.7937086092715232
18090,1097,Fresno,599.0,0.4512341962673089
18091,1097,Fresno,709.0,0.4769416014449127
18092,1097,Fresno,1579.0,0.6348284166164961
18093,1097,Fresno,686.0,0.47239614689945814
18094,1097,Fresno,2250.0,0.7248344370860927
18095,1097,Fresno,708.0,0.47661047561709813
18096,1097,Fresno,692.0,0.4736604455147502
18097,1097,Fresno,743.0,0.4857013847080072
18098,1097,Fresno,1498.0,0.623630343166767
18099,1097,Fresno,1516.0,0.625948223961469
18100,1097,Fresno,2456.0,0.7443407585791691
18101,1097,Fresno,549.0,0.4369054786273329
18102,1097,Fresno,1505.0,0.6247140276941602
18103,1097,Fresno,1726.0,0.6551173991571343
18104,1097,Fresno,1004.0,0.5338952438290187
18105,1097,Fresno,841.0,0.5053281155930163
18106,1097,Fresno,1556.0,0.6314870559903673
18107,1117,Fresno,4064.0,0.8486754966887418
18108,1117,Fresno,4541.0,0.868783865141481
18109,1117,Fresno,3394.0,0.8184226369656833
18110,1117,Fresno,4142.0,0.8530704394942805
18111,1117,Fresno,4735.0,0.8756773028296208
18112,1117,Fresno,2564.0,0.7546357615894039
18113,1117,Fresno,5958.0,0.909933774834437
18114,1117,Fresno,3160.0,0.8024081878386514
18115,1117,Fresno,1864.0,0.674262492474413
18116,1117,Fresno,1465.0,0.6180915111378688
18117,1117,Fresno,4736.0,0.8757977122215532
18118,1117,Fresno,5365.0,0.8964178205900061
18119,1117,Fresno,1991.0,0.6912402167369055
18120,1117,Fresno,2103.0,0.7064720048163757
18121,1117,Fresno,1036.0,0.5389524382901867
18122,1098,Fresno,1720.0,0.6542745334136063
18123,1098,Fresno,2883.0,0.7812763395544853
18124,1098,Fresno,2147.0,0.7120409391932571
18125,1098,Fresno,125.0,0.28365442504515354
18126,1098,Fresno,2988.0,0.7891631547260687
18127,1098,Fresno,684.0,0.4720048163756773
18128,1098,Fresno,2340.0,0.7331426851294401
18129,1098,Fresno,798.0,0.49671884406983746
18130,1098,Fresno,221.0,0.3342263696568332
18131,1098,Fresno,1538.0,0.6290788681517159
18132,1098,Fresno,614.0,0.4550872968091511
18133,1098,Fresno,233.0,0.3395845875978326
18134,1098,Fresno,200.0,0.3253461770018061
18135,1098,Fresno,1391.0,0.6051776038531005
18136,1098,Fresno,2985.0,0.7889223359422035
18137,1098,Fresno,170.0,0.3089403973509934
18138,1098,Fresno,686.0,0.47239614689945814
18139,1118,Fresno,2393.0,0.7382600842865743
18140,1118,Fresno,3662.0,0.8321493076459964
18141,1118,Fresno,2133.0,0.7101444912703191
18142,1118,Fresno,3231.0,0.8076760987357013
18143,1118,Fresno,2889.0,0.7818181818181819
18144,1118,Fresno,4780.0,0.8773630343166767
18145,1118,Fresno,3844.0,0.8391631547260686
18146,1118,Fresno,1604.0,0.6390126429861529
18147,1118,Fresno,2454.0,0.7441300421432872
18148,1118,Fresno,940.0,0.5221252257676099
18149,1118,Fresno,1910.0,0.6809151113786875
18150,1118,Fresno,2987.0,0.7890427453341361
18151,1118,Fresno,3205.0,0.8057796508127634
18152,1118,Fresno,3552.0,0.8265502709211319
18153,1118,Fresno,4748.0,0.8763395544852498
18154,1099,Fresno,146.0,0.29614689945815775
18155,1099,Fresno,1602.0,0.6387417218543047
18156,1099,Fresno,156.0,0.3031005418422637
18157,1099,Fresno,155.0,0.30237808549066825
18158,1099,Fresno,162.0,0.3052077062010837
18159,1099,Fresno,116.0,0.2770620108368453
18160,1099,Fresno,189.0,0.320680313064419
18161,1099,Fresno,184.0,0.31794099939795306
18162,1099,Fresno,171.0,0.30942203491872367
18163,1099,Fresno,3276.0,0.8106863335340156
18164,1099,Fresno,148.0,0.2980132450331126
18165,1099,Fresno,123.0,0.2817278747742324
18166,1099,Fresno,2485.0,0.7477423239012643
18167,1099,Fresno,248.0,0.3469596628537026
18168,1099,Fresno,131.0,0.28705599036724866
18169,1099,Fresno,129.0,0.2860626128838049
18170,1099,Fresno,138.0,0.2904274533413606
18171,1099,Fresno,129.0,0.2860626128838049
18172,1099,Fresno,200.0,0.3253461770018061
18173,1099,Fresno,429.0,0.40319084888621315
18174,1099,Fresno,120.0,0.2797712221553281
18175,1099,Fresno,0.0,0.0
18176,1099,Fresno,467.0,0.4140878988561108
18177,1119,Fresno,734.0,0.48404575556893437
18178,1119,Fresno,2152.0,0.7133654425045154
18179,1119,Fresno,2230.0,0.7228175797712222
18180,1119,Fresno,1907.0,0.6806140878988561
18181,1119,Fresno,2124.0,0.7089403973509933
18182,1119,Fresno,2845.0,0.7787176399759181
18183,1119,Fresno,2834.0,0.777844671884407
18184,1119,Fresno,2692.0,0.7658940397350993
18185,1119,Fresno,1193.0,0.5691450933172787
18186,1119,Fresno,906.0,0.5164057796508128
18187,1119,Fresno,1659.0,0.6461468994581577
18188,1119,Fresno,1833.0,0.669837447320891
18189,1119,Fresno,3514.0,0.8249247441300421
18190,1119,Fresno,787.0,0.4948826008428657
18191,1119,Fresno,1195.0,0.5695364238410596
18192,1101,Fresno,662.0,0.4673389524382902
18193,1101,Fresno,90.0,0.2554184226369657
18194,1101,Fresno,1793.0,0.6641481035520771
18195,1101,Fresno,1680.0,0.6496086694762191
18196,1101,Fresno,946.0,0.5235099337748345
18197,1101,Fresno,923.0,0.5188741721854304
18198,1101,Fresno,946.0,0.5235099337748345
18199,1101,Fresno,946.0,0.5235099337748345
18200,1101,Fresno,874.0,0.5115593016255268
18201,1101,Fresno,960.0,0.5267308850090308
18202,1101,Fresno,1757.0,0.6583985550872968
18203,1101,Fresno,947.0,0.523841059602649
18204,1101,Fresno,871.0,0.5109271523178808
18205,1100,Fresno,248.0,0.3469596628537026
18206,1101,Fresno,1790.0,0.6636363636363637
18207,1101,Fresno,923.0,0.5188741721854304
18208,1101,Fresno,917.0,0.5182420228777844
18209,1101,Fresno,1312.0,0.589885611077664
18210,1120,Fresno,1724.0,0.6547260686333534
18211,1120,Fresno,842.0,0.5057796508127634
18212,1120,Fresno,1719.0,0.6540638169777243
18213,1120,Fresno,1584.0,0.6357013847080072
18214,1100,Fresno,1469.0,0.6186935580975316
18215,1120,Fresno,1578.0,0.6347080072245636
18216,1120,Fresno,1812.0,0.6666465984346779
18217,1126,Fresno,807.0,0.49792293798916315
18218,1126,Fresno,812.0,0.49897652016857313
18219,1255,Fresno,187.0,0.31965683323299215
18220,1256,Fresno,155.0,0.30237808549066825
18221,1133,Fresno,22259.0,0.9800722456351595
18222,1133,Fresno,14058.0,0.969837447320891
18223,1133,Fresno,15710.0,0.9738109572546658
18224,1133,Fresno,14326.0,0.9705599036724865
18225,1133,Fresno,25809.0,0.9823600240818784
18226,1133,Fresno,13285.0,0.9679108970499699
18227,1133,Fresno,14904.0,0.9722456351595424
18228,1133,Fresno,29627.0,0.9866345574954847
18229,1133,Fresno,27461.0,0.9843467790487658
18230,1133,Fresno,23219.0,0.9813365442504516
18231,1133,Fresno,26961.0,0.9836243226971704
18232,1133,Fresno,15883.0,0.9739915713425648
18233,1133,Fresno,14149.0,0.9700180614087899
18234,1133,Fresno,8406.0,0.9479229379891632
18235,1133,Fresno,14254.0,0.9704394942805539
18236,1133,Fresno,13704.0,0.9688741721854305
18237,1133,Fresno,15321.0,0.9732390126429862
18238,1133,Fresno,31913.0,0.9894641782059
18239,1133,Fresno,13589.0,0.9683323299217339
18240,1133,Fresno,24044.0,0.981878386514148
18241,1133,Fresno,3679.0,0.8326008428657435
18242,1133,Fresno,4246.0,0.8573449729078868
18243,1133,Fresno,3755.0,0.8353401565322095
18244,1133,Fresno,22862.0,0.9807344972907887
18245,1133,Fresno,24667.0,0.9821794099939796
18246,1133,Fresno,26265.0,0.9827212522576761
18247,1133,Fresno,28726.0,0.9852799518362432
18248,1133,Fresno,30631.0,0.9874172185430463
18249,1133,Fresno,26003.0,0.982480433473811
18250,1133,Fresno,27134.0,0.9840457555689344
18251,1133,Fresno,22739.0,0.9805538832028898
18252,1133,Fresno,24320.0,0.982059000602047
18253,1153,Fresno,14152.0,0.9700782661047562
18254,1153,Fresno,3759.0,0.8354605659241421
18255,1153,Fresno,4061.0,0.8485851896447923
18256,1153,Fresno,4087.0,0.8500301023479832
18257,1153,Fresno,14837.0,0.9721252257676098
18258,1153,Fresno,2836.0,0.778055388320289
18259,1153,Fresno,2407.0,0.7397350993377484
18260,1153,Fresno,3327.0,0.8148103552077062
18261,1153,Fresno,2894.0,0.7824202287778447
18262,1153,Fresno,15079.0,0.9726670680313064
18263,1153,Fresno,2467.0,0.7453943407585791
18264,1153,Fresno,2906.0,0.7834437086092715
18265,1153,Fresno,2384.0,0.7373871161950633
18266,1153,Fresno,14511.0,0.9709813365442505
18267,1153,Fresno,14954.0,0.972366044551475
18268,1153,Fresno,3922.0,0.8422937989163155
18269,1153,Fresno,3641.0,0.831426851294401
18270,1153,Fresno,2048.0,0.6982540638169777
18271,1153,Fresno,3062.0,0.7956953642384106
18272,1153,Fresno,15612.0,0.9736905478627333
18273,1153,Fresno,15655.0,0.9737507525586996
18274,1153,Fresno,2660.0,0.7627633955448525
18275,1153,Fresno,2770.0,0.7721854304635761
18276,1134,Fresno,14802.0,0.9718844069837448
18277,1134,Fresno,2092.0,0.7046658639373872
18278,1134,Fresno,2149.0,0.7127332931968694
18279,1134,Fresno,2803.0,0.7754665863937387
18280,1134,Fresno,2060.0,0.7000301023479831
18281,1134,Fresno,3951.0,0.8440999397953041
18282,1134,Fresno,2720.0,0.7673991571342564
18283,1134,Fresno,2137.0,0.7108368452739313
18284,1134,Fresno,2301.0,0.7293798916315473
18285,1134,Fresno,14682.0,0.9715833835039133
18286,1134,Fresno,3785.0,0.8365442504515352
18287,1134,Fresno,4629.0,0.8722456351595425
18288,1134,Fresno,3631.0,0.8308248043347382
18289,1134,Fresno,2931.0,0.7851896447922938
18290,1134,Fresno,1978.0,0.6897953040337146
18291,1134,Fresno,2078.0,0.7027694160144491
18292,1134,Fresno,2034.0,0.6963576158940398
18293,1134,Fresno,2000.0,0.6927453341360627
18294,1134,Fresno,2146.0,0.7118001204093919
18295,1134,Fresno,2731.0,0.7682420228777844
18296,1134,Fresno,14088.0,0.9699578567128236
18297,1134,Fresno,2826.0,0.7771222155328116
18298,1134,Fresno,2629.0,0.7597230583985551
18299,1154,Fresno,2218.0,0.7209512341962673
18300,1154,Fresno,2988.0,0.7891631547260687
18301,1154,Fresno,2051.0,0.6986754966887417
18302,1154,Fresno,1543.0,0.6300722456351595
18303,1154,Fresno,2074.0,0.7021974714027694
18304,1154,Fresno,1840.0,0.6707706201083684
18305,1154,Fresno,2890.0,0.7819385912101144
18306,1154,Fresno,3267.0,0.8103251053582179
18307,1154,Fresno,2982.0,0.7886815171583383
18308,1154,Fresno,2177.0,0.7166767007826611
18309,1154,Fresno,2127.0,0.7094521372667068
18310,1154,Fresno,3837.0,0.8389524382901866
18311,1154,Fresno,3121.0,0.8001204093919325
18312,1154,Fresno,2951.0,0.7862131246237206
18313,1154,Fresno,4397.0,0.8635159542444311
18314,1154,Fresno,2636.0,0.7602649006622516
18315,1154,Fresno,2181.0,0.7170981336544251
18316,1154,Fresno,3904.0,0.841360626128838
18317,1154,Fresno,2121.0,0.7084587597832631
18318,1154,Fresno,1581.0,0.6352498494882601
18319,1154,Fresno,3726.0,0.8342263696568333
18320,1154,Fresno,1177.0,0.5662552679108971
18321,1135,Fresno,3409.0,0.8194461167971102
18322,1135,Fresno,2391.0,0.7381095725466587
18323,1135,Fresno,2797.0,0.774894641782059
18324,1135,Fresno,2138.0,0.7110174593618303
18325,1135,Fresno,2605.0,0.7578266104756171
18326,1135,Fresno,2671.0,0.7639072847682119
18327,1135,Fresno,3350.0,0.8161348585189645
18328,1155,Fresno,3909.0,0.8415111378687538
18329,1155,Fresno,1976.0,0.6895544852498495
18330,1155,Fresno,1793.0,0.6641481035520771
18331,1155,Fresno,1841.0,0.6709211318482842
18332,1155,Fresno,3443.0,0.8210114388922336
18333,1155,Fresno,2567.0,0.7548765803732691
18334,1136,Fresno,5458.0,0.8986754966887417
18335,1136,Fresno,6963.0,0.9277844671884407
18336,1136,Fresno,4342.0,0.8609572546658639
18337,1136,Fresno,5720.0,0.9053281155930163
18338,1136,Fresno,7138.0,0.9304033714629741
18339,1136,Fresno,5155.0,0.8897652016857315
18340,1136,Fresno,7019.0,0.9285370258880192
18341,1136,Fresno,5808.0,0.9072847682119205
18342,1136,Fresno,5549.0,0.9012040939193257
18343,1136,Fresno,4123.0,0.8517158338350391
18344,1136,Fresno,4810.0,0.8786273329319687
18345,1136,Fresno,4950.0,0.8830222757375076
18346,1136,Fresno,4130.0,0.85210716435882
18347,1136,Fresno,7043.0,0.9289885611077664
18348,1136,Fresno,6230.0,0.9151715833835039
18349,1136,Fresno,5033.0,0.8860024081878386
18350,1136,Fresno,6470.0,0.9202287778446718
18351,1136,Fresno,3762.0,0.8356712823600241
18352,1136,Fresno,7195.0,0.9312462372065021
18353,1136,Fresno,4275.0,0.858639373871162
18354,1136,Fresno,3812.0,0.8377483443708609
18355,1136,Fresno,5361.0,0.8961770018061409
18356,1136,Fresno,4158.0,0.8536122817579771
18357,1136,Fresno,5510.0,0.8998193859121011
18358,1136,Fresno,7320.0,0.9338350391330523
18359,1136,Fresno,7061.0,0.9291390728476822
18360,1156,Fresno,3306.0,0.8130343166767008
18361,1156,Fresno,5012.0,0.8853702588801926
18362,1156,Fresno,4106.0,0.8509331727874774
18363,1156,Fresno,3085.0,0.797049969897652
18364,1156,Fresno,5158.0,0.8898856110776641
18365,1156,Fresno,3774.0,0.8361830222757375
18366,1156,Fresno,3688.0,0.8330222757375075
18367,1156,Fresno,3302.0,0.81264298615292
18368,1156,Fresno,3733.0,0.8344972907886815
18369,1156,Fresno,3078.0,0.7967790487658037
18370,1156,Fresno,4621.0,0.8719747140276941
18371,1156,Fresno,3933.0,0.8429259482239615
18372,1156,Fresno,4616.0,0.8717037928958459
18373,1156,Fresno,5539.0,0.9008729680915112
18374,1156,Fresno,2591.0,0.7569837447320891
18375,1156,Fresno,5120.0,0.8888019265502709
18376,1156,Fresno,3298.0,0.8122817579771222
18377,1137,Fresno,6563.0,0.9214027694160144
18378,1137,Fresno,7116.0,0.9302227573750752
18379,1139,Fresno,5385.0,0.8969897652016857
18380,1139,Fresno,5481.0,0.8992173389524383
18381,1138,Fresno,4442.0,0.8650511739915714
18382,1138,Fresno,6988.0,0.9282059000602046
18383,1138,Fresno,6446.0,0.9197772426249248
18384,1138,Fresno,6168.0,0.9145695364238411
18385,1138,Fresno,6068.0,0.9124924744130042
18386,1138,Fresno,4604.0,0.871312462372065
18387,1138,Fresno,6192.0,0.9147501505117399
18388,1157,Fresno,4125.0,0.8518061408789885
18389,1157,Fresno,2949.0,0.786092715231788
18390,1157,Fresno,3663.0,0.8322396146899458
18391,1157,Fresno,3615.0,0.8299819385912102
18392,1157,Fresno,4668.0,0.8733293196869356
18393,1157,Fresno,4592.0,0.8706803130644191
18394,1157,Fresno,690.0,0.4731186032510536
18395,1157,Fresno,3105.0,0.7990066225165563
18396,1157,Fresno,5368.0,0.8965081276339555
18397,1157,Fresno,4572.0,0.8700481637567731
18398,1158,Fresno,1040.0,0.5395845875978327
18399,1158,Fresno,1298.0,0.5877483443708609
18400,1158,Fresno,1059.0,0.5437688139674894
18401,1158,Fresno,3202.0,0.8055689343768814
18402,1158,Fresno,734.0,0.48404575556893437
18403,1158,Fresno,1058.0,0.5434978928356412
18404,1158,Fresno,4608.0,0.8714930764599639
18405,1158,Fresno,2227.0,0.7223359422034918
18406,1158,Fresno,2226.0,0.7221854304635762
18407,1158,Fresno,970.0,0.5285671282360024
18408,1141,Fresno,916.0,0.5179711017459362
18409,1141,Fresno,3181.0,0.80421432871764
18410,1141,Fresno,431.0,0.40385310054184226
18411,1141,Fresno,2660.0,0.7627633955448525
18412,1141,Fresno,4860.0,0.8801324503311259
18413,1159,Fresno,421.0,0.4009030704394943
18414,1159,Fresno,399.0,0.3922335942203492
18415,1159,Fresno,963.0,0.5275737507525587
18416,1159,Fresno,381.0,0.38672486453943405
18417,1159,Fresno,428.0,0.40301023479831427
18418,1159,Fresno,358.0,0.3793798916315473
18419,1159,Fresno,449.0,0.40933172787477423
18420,1142,Fresno,1498.0,0.623630343166767
18421,1142,Fresno,1665.0,0.6470198675496689
18422,1142,Fresno,601.0,0.451685731487056
18423,1142,Fresno,606.0,0.45349187236604455
18424,1142,Fresno,595.0,0.44945815773630343
18425,1142,Fresno,1877.0,0.6768512944009633
18426,1142,Fresno,3635.0,0.8311860325105358
18427,1142,Fresno,1566.0,0.6326610475617098
18428,1142,Fresno,1136.0,0.5572847682119205
18429,1160,Fresno,43.0,0.19039735099337748
18430,1160,Fresno,122.0,0.2809753160746538
18431,1160,Fresno,86.0,0.251475015051174
18432,1160,Fresno,1002.0,0.5335039133052378
18433,1160,Fresno,122.0,0.2809753160746538
18434,1160,Fresno,123.0,0.2817278747742324
18435,1145,Fresno,488.0,0.4199277543648405
18436,1145,Fresno,1854.0,0.6726670680313065
18437,1145,Fresno,655.0,0.4656532209512342
18438,1145,Fresno,1424.0,0.6112582781456953
18439,1145,Fresno,1406.0,0.607796508127634
18440,1145,Fresno,787.0,0.4948826008428657
18441,1145,Fresno,1003.0,0.5336845273931367
18442,1145,Fresno,950.0,0.5249247441300422
18443,1145,Fresno,1038.0,0.5391330523780855
18444,1145,Fresno,1155.0,0.5615593016255268
18445,1145,Fresno,2287.0,0.7283865141481035
18446,1145,Fresno,519.0,0.4287778446718844
18447,1162,Fresno,456.0,0.4110174593618302
18448,1162,Fresno,457.0,0.4112281757977122
18449,1162,Fresno,440.0,0.4067128236002408
18450,1162,Fresno,558.0,0.43925346177001806
18451,1162,Fresno,486.0,0.4191149909692956
18452,1162,Fresno,343.0,0.3758278145695364
18453,1162,Fresno,418.0,0.40003010234798314
18454,1162,Fresno,399.0,0.3922335942203492
18455,1146,Fresno,373.0,0.3840457555689344
18456,1146,Fresno,611.0,0.4545153521974714
18457,1146,Fresno,749.0,0.4868452739313667
18458,1146,Fresno,610.0,0.45433473810957253
18459,1146,Fresno,373.0,0.3840457555689344
18460,1146,Fresno,609.0,0.45421432871764
18461,1146,Fresno,740.0,0.48527995183624323
18462,1146,Fresno,675.0,0.47028898254063817
18463,1146,Fresno,846.0,0.5065021071643588
18464,1146,Fresno,609.0,0.45421432871764
18465,1146,Fresno,511.0,0.42679108970499696
18466,1146,Fresno,744.0,0.48600240818783863
18467,1146,Fresno,876.0,0.5119205298013245
18468,1146,Fresno,341.0,0.3749247441300421
18469,1163,Fresno,539.0,0.4349789283564118
18470,1163,Fresno,533.0,0.4336243226971704
18471,1163,Fresno,582.0,0.4469897652016857
18472,1163,Fresno,541.0,0.43534015653220953
18473,1163,Fresno,576.0,0.4457555689343769
18474,1163,Fresno,575.0,0.4453341360626129
18475,1163,Fresno,575.0,0.4453341360626129
18476,1163,Fresno,475.0,0.41625526791089706
18477,1163,Fresno,575.0,0.4453341360626129
18478,1163,Fresno,534.0,0.4338651414810355
18479,1163,Fresno,526.0,0.43115593016255266
18480,1163,Fresno,628.0,0.4590909090909091
18481,1163,Fresno,483.0,0.41845273931366644
18482,1163,Fresno,717.0,0.4794099939795304
18483,1147,Fresno,164.0,0.30638169777242624
18484,1147,Fresno,348.0,0.37730282962071043
18485,1147,Fresno,194.0,0.324051776038531
18486,1147,Fresno,93.0,0.2581878386514148
18487,1147,Fresno,232.0,0.3388621312462372
18488,1147,Fresno,778.0,0.49286574352799517
18489,1147,Fresno,243.0,0.34467188440698376
18490,1147,Fresno,569.0,0.4422937989163155
18491,1147,Fresno,875.0,0.5117399157134257
18492,1147,Fresno,926.0,0.5191450933172788
18493,1147,Fresno,302.0,0.36351595424443106
18494,1147,Fresno,240.0,0.3428657435279952
18495,1147,Fresno,367.0,0.3823600240818784
18496,1164,Fresno,396.0,0.3911198073449729
18497,1164,Fresno,442.0,0.40743527995183626
18498,1164,Fresno,319.0,0.36857314870559904
18499,1164,Fresno,325.0,0.3703491872366045
18500,1164,Fresno,526.0,0.43115593016255266
18501,1164,Fresno,594.0,0.44924744130042144
18502,1164,Fresno,569.0,0.4422937989163155
18503,1164,Fresno,381.0,0.38672486453943405
18504,1164,Fresno,549.0,0.4369054786273329
18505,1164,Fresno,384.0,0.3877182420228778
18506,1164,Fresno,604.0,0.4524683925346177
18507,1264,Fresno,8.0,0.06815171583383504
18508,1267,Fresno,8.0,0.06815171583383504
18509,1166,Fresno,1973.0,0.6892233594220349
18510,1166,Fresno,1678.0,0.6491872366044551
18511,1166,Fresno,238.0,0.34187236604455146
18512,1166,Fresno,242.0,0.3441601444912703
18513,1166,Fresno,2236.0,0.7234497290788682
18514,1166,Fresno,813.0,0.499157134256472
18515,1166,Fresno,191.0,0.3218844069837447
18516,1166,Fresno,191.0,0.3218844069837447
18517,770,Fresno,1144.0,0.5588500903070439
18518,770,Fresno,1867.0,0.6746538229981939
18519,1178,Fresno,1753.0,0.6579470198675497
18520,1178,Fresno,1520.0,0.6267308850090307
18521,1178,Fresno,1958.0,0.687326911499097
18522,1178,Fresno,1307.0,0.5888621312462372
18523,1167,Fresno,1817.0,0.6675496688741722
18524,1167,Fresno,2304.0,0.7297110174593618
18525,1167,Fresno,1967.0,0.6884708007224564
18526,1167,Fresno,3209.0,0.806110776640578
18527,1167,Fresno,1680.0,0.6496086694762191
18528,1179,Fresno,814.0,0.4994280553883203
18529,1179,Fresno,1602.0,0.6387417218543047
18530,1179,Fresno,820.0,0.5001505117399158
18531,1179,Fresno,2497.0,0.749367850692354
18532,1179,Fresno,1643.0,0.6440698374473209
18533,1179,Fresno,2401.0,0.7391932570740518
18534,1179,Fresno,835.0,0.5032510535821794
18535,1179,Fresno,1607.0,0.6396146899458158
18536,1179,Fresno,1070.0,0.5461770018061409
18537,1179,Fresno,10.0,0.07874774232390126
18538,1179,Fresno,841.0,0.5053281155930163
18539,1179,Fresno,1902.0,0.6801926550270921
18540,1179,Fresno,1320.0,0.5919626730885009
18541,1179,Fresno,2349.0,0.7339855508729681
18542,1179,Fresno,755.0,0.4876580373269115
18543,1179,Fresno,2525.0,0.7516556291390728
18544,1179,Fresno,1663.0,0.6467188440698375
18545,1179,Fresno,1316.0,0.5908789885611078
18546,1179,Fresno,1326.0,0.5934978928356411
18547,1179,Fresno,872.0,0.5111378687537628
18548,1179,Fresno,814.0,0.4994280553883203
18549,1179,Fresno,997.0,0.5327513546056593
18550,1179,Fresno,2694.0,0.7660144491270319
18551,1179,Fresno,2192.0,0.7181517158338351
18552,1168,Fresno,2347.0,0.7337748344370861
18553,1168,Fresno,1366.0,0.6010836845273931
18554,1168,Fresno,2491.0,0.7487658037326912
18555,1168,Fresno,2185.0,0.7175195665261891
18556,1168,Fresno,2706.0,0.7666164960866948
18557,1168,Fresno,2356.0,0.734587597832631
18558,1168,Fresno,2265.0,0.7261890427453341
18559,1180,Fresno,2520.0,0.7513847080072246
18560,1180,Fresno,2004.0,0.6931366646598435
18561,1180,Fresno,1417.0,0.6098133654425045
18562,1180,Fresno,1737.0,0.6562913907284769
18563,1180,Fresno,2681.0,0.7649608669476219
18564,1180,Fresno,2389.0,0.7378687537627935
18565,1180,Fresno,1518.0,0.6262793497892836
18566,1180,Fresno,1392.0,0.6053883202889826
18567,1180,Fresno,2113.0,0.7075556893437688
18568,1180,Fresno,2385.0,0.7375376279349789
18569,1180,Fresno,1930.0,0.6839554485249849
18570,1180,Fresno,2781.0,0.7734798314268513
18571,1180,Fresno,2171.0,0.7160746538229982
18572,1180,Fresno,1609.0,0.6399759181216135
18573,1180,Fresno,1873.0,0.6759783263094521
18574,1180,Fresno,1559.0,0.6319084888621312
18575,1180,Fresno,1176.0,0.5658940397350993
18576,1180,Fresno,3030.0,0.79262492474413
18577,1180,Fresno,1266.0,0.5813967489464178
18578,1180,Fresno,1735.0,0.6560505719446117
18579,1180,Fresno,1564.0,0.6323901264298615
18580,1180,Fresno,2413.0,0.7403371462974112
18581,1180,Fresno,2169.0,0.7156532209512342
18582,1180,Fresno,2202.0,0.7192956050571945
18583,1180,Fresno,2306.0,0.7299217338952438
18584,1169,Fresno,2256.0,0.725526791089705
18585,1169,Fresno,2674.0,0.7641481035520771
18586,1169,Fresno,2852.0,0.7794099939795304
18587,1169,Fresno,1273.0,0.5828717639975918
18588,1169,Fresno,2193.0,0.7183022275737507
18589,1169,Fresno,2480.0,0.7470800722456351
18590,1169,Fresno,2066.0,0.7009632751354605
18591,1169,Fresno,2271.0,0.7266706803130644
18592,1169,Fresno,2137.0,0.7108368452739313
18593,1169,Fresno,1855.0,0.6728476821192053
18594,1169,Fresno,1819.0,0.6678506923540036
18595,1169,Fresno,2076.0,0.7024081878386514
18596,1181,Fresno,2032.0,0.6961468994581578
18597,1181,Fresno,1181.0,0.5673991571342565
18598,1181,Fresno,3092.0,0.7978326309452137
18599,1181,Fresno,1771.0,0.6605960264900662
18600,1181,Fresno,1079.0,0.5479530403371463
18601,1181,Fresno,741.0,0.4854906682721252
18602,1181,Fresno,1494.0,0.622787477423239
18603,1181,Fresno,2175.0,0.7164057796508128
18604,1181,Fresno,268.0,0.3522576760987357
18605,1181,Fresno,399.0,0.3922335942203492
18606,1181,Fresno,1061.0,0.5442203491872366
18607,1181,Fresno,1104.0,0.5523780854906682
18608,1181,Fresno,233.0,0.3395845875978326
18609,1181,Fresno,2264.0,0.7261288380493679
18610,1181,Fresno,1070.0,0.5461770018061409
18611,1181,Fresno,2747.0,0.7698073449729079
18612,1181,Fresno,3339.0,0.8155328115593016
18613,1181,Fresno,382.0,0.3870860927152318
18614,1181,Fresno,3451.0,0.8214629741119808
18615,1181,Fresno,2587.0,0.7566225165562914
18616,1181,Fresno,1195.0,0.5695364238410596
18617,1170,Fresno,3586.0,0.828476821192053
18618,1170,Fresno,620.0,0.45701384708007226
18619,1170,Fresno,3228.0,0.8073449729078868
18620,1170,Fresno,2282.0,0.7278145695364239
18621,1170,Fresno,881.0,0.5126128838049367
18622,1170,Fresno,1347.0,0.5971703792895846
18623,1170,Fresno,1292.0,0.5867549668874172
18624,1170,Fresno,1268.0,0.5818181818181818
18625,1182,Fresno,176.0,0.31315472606863337
18626,1182,Fresno,75.0,0.2407585791691752
18627,1182,Fresno,65.0,0.22859723058398554
18628,1182,Fresno,70.0,0.23573148705599037
18629,1182,Fresno,68.0,0.23305237808549067
18630,1171,Fresno,361.0,0.380373269114991
18631,1171,Fresno,676.0,0.47046959662853705
18632,1171,Fresno,377.0,0.38515954244431067
18633,1171,Fresno,377.0,0.38515954244431067
18634,1171,Fresno,676.0,0.47046959662853705
18635,1171,Fresno,681.0,0.47134256472004815
18636,1171,Fresno,392.0,0.3897049969897652
18637,1171,Fresno,659.0,0.46664659843467793
18638,1171,Fresno,690.0,0.4731186032510536
18639,1171,Fresno,298.0,0.3621312462372065
18640,1171,Fresno,327.0,0.3710716435881999
18641,1171,Fresno,289.0,0.35945213726670683
18642,1171,Fresno,683.0,0.4718543046357616
18643,1158,Fresno,629.0,0.4594521372667068
18644,1171,Fresno,707.0,0.47627934978928355
18645,1183,Fresno,127.0,0.2848284166164961
18646,1183,Fresno,110.0,0.2722757375075256
18647,1183,Fresno,113.0,0.27474413004214326
18648,1183,Fresno,110.0,0.2722757375075256
18649,1183,Fresno,110.0,0.2722757375075256
18650,1183,Fresno,110.0,0.2722757375075256
18651,1183,Fresno,110.0,0.2722757375075256
18652,1183,Fresno,110.0,0.2722757375075256
18653,1183,Fresno,110.0,0.2722757375075256
18654,1183,Fresno,487.0,0.4194461167971102
18655,1183,Fresno,110.0,0.2722757375075256
18656,1183,Fresno,424.0,0.4015051173991571
18657,1185,Fresno,206.0,0.32808549066827214
18658,1185,Fresno,106.0,0.26992775436484046
18659,1185,Fresno,260.0,0.35036122817579773
18660,1185,Fresno,100.0,0.26535219747140276
18661,1185,Fresno,818.0,0.499789283564118
18662,1185,Fresno,570.0,0.44310656231186035
18663,1185,Fresno,229.0,0.33684527393136665
18664,1185,Fresno,343.0,0.3758278145695364
18665,1173,Fresno,933.0,0.520680313064419
18666,1185,Fresno,564.0,0.4406080674292595
18667,1185,Fresno,380.0,0.3863937387116195
18668,1185,Fresno,116.0,0.2770620108368453
18669,1185,Fresno,112.0,0.27396146899458157
18670,1185,Fresno,128.0,0.2854605659241421
18671,1187,Fresno,259.0,0.35
18672,1187,Fresno,133.0,0.28801926550270923
18673,1187,Fresno,102.0,0.2670078266104756
18674,1187,Fresno,254.0,0.3488260084286574
18675,1187,Fresno,218.0,0.3332931968693558
18676,1187,Fresno,386.0,0.3882600842865743
18677,1187,Fresno,82.0,0.2473208910295003
18678,1187,Fresno,345.0,0.37667068031306444
18679,1187,Fresno,517.0,0.4282962071041541
18680,1176,Fresno,39.0,0.18323299217338954
18681,1189,Fresno,2.0,0.021763997591812162
18682,1277,Fresno,24.0,0.1451234196267309
18683,1282,Fresno,14.0,0.098314268512944
18684,1282,Fresno,2.0,0.021763997591812162
18685,1278,Fresno,12.0,0.08880192655027092
18686,1190,Fresno,5186.0,0.8907886815171583
18687,1190,Fresno,5835.0,0.9078567128236003
18688,1190,Fresno,5424.0,0.8980132450331125
18689,1191,Fresno,1307.0,0.5888621312462372
18690,1191,Fresno,1198.0,0.5702287778446719
18691,1192,Fresno,709.0,0.4769416014449127
18692,1192,Fresno,726.0,0.48254063816977727
18693,1192,Fresno,748.0,0.4867248645394341
18694,1192,Fresno,785.0,0.4944912703190849
18695,1192,Fresno,889.0,0.5133353401565323
18696,1192,Fresno,862.0,0.5096628537025888
18697,1192,Fresno,669.0,0.4689644792293799
18698,1192,Fresno,715.0,0.478476821192053
18699,1192,Fresno,829.0,0.5019566526189043
18700,1192,Fresno,720.0,0.48037326911499095
18701,1192,Fresno,772.0,0.4915111378687538
18702,1192,Fresno,828.0,0.5017459361830223
18703,1192,Fresno,745.0,0.4863034316676701
18704,1193,Fresno,96.0,0.26056592414208307
18705,1193,Fresno,385.0,0.3879590608067429
18706,1193,Fresno,325.0,0.3703491872366045
18707,1194,Fresno,5371.0,0.8966285370258881
18708,1197,Fresno,1948.0,0.6859723058398555
18709,1197,Fresno,1772.0,0.660746538229982
18710,1197,Fresno,1780.0,0.6619807344972908
18711,1197,Fresno,1752.0,0.6577363034316677
18712,1197,Fresno,1926.0,0.6834738109572547
18713,1197,Fresno,2380.0,0.7370860927152317
18714,1197,Fresno,1474.0,0.6195966285370259
18715,1199,Fresno,1028.0,0.5378085490668272
18716,1199,Fresno,608.0,0.4540939193257074
18717,1199,Fresno,367.0,0.3823600240818784
18718,1199,Fresno,344.0,0.3762191450933173
18719,1200,Fresno,984.0,0.5302829620710415
18720,1203,Fresno,64.0,0.227423239012643
18721,1203,Fresno,138.0,0.2904274533413606
18722,1204,Fresno,84.0,0.24909692956050572
18723,1204,Fresno,146.0,0.29614689945815775
18724,1289,Fresno,74.0,0.23976520168573148
18725,1296,Fresno,90.0,0.2554184226369657
18726,1291,Fresno,68.0,0.23305237808549067
18727,1291,Fresno,3.0,0.033564118001204096
18728,1298,Fresno,66.0,0.2300421432871764
18729,1298,Fresno,0.0,0.0
18730,2660,Unincorporate,0.0,0.0
18731,2660,Unincorporate,0.0,0.0
18732,2660,Unincorporate,9.0,0.07393136664659844
18733,2659,Unincorporate,137.0,0.28967489464178203
18734,2659,Unincorporate,231.0,0.3383503913305238
18735,2659,Unincorporate,182.0,0.3169175195665262
18736,2659,Unincorporate,14.0,0.098314268512944
18737,1209,Fresno,5032.0,0.8858819987959061
18738,1209,Fresno,1410.0,0.60842865743528
18739,1210,Fresno,2516.0,0.7509632751354606
18740,1207,Fresno,432.0,0.40409391932570743
18741,2631,Unincorporate,543.0,0.43591210114388923
18742,2631,Unincorporate,425.0,0.4019566526189043
18743,2631,Unincorporate,778.0,0.49286574352799517
18744,2631,Unincorporate,699.0,0.4746237206502107
18745,2631,Unincorporate,1861.0,0.6739012642986153
18746,2631,Unincorporate,1027.0,0.5375677302829621
18747,2631,Unincorporate,651.0,0.46484045755568937
18748,1211,Fresno,435.0,0.40496688741721854
18749,1211,Unincorporate,0.0,0.0
18750,1211,Fresno,164.0,0.30638169777242624
18751,1211,Unincorporate,0.0,0.0
18752,1211,Fresno,0.0,0.0
18753,495,Fresno,1155.0,0.5615593016255268
18754,495,Fresno,587.0,0.44807344972907887
18755,495,Fresno,1011.0,0.535009030704395
18756,495,Fresno,1726.0,0.6551173991571343
18757,495,Fresno,647.0,0.4643889223359422
18758,495,Fresno,536.0,0.43446718844069837
18759,1402,Fresno,0.0,0.0
18760,1405,Fresno,0.0,0.0
18761,2627,Unincorporate,1869.0,0.6750752558699579
18762,2628,Unincorporate,626.0,0.4587296809151114
18763,1174,Fresno,503.0,0.4243829018663456
18764,1174,Fresno,554.0,0.4379590608067429
18765,1174,Fresno,409.0,0.3950632149307646
18766,1174,Fresno,444.0,0.40794701986754967
18767,1174,Fresno,575.0,0.4453341360626129
18768,1174,Fresno,582.0,0.4469897652016857
18769,1186,Fresno,395.0,0.39081878386514146
18770,1186,Fresno,445.0,0.40827814569536425
18771,1269,Fresno,174.0,0.31152919927754363
18772,1263,Fresno,0.0,0.0
18773,1259,Fresno,122.0,0.2809753160746538
18774,1259,Fresno,62.0,0.22441300421432872
18775,1259,Fresno,59.0,0.2213726670680313
18776,1258,Fresno,63.0,0.22600842865743528
18777,1039,Fresno,0.0,0.0
18778,1024,Fresno,380.0,0.3863937387116195
18779,1024,Fresno,1103.0,0.5521372667068031
18780,1024,Fresno,459.0,0.41152919927754367
18781,1024,Fresno,526.0,0.43115593016255266
18782,1024,Fresno,514.0,0.42760385310054183
18783,1024,Fresno,216.0,0.33245033112582784
18784,1024,Fresno,631.0,0.4600842865743528
18785,2632,Unincorporate,1485.0,0.6214027694160145
18786,2632,Unincorporate,960.0,0.5267308850090308
18787,2632,Unincorporate,756.0,0.48798916315472607
18788,2648,Unincorporate,2099.0,0.7058097531607466
18789,2648,Unincorporate,1200.0,0.5706502107164358
18790,2051,Unincorporate,2248.0,0.7245936183022276
18791,2051,Unincorporate,958.0,0.5262191450933172
18792,2051,Unincorporate,1158.0,0.5622817579771222
18793,2051,Unincorporate,821.0,0.5003612281757978
18794,2051,Unincorporate,893.0,0.5139975918121613
18795,2051,Unincorporate,1190.0,0.568783865141481
18796,2051,Unincorporate,1619.0,0.6408488862131246
18797,2051,Unincorporate,964.0,0.5278747742323902
18798,2051,Unincorporate,1437.0,0.6133955448524985
18799,2051,Unincorporate,958.0,0.5262191450933172
18800,2051,Unincorporate,961.0,0.5270921131848284
18801,2051,Unincorporate,1643.0,0.6440698374473209
18802,2051,Unincorporate,929.0,0.5194461167971102
18803,2051,Unincorporate,929.0,0.5194461167971102
18804,2051,Unincorporate,947.0,0.523841059602649
18805,2051,Unincorporate,961.0,0.5270921131848284
18806,2051,Unincorporate,964.0,0.5278747742323902
18807,2051,Unincorporate,1541.0,0.6296508127633955
18808,2051,Unincorporate,1882.0,0.677633955448525
18809,2051,Unincorporate,1189.0,0.5686634557495485
18810,2051,Unincorporate,1633.0,0.643226971703793
18811,2649,Unincorporate,0.0,0.0
18812,1204,Unincorporate,1169.0,0.5648404575556893
18813,2649,Unincorporate,1050.0,0.5419325707405177
18814,2650,Unincorporate,37.0,0.1790487658037327
18815,2650,Unincorporate,0.0,0.0
18816,2651,Unincorporate,76.0,0.24211318482841662
18817,2651,Unincorporate,15.0,0.10361228175797713
18818,2652,Unincorporate,21.0,0.1343467790487658
18819,2652,Unincorporate,3.0,0.033564118001204096
18820,2652,Unincorporate,48.0,0.200632149307646
18821,2652,Unincorporate,4.0,0.04298615291992775
18822,2653,Unincorporate,13.0,0.09331727874774233
18823,2653,Unincorporate,88.0,0.25343166767007824
18824,2653,Unincorporate,12.0,0.08880192655027092
18825,2653,Unincorporate,166.0,0.3072546658639374
18826,2653,Unincorporate,95.0,0.2596026490066225
18827,2653,Unincorporate,2.0,0.021763997591812162
18828,2653,Unincorporate,5.0,0.050752558699578565
18829,2460,Unincorporate,65.0,0.22859723058398554
18830,2503,Unincorporate,740.0,0.48527995183624323
18831,1286,Fresno,1.0,0.007465382299819386
18832,1293,Fresno,0.0,0.0
18833,1140,Fresno,5364.0,0.8963275135460566
18834,1140,Fresno,5999.0,0.9108970499698976
18835,1140,Fresno,4644.0,0.8727573750752559
18836,1140,Fresno,3953.0,0.8442504515352197
18837,1140,Fresno,4839.0,0.8796508127633955
18838,1198,Fresno,700.0,0.47495484647802527
18839,1198,Fresno,1451.0,0.616044551475015
18840,1198,Fresno,1743.0,0.6568031306441903
18841,1198,Fresno,1953.0,0.686484045755569
18842,1198,Fresno,1149.0,0.5603251053582179
18843,1198,Fresno,532.0,0.4334136062612884
18844,1198,Fresno,1914.0,0.6816074653822998
18845,1198,Fresno,1428.0,0.6119807344972907
18846,487,Fresno,744.0,0.48600240818783863
18847,487,Fresno,744.0,0.48600240818783863
18848,487,Fresno,1441.0,0.6141782059000602
18849,487,Fresno,1443.0,0.6146598434677905
18850,487,Fresno,1448.0,0.6156532209512342
18851,487,Fresno,986.0,0.5309753160746539
18852,487,Fresno,857.0,0.5086995785671282
18853,487,Fresno,997.0,0.5327513546056593
18854,487,Fresno,1598.0,0.6379891631547261
18855,487,Fresno,1555.0,0.6313666465984347
18856,487,Fresno,998.0,0.5329921733895244
18857,486,Fresno,736.0,0.4845574954846478
18858,484,Fresno,1531.0,0.6279650812763395
18859,483,Fresno,428.0,0.40301023479831427
18860,483,Fresno,1515.0,0.6257977122215532
18861,481,Fresno,0.0,0.0
18862,481,Fresno,301.0,0.36324503311258277
18863,495,Fresno,531.0,0.433112582781457
18864,495,Fresno,1804.0,0.6656833232992173
18865,495,Fresno,815.0,0.4996387718242023
18866,495,Fresno,258.0,0.349789283564118
18867,495,Fresno,821.0,0.5003612281757978
18868,495,Fresno,729.0,0.48311258278145697
18869,495,Fresno,644.0,0.4638470800722456
18870,495,Fresno,1007.0,0.5344671884406984
18871,495,Fresno,1053.0,0.5426550270921132
18872,495,Fresno,244.0,0.34509331727874776
18873,492,Fresno,722.0,0.4810957254665864
18874,492,Fresno,364.0,0.38142685129440096
18875,492,Fresno,297.0,0.3617700180614088
18876,492,Fresno,334.0,0.37338952438290185
18877,492,Fresno,320.0,0.36902468392534615
18878,492,Fresno,366.0,0.38217940999397954
18879,492,Fresno,342.0,0.3754063816977724
18880,492,Fresno,293.0,0.36062612883804934
18881,492,Fresno,365.0,0.38190848886213125
18882,492,Fresno,635.0,0.46095725466586396
18883,1391,Fresno,29.0,0.16047561709813365
18884,1391,Fresno,78.0,0.24370860927152319
18885,1391,Fresno,0.0,0.0
18886,1391,Fresno,211.0,0.3295003010234798
18887,1393,Fresno,485.0,0.4188440698374473
18888,1393,Fresno,480.0,0.41760987357013846
18889,1393,Fresno,488.0,0.4199277543648405
18890,1393,Fresno,550.0,0.4371462974111981
18891,1393,Fresno,474.0,0.41583383503913307
18892,1393,Fresno,478.0,0.4170680313064419
18893,1393,Fresno,494.0,0.4215833835039133
18894,1393,Fresno,354.0,0.37838651414810354
18895,1393,Fresno,121.0,0.28028296207104153
18896,1393,Fresno,467.0,0.4140878988561108
18897,1313,Fresno,521.0,0.429319686935581
18898,1313,Fresno,531.0,0.433112582781457
18899,1313,Fresno,555.0,0.4382299819385912
18900,1313,Fresno,445.0,0.40827814569536425
18901,1313,Fresno,484.0,0.41866345574954844
18902,1313,Fresno,455.0,0.4108368452739314
18903,1313,Fresno,586.0,0.44786273329319687
18904,1313,Fresno,596.0,0.4499397953040337
18905,1320,Fresno,282.0,0.3568031306441902
18906,1320,Fresno,294.0,0.3609271523178808
18907,1322,Fresno,17.0,0.11363636363636363
18908,1322,Fresno,1019.0,0.5361830222757376
18909,1322,Fresno,277.0,0.35520770620108366
18910,1406,Fresno,24.0,0.1451234196267309
18911,1407,Fresno,112.0,0.27396146899458157
18912,1413,Fresno,75.0,0.2407585791691752
18913,1415,Fresno,36.0,0.17606863335340156
18914,1362,Fresno,230.0,0.33783865141481034
18915,1362,Fresno,246.0,0.34581577363034316
18916,1362,Fresno,235.0,0.34108970499698976
18917,1362,Fresno,17.0,0.11363636363636363
18918,1362,Fresno,32.0,0.1669175195665262
18919,1362,Fresno,240.0,0.3428657435279952
18920,1362,Fresno,45.0,0.1942203491872366
18921,1362,Fresno,239.0,0.34229379891631545
18922,1362,Fresno,27.0,0.15460565924142083
18923,1362,Fresno,26.0,0.1517760385310054
18924,1362,Fresno,27.0,0.15460565924142083
18925,1417,Fresno,1.0,0.007465382299819386
18926,1374,Fresno,549.0,0.4369054786273329
18927,722,Fresno,425.0,0.4019566526189043
18928,722,Fresno,770.0,0.4909090909090909
18929,2426,Unincorporate,3.0,0.033564118001204096
18930,2429,Unincorporate,4.0,0.04298615291992775
18931,2430,Unincorporate,29.0,0.16047561709813365
18932,2431,Unincorporate,39.0,0.18323299217338954
18933,2431,Unincorporate,92.0,0.25716435881998795
18934,2431,Unincorporate,100.0,0.26535219747140276
18935,2432,Unincorporate,172.0,0.31005418422636966
18936,2432,Unincorporate,126.0,0.28425647200481635
18937,2432,Unincorporate,114.0,0.2753762793497893
18938,2432,Unincorporate,527.0,0.4318181818181818
18939,2432,Unincorporate,98.0,0.2637266706803131
18940,2432,Unincorporate,98.0,0.2637266706803131
18941,2432,Unincorporate,118.0,0.27880794701986755
18942,771,Fresno,9.0,0.07393136664659844
18943,771,Fresno,1.0,0.007465382299819386
18944,813,Fresno,0.0,0.0
18945,779,Fresno,0.0,0.0
18946,779,Fresno,0.0,0.0
18947,780,Fresno,18.0,0.11815171583383503
18948,780,Fresno,18.0,0.11815171583383503
18949,780,Fresno,19.0,0.12332931968693558
18950,592,Fresno,5605.0,0.9024081878386514
18951,592,Fresno,5673.0,0.9041240216736905
18952,592,Fresno,7689.0,0.939042745334136
18953,594,Fresno,5895.0,0.9087296809151114
18954,1196,Fresno,2042.0,0.6975015051173992
18955,1196,Fresno,1928.0,0.6837748344370861
18956,1196,Fresno,2539.0,0.7529801324503311
18957,1196,Fresno,1790.0,0.6636363636363637
18958,1196,Fresno,2332.0,0.732480433473811
18959,1193,Fresno,180.0,0.3159542444310656
18960,1195,Fresno,1481.0,0.6208007224563517
18961,1195,Fresno,2113.0,0.7075556893437688
18962,1195,Fresno,1955.0,0.6867549668874172
18963,1201,Fresno,276.0,0.35496688741721855
18964,1201,Fresno,502.0,0.4241420830824804
18965,1201,Fresno,560.0,0.43958458759783264
18966,1201,Fresno,500.0,0.423630343166767
18967,1202,Fresno,337.0,0.373841059602649
18968,929,Fresno,5797.0,0.9069837447320891
18969,929,Fresno,3390.0,0.8181818181818182
18970,1443,Fresno,1198.0,0.5702287778446719
18971,1443,Fresno,1065.0,0.545153521974714
18972,1443,Fresno,692.0,0.4736604455147502
18973,1443,Fresno,930.0,0.5195966285370259
18974,1443,Fresno,1620.0,0.6409993979530403
18975,1443,Fresno,1765.0,0.659692956050572
18976,1443,Fresno,1673.0,0.648314268512944
18977,1443,Fresno,1351.0,0.5977423239012642
18978,1443,Fresno,894.0,0.5142083082480433
18979,1443,Fresno,1820.0,0.6680614087898856
18980,1443,Fresno,907.0,0.516676700782661
18981,1443,Fresno,1261.0,0.5806441902468392
18982,1460,Fresno,1715.0,0.6534918723660446
18983,1460,Fresno,1588.0,0.6361529199277544
18984,1460,Fresno,1764.0,0.65948223961469
18985,1460,Fresno,1651.0,0.644942805538832
18986,1460,Fresno,1631.0,0.6428958458759784
18987,1460,Fresno,1504.0,0.6245936183022276
18988,1460,Fresno,1608.0,0.6397953040337147
18989,1460,Fresno,1606.0,0.6394039735099337
18990,1460,Fresno,2130.0,0.7099337748344371
18991,1460,Fresno,2003.0,0.6930162552679109
18992,1460,Fresno,2032.0,0.6961468994581578
18993,1460,Fresno,1623.0,0.6414810355207706
18994,1450,Fresno,1831.0,0.6696869355809754
18995,1450,Fresno,1846.0,0.6716134858518964
18996,1450,Fresno,1689.0,0.6508127633955448
18997,1450,Fresno,1575.0,0.6341059602649006
18998,2627,Unincorporate,1429.0,0.6122215532811559
18999,2627,Unincorporate,1671.0,0.6481336544250451
19000,1213,Fresno,330.0,0.3720048163756773
19001,1213,Fresno,157.0,0.303582179409994
19002,1213,Fresno,392.0,0.3897049969897652
19003,1214,Fresno,631.0,0.4600842865743528
19004,1212,Fresno,146.0,0.29614689945815775
19005,1212,Fresno,146.0,0.29614689945815775
19006,1212,Fresno,55.0,0.21559301625526792
19007,1212,Fresno,283.0,0.3571342564720048
19008,1206,Fresno,4776.0,0.8771824202287778
19009,1206,Fresno,1083.0,0.5488260084286575
19010,1206,Fresno,4713.0,0.8747742323901264
19011,1205,Fresno,4569.0,0.8696568332329921
19012,1205,Fresno,7349.0,0.9340156532209513
19013,1205,Fresno,2687.0,0.7654425045153522
19014,790,Fresno,841.0,0.5053281155930163
19015,790,Fresno,2824.0,0.7769717037928958
19016,790,Fresno,6146.0,0.9139072847682119
19017,789,Fresno,797.0,0.4965382299819386
19018,789,Fresno,4087.0,0.8500301023479832
19019,788,Fresno,53.0,0.21080674292594823
19020,788,Fresno,14.0,0.098314268512944
19021,787,Fresno,62.0,0.22441300421432872
19022,787,Fresno,51.0,0.20695364238410596
19023,787,Fresno,65.0,0.22859723058398554
19024,787,Fresno,54.0,0.21351595424443107
19025,787,Fresno,58.0,0.2197471402769416
19026,1000,Fresno,3886.0,0.8406381697772426
19027,1000,Fresno,1190.0,0.568783865141481
19028,1000,Fresno,1432.0,0.6127633955448525
19029,1000,Fresno,2190.0,0.7179711017459361
19030,1000,Fresno,2092.0,0.7046658639373872
19031,1000,Fresno,3621.0,0.8301926550270922
19032,1000,Fresno,1715.0,0.6534918723660446
19033,1000,Fresno,5618.0,0.9027694160144492
19034,1000,Fresno,1625.0,0.6419626730885009
19035,1012,Fresno,5451.0,0.8984948826008429
19036,1012,Fresno,6297.0,0.9173690547862733
19037,1012,Fresno,6261.0,0.9161950632149307
19038,1012,Fresno,6698.0,0.9236604455147501
19039,1067,Fresno,1520.0,0.6267308850090307
19040,1067,Fresno,1198.0,0.5702287778446719
19041,1067,Fresno,1273.0,0.5828717639975918
19042,1067,Fresno,6270.0,0.9164358819987959
19043,1067,Fresno,1776.0,0.6613485851896448
19044,1067,Fresno,949.0,0.5246538229981939
19045,1067,Fresno,654.0,0.4653822998193859
19046,1067,Fresno,6275.0,0.9166465984346779
19047,1067,Fresno,6195.0,0.9148705599036725
19048,1067,Fresno,1283.0,0.5851595424443107
19049,1067,Fresno,2993.0,0.7896447922937989
19050,1067,Fresno,3102.0,0.7987658037326911
19051,1067,Fresno,1014.0,0.535430463576159
19052,1067,Fresno,668.0,0.4687537627934979
19053,1067,Fresno,2788.0,0.7741119807344973
19054,1067,Fresno,1358.0,0.599157134256472
19055,1067,Fresno,2781.0,0.7734798314268513
19056,1067,Fresno,1377.0,0.6029500301023479
19057,1067,Fresno,768.0,0.4904274533413606
19058,1067,Fresno,2879.0,0.7811559301625527
19059,1069,Fresno,4177.0,0.8545153521974714
19060,1069,Fresno,3800.0,0.8373871161950632
19061,1069,Fresno,5205.0,0.891149909692956
19062,1069,Fresno,3798.0,0.8373269114990969
19063,1069,Fresno,5687.0,0.9045755568934377
19064,1069,Fresno,3316.0,0.813937387116195
19065,1069,Fresno,6395.0,0.9192655027092114
19066,1069,Fresno,4214.0,0.8558699578567128
19067,1069,Fresno,3916.0,0.8419626730885009
19068,1069,Fresno,6363.0,0.9187236604455148
19069,1069,Fresno,2756.0,0.7705599036724865
19070,1021,Fresno,3983.0,0.8457555689343769
19071,1021,Fresno,4379.0,0.8627332931968693
19072,1021,Fresno,5284.0,0.8940698374473209
19073,1021,Fresno,5705.0,0.9049969897652017
19074,1021,Fresno,3470.0,0.8224262492474413
19075,1021,Fresno,3596.0,0.8290186634557496
19076,1026,Fresno,371.0,0.3833835039133052
19077,1026,Fresno,2570.0,0.7552679108970499
19078,1027,Fresno,3.0,0.033564118001204096
19079,1027,Fresno,3.0,0.033564118001204096
19080,1031,Fresno,1237.0,0.5767609873570139
19081,1031,Fresno,3774.0,0.8361830222757375
19082,1031,Fresno,2492.0,0.7488561107766406
19083,1031,Fresno,1236.0,0.5766405779650813
19084,1031,Fresno,527.0,0.4318181818181818
19085,1031,Fresno,2841.0,0.7783865141481036
19086,1031,Fresno,575.0,0.4453341360626129
19087,1031,Fresno,1823.0,0.6685430463576159
19088,1031,Fresno,1795.0,0.6645695364238411
19089,1031,Fresno,235.0,0.34108970499698976
19090,1035,Fresno,575.0,0.4453341360626129
19091,1035,Fresno,527.0,0.4318181818181818
19092,1036,Fresno,1639.0,0.6437387116195064
19093,1036,Fresno,949.0,0.5246538229981939
19094,1036,Fresno,3252.0,0.8090006020469597
19095,1036,Fresno,527.0,0.4318181818181818
19096,1144,Fresno,1502.0,0.6243527995183624
19097,1144,Fresno,1149.0,0.5603251053582179
19098,1144,Fresno,1131.0,0.5561709813365443
19099,1144,Fresno,1099.0,0.5513546056592414
19100,1144,Fresno,1040.0,0.5395845875978327
19101,1144,Fresno,1754.0,0.6581577363034317
19102,1143,Fresno,1059.0,0.5437688139674894
19103,1144,Fresno,1508.0,0.625105358217941
19104,1144,Fresno,719.0,0.47995183624322696
19105,1161,Fresno,390.0,0.38910295003010237
19106,1161,Fresno,575.0,0.4453341360626129
19107,1161,Fresno,430.0,0.4034617700180614
19108,1161,Fresno,193.0,0.32329921733895245
19109,1161,Fresno,449.0,0.40933172787477423
19110,1161,Fresno,174.0,0.31152919927754363
19111,1175,Fresno,479.0,0.41736905478627334
19112,1175,Fresno,574.0,0.44470198675496686
19113,1175,Fresno,540.0,0.43512944009632754
19114,1175,Fresno,434.0,0.4047862733293197
19115,1175,Fresno,427.0,0.4027995183624323
19116,1175,Fresno,571.0,0.44367850692354005
19117,1175,Fresno,523.0,0.43001204093919326
19118,1175,Fresno,325.0,0.3703491872366045
19119,1175,Fresno,436.0,0.40517760385310053
19120,1175,Fresno,562.0,0.4401264298615292
19121,1175,Fresno,487.0,0.4194461167971102
19122,1174,Fresno,504.0,0.4246538229981939
19123,1174,Fresno,561.0,0.43982540638169776
19124,1174,Fresno,607.0,0.45382299819385913
19125,1174,Fresno,557.0,0.43895243829018665
19126,1174,Fresno,716.0,0.47895845875978327
19127,1174,Fresno,452.0,0.4102347983142685
19128,1174,Fresno,635.0,0.46095725466586396
19129,1174,Fresno,779.0,0.49316676700782663
19130,1174,Fresno,442.0,0.40743527995183626
19131,1174,Fresno,419.0,0.40033112582781455
19132,1174,Fresno,487.0,0.4194461167971102
19133,1174,Fresno,710.0,0.4773630343166767
19134,1186,Fresno,476.0,0.41658639373871165
19135,1186,Fresno,539.0,0.4349789283564118
19136,1186,Fresno,320.0,0.36902468392534615
19137,1186,Fresno,572.0,0.44397953040337146
19138,1186,Fresno,360.0,0.3800120409391933
19139,1186,Fresno,496.0,0.42251655629139073
19140,1186,Fresno,529.0,0.4325105358217941
19141,1186,Fresno,392.0,0.3897049969897652
19142,1186,Fresno,542.0,0.43567128236002406
19143,1186,Fresno,592.0,0.44879590608067427
19144,1186,Fresno,531.0,0.433112582781457
19145,1186,Fresno,508.0,0.42576760987357015
19146,1186,Fresno,562.0,0.4401264298615292
19147,1186,Fresno,578.0,0.4460565924142083
19148,1186,Fresno,317.0,0.3681216134858519
19149,1186,Fresno,596.0,0.4499397953040337
19150,1186,Fresno,279.0,0.3557796508127634
19151,1186,Fresno,321.0,0.36950632149307644
19152,1186,Fresno,451.0,0.40984346779048764
19153,1186,Fresno,694.0,0.47387116195063217
19154,1288,Fresno,36.0,0.17606863335340156
19155,1295,Fresno,45.0,0.1942203491872366
19156,1297,Fresno,102.0,0.2670078266104756
19157,1290,Fresno,66.0,0.2300421432871764
19158,1188,Fresno,0.0,0.0
19159,1177,Fresno,167.0,0.3077062010836845
19160,1173,Fresno,401.0,0.3927754364840458
19161,1173,Fresno,372.0,0.3837447320891029
19162,1173,Fresno,345.0,0.37667068031306444
19163,1173,Fresno,570.0,0.44310656231186035
19164,1173,Fresno,18.0,0.11815171583383503
19165,1173,Fresno,591.0,0.44855508729680915
19166,1173,Fresno,545.0,0.43606261288380493
19167,1173,Fresno,366.0,0.38217940999397954
19168,1173,Fresno,680.0,0.47107164358819986
19169,1160,Fresno,16.0,0.10885009030704396
19170,1173,Fresno,405.0,0.39388922335942206
19171,1173,Fresno,546.0,0.43627332931968693
19172,1173,Fresno,526.0,0.43115593016255266
19173,1173,Fresno,410.0,0.39596628537025885
19174,1173,Fresno,884.0,0.5129139072847683
19175,1172,Fresno,724.0,0.4819385912101144
19176,1172,Fresno,624.0,0.4582480433473811
19177,1172,Fresno,517.0,0.4282962071041541
19178,1172,Fresno,681.0,0.47134256472004815
19179,1172,Fresno,621.0,0.45728476821192054
19180,1172,Fresno,712.0,0.4779650812763396
19181,1172,Fresno,554.0,0.4379590608067429
19182,1159,Fresno,776.0,0.49250451535219747
19183,1172,Fresno,700.0,0.47495484647802527
19184,1172,Fresno,700.0,0.47495484647802527
19185,1172,Fresno,711.0,0.4776640577965081
19186,1172,Fresno,680.0,0.47107164358819986
19187,1172,Fresno,824.0,0.5010234798314268
19188,1172,Fresno,723.0,0.48148705599036723
19189,1172,Fresno,671.0,0.4692655027092113
19190,1172,Fresno,705.0,0.475737507525587
19191,1184,Fresno,729.0,0.48311258278145697
19192,1184,Fresno,290.0,0.3598735701384708
19193,1184,Fresno,321.0,0.36950632149307644
19194,1184,Fresno,97.0,0.26222155328115593
19195,1184,Fresno,401.0,0.3927754364840458
19196,1184,Fresno,405.0,0.39388922335942206
19197,1184,Fresno,688.0,0.4726670680313064
19198,1184,Fresno,300.0,0.36285370258880195
19199,1184,Fresno,202.0,0.3261288380493679
19200,1184,Fresno,391.0,0.38937387116195066
19201,1184,Fresno,410.0,0.39596628537025885
19202,1184,Fresno,405.0,0.39388922335942206
19203,1184,Fresno,399.0,0.3922335942203492
19204,1184,Fresno,804.0,0.49735099337748345
19205,1184,Fresno,680.0,0.47107164358819986
19206,1184,Fresno,864.0,0.510114388922336
19207,1184,Fresno,402.0,0.3930764599638772
19208,1184,Fresno,402.0,0.3930764599638772
19209,1184,Fresno,722.0,0.4810957254665864
19210,1184,Fresno,413.0,0.39789283564118
19211,1184,Fresno,406.0,0.39440096327513546
19212,1184,Fresno,418.0,0.40003010234798314
19213,1184,Fresno,733.0,0.4837748344370861
19214,1281,Fresno,4.0,0.04298615291992775
19215,1275,Fresno,173.0,0.3106562311860325
19216,1271,Fresno,13.0,0.09331727874774233
19217,1269,Fresno,175.0,0.3124322697170379
19218,1269,Fresno,273.0,0.35421432871763997
19219,1258,Fresno,40.0,0.18552077062010836
19220,1254,Fresno,63.0,0.22600842865743528
19221,1254,Fresno,53.0,0.21080674292594823
19222,1280,Fresno,0.0,0.0
19223,2665,Unincorporate,0.0,0.0
19224,2666,Unincorporate,8.0,0.06815171583383504
19225,1283,Fresno,12.0,0.08880192655027092
19226,1284,Fresno,0.0,0.0
19227,2661,Unincorporate,0.0,0.0
19228,2662,Unincorporate,2.0,0.021763997591812162
19229,1268,Fresno,0.0,0.0
19230,2671,Unincorporate,0.0,0.0
19231,2672,Unincorporate,0.0,0.0
19232,1273,Fresno,0.0,0.0
19233,1274,Fresno,0.0,0.0
19234,2667,Unincorporate,4.0,0.04298615291992775
19235,2668,Unincorporate,8.0,0.06815171583383504
19236,2668,Unincorporate,8.0,0.06815171583383504
19237,1257,Fresno,178.0,0.31478025285972305
19238,1257,Fresno,81.0,0.24641782059000603
19239,2695,Unincorporate,40.0,0.18552077062010836
19240,2696,Unincorporate,11.0,0.08383503913305237
19241,1260,Fresno,0.0,0.0
19242,1260,Fresno,8.0,0.06815171583383504
19243,1260,Fresno,2.0,0.021763997591812162
19244,1261,Fresno,0.0,0.0
19245,1261,Fresno,38.0,0.18133654425045154
19246,2694,Unincorporate,0.0,0.0
19247,2694,Unincorporate,38.0,0.18133654425045154
19248,2693,Unincorporate,0.0,0.0
19249,2693,Unincorporate,1.0,0.007465382299819386
19250,1247,Fresno,72.0,0.23783865141481036
19251,1247,Fresno,86.0,0.251475015051174
19252,1251,Fresno,103.0,0.26745936183022273
19253,1251,Fresno,241.0,0.3434978928356412
19254,1251,Fresno,284.0,0.3575556893437688
19255,1250,Fresno,93.0,0.2581878386514148
19256,1250,Fresno,126.0,0.28425647200481635
19257,1250,Fresno,20.0,0.1290487658037327
19258,1241,Fresno,63.0,0.22600842865743528
19259,1241,Fresno,6.0,0.05770620108368453
19260,1030,Fresno,60.0,0.22218543046357617
19261,1030,Fresno,85.0,0.2503010234798314
19262,1034,Fresno,233.0,0.3395845875978326
19263,1034,Fresno,171.0,0.30942203491872367
19264,1034,Fresno,210.0,0.32910897049969895
19265,1042,Fresno,233.0,0.3395845875978326
19266,1042,Fresno,98.0,0.2637266706803131
19267,1039,Fresno,57.0,0.2181216134858519
19268,1024,Fresno,840.0,0.5048464780252859
19269,1024,Fresno,80.0,0.24530403371462975
19270,1024,Fresno,304.0,0.36405779650812764
19271,1024,Fresno,234.0,0.3403973509933775
19272,1024,Fresno,278.0,0.3555087296809151
19273,1024,Fresno,442.0,0.40743527995183626
19274,1029,Fresno,219.0,0.33368452739313664
19275,1029,Fresno,195.0,0.32438290186634555
19276,1028,Fresno,140.0,0.29193257074051776
19277,1018,Fresno,2323.0,0.7315472606863336
19278,1018,Fresno,420.0,0.400632149307646
19279,1018,Fresno,734.0,0.48404575556893437
19280,1018,Fresno,2729.0,0.7680915111378688
19281,1018,Fresno,2138.0,0.7110174593618303
19282,1018,Fresno,2601.0,0.7575255869957856
19283,1018,Fresno,2124.0,0.7089403973509933
19284,1018,Fresno,1005.0,0.5340758579169175
19285,1019,Fresno,305.0,0.36435881998795905
19286,1019,Fresno,214.0,0.33175797712221555
19287,1019,Fresno,263.0,0.35102347983142684
19288,1019,Fresno,278.0,0.3555087296809151
19289,1019,Fresno,278.0,0.3555087296809151
19290,1019,Fresno,189.0,0.320680313064419
19291,1019,Fresno,1006.0,0.5342564720048164
19292,1019,Fresno,1066.0,0.5453341360626128
19293,1019,Fresno,279.0,0.3557796508127634
19294,1233,Fresno,31.0,0.1650812763395545
19295,1236,Fresno,25.0,0.14864539434075857
19296,1236,Fresno,27.0,0.15460565924142083
19297,1243,Fresno,14.0,0.098314268512944
19298,1242,Fresno,61.0,0.22296809151113786
19299,1242,Fresno,57.0,0.2181216134858519
19300,2698,Unincorporate,64.0,0.227423239012643
19301,2697,Unincorporate,49.0,0.20270921131848285
19302,989,Fresno,1387.0,0.6043347381095725
19303,1245,Fresno,1.0,0.007465382299819386
19304,1237,Fresno,24.0,0.1451234196267309
19305,1237,Fresno,19.0,0.12332931968693558
19306,1249,Fresno,79.0,0.24434075857916918
19307,1249,Fresno,72.0,0.23783865141481036
19308,1249,Fresno,167.0,0.3077062010836845
19309,1249,Fresno,89.0,0.2546658639373871
19310,1249,Fresno,78.0,0.24370860927152319
19311,1249,Fresno,167.0,0.3077062010836845
19312,1249,Fresno,89.0,0.2546658639373871
19313,1249,Fresno,178.0,0.31478025285972305
19314,2701,Unincorporate,15.0,0.10361228175797713
19315,2701,Unincorporate,47.0,0.19861529199277544
19316,2702,Unincorporate,1.0,0.007465382299819386
19317,2702,Unincorporate,101.0,0.26619506321493075
19318,1252,Fresno,397.0,0.39151113786875374
19319,1252,Fresno,332.0,0.37266706803130645
19320,1253,Fresno,15.0,0.10361228175797713
19321,247,Clovis,1226.0,0.575316074653823
19322,248,Clovis,3.0,0.033564118001204096
19323,250,Clovis,426.0,0.40249849488260087
19324,251,Clovis,0.0,0.0
19325,161,Clovis,8082.0,0.943889223359422
19326,161,Clovis,7719.0,0.9396146899458158
19327,161,Clovis,6130.0,0.9137266706803131
19328,2302,Unincorporate,0.0,0.0
19329,2302,Unincorporate,0.0,0.0
19330,2302,Unincorporate,0.0,0.0
19331,2302,Unincorporate,0.0,0.0
19332,2302,Unincorporate,0.0,0.0
19333,2302,Unincorporate,0.0,0.0
19334,2302,Unincorporate,0.0,0.0
19335,2302,Unincorporate,0.0,0.0
19336,2236,Unincorporate,31.0,0.1650812763395545
19337,2236,Unincorporate,0.0,0.0
19338,2236,Unincorporate,0.0,0.0
19339,2236,Unincorporate,0.0,0.0
19340,2236,Unincorporate,0.0,0.0
19341,2236,Unincorporate,173.0,0.3106562311860325
19342,2236,Unincorporate,1148.0,0.5598735701384708
19343,1692,Mendota,80.0,0.24530403371462975
19344,1692,Mendota,86.0,0.251475015051174
19345,1692,Mendota,154.0,0.30150511739915714
19346,1690,Mendota,762.0,0.48877182420228776
19347,1691,Mendota,755.0,0.4876580373269115
19348,1590,Kerman,488.0,0.4199277543648405
19349,1590,Kerman,272.0,0.3539434075857917
19350,1590,Kerman,475.0,0.41625526791089706
19351,1590,Kerman,477.0,0.41679711017459364
19352,1590,Kerman,329.0,0.3714930764599639
19353,1253,Fresno,180.0,0.3159542444310656
19354,1253,Fresno,119.0,0.27934978928356413
19355,215,Clovis,1947.0,0.6857615894039735
19356,215,Clovis,167.0,0.3077062010836845
19357,215,Clovis,1863.0,0.6741119807344973
19358,215,Clovis,1740.0,0.6567128236002409
19359,932,Fresno,10928.0,0.9620108368452739
19360,932,Fresno,7521.0,0.9362432269717038
19361,932,Fresno,6269.0,0.9163756773028296
19362,595,Fresno,7234.0,0.9322697170379289
19363,489,Fresno,281.0,0.3564118001204094
19364,489,Fresno,353.0,0.37823600240818783
19365,489,Fresno,282.0,0.3568031306441902
19366,489,Fresno,311.0,0.3662853702588802
19367,489,Fresno,282.0,0.3568031306441902
19368,489,Fresno,309.0,0.3655027092113185
19369,489,Fresno,341.0,0.3749247441300421
19370,489,Fresno,281.0,0.3564118001204094
19371,489,Fresno,256.0,0.34924744130042146
19372,491,Fresno,340.0,0.3746237206502107
19373,491,Fresno,391.0,0.38937387116195066
19374,491,Fresno,343.0,0.3758278145695364
19375,491,Fresno,721.0,0.48079470198675495
19376,491,Fresno,724.0,0.4819385912101144
19377,491,Fresno,363.0,0.38100541842263697
19378,491,Fresno,387.0,0.3885310054184226
19379,491,Fresno,354.0,0.37838651414810354
19380,491,Fresno,385.0,0.3879590608067429
19381,491,Fresno,720.0,0.48037326911499095
19382,491,Fresno,342.0,0.3754063816977724
19383,491,Fresno,639.0,0.46261288380493676
19384,494,Fresno,725.0,0.4822998193859121
19385,494,Fresno,723.0,0.48148705599036723
19386,494,Fresno,1027.0,0.5375677302829621
19387,494,Fresno,720.0,0.48037326911499095
19388,494,Fresno,722.0,0.4810957254665864
19389,494,Fresno,623.0,0.45791691751956654
19390,494,Fresno,664.0,0.4678506923540036
19391,2413,Unincorporate,1.0,0.007465382299819386
19392,802,Fresno,1.0,0.007465382299819386
19393,2418,Unincorporate,53.0,0.21080674292594823
19394,2422,Unincorporate,1.0,0.007465382299819386
19395,2422,Unincorporate,3.0,0.033564118001204096
19396,2422,Unincorporate,0.0,0.0
19397,2422,Unincorporate,1.0,0.007465382299819386
19398,811,Fresno,50.0,0.20463576158940397
19399,263,Clovis,785.0,0.4944912703190849
19400,263,Clovis,507.0,0.4253762793497893
19401,263,Clovis,248.0,0.3469596628537026
19402,263,Clovis,439.0,0.4064118001204094
19403,263,Clovis,190.0,0.3211920529801324
19404,263,Clovis,193.0,0.32329921733895245
19405,263,Clovis,362.0,0.3807344972907887
19406,263,Clovis,445.0,0.40827814569536425
19407,263,Clovis,489.0,0.42034918723660447
19408,263,Clovis,335.0,0.37357013847080073
19409,263,Clovis,248.0,0.3469596628537026
19410,115,Clovis,10.0,0.07874774232390126
19411,115,Clovis,20.0,0.1290487658037327
19412,125,Clovis,1552.0,0.6311258278145695
19413,125,Clovis,4075.0,0.8492775436484046
19414,125,Clovis,256.0,0.34924744130042146
19415,137,Clovis,1959.0,0.6876279349789284
19416,137,Clovis,1970.0,0.688832028898254
19417,137,Clovis,1970.0,0.688832028898254
19418,137,Clovis,1949.0,0.6861830222757375
19419,137,Clovis,2051.0,0.6986754966887417
19420,137,Clovis,2170.0,0.7158940397350994
19421,137,Clovis,3094.0,0.7980132450331126
19422,137,Clovis,1953.0,0.686484045755569
19423,137,Clovis,1922.0,0.6829319686935581
19424,299,Clovis,11.0,0.08383503913305237
19425,299,Clovis,4.0,0.04298615291992775
19426,2705,Fresno,18.0,0.11815171583383503
19427,2705,Unincorporate,5.0,0.050752558699578565
19428,2706,Unincorporate,4.0,0.04298615291992775
19429,242,Clovis,415.0,0.39888621312462375
19430,242,Clovis,413.0,0.39789283564118
19431,244,Clovis,976.0,0.5291691751956653
19432,244,Clovis,1468.0,0.6184828416616496
19433,245,Clovis,5.0,0.050752558699578565
19434,245,Clovis,438.0,0.4059602649006622
19435,245,Clovis,438.0,0.4059602649006622
19436,245,Clovis,4.0,0.04298615291992775
19437,246,Clovis,14.0,0.098314268512944
19438,246,Clovis,0.0,0.0
19439,246,Clovis,3.0,0.033564118001204096
19440,246,Clovis,3.0,0.033564118001204096
19441,249,Clovis,6.0,0.05770620108368453
19442,249,Clovis,3.0,0.033564118001204096
19443,252,Clovis,5.0,0.050752558699578565
19444,252,Clovis,5.0,0.050752558699578565
19445,252,Clovis,8.0,0.06815171583383504
19446,101,Clovis,1173.0,0.5654124021673691
19447,101,Clovis,1050.0,0.5419325707405177
19448,101,Clovis,1095.0,0.5506622516556291
19449,101,Clovis,1013.0,0.53524984948826
19450,101,Clovis,1063.0,0.544521372667068
19451,101,Clovis,1437.0,0.6133955448524985
19452,101,Clovis,1172.0,0.5652317880794702
19453,101,Clovis,1690.0,0.6509632751354606
19454,101,Clovis,1737.0,0.6562913907284769
19455,101,Clovis,1682.0,0.65
19456,101,Clovis,690.0,0.4731186032510536
19457,101,Clovis,1433.0,0.6128838049367851
19458,101,Clovis,2467.0,0.7453943407585791
19459,101,Clovis,861.0,0.50948223961469
19460,101,Clovis,1184.0,0.5679409993979531
19461,254,Clovis,664.0,0.4678506923540036
19462,254,Clovis,634.0,0.4607766405779651
19463,254,Clovis,1166.0,0.5642685129440096
19464,254,Clovis,108.0,0.2714629741119807
19465,254,Clovis,1081.0,0.5482239614689945
19466,254,Clovis,147.0,0.29744130042143285
19467,254,Clovis,598.0,0.45105358217941
19468,254,Clovis,1801.0,0.6654124021673691
19469,254,Clovis,513.0,0.427423239012643
19470,254,Clovis,736.0,0.4845574954846478
19471,254,Clovis,127.0,0.2848284166164961
19472,254,Clovis,1132.0,0.5564720048163757
19473,254,Clovis,713.0,0.47823600240818787
19474,254,Clovis,75.0,0.2407585791691752
19475,254,Clovis,604.0,0.4524683925346177
19476,254,Clovis,551.0,0.4373269114990969
19477,254,Clovis,604.0,0.4524683925346177
19478,254,Clovis,709.0,0.4769416014449127
19479,256,Clovis,113.0,0.27474413004214326
19480,256,Clovis,217.0,0.3329319686935581
19481,256,Clovis,116.0,0.2770620108368453
19482,256,Clovis,83.0,0.248103552077062
19483,256,Clovis,125.0,0.28365442504515354
19484,256,Clovis,59.0,0.2213726670680313
19485,256,Clovis,124.0,0.28269114990969296
19486,256,Clovis,517.0,0.4282962071041541
19487,256,Clovis,88.0,0.25343166767007824
19488,256,Clovis,118.0,0.27880794701986755
19489,256,Clovis,47.0,0.19861529199277544
19490,257,Clovis,146.0,0.29614689945815775
19491,257,Clovis,179.0,0.3154425045153522
19492,257,Clovis,142.0,0.29307645996387716
19493,257,Clovis,168.0,0.3082781456953642
19494,259,Clovis,84.0,0.24909692956050572
19495,259,Clovis,498.0,0.42302829620710414
19496,259,Clovis,97.0,0.26222155328115593
19497,259,Clovis,63.0,0.22600842865743528
19498,259,Clovis,643.0,0.4634256472004816
19499,259,Clovis,631.0,0.4600842865743528
19500,259,Clovis,566.0,0.44114990969295603
19501,259,Clovis,562.0,0.4401264298615292
19502,260,Clovis,35.0,0.17357013847080072
19503,261,Clovis,45.0,0.1942203491872366
19504,117,Clovis,203.0,0.3267308850090307
19505,117,Clovis,124.0,0.28269114990969296
19506,117,Clovis,194.0,0.324051776038531
19507,117,Clovis,199.0,0.32507525586995784
19508,117,Clovis,176.0,0.31315472606863337
19509,117,Clovis,171.0,0.30942203491872367
19510,117,Clovis,262.0,0.35078266104756173
19511,117,Clovis,203.0,0.3267308850090307
19512,117,Clovis,240.0,0.3428657435279952
19513,117,Clovis,161.0,0.3046658639373871
19514,262,Clovis,124.0,0.28269114990969296
19515,262,Clovis,338.0,0.37408187838651413
19516,118,Clovis,147.0,0.29744130042143285
19517,118,Clovis,1086.0,0.5492474413004215
19518,118,Clovis,1104.0,0.5523780854906682
19519,118,Clovis,1075.0,0.5472004816375677
19520,118,Clovis,1068.0,0.5456953642384106
19521,265,Clovis,213.0,0.3311860325105358
19522,265,Clovis,202.0,0.3261288380493679
19523,265,Clovis,199.0,0.32507525586995784
19524,265,Clovis,191.0,0.3218844069837447
19525,265,Clovis,187.0,0.31965683323299215
19526,119,Clovis,1097.0,0.5509933774834437
19527,119,Clovis,1138.0,0.5578266104756171
19528,119,Clovis,1100.0,0.5516556291390728
19529,119,Clovis,1133.0,0.5568332329921734
19530,119,Clovis,1062.0,0.5444009632751354
19531,269,Clovis,52.0,0.20875978326309452
19532,272,Clovis,185.0,0.31863335340156534
19533,2729,Unincorporate,148.0,0.2980132450331126
19534,2730,Unincorporate,38.0,0.18133654425045154
19535,2730,Unincorporate,29.0,0.16047561709813365
19536,2738,Clovis,11.0,0.08383503913305237
19537,2738,Clovis,0.0,0.0
19538,2738,Clovis,0.0,0.0
19539,2738,Clovis,29.0,0.16047561709813365
19540,2737,Unincorporate,20.0,0.1290487658037327
19541,2737,Unincorporate,18.0,0.11815171583383503
19542,2731,Unincorporate,10.0,0.07874774232390126
19543,2731,Unincorporate,52.0,0.20875978326309452
19544,2732,Unincorporate,9.0,0.07393136664659844
19545,2717,Unincorporate,81.0,0.24641782059000603
19546,2718,Unincorporate,271.0,0.3536122817579771
19547,2718,Unincorporate,62.0,0.22441300421432872
19548,2719,Unincorporate,73.0,0.23883202889825406
19549,2719,Unincorporate,47.0,0.19861529199277544
19550,2719,Unincorporate,74.0,0.23976520168573148
19551,2719,Unincorporate,63.0,0.22600842865743528
19552,2727,Unincorporate,49.0,0.20270921131848285
19553,2727,Unincorporate,48.0,0.200632149307646
19554,2728,Unincorporate,4.0,0.04298615291992775
19555,2728,Unincorporate,38.0,0.18133654425045154
19556,2728,Unincorporate,21.0,0.1343467790487658
19557,2720,Unincorporate,18.0,0.11815171583383503
19558,2720,Unincorporate,20.0,0.1290487658037327
19559,2720,Unincorporate,89.0,0.2546658639373871
19560,2721,Unincorporate,73.0,0.23883202889825406
19561,2721,Unincorporate,86.0,0.251475015051174
19562,2721,Unincorporate,54.0,0.21351595424443107
19563,2721,Unincorporate,113.0,0.27474413004214326
19564,2721,Unincorporate,52.0,0.20875978326309452
19565,2722,Unincorporate,107.0,0.27092113184828415
19566,2722,Unincorporate,68.0,0.23305237808549067
19567,2722,Unincorporate,50.0,0.20463576158940397
19568,2722,Unincorporate,77.0,0.2431667670078266
19569,2722,Unincorporate,97.0,0.26222155328115593
19570,2716,Unincorporate,80.0,0.24530403371462975
19571,2716,Unincorporate,27.0,0.15460565924142083
19572,2716,Unincorporate,19.0,0.12332931968693558
19573,2715,Unincorporate,115.0,0.2762492474413004
19574,2715,Unincorporate,10.0,0.07874774232390126
19575,281,Clovis,24.0,0.1451234196267309
19576,2713,Unincorporate,0.0,0.0
19577,2714,Unincorporate,11.0,0.08383503913305237
19578,287,Clovis,0.0,0.0
19579,293,Clovis,11.0,0.08383503913305237
19580,293,Clovis,30.0,0.1627031908488862
19581,195,Clovis,2320.0,0.7313064419024684
19582,195,Clovis,2501.0,0.7498494882600842
19583,195,Clovis,2203.0,0.7194461167971101
19584,195,Clovis,4531.0,0.8684226369656833
19585,195,Clovis,3296.0,0.812040939193257
19586,195,Clovis,2619.0,0.7587296809151114
19587,195,Clovis,2150.0,0.712883804936785
19588,195,Clovis,1960.0,0.6878386514148104
19589,195,Clovis,4356.0,0.8618603251053583
19590,195,Clovis,2486.0,0.748103552077062
19591,195,Clovis,2533.0,0.7524683925346177
19592,195,Clovis,3256.0,0.8096026490066225
19593,195,Clovis,2246.0,0.7242323901264298
19594,195,Clovis,3721.0,0.8339855508729681
19595,195,Clovis,4125.0,0.8518061408789885
19596,195,Clovis,2309.0,0.7303431667670078
19597,195,Clovis,3282.0,0.810957254665864
19598,516,Fresno,13879.0,0.9692354003612281
19599,514,Fresno,12667.0,0.9663455749548465
19600,515,Fresno,12857.0,0.9665863937387116
19601,515,Fresno,10886.0,0.9617700180614088
19602,1487,Fresno,15254.0,0.9729680915111378
19603,1487,Fresno,12891.0,0.9667068031306442
19604,1487,Fresno,17.0,0.11363636363636363
19605,1487,Fresno,13854.0,0.9691149909692957
19606,519,Fresno,3942.0,0.8435881998795907
19607,519,Fresno,14986.0,0.9724262492474413
19608,519,Fresno,9854.0,0.9583383503913305
19609,519,Fresno,10739.0,0.9612281757977122
19610,519,Fresno,9306.0,0.9547260686333534
19611,519,Fresno,5913.0,0.9089704996989765
19612,519,Fresno,4355.0,0.8617399157134257
19613,519,Fresno,15292.0,0.9730885009030704
19614,537,Fresno,1101.0,0.551896447922938
19615,537,Fresno,4121.0,0.8514148103552077
19616,555,Fresno,1911.0,0.6810957254665864
19617,555,Fresno,4022.0,0.8472004816375678
19618,555,Fresno,2495.0,0.7491872366044552
19619,587,Fresno,2102.0,0.7062010836845274
19620,588,Fresno,3626.0,0.8305538832028898
19621,614,Fresno,6961.0,0.9276640577965082
19622,614,Fresno,7227.0,0.9319385912101144
19623,614,Fresno,4054.0,0.8484948826008428
19624,614,Fresno,5646.0,0.9034316676700783
19625,614,Fresno,4685.0,0.873841059602649
19626,614,Fresno,3688.0,0.8330222757375075
19627,615,Fresno,2307.0,0.7300722456351595
19628,615,Fresno,6314.0,0.917730282962071
19629,615,Fresno,6812.0,0.9255568934376881
19630,615,Fresno,5863.0,0.9084888621312462
19631,840,Fresno,2805.0,0.7756472004816376
19632,840,Fresno,2802.0,0.7753461770018062
19633,840,Fresno,3260.0,0.8097832630945214
19634,840,Fresno,2738.0,0.7692655027092113
19635,861,Fresno,4630.0,0.8723058398555087
19636,861,Fresno,4512.0,0.8676098735701385
19637,861,Fresno,4743.0,0.8761288380493678
19638,861,Fresno,4373.0,0.8624924744130043
19639,861,Fresno,4561.0,0.8693558097531607
19640,863,Fresno,6921.0,0.9268512944009633
19641,863,Fresno,9053.0,0.95316074653823
19642,863,Fresno,7597.0,0.9375075255869958
19643,863,Fresno,6295.0,0.9172787477423239
19644,1003,Fresno,8190.0,0.9448524984948826
19645,1003,Fresno,7605.0,0.9376279349789284
19646,1002,Fresno,8493.0,0.949157134256472
19647,1002,Fresno,9592.0,0.956953642384106
19648,1002,Fresno,8444.0,0.9484647802528597
19649,1116,Fresno,4635.0,0.8723961468994581
19650,1116,Fresno,6928.0,0.9269114990969296
19651,1120,Fresno,1896.0,0.6793497892835642
19652,1121,Fresno,2197.0,0.7188440698374473
19653,1143,Fresno,2145.0,0.7116496086694762
19654,1143,Fresno,1649.0,0.6447922937989163
19655,1143,Fresno,1719.0,0.6540638169777243
19656,1324,Fresno,531.0,0.433112582781457
19657,1324,Fresno,492.0,0.42098133654425046
19658,1324,Fresno,463.0,0.4123419626730885
19659,1329,Fresno,3843.0,0.8390728476821192
19660,1329,Fresno,162.0,0.3052077062010837
19661,590,Fresno,4939.0,0.8821493076459964
19662,566,Fresno,4308.0,0.8596628537025888
19663,569,Fresno,5147.0,0.8895243829018663
19664,596,Fresno,4001.0,0.8465382299819386
19665,596,Fresno,4460.0,0.8657435279951836
19666,596,Fresno,3639.0,0.8313666465984347
19667,577,Fresno,3931.0,0.8428055388320289
19668,601,Fresno,3563.0,0.8269416014449127
19669,601,Fresno,3982.0,0.8456050571944612
19670,601,Fresno,4387.0,0.8632450331125828
19671,601,Fresno,3686.0,0.8329319686935581
19672,583,Fresno,6947.0,0.9273028296207104
19673,941,Fresno,11300.0,0.9627031908488862
19674,941,Fresno,9458.0,0.9558699578567128
19675,941,Fresno,10689.0,0.9611077664057797
19676,941,Fresno,12467.0,0.9658639373871162
19677,941,Fresno,5764.0,0.9063214930764599
19678,941,Fresno,8965.0,0.9524984948826009
19679,942,Fresno,10485.0,0.9606863335340157
19680,927,Fresno,8400.0,0.9478025285972306
19681,928,Fresno,5474.0,0.8990367248645394
19682,928,Fresno,9908.0,0.9586393738711619
19683,933,Fresno,7972.0,0.9425045153521975
19684,933,Fresno,7306.0,0.9333534015653221
19685,933,Fresno,8229.0,0.9454244431065623
19686,930,Fresno,7653.0,0.9385611077664058
19687,934,Fresno,5850.0,0.9081276339554485
19688,931,Fresno,7990.0,0.9428657435279952
19689,931,Fresno,8046.0,0.943467790487658
19690,935,Fresno,6460.0,0.9199879590608068
19691,937,Fresno,1861.0,0.6739012642986153
19692,184,Clovis,1793.0,0.6641481035520771
19693,184,Clovis,2616.0,0.758639373871162
19694,186,Clovis,2977.0,0.7884406983744732
19695,186,Clovis,2662.0,0.7631547260686333
19696,1265,Fresno,9.0,0.07393136664659844
19697,1266,Fresno,16.0,0.10885009030704396
19698,1272,Fresno,12.0,0.08880192655027092
19699,1279,Fresno,12.0,0.08880192655027092
19700,1276,Fresno,12.0,0.08880192655027092
19701,1276,Fresno,13.0,0.09331727874774233
19702,1270,Fresno,174.0,0.31152919927754363
19703,1270,Fresno,186.0,0.31911499096929563
19704,1285,Fresno,64.0,0.227423239012643
19705,1292,Fresno,0.0,0.0
19706,1294,Fresno,10.0,0.07874774232390126
19707,1287,Fresno,53.0,0.21080674292594823
19708,2302,Unincorporate,0.0,0.0
19709,2302,Unincorporate,0.0,0.0
19710,2302,Unincorporate,0.0,0.0
19711,2302,Unincorporate,0.0,0.0
19712,2302,Unincorporate,0.0,0.0
19713,2302,Unincorporate,0.0,0.0
19714,2302,Unincorporate,0.0,0.0
19715,2302,Unincorporate,0.0,0.0
19716,2302,Unincorporate,0.0,0.0
19717,2302,Unincorporate,0.0,0.0
19718,2302,Unincorporate,0.0,0.0
19719,2302,Unincorporate,0.0,0.0
19720,2302,Unincorporate,0.0,0.0
19721,2302,Unincorporate,0.0,0.0
19722,2302,Unincorporate,0.0,0.0
19723,2302,Unincorporate,0.0,0.0
19724,2302,Unincorporate,0.0,0.0
19725,2302,Unincorporate,0.0,0.0
19726,2302,Unincorporate,0.0,0.0
19727,2301,Unincorporate,0.0,0.0
19728,2301,Unincorporate,0.0,0.0
19729,2301,Unincorporate,0.0,0.0
19730,2301,Unincorporate,324.0,0.36992775436484043
19731,2306,Unincorporate,328.0,0.37125225767609876
19732,2306,Unincorporate,365.0,0.38190848886213125
19733,2307,Unincorporate,270.0,0.35316074653823
19734,371,Firebaugh,41.0,0.18741721854304635
19735,371,Firebaugh,1057.0,0.5432871763997592
19736,371,Firebaugh,25.0,0.14864539434075857
19737,371,Firebaugh,34.0,0.17146297411198075
19738,371,Firebaugh,1044.0,0.5405177603853101
19739,371,Firebaugh,1045.0,0.5408187838651415
19740,371,Firebaugh,1055.0,0.543046357615894
19741,371,Firebaugh,1082.0,0.5484647802528597
19742,371,Firebaugh,1042.0,0.5401264298615291
19743,391,Firebaugh,0.0,0.0
19744,391,Firebaugh,35.0,0.17357013847080072
19745,391,Firebaugh,36.0,0.17606863335340156
19746,391,Firebaugh,18.0,0.11815171583383503
19747,373,Firebaugh,1152.0,0.5610475617098134
19748,373,Firebaugh,1151.0,0.5608669476219145
19749,373,Firebaugh,1150.0,0.5606562311860325
19750,373,Firebaugh,17.0,0.11363636363636363
19751,373,Firebaugh,1149.0,0.5603251053582179
19752,373,Firebaugh,1155.0,0.5615593016255268
19753,373,Firebaugh,1150.0,0.5606562311860325
19754,373,Firebaugh,623.0,0.45791691751956654
19755,2230,Unincorporate,0.0,0.0
19756,2230,Unincorporate,0.0,0.0
19757,2230,Unincorporate,1.0,0.007465382299819386
19758,2230,Unincorporate,2.0,0.021763997591812162
19759,2230,Unincorporate,0.0,0.0
19760,2230,Unincorporate,0.0,0.0
19761,2237,Unincorporate,0.0,0.0
19762,2237,Unincorporate,0.0,0.0
19763,2237,Unincorporate,17.0,0.11363636363636363
19764,2237,Unincorporate,0.0,0.0
19765,2237,Unincorporate,0.0,0.0
19766,2237,Unincorporate,0.0,0.0
19767,2237,Unincorporate,0.0,0.0
19768,2237,Unincorporate,0.0,0.0
19769,2237,Unincorporate,0.0,0.0
19770,2237,Unincorporate,0.0,0.0
19771,2237,Unincorporate,0.0,0.0
19772,2237,Unincorporate,0.0,0.0
19773,2237,Unincorporate,0.0,0.0
19774,2237,Unincorporate,0.0,0.0
19775,2237,Unincorporate,31.0,0.1650812763395545
19776,2237,Unincorporate,0.0,0.0
19777,2237,Unincorporate,0.0,0.0
19778,2237,Unincorporate,0.0,0.0
19779,2236,Unincorporate,0.0,0.0
19780,2236,Unincorporate,0.0,0.0
19781,2236,Unincorporate,0.0,0.0
19782,2236,Unincorporate,0.0,0.0
19783,2236,Unincorporate,173.0,0.3106562311860325
19784,2236,Unincorporate,37.0,0.1790487658037327
19785,2236,Unincorporate,17.0,0.11363636363636363
19786,2236,Unincorporate,2.0,0.021763997591812162
19787,2236,Unincorporate,37.0,0.1790487658037327
19788,2236,Unincorporate,37.0,0.1790487658037327
19789,2236,Unincorporate,31.0,0.1650812763395545
19790,2236,Unincorporate,0.0,0.0
19791,2236,Unincorporate,0.0,0.0
19792,2236,Unincorporate,173.0,0.3106562311860325
19793,381,Firebaugh,74.0,0.23976520168573148
19794,381,Firebaugh,37.0,0.1790487658037327
19795,392,Firebaugh,856.0,0.5083383503913306
19796,392,Firebaugh,67.0,0.23169777242624925
19797,392,Firebaugh,89.0,0.2546658639373871
19798,392,Firebaugh,9.0,0.07393136664659844
19799,392,Firebaugh,25.0,0.14864539434075857
19800,392,Firebaugh,67.0,0.23169777242624925
19801,392,Firebaugh,425.0,0.4019566526189043
19802,392,Firebaugh,17.0,0.11363636363636363
19803,392,Firebaugh,16.0,0.10885009030704396
19804,2235,Unincorporate,0.0,0.0
19805,2235,Unincorporate,18.0,0.11815171583383503
19806,2235,Unincorporate,18.0,0.11815171583383503
19807,2235,Unincorporate,37.0,0.1790487658037327
19808,2235,Unincorporate,30.0,0.1627031908488862
19809,2235,Unincorporate,12.0,0.08880192655027092
19810,2235,Unincorporate,48.0,0.200632149307646
19811,2235,Unincorporate,11.0,0.08383503913305237
19812,2235,Unincorporate,48.0,0.200632149307646
19813,2235,Unincorporate,6.0,0.05770620108368453
19814,2235,Unincorporate,18.0,0.11815171583383503
19815,2227,Unincorporate,0.0,0.0
19816,2227,Firebaugh,0.0,0.0
19817,2227,Unincorporate,0.0,0.0
19818,2227,Unincorporate,2.0,0.021763997591812162
19819,2228,Unincorporate,16.0,0.10885009030704396
19820,2228,Unincorporate,0.0,0.0
19821,2228,Unincorporate,0.0,0.0
19822,2228,Firebaugh,17.0,0.11363636363636363
19823,2228,Firebaugh,17.0,0.11363636363636363
19824,2228,Firebaugh,17.0,0.11363636363636363
19825,2228,Firebaugh,0.0,0.0
19826,1684,Mendota,193.0,0.32329921733895245
19827,1684,Mendota,187.0,0.31965683323299215
19828,1684,Mendota,401.0,0.3927754364840458
19829,1684,Mendota,189.0,0.320680313064419
19830,1684,Mendota,326.0,0.3707706201083685
19831,1684,Mendota,211.0,0.3295003010234798
19832,1684,Mendota,314.0,0.36745936183022276
19833,1684,Mendota,185.0,0.31863335340156534
19834,1684,Mendota,780.0,0.49346779048765804
19835,1684,Mendota,187.0,0.31965683323299215
19836,1684,Mendota,183.0,0.3173389524382902
19837,1684,Mendota,184.0,0.31794099939795306
19838,1684,Mendota,252.0,0.3484045755568934
19839,1684,Mendota,186.0,0.31911499096929563
19840,1684,Mendota,186.0,0.31911499096929563
19841,1683,Mendota,308.0,0.36499096929560504
19842,1683,Mendota,66.0,0.2300421432871764
19843,1683,Mendota,74.0,0.23976520168573148
19844,1683,Mendota,184.0,0.31794099939795306
19845,1689,Mendota,81.0,0.24641782059000603
19846,1689,Mendota,83.0,0.248103552077062
19847,1689,Mendota,9.0,0.07393136664659844
19848,1692,Mendota,80.0,0.24530403371462975
19849,1582,Kerman,101.0,0.26619506321493075
19850,1582,Kerman,252.0,0.3484045755568934
19851,1612,Kerman,14.0,0.098314268512944
19852,1612,Kerman,597.0,0.4506020469596628
19853,2388,Unincorporate,3.0,0.033564118001204096
19854,2388,Unincorporate,4.0,0.04298615291992775
19855,2388,Unincorporate,6.0,0.05770620108368453
19856,2388,Unincorporate,3.0,0.033564118001204096
19857,1590,Kerman,1013.0,0.53524984948826
19858,1590,Kerman,786.0,0.4947019867549669
19859,1590,Kerman,262.0,0.35078266104756173
19860,1590,Kerman,567.0,0.4414509331727875
19861,1590,Kerman,846.0,0.5065021071643588
19862,1590,Kerman,269.0,0.3526490066225166
19863,1590,Kerman,755.0,0.4876580373269115
19864,1590,Kerman,1136.0,0.5572847682119205
19865,1590,Kerman,438.0,0.4059602649006622
19866,1590,Kerman,356.0,0.378898254063817
19867,1590,Kerman,1619.0,0.6408488862131246
19868,1590,Kerman,277.0,0.35520770620108366
19869,1590,Kerman,728.0,0.4828416616496087
19870,1590,Kerman,562.0,0.4401264298615292
19871,1590,Kerman,638.0,0.46210114388922335
19872,1590,Kerman,1376.0,0.6025888019265503
19873,1590,Kerman,860.0,0.5093618302227574
19874,1590,Kerman,439.0,0.4064118001204094
19875,1586,Kerman,1109.0,0.5531306441902468
19876,1586,Kerman,743.0,0.4857013847080072
19877,1586,Kerman,859.0,0.5091511137868754
19878,1586,Kerman,1166.0,0.5642685129440096
19879,1586,Kerman,1026.0,0.5372366044551475
19880,1586,Kerman,866.0,0.5104154124021674
19881,1586,Kerman,1163.0,0.5632149307645996
19882,1586,Kerman,710.0,0.4773630343166767
19883,2404,Unincorporate,582.0,0.4469897652016857
19884,2404,Unincorporate,2.0,0.021763997591812162
19885,1593,Kerman,2.0,0.021763997591812162
19886,1593,Kerman,111.0,0.2730583985550873
19887,1593,Kerman,401.0,0.3927754364840458
19888,1593,Kerman,593.0,0.44909692956050573
19889,1593,Kerman,259.0,0.35
19890,2402,Unincorporate,50.0,0.20463576158940397
19891,2402,Unincorporate,142.0,0.29307645996387716
19892,1616,Kerman,40.0,0.18552077062010836
19893,1617,Kerman,15.0,0.10361228175797713
19894,2400,Unincorporate,12.0,0.08880192655027092
19895,2400,Unincorporate,18.0,0.11815171583383503
19896,2400,Unincorporate,188.0,0.32013847080072244
19897,2398,Unincorporate,0.0,0.0
19898,2398,Unincorporate,88.0,0.25343166767007824
19899,2398,Unincorporate,0.0,0.0
19900,2399,Unincorporate,88.0,0.25343166767007824
19901,1613,Kerman,423.0,0.4012944009632751
19902,1613,Unincorporate,419.0,0.40033112582781455
19903,1613,Kerman,580.0,0.4464780252859723
19904,1613,Kerman,523.0,0.43001204093919326
19905,1613,Kerman,604.0,0.4524683925346177
19906,1613,Kerman,553.0,0.4376881396748946
19907,1613,Kerman,543.0,0.43591210114388923
19908,1613,Kerman,526.0,0.43115593016255266
19909,1613,Kerman,526.0,0.43115593016255266
19910,1613,Kerman,606.0,0.45349187236604455
19911,1613,Kerman,1071.0,0.5465081276339554
19912,1613,Kerman,541.0,0.43534015653220953
19913,1614,Kerman,350.0,0.3777242624924744
19914,1924,San Joaquin,605.0,0.45310054184226367
19915,1924,San Joaquin,604.0,0.4524683925346177
19916,1924,San Joaquin,632.0,0.46047561709813367
19917,1924,San Joaquin,624.0,0.4582480433473811
19918,1942,San Joaquin,0.0,0.0
19919,1942,San Joaquin,0.0,0.0
19920,1926,San Joaquin,85.0,0.2503010234798314
19921,2309,Unincorporate,0.0,0.0
19922,2309,Unincorporate,0.0,0.0
19923,2309,Unincorporate,0.0,0.0
19924,339,Coalinga,247.0,0.34629741119807345
19925,339,Coalinga,247.0,0.34629741119807345
19926,339,Coalinga,247.0,0.34629741119807345
19927,1665,Kingsburg,50.0,0.20463576158940397
19928,1665,Kingsburg,62.0,0.22441300421432872
19929,1665,Kingsburg,100.0,0.26535219747140276
19930,1665,Kingsburg,266.0,0.35186634557495483
19931,1636,Kingsburg,1333.0,0.5950331125827815
19932,2539,Unincorporate,17.0,0.11363636363636363
19933,1994,Selma,0.0,0.0
19934,1994,Selma,58.0,0.2197471402769416
19935,1615,Kerman,61.0,0.22296809151113786
19936,1615,Kerman,61.0,0.22296809151113786
19937,1594,Kerman,512.0,0.4271523178807947
19938,1594,Kerman,68.0,0.23305237808549067
19939,1594,Kerman,559.0,0.43940397350993377
19940,1583,Kerman,886.0,0.5130644190246839
19941,1583,Kerman,1177.0,0.5662552679108971
19942,1583,Kerman,1576.0,0.6343166767007826
19943,1583,Kerman,1564.0,0.6323901264298615
19944,1583,Kerman,1871.0,0.6755869957856713
19945,1583,Kerman,1565.0,0.6325105358217941
19946,1583,Kerman,1513.0,0.6254665863937388
19947,1583,Kerman,1071.0,0.5465081276339554
19948,1583,Kerman,1381.0,0.6035219747140277
19949,1583,Kerman,1053.0,0.5426550270921132
19950,1583,Kerman,1584.0,0.6357013847080072
19951,1583,Kerman,1047.0,0.5412703190848887
19952,1583,Kerman,530.0,0.4327814569536424
19953,1583,Kerman,879.0,0.5123720650210717
19954,1583,Kerman,1526.0,0.6273931366646598
19955,1583,Kerman,452.0,0.4102347983142685
19956,1583,Kerman,1098.0,0.5511438892233594
19957,1583,Kerman,1007.0,0.5344671884406984
19958,1583,Kerman,1133.0,0.5568332329921734
19959,1583,Kerman,833.0,0.5026490066225165
19960,1583,Kerman,1060.0,0.5440096327513546
19961,1583,Kerman,525.0,0.43067429259482237
19962,1583,Kerman,612.0,0.4547862733293197
19963,1583,Kerman,823.0,0.5007826610475618
19964,1583,Kerman,1377.0,0.6029500301023479
19965,1583,Kerman,1379.0,0.6033413606261289
19966,1583,Kerman,1604.0,0.6390126429861529
19967,1583,Kerman,452.0,0.4102347983142685
19968,1583,Kerman,1572.0,0.633534015653221
19969,1583,Kerman,1377.0,0.6029500301023479
19970,2283,Unincorporate,1.0,0.007465382299819386
19971,2283,Unincorporate,0.0,0.0
19972,2283,Unincorporate,0.0,0.0
19973,2283,Unincorporate,0.0,0.0
19974,1941,San Joaquin,42.0,0.18895243829018663
19975,1941,San Joaquin,43.0,0.19039735099337748
19976,1941,San Joaquin,44.0,0.1917519566526189
19977,2276,Unincorporate,555.0,0.4382299819385912
19978,2276,Unincorporate,0.0,0.0
19979,2276,Unincorporate,1.0,0.007465382299819386
19980,2276,Unincorporate,184.0,0.31794099939795306
19981,2276,Unincorporate,0.0,0.0
19982,2276,Unincorporate,1.0,0.007465382299819386
19983,2278,Unincorporate,165.0,0.3069235400361228
19984,2278,Unincorporate,0.0,0.0
19985,2278,Unincorporate,1.0,0.007465382299819386
19986,2277,Unincorporate,0.0,0.0
19987,1924,San Joaquin,911.0,0.5174894641782058
19988,1926,San Joaquin,46.0,0.19686935580975315
19989,1926,San Joaquin,0.0,0.0
19990,2279,Unincorporate,0.0,0.0
19991,2279,Unincorporate,0.0,0.0
19992,2282,Unincorporate,1.0,0.007465382299819386
19993,2282,Unincorporate,1.0,0.007465382299819386
19994,2282,Unincorporate,1.0,0.007465382299819386
19995,2282,Unincorporate,1.0,0.007465382299819386
19996,2282,Unincorporate,1.0,0.007465382299819386
19997,1923,San Joaquin,615.0,0.4554184226369657
19998,1923,San Joaquin,615.0,0.4554184226369657
19999,1923,San Joaquin,624.0,0.4582480433473811
20000,1923,San Joaquin,614.0,0.4550872968091511
20001,2281,Unincorporate,0.0,0.0
20002,2281,Unincorporate,0.0,0.0
20003,2281,Unincorporate,0.0,0.0
20004,2281,Unincorporate,1.0,0.007465382299819386
20005,2280,Unincorporate,0.0,0.0
20006,2280,Unincorporate,0.0,0.0
20007,2280,Unincorporate,0.0,0.0
20008,2280,San Joaquin,0.0,0.0
20009,351,Unincorporate,3.0,0.033564118001204096
20010,351,Unincorporate,3.0,0.033564118001204096
20011,351,Unincorporate,0.0,0.0
20012,351,Unincorporate,0.0,0.0
20013,351,Unincorporate,3.0,0.033564118001204096
20014,351,Unincorporate,0.0,0.0
20015,351,Unincorporate,0.0,0.0
20016,351,Unincorporate,3.0,0.033564118001204096
20017,351,Unincorporate,3.0,0.033564118001204096
20018,351,Unincorporate,0.0,0.0
20019,351,Unincorporate,3.0,0.033564118001204096
20020,351,Unincorporate,3.0,0.033564118001204096
20021,351,Unincorporate,3.0,0.033564118001204096
20022,351,Unincorporate,0.0,0.0
20023,351,Unincorporate,3.0,0.033564118001204096
20024,351,Unincorporate,6.0,0.05770620108368453
20025,351,Unincorporate,0.0,0.0
20026,351,Unincorporate,3.0,0.033564118001204096
20027,351,Unincorporate,3.0,0.033564118001204096
20028,351,Unincorporate,3.0,0.033564118001204096
20029,351,Unincorporate,0.0,0.0
20030,351,Unincorporate,3.0,0.033564118001204096
20031,351,Unincorporate,3.0,0.033564118001204096
20032,351,Unincorporate,0.0,0.0
20033,351,Unincorporate,3.0,0.033564118001204096
20034,351,Unincorporate,3.0,0.033564118001204096
20035,351,Unincorporate,0.0,0.0
20036,351,Unincorporate,3.0,0.033564118001204096
20037,327,Coalinga,294.0,0.3609271523178808
20038,327,Coalinga,228.0,0.3358819987959061
20039,327,Coalinga,509.0,0.42618904274533415
20040,327,Coalinga,509.0,0.42618904274533415
20041,327,Coalinga,571.0,0.44367850692354005
20042,327,Coalinga,282.0,0.3568031306441902
20043,327,Coalinga,0.0,0.0
20044,327,Coalinga,281.0,0.3564118001204094
20045,327,Coalinga,229.0,0.33684527393136665
20046,327,Coalinga,280.0,0.35602046959662853
20047,2308,Unincorporate,0.0,0.0
20048,2308,Unincorporate,0.0,0.0
20049,2308,Unincorporate,0.0,0.0
20050,340,Unincorporate,0.0,0.0
20051,340,Unincorporate,3.0,0.033564118001204096
20052,340,Unincorporate,0.0,0.0
20053,336,Coalinga,527.0,0.4318181818181818
20054,334,Coalinga,405.0,0.39388922335942206
20055,336,Coalinga,107.0,0.27092113184828415
20056,336,Coalinga,20.0,0.1290487658037327
20057,336,Coalinga,20.0,0.1290487658037327
20058,336,Coalinga,268.0,0.3522576760987357
20059,336,Coalinga,300.0,0.36285370258880195
20060,336,Coalinga,764.0,0.48931366646598434
20061,336,Coalinga,719.0,0.47995183624322696
20062,336,Coalinga,0.0,0.0
20063,336,Coalinga,21.0,0.1343467790487658
20064,336,Coalinga,1047.0,0.5412703190848887
20065,336,Coalinga,753.0,0.4871763997591812
20066,336,Coalinga,1066.0,0.5453341360626128
20067,336,Coalinga,312.0,0.3665863937387116
20068,336,Coalinga,978.0,0.5295605057194461
20069,336,Coalinga,30.0,0.1627031908488862
20070,336,Coalinga,474.0,0.41583383503913307
20071,336,Coalinga,400.0,0.3925346177001806
20072,336,Coalinga,716.0,0.47895845875978327
20073,336,Coalinga,475.0,0.41625526791089706
20074,336,Coalinga,499.0,0.4233895243829019
20075,336,Coalinga,190.0,0.3211920529801324
20076,336,Coalinga,321.0,0.36950632149307644
20077,336,Coalinga,0.0,0.0
20078,336,Coalinga,1015.0,0.5355809753160746
20079,336,Coalinga,1280.0,0.5842564720048163
20080,336,Coalinga,633.0,0.46068633353401567
20081,336,Coalinga,499.0,0.4233895243829019
20082,336,Coalinga,275.0,0.35463576158940396
20083,336,Coalinga,341.0,0.3749247441300421
20084,336,Coalinga,1082.0,0.5484647802528597
20085,336,Coalinga,1025.0,0.5370559903672486
20086,336,Coalinga,0.0,0.0
20087,335,Coalinga,0.0,0.0
20088,333,Coalinga,97.0,0.26222155328115593
20089,355,Coalinga,31.0,0.1650812763395545
20090,355,Coalinga,0.0,0.0
20091,355,Coalinga,66.0,0.2300421432871764
20092,353,Coalinga,8.0,0.06815171583383504
20093,353,Coalinga,8.0,0.06815171583383504
20094,353,Coalinga,99.0,0.26462974111980736
20095,353,Coalinga,0.0,0.0
20096,353,Coalinga,285.0,0.3580975316074654
20097,353,Coalinga,42.0,0.18895243829018663
20098,353,Coalinga,2.0,0.021763997591812162
20099,353,Coalinga,244.0,0.34509331727874776
20100,353,Coalinga,390.0,0.38910295003010237
20101,353,Coalinga,952.0,0.525316074653823
20102,353,Coalinga,1105.0,0.5525888019265502
20103,353,Coalinga,0.0,0.0
20104,353,Coalinga,8.0,0.06815171583383504
20105,353,Coalinga,438.0,0.4059602649006622
20106,353,Coalinga,242.0,0.3441601444912703
20107,353,Coalinga,361.0,0.380373269114991
20108,353,Coalinga,660.0,0.46691751956652616
20109,324,Coalinga,673.0,0.46983744732089106
20110,353,Coalinga,85.0,0.2503010234798314
20111,353,Coalinga,44.0,0.1917519566526189
20112,333,Coalinga,235.0,0.34108970499698976
20113,333,Coalinga,1245.0,0.5782360024081878
20114,333,Coalinga,231.0,0.3383503913305238
20115,333,Coalinga,405.0,0.39388922335942206
20116,333,Coalinga,231.0,0.3383503913305238
20117,333,Coalinga,250.0,0.3478025285972306
20118,333,Coalinga,661.0,0.46700782661047563
20119,333,Coalinga,405.0,0.39388922335942206
20120,333,Coalinga,379.0,0.38606261288380495
20121,333,Coalinga,382.0,0.3870860927152318
20122,333,Coalinga,233.0,0.3395845875978326
20123,333,Coalinga,234.0,0.3403973509933775
20124,333,Coalinga,195.0,0.32438290186634555
20125,333,Coalinga,234.0,0.3403973509933775
20126,333,Coalinga,230.0,0.33783865141481034
20127,333,Coalinga,6.0,0.05770620108368453
20128,333,Coalinga,235.0,0.34108970499698976
20129,328,Coalinga,231.0,0.3383503913305238
20130,333,Coalinga,382.0,0.3870860927152318
20131,331,Coalinga,1998.0,0.6920830824804335
20132,331,Coalinga,1119.0,0.5544852498494882
20133,331,Coalinga,1111.0,0.5534015653220952
20134,331,Coalinga,1288.0,0.5860927152317881
20135,331,Coalinga,1164.0,0.5636363636363636
20136,331,Coalinga,2048.0,0.6982540638169777
20137,331,Coalinga,1297.0,0.5876279349789284
20138,331,Coalinga,1228.0,0.5756170981336545
20139,331,Coalinga,1166.0,0.5642685129440096
20140,331,Coalinga,1158.0,0.5622817579771222
20141,331,Coalinga,1957.0,0.687116195063215
20142,331,Coalinga,1165.0,0.5639674894641782
20143,331,Coalinga,2042.0,0.6975015051173992
20144,331,Coalinga,1278.0,0.5837146297411198
20145,331,Coalinga,1492.0,0.622366044551475
20146,331,Coalinga,1324.0,0.5929861529199277
20147,331,Coalinga,1149.0,0.5603251053582179
20148,331,Coalinga,1284.0,0.5854003612281758
20149,331,Coalinga,1355.0,0.5986453943407586
20150,331,Coalinga,1322.0,0.5925647200481637
20151,331,Coalinga,1329.0,0.5940397350993377
20152,331,Coalinga,1273.0,0.5828717639975918
20153,331,Coalinga,1215.0,0.5737206502107164
20154,326,Coalinga,2.0,0.021763997591812162
20155,326,Coalinga,229.0,0.33684527393136665
20156,326,Coalinga,230.0,0.33783865141481034
20157,326,Coalinga,1814.0,0.6671282360024082
20158,326,Coalinga,1826.0,0.6690848886213124
20159,326,Coalinga,4.0,0.04298615291992775
20160,326,Coalinga,6.0,0.05770620108368453
20161,326,Coalinga,56.0,0.21694762191450934
20162,332,Coalinga,135.0,0.2887116195063215
20163,332,Coalinga,528.0,0.4322998193859121
20164,332,Coalinga,100.0,0.26535219747140276
20165,332,Coalinga,266.0,0.35186634557495483
20166,332,Coalinga,847.0,0.5068332329921734
20167,332,Coalinga,726.0,0.48254063816977727
20168,332,Coalinga,806.0,0.49765201685731486
20169,332,Coalinga,1107.0,0.5529199277543648
20170,332,Coalinga,852.0,0.5076459963877182
20171,332,Coalinga,349.0,0.37745334136062614
20172,332,Coalinga,706.0,0.475948223961469
20173,332,Coalinga,1804.0,0.6656833232992173
20174,332,Coalinga,523.0,0.43001204093919326
20175,332,Coalinga,267.0,0.3520469596628537
20176,332,Coalinga,667.0,0.4684226369656833
20177,332,Coalinga,175.0,0.3124322697170379
20178,332,Coalinga,948.0,0.5242323901264299
20179,332,Coalinga,129.0,0.2860626128838049
20180,332,Coalinga,145.0,0.2948223961468995
20181,332,Coalinga,145.0,0.2948223961468995
20182,332,Coalinga,837.0,0.5037326911499097
20183,337,Coalinga,47.0,0.19861529199277544
20184,337,Coalinga,54.0,0.21351595424443107
20185,337,Coalinga,23.0,0.14145093317278748
20186,337,Coalinga,293.0,0.36062612883804934
20187,337,Coalinga,213.0,0.3311860325105358
20188,337,Coalinga,324.0,0.36992775436484043
20189,323,Coalinga,229.0,0.33684527393136665
20190,323,Coalinga,229.0,0.33684527393136665
20191,323,Coalinga,229.0,0.33684527393136665
20192,323,Coalinga,229.0,0.33684527393136665
20193,323,Coalinga,229.0,0.33684527393136665
20194,323,Coalinga,242.0,0.3441601444912703
20195,323,Coalinga,229.0,0.33684527393136665
20196,323,Coalinga,229.0,0.33684527393136665
20197,323,Coalinga,229.0,0.33684527393136665
20198,323,Coalinga,444.0,0.40794701986754967
20199,323,Coalinga,229.0,0.33684527393136665
20200,323,Coalinga,229.0,0.33684527393136665
20201,323,Coalinga,229.0,0.33684527393136665
20202,323,Coalinga,229.0,0.33684527393136665
20203,323,Coalinga,229.0,0.33684527393136665
20204,323,Coalinga,229.0,0.33684527393136665
20205,323,Coalinga,229.0,0.33684527393136665
20206,323,Coalinga,229.0,0.33684527393136665
20207,2316,Unincorporate,0.0,0.0
20208,2316,Unincorporate,88.0,0.25343166767007824
20209,2316,Unincorporate,1.0,0.007465382299819386
20210,1561,Huron,15.0,0.10361228175797713
20211,1561,Huron,30.0,0.1627031908488862
20212,1541,Huron,61.0,0.22296809151113786
20213,1541,Huron,58.0,0.2197471402769416
20214,1541,Huron,15.0,0.10361228175797713
20215,2317,Unincorporate,5.0,0.050752558699578565
20216,1551,Huron,0.0,0.0
20217,1551,Huron,0.0,0.0
20218,1544,Huron,2.0,0.021763997591812162
20219,1544,Huron,2.0,0.021763997591812162
20220,1544,Huron,1.0,0.007465382299819386
20221,1544,Huron,1.0,0.007465382299819386
20222,1546,Huron,0.0,0.0
20223,1546,Huron,51.0,0.20695364238410596
20224,1546,Huron,0.0,0.0
20225,1546,Huron,38.0,0.18133654425045154
20226,1546,Huron,44.0,0.1917519566526189
20227,1546,Huron,182.0,0.3169175195665262
20228,1548,Huron,0.0,0.0
20229,1548,Huron,51.0,0.20695364238410596
20230,1548,Huron,51.0,0.20695364238410596
20231,1548,Huron,0.0,0.0
20232,1548,Huron,0.0,0.0
20233,1548,Huron,0.0,0.0
20234,1548,Huron,0.0,0.0
20235,1549,Huron,51.0,0.20695364238410596
20236,1549,Huron,51.0,0.20695364238410596
20237,1549,Huron,54.0,0.21351595424443107
20238,1549,Huron,53.0,0.21080674292594823
20239,1549,Huron,99.0,0.26462974111980736
20240,1550,Huron,0.0,0.0
20241,2320,Unincorporate,0.0,0.0
20242,2321,Unincorporate,0.0,0.0
20243,2321,Unincorporate,0.0,0.0
20244,1562,Unincorporate,33.0,0.16887417218543047
20245,1563,Unincorporate,0.0,0.0
20246,2322,Unincorporate,0.0,0.0
20247,2322,Unincorporate,0.0,0.0
20248,2322,Unincorporate,0.0,0.0
20249,1661,Kingsburg,22.0,0.1382299819385912
20250,2553,Unincorporate,1.0,0.007465382299819386
20251,2553,Unincorporate,4.0,0.04298615291992775
20252,2553,Unincorporate,213.0,0.3311860325105358
20253,2551,Unincorporate,2.0,0.021763997591812162
20254,2551,Unincorporate,0.0,0.0
20255,2551,Unincorporate,0.0,0.0
20256,2551,Unincorporate,96.0,0.26056592414208307
20257,2552,Unincorporate,4.0,0.04298615291992775
20258,2552,Unincorporate,15.0,0.10361228175797713
20259,1665,Kingsburg,48.0,0.200632149307646
20260,1665,Kingsburg,123.0,0.2817278747742324
20261,1666,Kingsburg,154.0,0.30150511739915714
20262,1666,Kingsburg,45.0,0.1942203491872366
20263,1666,Kingsburg,141.0,0.2925948223961469
20264,1666,Kingsburg,132.0,0.28750752558699577
20265,1666,Kingsburg,135.0,0.2887116195063215
20266,1637,Kingsburg,1578.0,0.6347080072245636
20267,1637,Kingsburg,1209.0,0.5718543046357616
20268,1637,Kingsburg,3285.0,0.8111378687537628
20269,2549,Unincorporate,193.0,0.32329921733895245
20270,1641,Kingsburg,1027.0,0.5375677302829621
20271,1641,Kingsburg,940.0,0.5221252257676099
20272,1641,Kingsburg,941.0,0.5223660445514751
20273,1641,Kingsburg,894.0,0.5142083082480433
20274,1641,Kingsburg,607.0,0.45382299819385913
20275,1641,Kingsburg,1046.0,0.5409993979530403
20276,1641,Kingsburg,622.0,0.45758579169175195
20277,1641,Kingsburg,1061.0,0.5442203491872366
20278,1641,Kingsburg,413.0,0.39789283564118
20279,1641,Kingsburg,1027.0,0.5375677302829621
20280,1641,Kingsburg,567.0,0.4414509331727875
20281,1641,Kingsburg,1027.0,0.5375677302829621
20282,1641,Kingsburg,997.0,0.5327513546056593
20283,1641,Kingsburg,346.0,0.3769416014449127
20284,1641,Kingsburg,202.0,0.3261288380493679
20285,1641,Kingsburg,941.0,0.5223660445514751
20286,1641,Kingsburg,1089.0,0.5497290788681517
20287,1667,Kingsburg,137.0,0.28967489464178203
20288,1642,Kingsburg,1046.0,0.5409993979530403
20289,1642,Kingsburg,1193.0,0.5691450933172787
20290,1642,Kingsburg,882.0,0.5127031908488862
20291,1642,Kingsburg,1710.0,0.6527995183624322
20292,1642,Kingsburg,985.0,0.5306441902468393
20293,1642,Kingsburg,682.0,0.4716435881998796
20294,1642,Kingsburg,1312.0,0.589885611077664
20295,1957,Selma,353.0,0.37823600240818783
20296,1957,Selma,193.0,0.32329921733895245
20297,1957,Selma,342.0,0.3754063816977724
20298,1957,Selma,219.0,0.33368452739313664
20299,1957,Selma,380.0,0.3863937387116195
20300,1957,Selma,182.0,0.3169175195665262
20301,1957,Selma,179.0,0.3154425045153522
20302,1957,Selma,81.0,0.24641782059000603
20303,1957,Selma,379.0,0.38606261288380495
20304,1957,Selma,780.0,0.49346779048765804
20305,1957,Selma,179.0,0.3154425045153522
20306,1957,Selma,631.0,0.4600842865743528
20307,1957,Selma,682.0,0.4716435881998796
20308,1957,Selma,381.0,0.38672486453943405
20309,1957,Selma,177.0,0.31393738711619507
20310,1966,Selma,2966.0,0.7872667068031306
20311,1972,Selma,3261.0,0.8098735701384708
20312,1972,Selma,3475.0,0.8227272727272728
20313,1972,Selma,3384.0,0.8179108970499699
20314,1972,Selma,3230.0,0.8075556893437689
20315,1972,Selma,3435.0,0.8204093919325708
20316,1972,Selma,3559.0,0.8267609873570139
20317,1972,Selma,3158.0,0.8021974714027694
20318,1972,Selma,2830.0,0.7773630343166767
20319,1972,Selma,3115.0,0.7996086694762191
20320,1972,Selma,2849.0,0.7791992775436484
20321,1972,Selma,2847.0,0.7789885611077664
20322,1972,Selma,3361.0,0.8169175195665261
20323,1972,Selma,2750.0,0.7699277543648405
20324,1972,Selma,3088.0,0.7973208910295003
20325,1972,Selma,3344.0,0.8157736303431667
20326,1972,Selma,3087.0,0.7972305839855509
20327,1972,Selma,3249.0,0.8087597832630945
20328,1971,Selma,2428.0,0.7418723660445514
20329,1971,Selma,961.0,0.5270921131848284
20330,1971,Selma,1322.0,0.5925647200481637
20331,1971,Selma,2361.0,0.7351896447922938
20332,1971,Selma,2459.0,0.7448524984948826
20333,1971,Selma,2429.0,0.7420529801324504
20334,1971,Selma,2366.0,0.7357314870559903
20335,1971,Selma,2296.0,0.7290487658037327
20336,1636,Kingsburg,939.0,0.5219145093317279
20337,1636,Kingsburg,1094.0,0.550421432871764
20338,2539,Unincorporate,4.0,0.04298615291992775
20339,2539,Unincorporate,2.0,0.021763997591812162
20340,2539,Unincorporate,6.0,0.05770620108368453
20341,2539,Kingsburg,1.0,0.007465382299819386
20342,2539,Kingsburg,560.0,0.43958458759783264
20343,2538,Unincorporate,2.0,0.021763997591812162
20344,2538,Unincorporate,7.0,0.06303431667670079
20345,2538,Unincorporate,11.0,0.08383503913305237
20346,2538,Unincorporate,185.0,0.31863335340156534
20347,2538,Unincorporate,57.0,0.2181216134858519
20348,2543,Unincorporate,216.0,0.33245033112582784
20349,2543,Unincorporate,599.0,0.4512341962673089
20350,2543,Unincorporate,14.0,0.098314268512944
20351,2543,Unincorporate,28.0,0.15755568934376882
20352,2540,Unincorporate,25.0,0.14864539434075857
20353,2541,Unincorporate,299.0,0.3624623720650211
20354,2541,Unincorporate,14.0,0.098314268512944
20355,2541,Unincorporate,306.0,0.3645394340758579
20356,1955,Selma,1945.0,0.6855207706201084
20357,1955,Selma,1887.0,0.6782962071041542
20358,1954,Selma,33.0,0.16887417218543047
20359,1954,Selma,48.0,0.200632149307646
20360,1954,Selma,512.0,0.4271523178807947
20361,1954,Selma,27.0,0.15460565924142083
20362,1954,Selma,508.0,0.42576760987357015
20363,1954,Selma,604.0,0.4524683925346177
20364,1954,Selma,728.0,0.4828416616496087
20365,1954,Selma,50.0,0.20463576158940397
20366,1954,Selma,48.0,0.200632149307646
20367,1954,Selma,46.0,0.19686935580975315
20368,1954,Selma,1039.0,0.5392835641180012
20369,2577,Unincorporate,50.0,0.20463576158940397
20370,2577,Unincorporate,100.0,0.26535219747140276
20371,2577,Unincorporate,0.0,0.0
20372,2577,Unincorporate,0.0,0.0
20373,2577,Unincorporate,0.0,0.0
20374,2577,Unincorporate,0.0,0.0
20375,1994,Selma,50.0,0.20463576158940397
20376,1994,Selma,44.0,0.1917519566526189
20377,1994,Selma,168.0,0.3082781456953642
20378,1994,Selma,59.0,0.2213726670680313
20379,1979,Selma,0.0,0.0
20380,1979,Selma,789.0,0.4953040337146297
20381,1963,Selma,907.0,0.516676700782661
20382,1963,Selma,724.0,0.4819385912101144
20383,1963,Selma,64.0,0.227423239012643
20384,1756,Parlier,2302.0,0.7294701986754967
20385,1756,Parlier,1492.0,0.622366044551475
20386,1756,Parlier,1462.0,0.6174894641782059
20387,1756,Parlier,1761.0,0.6588801926550271
20388,1756,Parlier,2212.0,0.7202889825406382
20389,1756,Parlier,1461.0,0.6172185430463576
20390,1756,Parlier,1497.0,0.6233895243829018
20391,2572,Unincorporate,1.0,0.007465382299819386
20392,2572,Unincorporate,19.0,0.12332931968693558
20393,2572,Unincorporate,32.0,0.1669175195665262
20394,2572,Unincorporate,149.0,0.2984647802528597
20395,2572,Unincorporate,39.0,0.18323299217338954
20396,1833,Reedley,755.0,0.4876580373269115
20397,2591,Unincorporate,0.0,0.0
20398,2595,Unincorporate,155.0,0.30237808549066825
20399,2595,Reedley,306.0,0.3645394340758579
20400,2607,Unincorporate,628.0,0.4590909090909091
20401,2607,Unincorporate,338.0,0.37408187838651413
20402,2607,Unincorporate,0.0,0.0
20403,2604,Unincorporate,14.0,0.098314268512944
20404,1731,Orange Cove,50.0,0.20463576158940397
20405,1970,Selma,2377.0,0.7368151715833835
20406,1970,Selma,781.0,0.4936484045755569
20407,1970,Selma,761.0,0.48859121011438894
20408,1970,Selma,427.0,0.4027995183624323
20409,1970,Selma,728.0,0.4828416616496087
20410,1970,Selma,706.0,0.475948223961469
20411,1970,Selma,866.0,0.5104154124021674
20412,1970,Selma,2362.0,0.7353100541842263
20413,1970,Selma,1317.0,0.5911800120409392
20414,1970,Selma,831.0,0.5021974714027694
20415,1970,Selma,772.0,0.4915111378687538
20416,1970,Selma,811.0,0.49870559903672484
20417,1970,Selma,810.0,0.49846478025285973
20418,1970,Selma,949.0,0.5246538229981939
20419,1970,Selma,921.0,0.518573148705599
20420,1970,Selma,837.0,0.5037326911499097
20421,1970,Selma,776.0,0.49250451535219747
20422,2001,Selma,294.0,0.3609271523178808
20423,2001,Selma,171.0,0.30942203491872367
20424,1951,Selma,1022.0,0.536724864539434
20425,1951,Selma,16.0,0.10885009030704396
20426,1951,Selma,1030.0,0.5381697772426249
20427,2516,Unincorporate,0.0,0.0
20428,2516,Unincorporate,0.0,0.0
20429,2516,Unincorporate,0.0,0.0
20430,2516,Unincorporate,0.0,0.0
20431,1963,Selma,1603.0,0.6388621312462373
20432,1963,Selma,1016.0,0.5358217940999398
20433,1963,Selma,48.0,0.200632149307646
20434,1963,Selma,7.0,0.06303431667670079
20435,2525,Unincorporate,4.0,0.04298615291992775
20436,2528,Unincorporate,2.0,0.021763997591812162
20437,1964,Selma,668.0,0.4687537627934979
20438,1964,Selma,1047.0,0.5412703190848887
20439,1964,Selma,755.0,0.4876580373269115
20440,1964,Selma,737.0,0.48470800722456353
20441,2581,Fowler,61.0,0.22296809151113786
20442,2581,Unincorporate,61.0,0.22296809151113786
20443,451,Fowler,452.0,0.4102347983142685
20444,451,Fowler,173.0,0.3106562311860325
20445,451,Fowler,181.0,0.3164358819987959
20446,451,Fowler,9.0,0.07393136664659844
20447,411,Fowler,664.0,0.4678506923540036
20448,411,Fowler,659.0,0.46664659843467793
20449,411,Fowler,205.0,0.32769416014449126
20450,411,Fowler,68.0,0.23305237808549067
20451,411,Fowler,347.0,0.37715231788079473
20452,411,Fowler,488.0,0.4199277543648405
20453,411,Fowler,126.0,0.28425647200481635
20454,411,Fowler,554.0,0.4379590608067429
20455,411,Fowler,556.0,0.4385611077664058
20456,411,Fowler,556.0,0.4385611077664058
20457,411,Fowler,415.0,0.39888621312462375
20458,452,Fowler,8.0,0.06815171583383504
20459,453,Fowler,162.0,0.3052077062010837
20460,453,Fowler,16.0,0.10885009030704396
20461,453,Fowler,134.0,0.28841059602649005
20462,453,Fowler,26.0,0.1517760385310054
20463,2580,Unincorporate,36.0,0.17606863335340156
20464,2580,Unincorporate,72.0,0.23783865141481036
20465,2580,Unincorporate,0.0,0.0
20466,2580,Unincorporate,0.0,0.0
20467,416,Fowler,1309.0,0.5891932570740518
20468,416,Fowler,1281.0,0.5846177001806141
20469,416,Fowler,1309.0,0.5891932570740518
20470,416,Fowler,1533.0,0.6281757977122215
20471,416,Fowler,907.0,0.516676700782661
20472,416,Fowler,1524.0,0.6270921131848284
20473,416,Fowler,1376.0,0.6025888019265503
20474,416,Fowler,731.0,0.48344370860927155
20475,416,Fowler,179.0,0.3154425045153522
20476,416,Fowler,1282.0,0.5848886213124623
20477,416,Fowler,1295.0,0.5873570138470801
20478,416,Fowler,910.0,0.517308850090307
20479,416,Fowler,1486.0,0.6215833835039133
20480,416,Fowler,1312.0,0.589885611077664
20481,416,Fowler,1290.0,0.5863636363636363
20482,2510,Unincorporate,9.0,0.07393136664659844
20483,2510,Unincorporate,19.0,0.12332931968693558
20484,2510,Unincorporate,9.0,0.07393136664659844
20485,2510,Unincorporate,14.0,0.098314268512944
20486,2510,Unincorporate,14.0,0.098314268512944
20487,2510,Unincorporate,44.0,0.1917519566526189
20488,2510,Unincorporate,24.0,0.1451234196267309
20489,2512,Unincorporate,2.0,0.021763997591812162
20490,2512,Unincorporate,1.0,0.007465382299819386
20491,2512,Unincorporate,40.0,0.18552077062010836
20492,2512,Unincorporate,1.0,0.007465382299819386
20493,2512,Unincorporate,20.0,0.1290487658037327
20494,2512,Unincorporate,15.0,0.10361228175797713
20495,2512,Unincorporate,10.0,0.07874774232390126
20496,2512,Unincorporate,14.0,0.098314268512944
20497,2512,Unincorporate,7.0,0.06303431667670079
20498,2512,Unincorporate,1.0,0.007465382299819386
20499,2512,Unincorporate,2.0,0.021763997591812162
20500,461,Fowler,160.0,0.3044551475015051
20501,461,Fowler,330.0,0.3720048163756773
20502,461,Fowler,826.0,0.5011739915713426
20503,461,Fowler,216.0,0.33245033112582784
20504,461,Fowler,325.0,0.3703491872366045
20505,461,Fowler,433.0,0.40445514750150513
20506,417,Fowler,309.0,0.3655027092113185
20507,417,Fowler,489.0,0.42034918723660447
20508,417,Fowler,221.0,0.3342263696568332
20509,417,Fowler,162.0,0.3052077062010837
20510,417,Fowler,496.0,0.42251655629139073
20511,417,Fowler,168.0,0.3082781456953642
20512,417,Fowler,217.0,0.3329319686935581
20513,417,Fowler,308.0,0.36499096929560504
20514,417,Fowler,362.0,0.3807344972907887
20515,417,Fowler,486.0,0.4191149909692956
20516,417,Fowler,378.0,0.38564118001204095
20517,417,Fowler,359.0,0.379741119807345
20518,417,Fowler,326.0,0.3707706201083685
20519,417,Fowler,91.0,0.25626128838049367
20520,417,Fowler,358.0,0.3793798916315473
20521,2620,Unincorporate,0.0,0.0
20522,444,Fowler,638.0,0.46210114388922335
20523,444,Fowler,638.0,0.46210114388922335
20524,444,Fowler,592.0,0.44879590608067427
20525,444,Fowler,581.0,0.4467489464178206
20526,444,Fowler,638.0,0.46210114388922335
20527,444,Fowler,574.0,0.44470198675496686
20528,2621,Unincorporate,24.0,0.1451234196267309
20529,2621,Unincorporate,15.0,0.10361228175797713
20530,2621,Unincorporate,48.0,0.200632149307646
20531,455,Fowler,25.0,0.14864539434075857
20532,413,Fowler,508.0,0.42576760987357015
20533,413,Fowler,325.0,0.3703491872366045
20534,413,Fowler,278.0,0.3555087296809151
20535,413,Fowler,365.0,0.38190848886213125
20536,413,Fowler,612.0,0.4547862733293197
20537,413,Fowler,26.0,0.1517760385310054
20538,413,Fowler,324.0,0.36992775436484043
20539,413,Fowler,6.0,0.05770620108368453
20540,413,Fowler,485.0,0.4188440698374473
20541,413,Fowler,252.0,0.3484045755568934
20542,2622,Unincorporate,27.0,0.15460565924142083
20543,2565,Unincorporate,24.0,0.1451234196267309
20544,2565,Unincorporate,0.0,0.0
20545,2565,Unincorporate,71.0,0.23696568332329923
20546,2565,Unincorporate,38.0,0.18133654425045154
20547,1974,Selma,2381.0,0.7372065021071643
20548,1974,Selma,339.0,0.3743829018663456
20549,1974,Selma,214.0,0.33175797712221555
20550,1974,Selma,381.0,0.38672486453943405
20551,1974,Selma,419.0,0.40033112582781455
20552,1974,Selma,1132.0,0.5564720048163757
20553,1974,Selma,2274.0,0.7271824202287779
20554,1974,Selma,340.0,0.3746237206502107
20555,1998,Selma,453.0,0.4105960264900662
20556,1998,Selma,2.0,0.021763997591812162
20557,1998,Selma,383.0,0.3874473208910295
20558,1999,Selma,67.0,0.23169777242624925
20559,2532,Unincorporate,17.0,0.11363636363636363
20560,2530,Unincorporate,5.0,0.050752558699578565
20561,2517,Unincorporate,1.0,0.007465382299819386
20562,2517,Unincorporate,2.0,0.021763997591812162
20563,2517,Unincorporate,0.0,0.0
20564,1995,Selma,10.0,0.07874774232390126
20565,1995,Selma,30.0,0.1627031908488862
20566,1995,Selma,0.0,0.0
20567,1995,Selma,8.0,0.06815171583383504
20568,1995,Selma,20.0,0.1290487658037327
20569,1995,Selma,6.0,0.05770620108368453
20570,2533,Unincorporate,29.0,0.16047561709813365
20571,2533,Unincorporate,36.0,0.17606863335340156
20572,2533,Unincorporate,21.0,0.1343467790487658
20573,1975,Selma,240.0,0.3428657435279952
20574,1975,Selma,265.0,0.3516255267910897
20575,1975,Selma,189.0,0.320680313064419
20576,1975,Selma,298.0,0.3621312462372065
20577,1975,Selma,71.0,0.23696568332329923
20578,1977,Selma,206.0,0.32808549066827214
20579,1977,Selma,260.0,0.35036122817579773
20580,1977,Selma,374.0,0.3842263696568332
20581,1977,Selma,356.0,0.378898254063817
20582,1977,Selma,242.0,0.3441601444912703
20583,1977,Selma,349.0,0.37745334136062614
20584,1977,Selma,208.0,0.32853702588801925
20585,2002,Selma,138.0,0.2904274533413606
20586,1960,Selma,546.0,0.43627332931968693
20587,1960,Selma,589.0,0.44831426851294404
20588,1960,Selma,507.0,0.4253762793497893
20589,1960,Selma,162.0,0.3052077062010837
20590,1960,Selma,424.0,0.4015051173991571
20591,1960,Selma,112.0,0.27396146899458157
20592,2566,Unincorporate,5.0,0.050752558699578565
20593,1969,Selma,654.0,0.4653822998193859
20594,1969,Selma,308.0,0.36499096929560504
20595,1969,Selma,233.0,0.3395845875978326
20596,1969,Selma,233.0,0.3395845875978326
20597,1969,Selma,376.0,0.38473810957254667
20598,1969,Selma,344.0,0.3762191450933173
20599,1969,Selma,289.0,0.35945213726670683
20600,1969,Selma,958.0,0.5262191450933172
20601,1969,Selma,957.0,0.525948223961469
20602,1969,Selma,300.0,0.36285370258880195
20603,1969,Selma,382.0,0.3870860927152318
20604,2557,Unincorporate,4.0,0.04298615291992775
20605,2557,Unincorporate,8.0,0.06815171583383504
20606,2557,Unincorporate,4.0,0.04298615291992775
20607,2557,Unincorporate,8.0,0.06815171583383504
20608,2557,Unincorporate,34.0,0.17146297411198075
20609,2557,Unincorporate,2.0,0.021763997591812162
20610,2557,Unincorporate,4.0,0.04298615291992775
20611,2557,Unincorporate,4.0,0.04298615291992775
20612,2557,Unincorporate,25.0,0.14864539434075857
20613,442,Fowler,638.0,0.46210114388922335
20614,442,Fowler,396.0,0.3911198073449729
20615,2647,Unincorporate,139.0,0.2910897049969898
20616,2647,Unincorporate,87.0,0.25234798314268514
20617,2647,Unincorporate,535.0,0.4341962673088501
20618,2647,Unincorporate,109.0,0.271733895243829
20619,2647,Unincorporate,92.0,0.25716435881998795
20620,1904,Sanger,1593.0,0.6370559903672487
20621,1857,Sanger,1328.0,0.5938591210114389
20622,2664,Unincorporate,438.0,0.4059602649006622
20623,2664,Unincorporate,19.0,0.12332931968693558
20624,2664,Unincorporate,21.0,0.1343467790487658
20625,2664,Unincorporate,19.0,0.12332931968693558
20626,1851,Sanger,70.0,0.23573148705599037
20627,1851,Sanger,71.0,0.23696568332329923
20628,1851,Sanger,428.0,0.40301023479831427
20629,1851,Sanger,83.0,0.248103552077062
20630,1851,Sanger,97.0,0.26222155328115593
20631,1851,Sanger,70.0,0.23573148705599037
20632,1851,Sanger,92.0,0.25716435881998795
20633,1851,Sanger,79.0,0.24434075857916918
20634,1851,Sanger,426.0,0.40249849488260087
20635,1851,Sanger,70.0,0.23573148705599037
20636,1851,Sanger,72.0,0.23783865141481036
20637,1851,Sanger,426.0,0.40249849488260087
20638,1851,Sanger,70.0,0.23573148705599037
20639,1851,Sanger,71.0,0.23696568332329923
20640,1908,Sanger,441.0,0.4070439494280554
20641,1908,Sanger,433.0,0.40445514750150513
20642,1908,Sanger,434.0,0.4047862733293197
20643,1908,Sanger,433.0,0.40445514750150513
20644,1908,Sanger,433.0,0.40445514750150513
20645,1908,Sanger,813.0,0.499157134256472
20646,1908,Sanger,433.0,0.40445514750150513
20647,1908,Sanger,474.0,0.41583383503913307
20648,1908,Sanger,548.0,0.4366947621914509
20649,1908,Sanger,550.0,0.4371462974111981
20650,1908,Sanger,442.0,0.40743527995183626
20651,1856,Sanger,118.0,0.27880794701986755
20652,1856,Sanger,117.0,0.2779349789283564
20653,1856,Sanger,117.0,0.2779349789283564
20654,1856,Sanger,117.0,0.2779349789283564
20655,1856,Sanger,122.0,0.2809753160746538
20656,1856,Sanger,117.0,0.2779349789283564
20657,1873,Sanger,4698.0,0.8742925948223962
20658,1873,Sanger,4139.0,0.8527694160144491
20659,1873,Sanger,4516.0,0.8676700782661048
20660,1873,Sanger,3312.0,0.8136664659843468
20661,1873,Sanger,3365.0,0.8171583383503913
20662,1873,Sanger,4671.0,0.8734497290788682
20663,1873,Sanger,3438.0,0.8205599036724864
20664,1873,Sanger,3599.0,0.8292594822396147
20665,1861,Sanger,2571.0,0.7555087296809151
20666,1861,Sanger,1857.0,0.6731788079470199
20667,1861,Sanger,1976.0,0.6895544852498495
20668,1861,Sanger,2202.0,0.7192956050571945
20669,1861,Sanger,1703.0,0.6523479831426852
20670,1861,Sanger,2162.0,0.7151414810355208
20671,1861,Sanger,2598.0,0.75737507525587
20672,1861,Sanger,2094.0,0.7051475015051174
20673,1860,Sanger,2030.0,0.6956050571944612
20674,1860,Sanger,2761.0,0.7709813365442505
20675,1860,Sanger,4655.0,0.8730282962071042
20676,1860,Sanger,2758.0,0.7708308248043347
20677,1860,Sanger,5118.0,0.8887417218543047
20678,1859,Sanger,4967.0,0.8836243226971704
20679,1860,Sanger,4654.0,0.8729680915111379
20680,1860,Sanger,2775.0,0.7728476821192053
20681,1860,Sanger,2192.0,0.7181517158338351
20682,1860,Sanger,2813.0,0.7762793497892836
20683,1866,Sanger,1795.0,0.6645695364238411
20684,1866,Sanger,2771.0,0.7723359422034919
20685,1866,Sanger,2665.0,0.7634557495484647
20686,1866,Sanger,2055.0,0.6993076459963877
20687,1866,Sanger,1817.0,0.6675496688741722
20688,1866,Sanger,2711.0,0.7669476219145094
20689,1866,Sanger,2570.0,0.7552679108970499
20690,1866,Sanger,1848.0,0.6720650210716436
20691,1866,Sanger,2039.0,0.6971402769416014
20692,1869,Sanger,5508.0,0.8997290788681517
20693,1869,Sanger,17.0,0.11363636363636363
20694,1869,Sanger,5514.0,0.8999698976520168
20695,1869,Sanger,5238.0,0.8921432871763998
20696,1869,Sanger,4801.0,0.8782059000602047
20697,1869,Sanger,6336.0,0.9183323299217339
20698,1869,Sanger,4935.0,0.882059000602047
20699,1869,Sanger,4808.0,0.8785370258880193
20700,1869,Sanger,5275.0,0.89367850692354
20701,1869,Sanger,5255.0,0.8929861529199278
20702,1869,Sanger,23.0,0.14145093317278748
20703,2689,Unincorporate,70.0,0.23573148705599037
20704,2689,Unincorporate,0.0,0.0
20705,2689,Unincorporate,12.0,0.08880192655027092
20706,2692,Unincorporate,75.0,0.2407585791691752
20707,2692,Unincorporate,38.0,0.18133654425045154
20708,2674,Unincorporate,1.0,0.007465382299819386
20709,1894,Sanger,2.0,0.021763997591812162
20710,2669,Unincorporate,25.0,0.14864539434075857
20711,2670,Unincorporate,38.0,0.18133654425045154
20712,2639,Unincorporate,326.0,0.3707706201083685
20713,2639,Unincorporate,20.0,0.1290487658037327
20714,2639,Unincorporate,0.0,0.0
20715,2521,Unincorporate,14.0,0.098314268512944
20716,1991,Selma,0.0,0.0
20717,1952,Selma,25.0,0.14864539434075857
20718,1952,Selma,41.0,0.18741721854304635
20719,1952,Selma,27.0,0.15460565924142083
20720,1952,Selma,238.0,0.34187236604455146
20721,1952,Selma,105.0,0.26878386514148106
20722,1952,Selma,67.0,0.23169777242624925
20723,1952,Selma,29.0,0.16047561709813365
20724,427,Fowler,1214.0,0.5733594220349187
20725,427,Selma,1214.0,0.5733594220349187
20726,427,Fowler,40.0,0.18552077062010836
20727,427,Selma,1214.0,0.5733594220349187
20728,427,Selma,1214.0,0.5733594220349187
20729,427,Fowler,44.0,0.1917519566526189
20730,427,Fowler,1214.0,0.5733594220349187
20731,2579,Unincorporate,20.0,0.1290487658037327
20732,1992,Selma,1214.0,0.5733594220349187
20733,424,Fowler,0.0,0.0
20734,425,Fowler,122.0,0.2809753160746538
20735,422,Fowler,438.0,0.4059602649006622
20736,422,Fowler,438.0,0.4059602649006622
20737,458,Fowler,398.0,0.3918723660445515
20738,458,Fowler,61.0,0.22296809151113786
20739,458,Fowler,0.0,0.0
20740,458,Fowler,106.0,0.26992775436484046
20741,458,Fowler,0.0,0.0
20742,454,Fowler,3.0,0.033564118001204096
20743,454,Fowler,11.0,0.08383503913305237
20744,456,Fowler,22.0,0.1382299819385912
20745,456,Fowler,138.0,0.2904274533413606
20746,457,Fowler,22.0,0.1382299819385912
20747,457,Fowler,1.0,0.007465382299819386
20748,2554,Unincorporate,529.0,0.4325105358217941
20749,2554,Unincorporate,0.0,0.0
20750,2555,Unincorporate,1.0,0.007465382299819386
20751,2555,Unincorporate,249.0,0.347471402769416
20752,2555,Unincorporate,1.0,0.007465382299819386
20753,449,Fowler,42.0,0.18895243829018663
20754,447,Fowler,0.0,0.0
20755,423,Fowler,377.0,0.38515954244431067
20756,423,Fowler,338.0,0.37408187838651413
20757,423,Fowler,377.0,0.38515954244431067
20758,421,Fowler,932.0,0.5202287778446719
20759,421,Fowler,522.0,0.42965081276339556
20760,2507,Unincorporate,67.0,0.23169777242624925
20761,2507,Unincorporate,0.0,0.0
20762,2507,Unincorporate,1.0,0.007465382299819386
20763,2507,Unincorporate,87.0,0.25234798314268514
20764,2507,Unincorporate,2.0,0.021763997591812162
20765,2507,Unincorporate,45.0,0.1942203491872366
20766,445,Fowler,22.0,0.1382299819385912
20767,446,Fowler,1.0,0.007465382299819386
20768,2681,Unincorporate,21.0,0.1343467790487658
20769,412,Fowler,852.0,0.5076459963877182
20770,412,Fowler,534.0,0.4338651414810355
20771,412,Fowler,1006.0,0.5342564720048164
20772,412,Fowler,536.0,0.43446718844069837
20773,412,Fowler,704.0,0.47555689343768814
20774,412,Fowler,728.0,0.4828416616496087
20775,412,Fowler,725.0,0.4822998193859121
20776,412,Fowler,639.0,0.46261288380493676
20777,412,Fowler,678.0,0.47071041541240216
20778,412,Fowler,533.0,0.4336243226971704
20779,412,Fowler,330.0,0.3720048163756773
20780,412,Fowler,716.0,0.47895845875978327
20781,412,Fowler,708.0,0.47661047561709813
20782,412,Fowler,439.0,0.4064118001204094
20783,2678,Sanger,16.0,0.10885009030704396
20784,2678,Unincorporate,1.0,0.007465382299819386
20785,2678,Unincorporate,14.0,0.098314268512944
20786,2680,Unincorporate,0.0,0.0
20787,2680,Unincorporate,0.0,0.0
20788,2680,Unincorporate,0.0,0.0
20789,2680,Unincorporate,0.0,0.0
20790,1901,Sanger,0.0,0.0
20791,2679,Unincorporate,1.0,0.007465382299819386
20792,1900,Sanger,14.0,0.098314268512944
20793,2677,Unincorporate,2.0,0.021763997591812162
20794,1899,Sanger,966.0,0.5281155930162552
20795,1899,Sanger,286.0,0.35854906682721255
20796,1899,Sanger,499.0,0.4233895243829019
20797,1896,Sanger,431.0,0.40385310054184226
20798,1893,Sanger,9.0,0.07393136664659844
20799,2691,Unincorporate,0.0,0.0
20800,1891,Sanger,0.0,0.0
20801,1892,Sanger,0.0,0.0
20802,1905,Sanger,0.0,0.0
20803,1905,Sanger,4.0,0.04298615291992775
20804,2642,Unincorporate,108.0,0.2714629741119807
20805,2642,Unincorporate,143.0,0.2937387116195063
20806,2643,Unincorporate,496.0,0.42251655629139073
20807,2645,Unincorporate,6.0,0.05770620108368453
20808,2645,Unincorporate,38.0,0.18133654425045154
20809,2640,Unincorporate,269.0,0.3526490066225166
20810,2640,Unincorporate,341.0,0.3749247441300421
20811,2640,Unincorporate,314.0,0.36745936183022276
20812,2640,Unincorporate,2.0,0.021763997591812162
20813,2641,Unincorporate,8.0,0.06815171583383504
20814,2641,Unincorporate,4.0,0.04298615291992775
20815,2641,Unincorporate,0.0,0.0
20816,1903,Sanger,2093.0,0.7049066827212522
20817,1903,Sanger,2132.0,0.7100541842263697
20818,2655,Unincorporate,14.0,0.098314268512944
20819,2656,Unincorporate,2.0,0.021763997591812162
20820,1862,Sanger,2531.0,0.7522576760987357
20821,1862,Sanger,1609.0,0.6399759181216135
20822,1862,Sanger,2775.0,0.7728476821192053
20823,1862,Sanger,1608.0,0.6397953040337147
20824,1862,Sanger,3427.0,0.8201986754966888
20825,1862,Sanger,3948.0,0.8439494280553883
20826,1862,Sanger,437.0,0.4054485249849488
20827,1862,Sanger,433.0,0.40445514750150513
20828,1862,Sanger,2177.0,0.7166767007826611
20829,1862,Sanger,4360.0,0.8620409391932571
20830,1862,Sanger,2406.0,0.7395243829018664
20831,1862,Sanger,4205.0,0.8553281155930162
20832,1862,Sanger,1601.0,0.6386213124623721
20833,1862,Sanger,2407.0,0.7397350993377484
20834,1862,Sanger,3095.0,0.7981336544250451
20835,1862,Sanger,2176.0,0.7165261890427453
20836,1907,Sanger,1448.0,0.6156532209512342
20837,1907,Sanger,82.0,0.2473208910295003
20838,1907,Sanger,2194.0,0.7184828416616497
20839,1907,Sanger,602.0,0.451896447922938
20840,1907,Sanger,326.0,0.3707706201083685
20841,1907,Sanger,2063.0,0.7007525586995785
20842,1907,Sanger,325.0,0.3703491872366045
20843,1907,Sanger,1838.0,0.6705298013245033
20844,1907,Sanger,76.0,0.24211318482841662
20845,1907,Sanger,327.0,0.3710716435881999
20846,1907,Sanger,74.0,0.23976520168573148
20847,1907,Sanger,2075.0,0.7022877784467189
20848,1907,Sanger,2068.0,0.7014449127031909
20849,1907,Sanger,76.0,0.24211318482841662
20850,2658,Unincorporate,28.0,0.15755568934376882
20851,2658,Unincorporate,1217.0,0.5740818783865141
20852,2657,Unincorporate,23.0,0.14145093317278748
20853,1897,Sanger,4.0,0.04298615291992775
20854,1756,Parlier,1510.0,0.6252257676098736
20855,1756,Parlier,1966.0,0.6883202889825406
20856,1756,Parlier,1431.0,0.6126730885009031
20857,1756,Parlier,1796.0,0.6648404575556893
20858,1756,Parlier,1470.0,0.6188741721854305
20859,1756,Parlier,1452.0,0.6161348585189644
20860,1756,Parlier,1430.0,0.6124623720650211
20861,1756,Parlier,1482.0,0.6209813365442505
20862,1756,Parlier,1570.0,0.6332329921733896
20863,1756,Parlier,1920.0,0.6826008428657435
20864,1756,Parlier,1486.0,0.6215833835039133
20865,1756,Parlier,1747.0,0.6573148705599037
20866,1756,Parlier,2225.0,0.7220650210716436
20867,1756,Parlier,1437.0,0.6133955448524985
20868,1751,Parlier,565.0,0.4409692956050572
20869,1751,Parlier,159.0,0.30421432871764
20870,1751,Parlier,557.0,0.43895243829018665
20871,1751,Parlier,153.0,0.30090307043949427
20872,1751,Parlier,135.0,0.2887116195063215
20873,1751,Parlier,723.0,0.48148705599036723
20874,1751,Parlier,526.0,0.43115593016255266
20875,1751,Parlier,185.0,0.31863335340156534
20876,1751,Parlier,109.0,0.271733895243829
20877,1772,Parlier,116.0,0.2770620108368453
20878,1772,Parlier,497.0,0.422787477423239
20879,1772,Parlier,607.0,0.45382299819385913
20880,1772,Parlier,583.0,0.44729078868151717
20881,1772,Parlier,597.0,0.4506020469596628
20882,1771,Parlier,126.0,0.28425647200481635
20883,1771,Parlier,313.0,0.3670078266104756
20884,1771,Parlier,213.0,0.3311860325105358
20885,2585,Unincorporate,44.0,0.1917519566526189
20886,2585,Unincorporate,123.0,0.2817278747742324
20887,2585,Unincorporate,0.0,0.0
20888,2573,Unincorporate,2.0,0.021763997591812162
20889,2573,Reedley,90.0,0.2554184226369657
20890,2573,Unincorporate,52.0,0.20875978326309452
20891,2573,Unincorporate,1.0,0.007465382299819386
20892,2573,Unincorporate,2.0,0.021763997591812162
20893,2573,Unincorporate,2.0,0.021763997591812162
20894,2573,Unincorporate,2.0,0.021763997591812162
20895,2573,Unincorporate,0.0,0.0
20896,2573,Reedley,665.0,0.4681216134858519
20897,2573,Parlier,1.0,0.007465382299819386
20898,2573,Unincorporate,2.0,0.021763997591812162
20899,2573,Reedley,75.0,0.2407585791691752
20900,2573,Reedley,19.0,0.12332931968693558
20901,2573,Unincorporate,82.0,0.2473208910295003
20902,2573,Reedley,0.0,0.0
20903,2573,Parlier,2.0,0.021763997591812162
20904,2573,Reedley,522.0,0.42965081276339556
20905,2573,Unincorporate,52.0,0.20875978326309452
20906,2573,Parlier,0.0,0.0
20907,2587,Unincorporate,2.0,0.021763997591812162
20908,2587,Unincorporate,0.0,0.0
20909,2587,Unincorporate,771.0,0.4912101143889223
20910,1753,Parlier,525.0,0.43067429259482237
20911,1753,Parlier,1291.0,0.5865141481035521
20912,1753,Parlier,818.0,0.499789283564118
20913,2574,Parlier,75.0,0.2407585791691752
20914,1779,Unincorporate,57.0,0.2181216134858519
20915,1779,Unincorporate,1187.0,0.5684527393136665
20916,1779,Unincorporate,0.0,0.0
20917,2562,Unincorporate,4.0,0.04298615291992775
20918,2562,Unincorporate,2.0,0.021763997591812162
20919,2562,Unincorporate,4.0,0.04298615291992775
20920,2561,Unincorporate,24.0,0.1451234196267309
20921,2561,Unincorporate,0.0,0.0
20922,2561,Unincorporate,979.0,0.5296207104154124
20923,2561,Unincorporate,1181.0,0.5673991571342565
20924,2561,Unincorporate,25.0,0.14864539434075857
20925,2561,Unincorporate,0.0,0.0
20926,2561,Unincorporate,1.0,0.007465382299819386
20927,2561,Unincorporate,0.0,0.0
20928,2561,Unincorporate,116.0,0.2770620108368453
20929,2561,Unincorporate,48.0,0.200632149307646
20930,2569,Unincorporate,41.0,0.18741721854304635
20931,2569,Unincorporate,0.0,0.0
20932,2569,Unincorporate,9.0,0.07393136664659844
20933,2569,Unincorporate,0.0,0.0
20934,2569,Unincorporate,0.0,0.0
20935,2569,Unincorporate,0.0,0.0
20936,2569,Unincorporate,0.0,0.0
20937,1775,Parlier,393.0,0.39009632751354606
20938,1775,Parlier,571.0,0.44367850692354005
20939,1775,Parlier,303.0,0.36375677302829623
20940,1778,Parlier,817.0,0.4996989765201686
20941,1778,Parlier,1215.0,0.5737206502107164
20942,1777,Parlier,1233.0,0.5763395544852499
20943,1776,Parlier,73.0,0.23883202889825406
20944,1776,Parlier,81.0,0.24641782059000603
20945,1776,Parlier,73.0,0.23883202889825406
20946,1776,Parlier,560.0,0.43958458759783264
20947,1776,Parlier,261.0,0.35066225165562914
20948,1780,Unincorporate,0.0,0.0
20949,1780,Unincorporate,0.0,0.0
20950,2575,Parlier,1.0,0.007465382299819386
20951,2576,Parlier,254.0,0.3488260084286574
20952,2576,Parlier,9.0,0.07393136664659844
20953,2576,Parlier,215.0,0.3321493076459964
20954,2576,Parlier,217.0,0.3329319686935581
20955,2576,Parlier,175.0,0.3124322697170379
20956,2568,Unincorporate,6.0,0.05770620108368453
20957,2568,Unincorporate,3.0,0.033564118001204096
20958,2568,Unincorporate,3.0,0.033564118001204096
20959,1759,Parlier,0.0,0.0
20960,1759,Parlier,0.0,0.0
20961,1774,Parlier,37.0,0.1790487658037327
20962,1774,Parlier,0.0,0.0
20963,1774,Parlier,41.0,0.18741721854304635
20964,1774,Parlier,234.0,0.3403973509933775
20965,1791,Reedley,8.0,0.06815171583383504
20966,1791,Reedley,8.0,0.06815171583383504
20967,1791,Reedley,17.0,0.11363636363636363
20968,1791,Reedley,0.0,0.0
20969,1791,Reedley,1663.0,0.6467188440698375
20970,1791,Reedley,10.0,0.07874774232390126
20971,1791,Reedley,19.0,0.12332931968693558
20972,2591,Unincorporate,40.0,0.18552077062010836
20973,1792,Reedley,51.0,0.20695364238410596
20974,1792,Reedley,51.0,0.20695364238410596
20975,1792,Reedley,51.0,0.20695364238410596
20976,1792,Reedley,51.0,0.20695364238410596
20977,1792,Reedley,639.0,0.46261288380493676
20978,1792,Reedley,596.0,0.4499397953040337
20979,1792,Reedley,51.0,0.20695364238410596
20980,1792,Reedley,74.0,0.23976520168573148
20981,1792,Reedley,466.0,0.41351595424443105
20982,1792,Reedley,635.0,0.46095725466586396
20983,1792,Reedley,1517.0,0.6260987357013847
20984,1792,Reedley,53.0,0.21080674292594823
20985,1792,Reedley,51.0,0.20695364238410596
20986,1792,Reedley,60.0,0.22218543046357617
20987,2592,Unincorporate,110.0,0.2722757375075256
20988,2592,Unincorporate,0.0,0.0
20989,1802,Reedley,4483.0,0.866225165562914
20990,1802,Reedley,4431.0,0.8643889223359422
20991,1802,Reedley,4237.0,0.8569235400361228
20992,1802,Reedley,3922.0,0.8422937989163155
20993,1802,Reedley,4823.0,0.8790788681517159
20994,1802,Reedley,4614.0,0.8715833835039133
20995,1802,Reedley,4435.0,0.864569536423841
20996,1802,Reedley,4237.0,0.8569235400361228
20997,1803,Reedley,1359.0,0.5993979530403372
20998,1803,Reedley,1545.0,0.6303431667670079
20999,1803,Reedley,2403.0,0.739253461770018
21000,1803,Reedley,1506.0,0.6248344370860928
21001,1803,Reedley,1456.0,0.6167369054786274
21002,1803,Reedley,1350.0,0.5975617098133654
21003,1834,Reedley,1250.0,0.5788681517158338
21004,1834,Reedley,1239.0,0.5771222155328115
21005,1834,Reedley,899.0,0.5152618904274533
21006,1834,Reedley,726.0,0.48254063816977727
21007,1834,Reedley,1250.0,0.5788681517158338
21008,1834,Reedley,1245.0,0.5782360024081878
21009,1834,Reedley,1280.0,0.5842564720048163
21010,1834,Reedley,745.0,0.4863034316676701
21011,1834,Reedley,1244.0,0.5780252859723058
21012,1834,Reedley,1425.0,0.6114087898856111
21013,1834,Reedley,1281.0,0.5846177001806141
21014,1834,Reedley,141.0,0.2925948223961469
21015,1834,Reedley,1247.0,0.5784166164960867
21016,1834,Reedley,281.0,0.3564118001204094
21017,1834,Reedley,1247.0,0.5784166164960867
21018,1834,Reedley,1243.0,0.5777844671884407
21019,1834,Reedley,1237.0,0.5767609873570139
21020,1834,Reedley,1243.0,0.5777844671884407
21021,1834,Reedley,932.0,0.5202287778446719
21022,1834,Reedley,1446.0,0.615201685731487
21023,1834,Reedley,1411.0,0.6086694762191451
21024,1834,Reedley,1239.0,0.5771222155328115
21025,1834,Reedley,1283.0,0.5851595424443107
21026,1834,Reedley,1244.0,0.5780252859723058
21027,2594,Unincorporate,17.0,0.11363636363636363
21028,2594,Unincorporate,147.0,0.29744130042143285
21029,2595,Unincorporate,205.0,0.32769416014449126
21030,2595,Unincorporate,106.0,0.26992775436484046
21031,2595,Unincorporate,69.0,0.2342865743527995
21032,2595,Unincorporate,121.0,0.28028296207104153
21033,2595,Reedley,314.0,0.36745936183022276
21034,2607,Unincorporate,44.0,0.1917519566526189
21035,2607,Unincorporate,344.0,0.3762191450933173
21036,2607,Unincorporate,395.0,0.39081878386514146
21037,2607,Unincorporate,382.0,0.3870860927152318
21038,2607,Unincorporate,114.0,0.2753762793497893
21039,2607,Unincorporate,45.0,0.1942203491872366
21040,2608,Unincorporate,399.0,0.3922335942203492
21041,2608,Unincorporate,425.0,0.4019566526189043
21042,2608,Unincorporate,425.0,0.4019566526189043
21043,1817,Reedley,157.0,0.303582179409994
21044,1817,Reedley,687.0,0.4725165562913907
21045,1817,Reedley,107.0,0.27092113184828415
21046,1817,Reedley,1328.0,0.5938591210114389
21047,1817,Reedley,532.0,0.4334136062612884
21048,2589,Unincorporate,0.0,0.0
21049,2589,Unincorporate,2.0,0.021763997591812162
21050,2589,Unincorporate,0.0,0.0
21051,2589,Unincorporate,0.0,0.0
21052,1831,Reedley,0.0,0.0
21053,1831,Reedley,0.0,0.0
21054,1831,Reedley,0.0,0.0
21055,2593,Unincorporate,3.0,0.033564118001204096
21056,2593,Unincorporate,112.0,0.27396146899458157
21057,2606,Unincorporate,0.0,0.0
21058,1725,Orange Cove,1428.0,0.6119807344972907
21059,1725,Orange Cove,1407.0,0.6079771222155328
21060,1725,Orange Cove,2177.0,0.7166767007826611
21061,1725,Orange Cove,1427.0,0.6116797110174593
21062,1725,Orange Cove,1474.0,0.6195966285370259
21063,1725,Orange Cove,1421.0,0.6106562311860325
21064,1725,Orange Cove,1421.0,0.6106562311860325
21065,1722,Orange Cove,1346.0,0.5969596628537026
21066,1722,Orange Cove,1181.0,0.5673991571342565
21067,1722,Orange Cove,1364.0,0.6006622516556291
21068,1722,Orange Cove,1351.0,0.5977423239012642
21069,1722,Orange Cove,1418.0,0.6101444912703191
21070,1722,Orange Cove,1310.0,0.5894039735099338
21071,1722,Orange Cove,1386.0,0.60421432871764
21072,1722,Orange Cove,1299.0,0.5878687537627935
21073,1722,Orange Cove,1180.0,0.5670680313064419
21074,1722,Orange Cove,1422.0,0.6108669476219145
21075,1722,Orange Cove,1362.0,0.6003010234798314
21076,1722,Orange Cove,1291.0,0.5865141481035521
21077,1722,Orange Cove,1363.0,0.6004816375677303
21078,1722,Orange Cove,1314.0,0.590487658037327
21079,1722,Orange Cove,1361.0,0.6
21080,1722,Orange Cove,1417.0,0.6098133654425045
21081,1722,Orange Cove,1471.0,0.6191149909692956
21082,1722,Orange Cove,1381.0,0.6035219747140277
21083,1742,Orange Cove,122.0,0.2809753160746538
21084,1742,Orange Cove,1263.0,0.5809151113786876
21085,1742,Orange Cove,1229.0,0.5758579169175195
21086,1742,Orange Cove,1195.0,0.5695364238410596
21087,2599,Unincorporate,117.0,0.2779349789283564
21088,2599,Unincorporate,122.0,0.2809753160746538
21089,2599,Unincorporate,0.0,0.0
21090,2599,Unincorporate,132.0,0.28750752558699577
21091,2599,Unincorporate,5.0,0.050752558699578565
21092,1727,Orange Cove,426.0,0.40249849488260087
21093,1727,Orange Cove,405.0,0.39388922335942206
21094,1727,Orange Cove,405.0,0.39388922335942206
21095,1727,Orange Cove,291.0,0.3602347983142685
21096,1727,Orange Cove,364.0,0.38142685129440096
21097,1727,Orange Cove,242.0,0.3441601444912703
21098,1727,Orange Cove,412.0,0.3973810957254666
21099,1727,Orange Cove,403.0,0.3933172787477423
21100,1727,Orange Cove,289.0,0.35945213726670683
21101,1727,Orange Cove,195.0,0.32438290186634555
21102,1727,Orange Cove,316.0,0.36779048765803735
21103,1727,Orange Cove,291.0,0.3602347983142685
21104,1727,Orange Cove,70.0,0.23573148705599037
21105,1727,Orange Cove,107.0,0.27092113184828415
21106,2605,Unincorporate,0.0,0.0
21107,1731,Orange Cove,102.0,0.2670078266104756
21108,1743,Orange Cove,228.0,0.3358819987959061
21109,1743,Orange Cove,376.0,0.38473810957254667
21110,2609,Unincorporate,91.0,0.25626128838049367
21111,2609,Unincorporate,64.0,0.227423239012643
21112,2609,Unincorporate,50.0,0.20463576158940397
21113,2609,Unincorporate,34.0,0.17146297411198075
21114,2609,Orange Cove,87.0,0.25234798314268514
21115,2609,Unincorporate,127.0,0.2848284166164961
21116,2609,Unincorporate,0.0,0.0
21117,2609,Unincorporate,88.0,0.25343166767007824
21118,2609,Unincorporate,34.0,0.17146297411198075
21119,1522,Fresno,16.0,0.10885009030704396
21120,1522,Fresno,57.0,0.2181216134858519
21121,1522,Fresno,86.0,0.251475015051174
21122,1522,Fresno,23.0,0.14145093317278748
21123,2803,Unincorporate,19.0,0.12332931968693558
21124,2803,Unincorporate,38.0,0.18133654425045154
21125,2803,Unincorporate,25.0,0.14864539434075857
21126,271,Clovis,0.0,0.0
21127,300,Unincorporate,4.0,0.04298615291992775
21128,300,Unincorporate,11.0,0.08383503913305237
21129,1238,Fresno,16.0,0.10885009030704396
21130,1239,Fresno,0.0,0.0
21131,1105,Fresno,717.0,0.4794099939795304
21132,1127,Fresno,706.0,0.475948223961469
21133,1127,Fresno,1087.0,0.5494280553883203
21134,1127,Fresno,638.0,0.46210114388922335
21135,1127,Fresno,451.0,0.40984346779048764
21136,1127,Fresno,464.0,0.41264298615291994
21137,1127,Fresno,699.0,0.4746237206502107
21138,1127,Fresno,461.0,0.4119807344972908
21139,1127,Fresno,447.0,0.40872968091511136
21140,1127,Fresno,713.0,0.47823600240818787
21141,1127,Fresno,638.0,0.46210114388922335
21142,1127,Fresno,574.0,0.44470198675496686
21143,1127,Fresno,448.0,0.4090307043949428
21144,1127,Fresno,466.0,0.41351595424443105
21145,1127,Fresno,450.0,0.4096026490066225
21146,1127,Fresno,557.0,0.43895243829018665
21147,268,Clovis,162.0,0.3052077062010837
21148,268,Clovis,171.0,0.30942203491872367
21149,268,Clovis,163.0,0.30580975316074654
21150,268,Clovis,154.0,0.30150511739915714
21151,268,Clovis,163.0,0.30580975316074654
21152,268,Clovis,161.0,0.3046658639373871
21153,268,Clovis,148.0,0.2980132450331126
21154,268,Clovis,158.0,0.3039735099337748
21155,268,Clovis,168.0,0.3082781456953642
21156,268,Clovis,157.0,0.303582179409994
21157,268,Clovis,229.0,0.33684527393136665
21158,268,Clovis,156.0,0.3031005418422637
21159,268,Clovis,193.0,0.32329921733895245
21160,268,Clovis,141.0,0.2925948223961469
21161,1015,Fresno,3394.0,0.8184226369656833
21162,1015,Fresno,495.0,0.42203491872366045
21163,1015,Fresno,2796.0,0.7747140276941601
21164,1015,Fresno,3400.0,0.8190848886213125
21165,1015,Fresno,302.0,0.36351595424443106
21166,1015,Fresno,2984.0,0.7888019265502709
21167,1015,Fresno,2991.0,0.7893738711619507
21168,1015,Fresno,3091.0,0.7976520168573149
21169,1015,Fresno,1052.0,0.5423239012642986
21170,1015,Fresno,557.0,0.43895243829018665
21171,1448,Fresno,838.0,0.5041240216736905
21172,1523,Fresno,704.0,0.47555689343768814
21173,1523,Fresno,481.0,0.4179108970499699
21174,1521,Fresno,383.0,0.3874473208910295
21175,523,Fresno,0.0,0.0
21176,524,Fresno,1441.0,0.6141782059000602
21177,524,Fresno,945.0,0.5232390126429861
21178,524,Fresno,863.0,0.5099337748344371
21179,524,Fresno,943.0,0.522787477423239
21180,524,Fresno,498.0,0.42302829620710414
21181,524,Fresno,1239.0,0.5771222155328115
21182,524,Fresno,1382.0,0.6037627934978929
21183,524,Fresno,469.0,0.4145093317278748
21184,524,Fresno,1366.0,0.6010836845273931
21185,524,Fresno,948.0,0.5242323901264299
21186,2000,Selma,731.0,0.48344370860927155
21187,2000,Selma,170.0,0.3089403973509934
21188,2000,Selma,330.0,0.3720048163756773
21189,2000,Selma,219.0,0.33368452739313664
21190,2571,Parlier,44.0,0.1917519566526189
21191,2571,Parlier,47.0,0.19861529199277544
21192,2571,Parlier,0.0,0.0
21193,2571,Parlier,85.0,0.2503010234798314
21194,2556,Unincorporate,0.0,0.0
21195,2556,Unincorporate,7.0,0.06303431667670079
21196,2556,Unincorporate,2.0,0.021763997591812162
21197,2556,Unincorporate,6.0,0.05770620108368453
21198,2003,Selma,82.0,0.2473208910295003
21199,2003,Selma,84.0,0.24909692956050572
21200,2522,Unincorporate,2.0,0.021763997591812162
21201,1996,Selma,4.0,0.04298615291992775
21202,1996,Selma,20.0,0.1290487658037327
21203,1996,Unincorporate,20.0,0.1290487658037327
21204,460,Fowler,15.0,0.10361228175797713
21205,460,Fowler,47.0,0.19861529199277544
21206,460,Fowler,27.0,0.15460565924142083
21207,460,Fowler,15.0,0.10361228175797713
21208,460,Fowler,45.0,0.1942203491872366
21209,460,Fowler,46.0,0.19686935580975315
21210,460,Fowler,23.0,0.14145093317278748
21211,460,Fowler,22.0,0.1382299819385912
21212,460,Fowler,17.0,0.11363636363636363
21213,460,Fowler,21.0,0.1343467790487658
21214,420,Fowler,420.0,0.400632149307646
21215,420,Fowler,712.0,0.4779650812763396
21216,420,Fowler,712.0,0.4779650812763396
21217,1810,Reedley,23.0,0.14145093317278748
21218,1810,Reedley,13.0,0.09331727874774233
21219,1810,Reedley,13.0,0.09331727874774233
21220,1810,Reedley,129.0,0.2860626128838049
21221,1810,Reedley,13.0,0.09331727874774233
21222,1810,Reedley,13.0,0.09331727874774233
21223,1810,Reedley,20.0,0.1290487658037327
21224,1810,Reedley,144.0,0.2942805538832029
21225,1810,Reedley,13.0,0.09331727874774233
21226,1810,Reedley,360.0,0.3800120409391933
21227,1810,Reedley,155.0,0.30237808549066825
21228,1810,Reedley,13.0,0.09331727874774233
21229,1810,Reedley,13.0,0.09331727874774233
21230,1810,Reedley,358.0,0.3793798916315473
21231,1811,Reedley,16.0,0.10885009030704396
21232,1811,Reedley,3.0,0.033564118001204096
21233,1811,Reedley,1069.0,0.5459361830222758
21234,1870,Sanger,5037.0,0.8861228175797712
21235,1870,Sanger,4616.0,0.8717037928958459
21236,1870,Sanger,2103.0,0.7064720048163757
21237,1870,Sanger,2100.0,0.7059602649006622
21238,1870,Sanger,4798.0,0.8779048765803733
21239,1902,Sanger,521.0,0.429319686935581
21240,1902,Sanger,209.0,0.3287778446718844
21241,1878,Sanger,3244.0,0.8084286574352799
21242,1878,Sanger,2530.0,0.7521372667068031
21243,1811,Reedley,1109.0,0.5531306441902468
21244,2558,Unincorporate,23.0,0.14145093317278748
21245,2558,Unincorporate,0.0,0.0
21246,1773,Parlier,1731.0,0.6557495484647803
21247,1792,Reedley,0.0,0.0
21248,1732,Unincorporate,0.0,0.0
21249,1732,Unincorporate,0.0,0.0
21250,1732,Unincorporate,13.0,0.09331727874774233
21251,1866,Sanger,1814.0,0.6671282360024082
21252,1898,Sanger,140.0,0.29193257074051776
21253,1898,Sanger,1163.0,0.5632149307645996
21254,1852,Sanger,119.0,0.27934978928356413
21255,1852,Sanger,117.0,0.2779349789283564
21256,1852,Sanger,124.0,0.28269114990969296
21257,1852,Sanger,128.0,0.2854605659241421
21258,1852,Sanger,128.0,0.2854605659241421
21259,1852,Sanger,130.0,0.2866044551475015
21260,1852,Sanger,118.0,0.27880794701986755
21261,1852,Sanger,130.0,0.2866044551475015
21262,1852,Sanger,118.0,0.27880794701986755
21263,1852,Sanger,118.0,0.27880794701986755
21264,1852,Sanger,145.0,0.2948223961468995
21265,1852,Sanger,117.0,0.2779349789283564
21266,1852,Sanger,137.0,0.28967489464178203
21267,1852,Sanger,124.0,0.28269114990969296
21268,1852,Sanger,128.0,0.2854605659241421
21269,1852,Sanger,128.0,0.2854605659241421
21270,1852,Sanger,117.0,0.2779349789283564
21271,1852,Sanger,145.0,0.2948223961468995
21272,1852,Sanger,184.0,0.31794099939795306
21273,1852,Sanger,1961.0,0.687959060806743
21274,1852,Sanger,893.0,0.5139975918121613
21275,1852,Sanger,125.0,0.28365442504515354
21276,1852,Sanger,145.0,0.2948223961468995
21277,1852,Sanger,127.0,0.2848284166164961
21278,1852,Sanger,147.0,0.29744130042143285
21279,1852,Sanger,117.0,0.2779349789283564
21280,1852,Sanger,118.0,0.27880794701986755
21281,1852,Sanger,128.0,0.2854605659241421
21282,1852,Sanger,117.0,0.2779349789283564
21283,1853,Sanger,1209.0,0.5718543046357616
21284,1853,Sanger,2735.0,0.7686935580975316
21285,1870,Sanger,4623.0,0.8720650210716436
21286,1870,Sanger,1925.0,0.6833232992173389
21287,1870,Sanger,4294.0,0.8592414208308248
21288,1878,Sanger,2151.0,0.7130644190246839
21289,1878,Sanger,2083.0,0.7037627934978928
21290,270,Clovis,213.0,0.3311860325105358
21291,266,Clovis,269.0,0.3526490066225166
21292,266,Clovis,142.0,0.29307645996387716
21293,266,Clovis,114.0,0.2753762793497893
21294,266,Clovis,174.0,0.31152919927754363
21295,266,Clovis,170.0,0.3089403973509934
21296,266,Clovis,164.0,0.30638169777242624
21297,1527,Fresno,699.0,0.4746237206502107
21298,1526,Fresno,1405.0,0.6077062010836846
21299,1316,Fresno,615.0,0.4554184226369657
21300,1314,Fresno,38.0,0.18133654425045154
21301,1741,Orange Cove,93.0,0.2581878386514148
21302,1741,Orange Cove,1015.0,0.5355809753160746
21303,2221,Unincorporate,0.0,0.0
21304,2221,Unincorporate,0.0,0.0
21305,2223,Unincorporate,0.0,0.0
21306,2224,Unincorporate,0.0,0.0
21307,2224,Unincorporate,201.0,0.3257074051776038
21308,2229,Unincorporate,0.0,0.0
21309,2201,Unincorporate,0.0,0.0
21310,2231,Unincorporate,15.0,0.10361228175797713
21311,2232,Unincorporate,19.0,0.12332931968693558
21312,2234,Unincorporate,328.0,0.37125225767609876
21313,2202,Unincorporate,3.0,0.033564118001204096
21314,2201,Unincorporate,0.0,0.0
21315,2202,Unincorporate,3.0,0.033564118001204096
21316,2202,Unincorporate,0.0,0.0
21317,2246,Unincorporate,14.0,0.098314268512944
21318,2261,Unincorporate,0.0,0.0
21319,2261,Unincorporate,0.0,0.0
21320,2261,Mendota,0.0,0.0
21321,2262,Unincorporate,0.0,0.0
21322,2262,Unincorporate,0.0,0.0
21323,2262,Unincorporate,0.0,0.0
21324,2203,Unincorporate,0.0,0.0
21325,2203,Unincorporate,0.0,0.0
21326,2203,Unincorporate,0.0,0.0
21327,2203,Unincorporate,0.0,0.0
21328,2203,Unincorporate,0.0,0.0
21329,2274,Unincorporate,0.0,0.0
21330,2263,Unincorporate,0.0,0.0
21331,2263,Unincorporate,0.0,0.0
21332,2264,Unincorporate,0.0,0.0
21333,2268,Unincorporate,0.0,0.0
21334,2271,Unincorporate,0.0,0.0
21335,2270,Unincorporate,2.0,0.021763997591812162
21336,2270,Unincorporate,0.0,0.0
21337,2288,Unincorporate,0.0,0.0
21338,2285,Unincorporate,0.0,0.0
21339,2285,Unincorporate,0.0,0.0
21340,2289,Unincorporate,0.0,0.0
21341,377,Firebaugh,1272.0,0.582480433473811
21342,1129,Fresno,0.0,0.0
21343,2204,Unincorporate,0.0,0.0
21344,2062,Unincorporate,0.0,0.0
21345,2287,Unincorporate,0.0,0.0
21346,2287,Unincorporate,0.0,0.0
21347,2287,Unincorporate,29.0,0.16047561709813365
21348,372,Firebaugh,110.0,0.2722757375075256
21349,374,Firebaugh,1038.0,0.5391330523780855
21350,377,Firebaugh,314.0,0.36745936183022276
21351,2204,Unincorporate,0.0,0.0
21352,2203,Unincorporate,0.0,0.0
21353,2204,Unincorporate,0.0,0.0
21354,2204,Unincorporate,0.0,0.0
21355,2204,Unincorporate,0.0,0.0
21356,2204,Unincorporate,0.0,0.0
21357,2303,Unincorporate,20.0,0.1290487658037327
21358,2303,Unincorporate,40.0,0.18552077062010836
21359,2205,Unincorporate,0.0,0.0
21360,2206,Unincorporate,0.0,0.0
21361,2206,Unincorporate,0.0,0.0
21362,2206,Unincorporate,0.0,0.0
21363,2304,Unincorporate,0.0,0.0
21364,2304,Unincorporate,0.0,0.0
21365,2305,Unincorporate,0.0,0.0
21366,2305,Unincorporate,0.0,0.0
21367,2305,Unincorporate,30.0,0.1627031908488862
21368,2315,Unincorporate,37.0,0.1790487658037327
21369,2315,Unincorporate,0.0,0.0
21370,2207,Unincorporate,0.0,0.0
21371,2207,Unincorporate,0.0,0.0
21372,2207,Unincorporate,2.0,0.021763997591812162
21373,2207,Unincorporate,0.0,0.0
21374,2207,Unincorporate,0.0,0.0
21375,2207,Unincorporate,0.0,0.0
21376,2468,Unincorporate,13.0,0.09331727874774233
21377,2131,Unincorporate,21.0,0.1343467790487658
21378,1589,Kerman,917.0,0.5182420228777844
21379,2154,Unincorporate,862.0,0.5096628537025888
21380,2154,Unincorporate,700.0,0.47495484647802527
21381,2153,Unincorporate,6.0,0.05770620108368453
21382,2153,Unincorporate,377.0,0.38515954244431067
21383,2272,Unincorporate,0.0,0.0
21384,2619,Unincorporate,2.0,0.021763997591812162
21385,419,Fowler,795.0,0.49635761589403976
21386,1956,Selma,704.0,0.47555689343768814
21387,1647,Kingsburg,2255.0,0.7253461770018061
21388,1647,Kingsburg,2432.0,0.7422937989163154
21389,2112,Unincorporate,14.0,0.098314268512944
21390,2112,Unincorporate,0.0,0.0
21391,2112,Unincorporate,57.0,0.2181216134858519
21392,2807,Unincorporate,0.0,0.0
21393,2807,Unincorporate,8.0,0.06815171583383504
21394,2807,Unincorporate,20.0,0.1290487658037327
21395,2802,Unincorporate,0.0,0.0
21396,2806,Unincorporate,20.0,0.1290487658037327
21397,2771,Clovis,35.0,0.17357013847080072
21398,2711,Unincorporate,12.0,0.08880192655027092
21399,2711,Unincorporate,25.0,0.14864539434075857
21400,2709,Unincorporate,4.0,0.04298615291992775
21401,2709,Unincorporate,146.0,0.29614689945815775
21402,2709,Unincorporate,195.0,0.32438290186634555
21403,2710,Unincorporate,10.0,0.07874774232390126
21404,2687,Unincorporate,11.0,0.08383503913305237
21405,1895,Sanger,356.0,0.378898254063817
21406,2684,Unincorporate,0.0,0.0
21407,2683,Unincorporate,6.0,0.05770620108368453
21408,2683,Unincorporate,1.0,0.007465382299819386
21409,2682,Unincorporate,0.0,0.0
21410,1818,Unincorporate,0.0,0.0
21411,2588,Reedley,0.0,0.0
21412,2559,Unincorporate,0.0,0.0
21413,2804,Unincorporate,0.0,0.0
21414,2804,Unincorporate,37.0,0.1790487658037327
21415,1855,Sanger,19.0,0.12332931968693558
21416,1876,Sanger,2422.0,0.7412101143889224
21417,2774,Unincorporate,17.0,0.11363636363636363
21418,2773,Unincorporate,0.0,0.0
21419,2853,Unincorporate,0.0,0.0
21420,1798,Reedley,71.0,0.23696568332329923
21421,1804,Reedley,2167.0,0.715412402167369
21422,1463,Fresno,1393.0,0.605478627332932
21423,1467,Fresno,792.0,0.4957254665863937
21424,2853,Unincorporate,0.0,0.0
21425,2853,Unincorporate,0.0,0.0
21426,2853,Unincorporate,12.0,0.08880192655027092
21427,2853,Unincorporate,28.0,0.15755568934376882
21428,2853,Unincorporate,0.0,0.0
21429,2853,Unincorporate,0.0,0.0
21430,2853,Unincorporate,0.0,0.0
21431,2853,Unincorporate,1.0,0.007465382299819386
21432,2853,Unincorporate,0.0,0.0
21433,2853,Unincorporate,0.0,0.0
21434,2853,Unincorporate,0.0,0.0
21435,2853,Unincorporate,0.0,0.0
21436,2853,Unincorporate,0.0,0.0
21437,2853,Unincorporate,0.0,0.0
21438,2853,Unincorporate,0.0,0.0
21439,2853,Unincorporate,0.0,0.0
21440,2853,Unincorporate,0.0,0.0
21441,2827,Unincorporate,0.0,0.0
21442,2853,Unincorporate,0.0,0.0
21443,2853,Unincorporate,0.0,0.0
21444,2853,Unincorporate,0.0,0.0
21445,2853,Unincorporate,0.0,0.0
21446,2852,Unincorporate,4.0,0.04298615291992775
21447,2852,Unincorporate,0.0,0.0
21448,2852,Unincorporate,5.0,0.050752558699578565
21449,2852,Unincorporate,14.0,0.098314268512944
21450,2852,Unincorporate,0.0,0.0
21451,2852,Unincorporate,0.0,0.0
21452,2852,Unincorporate,0.0,0.0
21453,2852,Unincorporate,78.0,0.24370860927152319
21454,2852,Unincorporate,0.0,0.0
21455,2852,Unincorporate,0.0,0.0
21456,2852,Unincorporate,0.0,0.0
21457,2852,Unincorporate,0.0,0.0
21458,2020,Unincorporate,0.0,0.0
21459,2020,Unincorporate,0.0,0.0
21460,2020,Unincorporate,66.0,0.2300421432871764
21461,2020,Unincorporate,36.0,0.17606863335340156
21462,2851,Unincorporate,6.0,0.05770620108368453
21463,2851,Unincorporate,2.0,0.021763997591812162
21464,2851,Unincorporate,151.0,0.2995183624322697
21465,2838,Unincorporate,0.0,0.0
21466,2851,Unincorporate,27.0,0.15460565924142083
21467,2851,Unincorporate,0.0,0.0
21468,2851,Unincorporate,8.0,0.06815171583383504
21469,2161,Unincorporate,2.0,0.021763997591812162
21470,2161,Unincorporate,0.0,0.0
21471,2161,Unincorporate,0.0,0.0
21472,2161,Unincorporate,45.0,0.1942203491872366
21473,2162,Unincorporate,0.0,0.0
21474,2162,Unincorporate,90.0,0.2554184226369657
21475,2162,Unincorporate,0.0,0.0
21476,2162,Unincorporate,10.0,0.07874774232390126
21477,2162,Unincorporate,18.0,0.11815171583383503
21478,2164,Unincorporate,0.0,0.0
21479,2164,Unincorporate,0.0,0.0
21480,2164,Unincorporate,9.0,0.07393136664659844
21481,2021,Unincorporate,0.0,0.0
21482,2021,Unincorporate,1.0,0.007465382299819386
21483,2021,Unincorporate,1.0,0.007465382299819386
21484,2021,Unincorporate,282.0,0.3568031306441902
21485,2021,Unincorporate,1086.0,0.5492474413004215
21486,2020,Unincorporate,23.0,0.14145093317278748
21487,2021,Unincorporate,1.0,0.007465382299819386
21488,2827,Unincorporate,0.0,0.0
21489,2827,Unincorporate,0.0,0.0
21490,2823,Unincorporate,0.0,0.0
21491,2823,Unincorporate,1.0,0.007465382299819386
21492,2823,Unincorporate,14.0,0.098314268512944
21493,2823,Unincorporate,0.0,0.0
21494,2825,Unincorporate,2.0,0.021763997591812162
21495,2825,Unincorporate,230.0,0.33783865141481034
21496,2825,Unincorporate,5.0,0.050752558699578565
21497,2825,Unincorporate,0.0,0.0
21498,2825,Unincorporate,0.0,0.0
21499,2825,Unincorporate,20.0,0.1290487658037327
21500,2825,Unincorporate,0.0,0.0
21501,2826,Unincorporate,0.0,0.0
21502,2826,Unincorporate,0.0,0.0
21503,2826,Unincorporate,0.0,0.0
21504,2826,Unincorporate,0.0,0.0
21505,2826,Unincorporate,5.0,0.050752558699578565
21506,2824,Unincorporate,0.0,0.0
21507,2824,Unincorporate,0.0,0.0
21508,2824,Unincorporate,0.0,0.0
21509,2828,Unincorporate,0.0,0.0
21510,2828,Unincorporate,0.0,0.0
21511,2828,Unincorporate,0.0,0.0
21512,2831,Unincorporate,28.0,0.15755568934376882
21513,2831,Unincorporate,10.0,0.07874774232390126
21514,2831,Unincorporate,0.0,0.0
21515,2831,Unincorporate,0.0,0.0
21516,2830,Unincorporate,0.0,0.0
21517,2831,Unincorporate,0.0,0.0
21518,2832,Unincorporate,0.0,0.0
21519,2832,Unincorporate,0.0,0.0
21520,2832,Unincorporate,0.0,0.0
21521,2832,Unincorporate,0.0,0.0
21522,2832,Unincorporate,0.0,0.0
21523,2832,Unincorporate,0.0,0.0
21524,2832,Unincorporate,466.0,0.41351595424443105
21525,2832,Unincorporate,0.0,0.0
21526,2832,Unincorporate,0.0,0.0
21527,2832,Unincorporate,0.0,0.0
21528,2832,Unincorporate,18.0,0.11815171583383503
21529,2833,Unincorporate,25.0,0.14864539434075857
21530,2833,Unincorporate,12.0,0.08880192655027092
21531,2834,Unincorporate,5.0,0.050752558699578565
21532,2834,Unincorporate,2.0,0.021763997591812162
21533,2834,Unincorporate,0.0,0.0
21534,2837,Unincorporate,0.0,0.0
21535,2171,Unincorporate,0.0,0.0
21536,2171,Unincorporate,6.0,0.05770620108368453
21537,2832,Unincorporate,0.0,0.0
21538,2835,Unincorporate,0.0,0.0
21539,2835,Unincorporate,41.0,0.18741721854304635
21540,2835,Unincorporate,0.0,0.0
21541,2834,Unincorporate,49.0,0.20270921131848285
21542,2835,Unincorporate,0.0,0.0
21543,2835,Unincorporate,0.0,0.0
21544,2838,Unincorporate,1.0,0.007465382299819386
21545,2838,Unincorporate,1.0,0.007465382299819386
21546,2838,Unincorporate,3.0,0.033564118001204096
21547,2838,Unincorporate,5.0,0.050752558699578565
21548,2838,Unincorporate,0.0,0.0
21549,2172,Unincorporate,2.0,0.021763997591812162
21550,2172,Unincorporate,0.0,0.0
21551,2172,Unincorporate,0.0,0.0
21552,2172,Unincorporate,0.0,0.0
21553,2172,Unincorporate,0.0,0.0
21554,2172,Unincorporate,0.0,0.0
21555,2854,Unincorporate,18.0,0.11815171583383503
21556,2854,Unincorporate,0.0,0.0
21557,2854,Unincorporate,0.0,0.0
21558,2854,Unincorporate,0.0,0.0
21559,2854,Unincorporate,0.0,0.0
21560,2854,Unincorporate,0.0,0.0
21561,2854,Unincorporate,47.0,0.19861529199277544
21562,2855,Unincorporate,0.0,0.0
21563,2855,Unincorporate,0.0,0.0
21564,2855,Unincorporate,0.0,0.0
21565,2855,Unincorporate,0.0,0.0
21566,2163,Unincorporate,0.0,0.0
21567,2162,Unincorporate,8.0,0.06815171583383504
21568,2163,Unincorporate,10.0,0.07874774232390126
21569,2822,Unincorporate,1.0,0.007465382299819386
21570,2822,Unincorporate,141.0,0.2925948223961469
21571,170,Clovis,1880.0,0.6772727272727272
21572,170,Clovis,1912.0,0.6813365442504515
21573,156,Clovis,115.0,0.2762492474413004
21574,116,Clovis,9900.0,0.9585791691751957
21575,253,Clovis,999.0,0.5331125827814569
21576,258,Clovis,137.0,0.28967489464178203
21577,264,Clovis,137.0,0.28967489464178203
21578,108,Clovis,3788.0,0.8368753762793498
21579,145,Clovis,4384.0,0.8630945213726671
21580,134,Clovis,8114.0,0.9441902468392535
21581,150,Clovis,3489.0,0.8232992173389524
21582,135,Clovis,13574.0,0.9681517158338351
21583,151,Clovis,1948.0,0.6859723058398555
21584,136,Clovis,1930.0,0.6839554485249849
21585,138,Clovis,4308.0,0.8596628537025888
21586,2723,Unincorporate,404.0,0.3935279951836243
21587,173,Clovis,3897.0,0.8412703190848886
21588,166,Clovis,1147.0,0.5594521372667068
21589,182,Clovis,945.0,0.5232390126429861
21590,182,Clovis,1148.0,0.5598735701384708
21591,190,Clovis,2716.0,0.7672185430463576
21592,197,Clovis,484.0,0.41866345574954844
21593,139,Clovis,3255.0,0.8094220349187237
21594,155,Clovis,585.0,0.44765201685731487
21595,167,Clovis,451.0,0.40984346779048764
21596,198,Clovis,576.0,0.4457555689343769
21597,207,Clovis,672.0,0.46956652618904277
21598,284,Clovis,69.0,0.2342865743527995
21599,290,Clovis,36.0,0.17606863335340156
21600,503,Fresno,203.0,0.3267308850090307
21601,503,Fresno,86.0,0.251475015051174
21602,502,Fresno,1502.0,0.6243527995183624
21603,511,Fresno,4087.0,0.8500301023479832
21604,510,Fresno,10973.0,0.9620710415412402
21605,1441,Fresno,40.0,0.18552077062010836
21606,1470,Fresno,9554.0,0.9566526189042746
21607,1489,Fresno,11762.0,0.9639975918121614
21608,1315,Fresno,582.0,0.4469897652016857
21609,541,Fresno,1367.0,0.6013546056592414
21610,531,Fresno,1993.0,0.6914509331727875
21611,531,Fresno,3047.0,0.7944611679711018
21612,532,Fresno,3037.0,0.7931667670078266
21613,532,Fresno,604.0,0.4524683925346177
21614,535,Fresno,4162.0,0.8537025888019265
21615,901,Fresno,4768.0,0.8768813967489464
21616,902,Fresno,7676.0,0.938832028898254
21617,903,Fresno,7520.0,0.9361830222757375
21618,575,Fresno,1949.0,0.6861830222757375
21619,578,Fresno,1492.0,0.622366044551475
21620,580,Fresno,15.0,0.10361228175797713
21621,584,Fresno,6276.0,0.9167369054786273
21622,585,Fresno,2226.0,0.7221854304635762
21623,585,Fresno,4737.0,0.8758579169175196
21624,1327,Fresno,1030.0,0.5381697772426249
21625,597,Fresno,3875.0,0.8400361228175798
21626,598,Fresno,5075.0,0.8872366044551475
21627,1345,Fresno,99.0,0.26462974111980736
21628,602,Fresno,3208.0,0.8060204695966285
21629,603,Fresno,1501.0,0.6240216736905478
21630,1476,Fresno,2564.0,0.7546357615894039
21631,835,Fresno,1305.0,0.5885310054184226
21632,847,Fresno,416.0,0.39948826008428656
21633,612,Fresno,8311.0,0.9465984346779048
21634,950,Fresno,12237.0,0.9654425045153522
21635,1410,Fresno,42.0,0.18895243829018663
21636,1411,Fresno,17.0,0.11363636363636363
21637,1354,Fresno,234.0,0.3403973509933775
21638,1349,Fresno,961.0,0.5270921131848284
21639,862,Fresno,6644.0,0.9224563515954245
21640,507,Fresno,2420.0,0.7409993979530404
21641,507,Fresno,5347.0,0.8959060806742926
21642,509,Fresno,13025.0,0.9673088500903071
21643,1446,Fresno,205.0,0.32769416014449126
21644,1102,Fresno,1371.0,0.6018362432269717
21645,1123,Fresno,1685.0,0.6503311258278146
21646,1442,Fresno,271.0,0.3536122817579771
21647,1442,Fresno,448.0,0.4090307043949428
21648,1442,Fresno,344.0,0.3762191450933173
21649,1452,Fresno,233.0,0.3395845875978326
21650,1457,Fresno,1681.0,0.6498494882600843
21651,1462,Fresno,2701.0,0.7663455749548465
21652,1462,Fresno,1150.0,0.5606562311860325
21653,1473,Fresno,8401.0,0.9478627332931969
21654,1483,Fresno,2152.0,0.7133654425045154
21655,1483,Fresno,4537.0,0.8686333534015653
21656,1484,Fresno,1176.0,0.5658940397350993
21657,1478,Fresno,847.0,0.5068332329921734
21658,1485,Fresno,2518.0,0.7512040939193257
21659,1491,Fresno,6829.0,0.9258880192655027
21660,1493,Fresno,6258.0,0.9160746538229982
21661,1493,Fresno,5037.0,0.8861228175797712
21662,1500,Fresno,9892.0,0.9585189644792294
21663,1504,Fresno,4775.0,0.8771222155328116
21664,926,Fresno,5356.0,0.8960866947621915
21665,947,Clovis,7172.0,0.9309452137266707
21666,954,Fresno,6603.0,0.922155328115593
21667,956,Fresno,537.0,0.43467790487658037
21668,214,Clovis,1902.0,0.6801926550270921
21669,214,Clovis,2648.0,0.7616195063214931
21670,1016,Fresno,767.0,0.49015653220951233
21671,984,Fresno,2479.0,0.7469596628537026
21672,1447,Fresno,604.0,0.4524683925346177
21673,1453,Fresno,780.0,0.49346779048765804
21674,1451,Fresno,367.0,0.3823600240818784
21675,1453,Fresno,932.0,0.5202287778446719
21676,1461,Fresno,2234.0,0.7232390126429862
21677,1461,Fresno,1778.0,0.6616496086694762
21678,1363,Fresno,171.0,0.30942203491872367
21679,1367,Fresno,858.0,0.5089704996989766
21680,1071,Fresno,3543.0,0.8262492474413005
21681,700,Fresno,6349.0,0.9185129440096328
21682,775,Fresno,1491.0,0.6221252257676099
21683,783,Fresno,598.0,0.45105358217941
21684,631,Fresno,0.0,0.0
21685,681,Fresno,50133.0,0.9998795906080674
21686,705,Fresno,37180.0,0.9909692956050572
21687,1080,Fresno,1210.0,0.5722155328115593
21688,1098,Fresno,3182.0,0.8043046357615894
21689,1099,Fresno,1502.0,0.6243527995183624
21690,1101,Fresno,247.0,0.34629741119807345
21691,1256,Fresno,184.0,0.31794099939795306
21692,1153,Fresno,2023.0,0.6946116797110174
21693,1134,Fresno,2901.0,0.7830222757375075
21694,1157,Fresno,3753.0,0.8351294400963275
21695,1142,Fresno,1616.0,0.6406682721252258
21696,1160,Fresno,114.0,0.2753762793497893
21697,1147,Fresno,585.0,0.44765201685731487
21698,1170,Fresno,201.0,0.3257074051776038
21699,1182,Fresno,91.0,0.25626128838049367
21700,1185,Fresno,238.0,0.34187236604455146
21701,1187,Fresno,295.0,0.3612281757977122
21702,1187,Fresno,507.0,0.4253762793497893
21703,1191,Fresno,898.0,0.5149608669476219
21704,2659,Unincorporate,12.0,0.08880192655027092
21705,2635,Unincorporate,222.0,0.3344671884406984
21706,2638,Unincorporate,0.0,0.0
21707,481,Fresno,128.0,0.2854605659241421
21708,481,Fresno,1528.0,0.627633955448525
21709,495,Fresno,1047.0,0.5412703190848887
21710,496,Fresno,2282.0,0.7278145695364239
21711,496,Fresno,2308.0,0.7302227573750752
21712,1362,Fresno,26.0,0.1517760385310054
21713,1443,Fresno,754.0,0.4873570138470801
21714,1450,Fresno,1519.0,0.6264599638771824
21715,2627,Unincorporate,940.0,0.5221252257676099
21716,1012,Fresno,6267.0,0.9163154726068633
21717,1026,Fresno,371.0,0.3833835039133052
21718,1172,Fresno,715.0,0.478476821192053
21719,1029,Fresno,256.0,0.34924744130042146
21720,1019,Fresno,263.0,0.35102347983142684
21721,1237,Fresno,20.0,0.1290487658037327
21722,215,Clovis,1155.0,0.5615593016255268
21723,489,Fresno,310.0,0.3659241420830825
21724,254,Clovis,739.0,0.4849789283564118
21725,256,Clovis,128.0,0.2854605659241421
21726,256,Clovis,124.0,0.28269114990969296
21727,257,Clovis,196.0,0.32465382299819384
21728,259,Clovis,482.0,0.41821192052980133
21729,260,Clovis,54.0,0.21351595424443107
21730,117,Clovis,179.0,0.3154425045153522
21731,117,Clovis,177.0,0.31393738711619507
21732,117,Clovis,266.0,0.35186634557495483
21733,265,Clovis,166.0,0.3072546658639374
21734,272,Clovis,2856.0,0.779741119807345
21735,273,Clovis,100.0,0.26535219747140276
21736,273,Clovis,219.0,0.33368452739313664
21737,273,Clovis,3192.0,0.8051173991571342
21738,1116,Fresno,6257.0,0.9159542444310657
21739,1324,Fresno,709.0,0.4769416014449127
21740,601,Fresno,3051.0,0.7947621914509332
21741,601,Fresno,3924.0,0.8424142083082481
21742,933,Fresno,7828.0,0.9408789885611077
21743,171,Clovis,3622.0,0.8303130644190246
21744,2302,Unincorporate,0.0,0.0
21745,2301,Unincorporate,162.0,0.3052077062010837
21746,2301,Unincorporate,0.0,0.0
21747,2237,Unincorporate,0.0,0.0
21748,393,Firebaugh,29.0,0.16047561709813365
21749,1702,Mendota,0.0,0.0
21750,1701,Mendota,234.0,0.3403973509933775
21751,1586,Kerman,1419.0,0.6103552077062011
21752,1583,Kerman,889.0,0.5133353401565323
21753,327,Coalinga,293.0,0.36062612883804934
21754,327,Coalinga,228.0,0.3358819987959061
21755,2312,Unincorporate,239.0,0.34229379891631545
21756,2312,Unincorporate,68.0,0.23305237808549067
21757,2312,Unincorporate,0.0,0.0
21758,1541,Huron,8.0,0.06815171583383504
21759,1544,Huron,2.0,0.021763997591812162
21760,1548,Huron,51.0,0.20695364238410596
21761,2539,Selma,0.0,0.0
21762,1963,Selma,1846.0,0.6716134858518964
21763,461,Fowler,173.0,0.3106562311860325
21764,1995,Selma,8.0,0.06815171583383504
21765,459,Fowler,4.0,0.04298615291992775
21766,1908,Sanger,446.0,0.40851896447922936
21767,1856,Sanger,120.0,0.2797712221553281
21768,1861,Sanger,1203.0,0.5709512341962673
21769,1952,Selma,26.0,0.1517760385310054
21770,456,Fowler,129.0,0.2860626128838049
21771,2681,Unincorporate,0.0,0.0
21772,1901,Sanger,0.0,0.0
21773,2679,Sanger,2.0,0.021763997591812162
21774,1771,Parlier,139.0,0.2910897049969898
21775,2589,Unincorporate,11.0,0.08383503913305237
21776,2589,Unincorporate,11.0,0.08383503913305237
21777,2803,Unincorporate,19.0,0.12332931968693558
21778,271,Clovis,45.0,0.1942203491872366
21779,268,Clovis,190.0,0.3211920529801324
21780,1015,Fresno,3300.0,0.812462372065021
21781,2000,Selma,490.0,0.42055990367248647
21782,2558,Unincorporate,951.0,0.5251354605659242
21783,2560,Unincorporate,2031.0,0.6959060806742926
21784,1852,Sanger,120.0,0.2797712221553281
21785,266,Clovis,219.0,0.33368452739313664
21786,1075,Fresno,1593.0,0.6370559903672487
21787,1075,Fresno,1061.0,0.5442203491872366
21788,1076,Fresno,2216.0,0.7207706201083685
21789,1077,Fresno,3060.0,0.7955448524984949
21790,1077,Fresno,2609.0,0.7582781456953642
21791,1086,Fresno,2400.0,0.7390728476821192
21792,699,Fresno,1260.0,0.5803130644190246
21793,816,Fresno,1313.0,0.5902167369054786
21794,1106,Fresno,76.0,0.24211318482841662
21795,278,Clovis,659.0,0.46664659843467793
21796,288,Clovis,789.0,0.4953040337146297
21797,296,Clovis,67.0,0.23169777242624925
21798,243,Clovis,425.0,0.4019566526189043
21799,243,Clovis,12.0,0.08880192655027092
21800,291,Clovis,59.0,0.2213726670680313
21801,1524,Fresno,646.0,0.4642083082480433
21802,1448,Fresno,765.0,0.4895544852498495
21803,241,Clovis,806.0,0.49765201685731486
21804,2771,Clovis,18.0,0.11815171583383503
21805,277,Clovis,69.0,0.2342865743527995
21806,277,Clovis,66.0,0.2300421432871764
21807,275,Clovis,259.0,0.35
21808,279,Clovis,125.0,0.28365442504515354
21809,283,Clovis,285.0,0.3580975316074654
21810,284,Clovis,98.0,0.2637266706803131
21811,290,Clovis,53.0,0.21080674292594823
21812,764,Fresno,703.0,0.47537627934978927
21813,276,Clovis,100.0,0.26535219747140276
21814,1398,Fresno,1063.0,0.544521372667068
21815,1340,Fresno,0.0,0.0
21816,1341,Fresno,91.0,0.25626128838049367
21817,593,Fresno,4819.0,0.8788380493678507
21818,1216,Fresno,241.0,0.3434978928356412
21819,1408,Fresno,2.0,0.021763997591812162
21820,1409,Fresno,21.0,0.1343467790487658
21821,1346,Fresno,69.0,0.2342865743527995
21822,1353,Fresno,101.0,0.26619506321493075
21823,1347,Fresno,4.0,0.04298615291992775
21824,1356,Fresno,386.0,0.3882600842865743
21825,1350,Fresno,685.0,0.4722155328115593
21826,1357,Fresno,25.0,0.14864539434075857
21827,1357,Fresno,474.0,0.41583383503913307
21828,1351,Fresno,333.0,0.3730583985550873
21829,1358,Fresno,184.0,0.31794099939795306
21830,1358,Fresno,32.0,0.1669175195665262
21831,1394,Fresno,16.0,0.10885009030704396
21832,1370,Fresno,567.0,0.4414509331727875
21833,208,Clovis,45.0,0.1942203491872366
21834,1232,Fresno,22.0,0.1382299819385912
21835,298,Clovis,37.0,0.1790487658037327
21836,1023,Fresno,2057.0,0.6994280553883203
21837,1025,Fresno,131.0,0.28705599036724866
21838,1235,Fresno,6.0,0.05770620108368453
21839,294,Clovis,819.0,0.4999698976520169
21840,1231,Fresno,146.0,0.29614689945815775
21841,1240,Fresno,19.0,0.12332931968693558
21842,1414,Fresno,26.0,0.1517760385310054
21843,1361,Fresno,93.0,0.2581878386514148
21844,1361,Fresno,88.0,0.25343166767007824
21845,1416,Fresno,43.0,0.19039735099337748
21846,1418,Fresno,17.0,0.11363636363636363
21847,1364,Fresno,89.0,0.2546658639373871
21848,1364,Fresno,51.0,0.20695364238410596
21849,1419,Fresno,50.0,0.20463576158940397
21850,1419,Fresno,19.0,0.12332931968693558
21851,1365,Fresno,34.0,0.17146297411198075
21852,1366,Fresno,19.0,0.12332931968693558
21853,1366,Fresno,16.0,0.10885009030704396
21854,1366,Fresno,34.0,0.17146297411198075
21855,1370,Fresno,312.0,0.3665863937387116
21856,1370,Fresno,607.0,0.45382299819385913
21857,1370,Fresno,412.0,0.3973810957254666
21858,721,Fresno,419.0,0.40033112582781455
21859,721,Fresno,425.0,0.4019566526189043
21860,725,Fresno,64.0,0.227423239012643
21861,727,Fresno,91.0,0.25626128838049367
21862,727,Fresno,82.0,0.2473208910295003
21863,1375,Fresno,36.0,0.17606863335340156
21864,803,Fresno,53.0,0.21080674292594823
21865,805,Fresno,1.0,0.007465382299819386
21866,805,Fresno,58.0,0.2197471402769416
21867,806,Fresno,21.0,0.1343467790487658
21868,726,Fresno,55.0,0.21559301625526792
21869,809,Fresno,1998.0,0.6920830824804335
21870,810,Fresno,46.0,0.19686935580975315
21871,812,Fresno,1.0,0.007465382299819386
21872,772,Fresno,19.0,0.12332931968693558
21873,773,Fresno,47.0,0.19861529199277544
21874,781,Fresno,10.0,0.07874774232390126
21875,781,Fresno,9.0,0.07393136664659844
21876,774,Fresno,23.0,0.14145093317278748
21877,814,Fresno,9.0,0.07393136664659844
21878,815,Fresno,16.0,0.10885009030704396
21879,817,Fresno,2103.0,0.7064720048163757
21880,728,Fresno,0.0,0.0
21881,1246,Fresno,25.0,0.14864539434075857
21882,1248,Fresno,68.0,0.23305237808549067
21883,1255,Fresno,122.0,0.2809753160746538
21884,1264,Fresno,8.0,0.06815171583383504
21885,1176,Fresno,166.0,0.3072546658639374
21886,1189,Fresno,4.0,0.04298615291992775
21887,1200,Fresno,984.0,0.5302829620710415
21888,1203,Fresno,212.0,0.3303431667670078
21889,1203,Fresno,216.0,0.33245033112582784
21890,1204,Fresno,84.0,0.24909692956050572
21891,1204,Fresno,146.0,0.29614689945815775
21892,1289,Fresno,10.0,0.07874774232390126
21893,1269,Fresno,174.0,0.31152919927754363
21894,1259,Fresno,51.0,0.20695364238410596
21895,1258,Fresno,52.0,0.20875978326309452
21896,1286,Fresno,1.0,0.007465382299819386
21897,1293,Fresno,84.0,0.24909692956050572
21898,1198,Fresno,1428.0,0.6119807344972907
21899,486,Fresno,411.0,0.3969897652016857
21900,484,Fresno,1492.0,0.622366044551475
21901,1391,Fresno,29.0,0.16047561709813365
21902,1393,Fresno,138.0,0.2904274533413606
21903,1406,Fresno,48.0,0.200632149307646
21904,1407,Fresno,5.0,0.050752558699578565
21905,1413,Fresno,19.0,0.12332931968693558
21906,1417,Fresno,23.0,0.14145093317278748
21907,722,Fresno,574.0,0.44470198675496686
21908,722,Fresno,775.0,0.49214328717639977
21909,722,Fresno,724.0,0.4819385912101144
21910,771,Fresno,1.0,0.007465382299819386
21911,813,Fresno,0.0,0.0
21912,780,Fresno,23.0,0.14145093317278748
21913,780,Fresno,19.0,0.12332931968693558
21914,1201,Fresno,852.0,0.5076459963877182
21915,1212,Fresno,117.0,0.2779349789283564
21916,1212,Fresno,146.0,0.29614689945815775
21917,790,Fresno,2147.0,0.7120409391932571
21918,789,Fresno,2038.0,0.6968091511137868
21919,789,Fresno,4544.0,0.868994581577363
21920,788,Fresno,85.0,0.2503010234798314
21921,788,Fresno,53.0,0.21080674292594823
21922,787,Fresno,51.0,0.20695364238410596
21923,1035,Fresno,527.0,0.4318181818181818
21924,1036,Fresno,1234.0,0.5764900662251655
21925,1288,Fresno,36.0,0.17606863335340156
21926,1290,Fresno,66.0,0.2300421432871764
21927,1188,Fresno,0.0,0.0
21928,1177,Fresno,37.0,0.1790487658037327
21929,1275,Fresno,0.0,0.0
21930,1258,Fresno,52.0,0.20875978326309452
21931,1254,Fresno,62.0,0.22441300421432872
21932,1250,Fresno,177.0,0.31393738711619507
21933,1030,Fresno,108.0,0.2714629741119807
21934,1034,Fresno,249.0,0.347471402769416
21935,1042,Fresno,98.0,0.2637266706803131
21936,1042,Fresno,637.0,0.46158940397350995
21937,1039,Fresno,506.0,0.42507525586995787
21938,1029,Fresno,224.0,0.3349187236604455
21939,1028,Fresno,11.0,0.08383503913305237
21940,1233,Fresno,40.0,0.18552077062010836
21941,1236,Fresno,6.0,0.05770620108368453
21942,1236,Fresno,24.0,0.1451234196267309
21943,1243,Fresno,73.0,0.23883202889825406
21944,1242,Fresno,73.0,0.23883202889825406
21945,1237,Fresno,20.0,0.1290487658037327
21946,247,Clovis,9.0,0.07393136664659844
21947,248,Clovis,0.0,0.0
21948,250,Clovis,59.0,0.2213726670680313
21949,251,Clovis,0.0,0.0
21950,802,Fresno,270.0,0.35316074653823
21951,811,Fresno,50.0,0.20463576158940397
21952,299,Clovis,11.0,0.08383503913305237
21953,299,Clovis,11.0,0.08383503913305237
21954,242,Clovis,413.0,0.39789283564118
21955,244,Clovis,967.0,0.5282962071041541
21956,245,Clovis,441.0,0.4070439494280554
21957,245,Clovis,416.0,0.39948826008428656
21958,246,Clovis,2.0,0.021763997591812162
21959,246,Clovis,413.0,0.39789283564118
21960,249,Clovis,3.0,0.033564118001204096
21961,252,Clovis,6.0,0.05770620108368453
21962,260,Clovis,42.0,0.18895243829018663
21963,261,Clovis,33.0,0.16887417218543047
21964,293,Clovis,11.0,0.08383503913305237
21965,1265,Fresno,9.0,0.07393136664659844
21966,1285,Fresno,64.0,0.227423239012643
21967,1287,Fresno,39.0,0.18323299217338954
21968,300,Unincorporate,11.0,0.08383503913305237
21969,1238,Fresno,19.0,0.12332931968693558
21970,1523,Fresno,765.0,0.4895544852498495
21971,1521,Fresno,37.0,0.1790487658037327
21972,270,Clovis,172.0,0.31005418422636966
21973,2771,Clovis,2.0,0.021763997591812162
21974,264,Clovis,137.0,0.28967489464178203
21975,155,Clovis,602.0,0.451896447922938
21976,1410,Fresno,49.0,0.20270921131848285
21977,1411,Fresno,19.0,0.12332931968693558
21978,1478,Fresno,934.0,0.520891029500301
21979,1019,Fresno,225.0,0.3351896447922938
21980,260,Clovis,192.0,0.322576760987357
21981,271,Clovis,45.0,0.1942203491872366
21982,816,Fresno,2104.0,0.706742925948224
21983,1106,Fresno,76.0,0.24211318482841662
21984,1129,Fresno,0.0,0.0
21985,1106,Fresno,76.0,0.24211318482841662
21986,1106,Fresno,76.0,0.24211318482841662
21987,1106,Fresno,75.0,0.2407585791691752
21988,288,Clovis,470.0,0.4147501505117399
21989,296,Clovis,40.0,0.18552077062010836
21990,296,Clovis,77.0,0.2431667670078266
21991,296,Clovis,76.0,0.24211318482841662
21992,296,Clovis,72.0,0.23783865141481036
21993,296,Clovis,59.0,0.2213726670680313
21994,296,Clovis,50.0,0.20463576158940397
21995,296,Clovis,76.0,0.24211318482841662
21996,296,Clovis,79.0,0.24434075857916918
21997,296,Clovis,85.0,0.2503010234798314
21998,296,Clovis,86.0,0.251475015051174
21999,296,Clovis,40.0,0.18552077062010836
22000,296,Clovis,81.0,0.24641782059000603
22001,296,Clovis,92.0,0.25716435881998795
22002,296,Clovis,62.0,0.22441300421432872
22003,296,Clovis,369.0,0.3828717639975918
22004,296,Clovis,86.0,0.251475015051174
22005,296,Clovis,83.0,0.248103552077062
22006,296,Clovis,76.0,0.24211318482841662
22007,296,Clovis,62.0,0.22441300421432872
22008,296,Clovis,46.0,0.19686935580975315
22009,296,Clovis,40.0,0.18552077062010836
22010,296,Clovis,83.0,0.248103552077062
22011,296,Clovis,58.0,0.2197471402769416
22012,296,Clovis,46.0,0.19686935580975315
22013,296,Clovis,37.0,0.1790487658037327
22014,296,Clovis,85.0,0.2503010234798314
22015,296,Clovis,85.0,0.2503010234798314
22016,296,Clovis,53.0,0.21080674292594823
22017,296,Clovis,86.0,0.251475015051174
22018,297,Clovis,70.0,0.23573148705599037
22019,297,Clovis,81.0,0.24641782059000603
22020,297,Clovis,85.0,0.2503010234798314
22021,243,Clovis,415.0,0.39888621312462375
22022,243,Clovis,415.0,0.39888621312462375
22023,243,Clovis,14.0,0.098314268512944
22024,243,Clovis,14.0,0.098314268512944
22025,243,Clovis,14.0,0.098314268512944
22026,243,Clovis,14.0,0.098314268512944
22027,243,Clovis,14.0,0.098314268512944
22028,243,Clovis,16.0,0.10885009030704396
22029,280,Clovis,79.0,0.24434075857916918
22030,280,Clovis,66.0,0.2300421432871764
22031,281,Clovis,113.0,0.27474413004214326
22032,280,Clovis,76.0,0.24211318482841662
22033,285,Clovis,42.0,0.18895243829018663
22034,285,Clovis,42.0,0.18895243829018663
22035,284,Clovis,96.0,0.26056592414208307
22036,284,Clovis,87.0,0.25234798314268514
22037,285,Clovis,69.0,0.2342865743527995
22038,285,Clovis,89.0,0.2546658639373871
22039,285,Clovis,88.0,0.25343166767007824
22040,285,Clovis,55.0,0.21559301625526792
22041,285,Clovis,71.0,0.23696568332329923
22042,285,Clovis,66.0,0.2300421432871764
22043,285,Clovis,66.0,0.2300421432871764
22044,285,Clovis,80.0,0.24530403371462975
22045,291,Clovis,55.0,0.21559301625526792
22046,291,Clovis,58.0,0.2197471402769416
22047,291,Clovis,53.0,0.21080674292594823
22048,291,Clovis,52.0,0.20875978326309452
22049,291,Clovis,53.0,0.21080674292594823
22050,291,Clovis,53.0,0.21080674292594823
22051,291,Clovis,45.0,0.1942203491872366
22052,291,Clovis,53.0,0.21080674292594823
22053,291,Clovis,46.0,0.19686935580975315
22054,291,Clovis,38.0,0.18133654425045154
22055,291,Clovis,49.0,0.20270921131848285
22056,291,Clovis,35.0,0.17357013847080072
22057,291,Clovis,35.0,0.17357013847080072
22058,291,Clovis,31.0,0.1650812763395545
22059,291,Clovis,41.0,0.18741721854304635
22060,1524,Fresno,827.0,0.5014449127031908
22061,1524,Fresno,654.0,0.4653822998193859
22062,1524,Fresno,628.0,0.4590909090909091
22063,1448,Fresno,731.0,0.48344370860927155
22064,1448,Fresno,1288.0,0.5860927152317881
22065,241,Clovis,1170.0,0.5649608669476219
22066,241,Clovis,967.0,0.5282962071041541
22067,241,Clovis,776.0,0.49250451535219747
22068,241,Clovis,255.0,0.34903672486453946
22069,241,Clovis,960.0,0.5267308850090308
22070,2771,Clovis,112.0,0.27396146899458157
22071,2771,Clovis,24.0,0.1451234196267309
22072,2771,Clovis,105.0,0.26878386514148106
22073,2771,Clovis,105.0,0.26878386514148106
22074,2771,Clovis,24.0,0.1451234196267309
22075,2771,Clovis,105.0,0.26878386514148106
22076,2771,Clovis,105.0,0.26878386514148106
22077,2771,Clovis,112.0,0.27396146899458157
22078,2771,Clovis,117.0,0.2779349789283564
22079,2771,Clovis,112.0,0.27396146899458157
22080,2771,Clovis,105.0,0.26878386514148106
22081,2771,Clovis,100.0,0.26535219747140276
22082,2771,Clovis,105.0,0.26878386514148106
22083,2771,Clovis,105.0,0.26878386514148106
22084,2771,Clovis,117.0,0.2779349789283564
22085,2771,Clovis,11.0,0.08383503913305237
22086,2771,Clovis,16.0,0.10885009030704396
22087,2771,Clovis,11.0,0.08383503913305237
22088,2771,Clovis,105.0,0.26878386514148106
22089,2771,Clovis,105.0,0.26878386514148106
22090,2771,Clovis,105.0,0.26878386514148106
22091,2771,Clovis,11.0,0.08383503913305237
22092,2771,Clovis,105.0,0.26878386514148106
22093,274,Clovis,285.0,0.3580975316074654
22094,274,Clovis,285.0,0.3580975316074654
22095,274,Clovis,202.0,0.3261288380493679
22096,274,Clovis,293.0,0.36062612883804934
22097,274,Clovis,601.0,0.451685731487056
22098,277,Clovis,75.0,0.2407585791691752
22099,277,Clovis,53.0,0.21080674292594823
22100,277,Clovis,57.0,0.2181216134858519
22101,277,Clovis,70.0,0.23573148705599037
22102,277,Clovis,64.0,0.227423239012643
22103,277,Clovis,66.0,0.2300421432871764
22104,277,Clovis,49.0,0.20270921131848285
22105,277,Clovis,40.0,0.18552077062010836
22106,277,Clovis,42.0,0.18895243829018663
22107,277,Clovis,36.0,0.17606863335340156
22108,277,Clovis,98.0,0.2637266706803131
22109,277,Clovis,88.0,0.25343166767007824
22110,277,Clovis,70.0,0.23573148705599037
22111,277,Clovis,72.0,0.23783865141481036
22112,277,Clovis,74.0,0.23976520168573148
22113,277,Clovis,48.0,0.200632149307646
22114,277,Clovis,74.0,0.23976520168573148
22115,286,Clovis,23.0,0.14145093317278748
22116,286,Clovis,24.0,0.1451234196267309
22117,286,Clovis,24.0,0.1451234196267309
22118,286,Clovis,23.0,0.14145093317278748
22119,286,Clovis,21.0,0.1343467790487658
22120,286,Clovis,0.0,0.0
22121,286,Clovis,0.0,0.0
22122,275,Clovis,175.0,0.3124322697170379
22123,275,Clovis,149.0,0.2984647802528597
22124,275,Clovis,223.0,0.3346478025285972
22125,275,Clovis,241.0,0.3434978928356412
22126,275,Clovis,244.0,0.34509331727874776
22127,275,Clovis,482.0,0.41821192052980133
22128,275,Clovis,204.0,0.32727272727272727
22129,275,Clovis,122.0,0.2809753160746538
22130,275,Clovis,96.0,0.26056592414208307
22131,275,Clovis,245.0,0.34551475015051175
22132,275,Clovis,219.0,0.33368452739313664
22133,275,Clovis,247.0,0.34629741119807345
22134,275,Clovis,242.0,0.3441601444912703
22135,275,Clovis,476.0,0.41658639373871165
22136,275,Clovis,226.0,0.3353702588801927
22137,275,Clovis,362.0,0.3807344972907887
22138,275,Clovis,212.0,0.3303431667670078
22139,275,Clovis,222.0,0.3344671884406984
22140,275,Clovis,385.0,0.3879590608067429
22141,279,Clovis,560.0,0.43958458759783264
22142,279,Clovis,623.0,0.45791691751956654
22143,279,Clovis,581.0,0.4467489464178206
22144,279,Clovis,99.0,0.26462974111980736
22145,279,Clovis,99.0,0.26462974111980736
22146,279,Clovis,166.0,0.3072546658639374
22147,279,Clovis,308.0,0.36499096929560504
22148,279,Clovis,235.0,0.34108970499698976
22149,279,Clovis,203.0,0.3267308850090307
22150,279,Clovis,115.0,0.2762492474413004
22151,279,Clovis,310.0,0.3659241420830825
22152,279,Clovis,235.0,0.34108970499698976
22153,279,Clovis,234.0,0.3403973509933775
22154,279,Clovis,186.0,0.31911499096929563
22155,279,Clovis,163.0,0.30580975316074654
22156,279,Clovis,178.0,0.31478025285972305
22157,279,Clovis,178.0,0.31478025285972305
22158,279,Clovis,213.0,0.3311860325105358
22159,279,Clovis,219.0,0.33368452739313664
22160,279,Clovis,177.0,0.31393738711619507
22161,279,Clovis,204.0,0.32727272727272727
22162,279,Clovis,68.0,0.23305237808549067
22163,279,Clovis,229.0,0.33684527393136665
22164,279,Clovis,142.0,0.29307645996387716
22165,283,Clovis,285.0,0.3580975316074654
22166,283,Clovis,286.0,0.35854906682721255
22167,283,Clovis,284.0,0.3575556893437688
22168,283,Clovis,284.0,0.3575556893437688
22169,283,Clovis,284.0,0.3575556893437688
22170,283,Clovis,284.0,0.3575556893437688
22171,283,Clovis,284.0,0.3575556893437688
22172,283,Clovis,284.0,0.3575556893437688
22173,284,Clovis,67.0,0.23169777242624925
22174,284,Clovis,75.0,0.2407585791691752
22175,284,Clovis,76.0,0.24211318482841662
22176,284,Clovis,67.0,0.23169777242624925
22177,284,Clovis,78.0,0.24370860927152319
22178,290,Clovis,53.0,0.21080674292594823
22179,290,Clovis,37.0,0.1790487658037327
22180,290,Clovis,44.0,0.1917519566526189
22181,290,Clovis,45.0,0.1942203491872366
22182,290,Clovis,15.0,0.10361228175797713
22183,290,Clovis,37.0,0.1790487658037327
22184,290,Clovis,42.0,0.18895243829018663
22185,290,Clovis,54.0,0.21351595424443107
22186,292,Clovis,33.0,0.16887417218543047
22187,292,Clovis,34.0,0.17146297411198075
22188,292,Clovis,31.0,0.1650812763395545
22189,292,Clovis,19.0,0.12332931968693558
22190,292,Clovis,20.0,0.1290487658037327
22191,292,Clovis,32.0,0.1669175195665262
22192,292,Clovis,20.0,0.1290487658037327
22193,292,Clovis,28.0,0.15755568934376882
22194,292,Clovis,45.0,0.1942203491872366
22195,292,Clovis,19.0,0.12332931968693558
22196,292,Clovis,31.0,0.1650812763395545
22197,292,Clovis,27.0,0.15460565924142083
22198,292,Clovis,23.0,0.14145093317278748
22199,292,Clovis,30.0,0.1627031908488862
22200,292,Clovis,30.0,0.1627031908488862
22201,292,Clovis,25.0,0.14864539434075857
22202,292,Clovis,23.0,0.14145093317278748
22203,292,Clovis,24.0,0.1451234196267309
22204,292,Clovis,30.0,0.1627031908488862
22205,292,Clovis,30.0,0.1627031908488862
22206,764,Fresno,770.0,0.4909090909090909
22207,764,Fresno,566.0,0.44114990969295603
22208,764,Fresno,795.0,0.49635761589403976
22209,764,Fresno,812.0,0.49897652016857313
22210,764,Fresno,567.0,0.4414509331727875
22211,764,Fresno,636.0,0.46122817579771225
22212,764,Fresno,550.0,0.4371462974111981
22213,764,Fresno,650.0,0.4646899458157736
22214,276,Clovis,154.0,0.30150511739915714
22215,1403,Fresno,34.0,0.17146297411198075
22216,1403,Fresno,30.0,0.1627031908488862
22217,1403,Fresno,16.0,0.10885009030704396
22218,1403,Fresno,16.0,0.10885009030704396
22219,1403,Fresno,16.0,0.10885009030704396
22220,1403,Fresno,18.0,0.11815171583383503
22221,1403,Fresno,28.0,0.15755568934376882
22222,1403,Fresno,6.0,0.05770620108368453
22223,1403,Fresno,6.0,0.05770620108368453
22224,1403,Fresno,6.0,0.05770620108368453
22225,1403,Fresno,17.0,0.11363636363636363
22226,1398,Fresno,1100.0,0.5516556291390728
22227,1398,Fresno,91.0,0.25626128838049367
22228,1398,Fresno,111.0,0.2730583985550873
22229,1398,Fresno,1127.0,0.5556592414208308
22230,1398,Fresno,112.0,0.27396146899458157
22231,1398,Fresno,145.0,0.2948223961468995
22232,1398,Fresno,145.0,0.2948223961468995
22233,1398,Fresno,1082.0,0.5484647802528597
22234,1398,Fresno,111.0,0.2730583985550873
22235,1398,Fresno,152.0,0.30033112582781457
22236,1398,Fresno,219.0,0.33368452739313664
22237,1398,Fresno,153.0,0.30090307043949427
22238,1398,Fresno,1079.0,0.5479530403371463
22239,1398,Fresno,115.0,0.2762492474413004
22240,1404,Fresno,4.0,0.04298615291992775
22241,1404,Fresno,4.0,0.04298615291992775
22242,1404,Fresno,4.0,0.04298615291992775
22243,1404,Fresno,18.0,0.11815171583383503
22244,1404,Fresno,68.0,0.23305237808549067
22245,1404,Fresno,64.0,0.227423239012643
22246,1404,Fresno,68.0,0.23305237808549067
22247,1404,Fresno,68.0,0.23305237808549067
22248,1404,Fresno,68.0,0.23305237808549067
22249,1404,Fresno,69.0,0.2342865743527995
22250,1404,Fresno,63.0,0.22600842865743528
22251,1404,Fresno,63.0,0.22600842865743528
22252,1404,Fresno,214.0,0.33175797712221555
22253,1334,Fresno,95.0,0.2596026490066225
22254,1334,Fresno,97.0,0.26222155328115593
22255,1334,Fresno,95.0,0.2596026490066225
22256,1334,Fresno,95.0,0.2596026490066225
22257,1334,Fresno,95.0,0.2596026490066225
22258,1334,Fresno,69.0,0.2342865743527995
22259,1334,Fresno,69.0,0.2342865743527995
22260,1334,Fresno,67.0,0.23169777242624925
22261,1334,Fresno,80.0,0.24530403371462975
22262,1334,Fresno,67.0,0.23169777242624925
22263,1334,Fresno,63.0,0.22600842865743528
22264,1334,Fresno,74.0,0.23976520168573148
22265,1340,Fresno,0.0,0.0
22266,1340,Fresno,0.0,0.0
22267,1340,Fresno,0.0,0.0
22268,1340,Fresno,0.0,0.0
22269,1340,Fresno,214.0,0.33175797712221555
22270,1341,Fresno,64.0,0.227423239012643
22271,1341,Fresno,91.0,0.25626128838049367
22272,1341,Fresno,65.0,0.22859723058398554
22273,1341,Fresno,146.0,0.29614689945815775
22274,1342,Fresno,36.0,0.17606863335340156
22275,1342,Fresno,36.0,0.17606863335340156
22276,1342,Fresno,390.0,0.38910295003010237
22277,1342,Fresno,567.0,0.4414509331727875
22278,1342,Fresno,605.0,0.45310054184226367
22279,1342,Fresno,63.0,0.22600842865743528
22280,593,Fresno,4719.0,0.8749548464780252
22281,1479,Fresno,921.0,0.518573148705599
22282,1479,Fresno,1323.0,0.5927152317880795
22283,1479,Fresno,1184.0,0.5679409993979531
22284,1479,Fresno,1050.0,0.5419325707405177
22285,1479,Fresno,899.0,0.5152618904274533
22286,1479,Fresno,1762.0,0.659060806742926
22287,1216,Fresno,257.0,0.34954846478025287
22288,1216,Fresno,243.0,0.34467188440698376
22289,1216,Fresno,241.0,0.3434978928356412
22290,1216,Fresno,241.0,0.3434978928356412
22291,1216,Fresno,28.0,0.15755568934376882
22292,1216,Fresno,241.0,0.3434978928356412
22293,1216,Fresno,241.0,0.3434978928356412
22294,1216,Fresno,241.0,0.3434978928356412
22295,1216,Fresno,297.0,0.3617700180614088
22296,1262,Fresno,58.0,0.2197471402769416
22297,1262,Fresno,130.0,0.2866044551475015
22298,1262,Fresno,62.0,0.22441300421432872
22299,1262,Fresno,8.0,0.06815171583383504
22300,1262,Fresno,83.0,0.248103552077062
22301,1262,Fresno,35.0,0.17357013847080072
22302,1262,Fresno,62.0,0.22441300421432872
22303,1262,Fresno,48.0,0.200632149307646
22304,1262,Fresno,191.0,0.3218844069837447
22305,1262,Fresno,164.0,0.30638169777242624
22306,1262,Fresno,73.0,0.23883202889825406
22307,1262,Fresno,62.0,0.22441300421432872
22308,1262,Fresno,94.0,0.2590307043949428
22309,1408,Fresno,21.0,0.1343467790487658
22310,1408,Fresno,44.0,0.1917519566526189
22311,1408,Fresno,44.0,0.1917519566526189
22312,1408,Fresno,44.0,0.1917519566526189
22313,1408,Fresno,44.0,0.1917519566526189
22314,1408,Fresno,48.0,0.200632149307646
22315,1409,Fresno,21.0,0.1343467790487658
22316,1409,Fresno,24.0,0.1451234196267309
22317,1409,Fresno,24.0,0.1451234196267309
22318,1409,Fresno,22.0,0.1382299819385912
22319,1409,Fresno,22.0,0.1382299819385912
22320,1409,Fresno,24.0,0.1451234196267309
22321,1409,Fresno,24.0,0.1451234196267309
22322,1409,Fresno,36.0,0.17606863335340156
22323,1409,Fresno,24.0,0.1451234196267309
22324,1346,Fresno,93.0,0.2581878386514148
22325,1346,Fresno,93.0,0.2581878386514148
22326,1346,Fresno,50.0,0.20463576158940397
22327,1346,Fresno,59.0,0.2213726670680313
22328,1346,Fresno,50.0,0.20463576158940397
22329,1346,Fresno,50.0,0.20463576158940397
22330,1346,Fresno,46.0,0.19686935580975315
22331,1346,Fresno,57.0,0.2181216134858519
22332,1346,Fresno,46.0,0.19686935580975315
22333,1346,Fresno,46.0,0.19686935580975315
22334,1346,Fresno,46.0,0.19686935580975315
22335,1346,Fresno,46.0,0.19686935580975315
22336,1353,Fresno,240.0,0.3428657435279952
22337,1353,Fresno,264.0,0.3513546056592414
22338,1353,Fresno,95.0,0.2596026490066225
22339,1353,Fresno,101.0,0.26619506321493075
22340,1353,Fresno,214.0,0.33175797712221555
22341,1347,Fresno,26.0,0.1517760385310054
22342,1347,Fresno,26.0,0.1517760385310054
22343,1356,Fresno,520.0,0.42901866345574957
22344,1356,Fresno,137.0,0.28967489464178203
22345,1356,Fresno,422.0,0.4011438892233594
22346,1356,Fresno,419.0,0.40033112582781455
22347,1356,Fresno,407.0,0.39476219145093316
22348,1350,Fresno,771.0,0.4912101143889223
22349,1350,Fresno,681.0,0.47134256472004815
22350,1357,Fresno,34.0,0.17146297411198075
22351,1357,Fresno,493.0,0.42131246237206504
22352,1357,Fresno,40.0,0.18552077062010836
22353,1351,Fresno,496.0,0.42251655629139073
22354,1351,Fresno,329.0,0.3714930764599639
22355,1351,Fresno,330.0,0.3720048163756773
22356,1351,Fresno,332.0,0.37266706803130645
22357,1358,Fresno,193.0,0.32329921733895245
22358,1358,Fresno,184.0,0.31794099939795306
22359,1358,Fresno,17.0,0.11363636363636363
22360,1358,Fresno,60.0,0.22218543046357617
22361,1394,Fresno,16.0,0.10885009030704396
22362,1394,Fresno,16.0,0.10885009030704396
22363,1394,Fresno,16.0,0.10885009030704396
22364,1394,Fresno,36.0,0.17606863335340156
22365,1370,Fresno,567.0,0.4414509331727875
22366,295,Clovis,440.0,0.4067128236002408
22367,295,Clovis,389.0,0.3888621312462372
22368,295,Clovis,473.0,0.4155328115593016
22369,295,Clovis,437.0,0.4054485249849488
22370,295,Clovis,479.0,0.41736905478627334
22371,295,Clovis,387.0,0.3885310054184226
22372,295,Clovis,510.0,0.42645996387718244
22373,295,Clovis,443.0,0.40773630343166767
22374,295,Clovis,369.0,0.3828717639975918
22375,295,Clovis,377.0,0.38515954244431067
22376,295,Clovis,553.0,0.4376881396748946
22377,295,Clovis,536.0,0.43446718844069837
22378,295,Clovis,481.0,0.4179108970499699
22379,295,Clovis,79.0,0.24434075857916918
22380,295,Clovis,86.0,0.251475015051174
22381,295,Clovis,473.0,0.4155328115593016
22382,295,Clovis,394.0,0.39048765803732693
22383,295,Clovis,509.0,0.42618904274533415
22384,295,Clovis,442.0,0.40743527995183626
22385,295,Clovis,379.0,0.38606261288380495
22386,295,Clovis,440.0,0.4067128236002408
22387,295,Clovis,352.0,0.37808549066827213
22388,295,Clovis,366.0,0.38217940999397954
22389,295,Clovis,370.0,0.38311258278145693
22390,1232,Fresno,22.0,0.1382299819385912
22391,1232,Fresno,16.0,0.10885009030704396
22392,1232,Fresno,22.0,0.1382299819385912
22393,1232,Fresno,27.0,0.15460565924142083
22394,1232,Fresno,42.0,0.18895243829018663
22395,1232,Fresno,13.0,0.09331727874774233
22396,1232,Fresno,23.0,0.14145093317278748
22397,1232,Fresno,22.0,0.1382299819385912
22398,1232,Fresno,33.0,0.16887417218543047
22399,1232,Fresno,37.0,0.1790487658037327
22400,1232,Fresno,36.0,0.17606863335340156
22401,1232,Fresno,54.0,0.21351595424443107
22402,1232,Fresno,83.0,0.248103552077062
22403,1232,Fresno,72.0,0.23783865141481036
22404,1232,Fresno,433.0,0.40445514750150513
22405,1232,Fresno,96.0,0.26056592414208307
22406,1232,Fresno,54.0,0.21351595424443107
22407,1232,Fresno,437.0,0.4054485249849488
22408,298,Clovis,21.0,0.1343467790487658
22409,298,Clovis,6.0,0.05770620108368453
22410,298,Clovis,28.0,0.15755568934376882
22411,298,Clovis,19.0,0.12332931968693558
22412,298,Clovis,15.0,0.10361228175797713
22413,298,Clovis,37.0,0.1790487658037327
22414,298,Clovis,28.0,0.15755568934376882
22415,298,Clovis,19.0,0.12332931968693558
22416,298,Clovis,6.0,0.05770620108368453
22417,298,Clovis,6.0,0.05770620108368453
22418,298,Clovis,6.0,0.05770620108368453
22419,298,Clovis,19.0,0.12332931968693558
22420,298,Clovis,28.0,0.15755568934376882
22421,298,Clovis,21.0,0.1343467790487658
22422,298,Clovis,6.0,0.05770620108368453
22423,298,Clovis,5.0,0.050752558699578565
22424,1023,Fresno,2198.0,0.7189644792293799
22425,1023,Fresno,2062.0,0.7005719446116797
22426,1025,Fresno,79.0,0.24434075857916918
22427,1025,Fresno,188.0,0.32013847080072244
22428,1025,Fresno,152.0,0.30033112582781457
22429,1025,Fresno,394.0,0.39048765803732693
22430,1025,Fresno,395.0,0.39081878386514146
22431,1025,Fresno,273.0,0.35421432871763997
22432,1235,Fresno,11.0,0.08383503913305237
22433,1235,Fresno,18.0,0.11815171583383503
22434,1235,Fresno,6.0,0.05770620108368453
22435,1235,Fresno,7.0,0.06303431667670079
22436,1235,Fresno,25.0,0.14864539434075857
22437,1235,Fresno,7.0,0.06303431667670079
22438,1235,Fresno,6.0,0.05770620108368453
22439,1235,Fresno,6.0,0.05770620108368453
22440,1235,Fresno,6.0,0.05770620108368453
22441,1235,Fresno,9.0,0.07393136664659844
22442,1235,Fresno,8.0,0.06815171583383504
22443,294,Clovis,892.0,0.5137567730282963
22444,294,Clovis,518.0,0.4285671282360024
22445,294,Clovis,842.0,0.5057796508127634
22446,294,Clovis,854.0,0.5080674292594822
22447,294,Clovis,819.0,0.4999698976520169
22448,294,Clovis,859.0,0.5091511137868754
22449,1231,Fresno,217.0,0.3329319686935581
22450,1231,Fresno,151.0,0.2995183624322697
22451,1231,Fresno,146.0,0.29614689945815775
22452,1231,Fresno,374.0,0.3842263696568332
22453,1231,Fresno,320.0,0.36902468392534615
22454,1231,Fresno,198.0,0.324894641782059
22455,1231,Fresno,153.0,0.30090307043949427
22456,1231,Fresno,249.0,0.347471402769416
22457,1231,Fresno,269.0,0.3526490066225166
22458,1240,Fresno,12.0,0.08880192655027092
22459,1240,Fresno,12.0,0.08880192655027092
22460,1240,Fresno,0.0,0.0
22461,1234,Fresno,40.0,0.18552077062010836
22462,1234,Fresno,47.0,0.19861529199277544
22463,1234,Fresno,47.0,0.19861529199277544
22464,1234,Fresno,50.0,0.20463576158940397
22465,1234,Fresno,46.0,0.19686935580975315
22466,1234,Fresno,62.0,0.22441300421432872
22467,1234,Fresno,62.0,0.22441300421432872
22468,1234,Fresno,65.0,0.22859723058398554
22469,1234,Fresno,68.0,0.23305237808549067
22470,1234,Fresno,68.0,0.23305237808549067
22471,1234,Fresno,69.0,0.2342865743527995
22472,1234,Fresno,40.0,0.18552077062010836
22473,1414,Fresno,26.0,0.1517760385310054
22474,1414,Fresno,26.0,0.1517760385310054
22475,1414,Fresno,26.0,0.1517760385310054
22476,1414,Fresno,26.0,0.1517760385310054
22477,1414,Fresno,0.0,0.0
22478,1414,Fresno,26.0,0.1517760385310054
22479,1414,Fresno,26.0,0.1517760385310054
22480,1414,Fresno,26.0,0.1517760385310054
22481,1414,Fresno,26.0,0.1517760385310054
22482,1414,Fresno,26.0,0.1517760385310054
22483,1414,Fresno,26.0,0.1517760385310054
22484,1361,Fresno,115.0,0.2762492474413004
22485,1361,Fresno,141.0,0.2925948223961469
22486,1361,Fresno,157.0,0.303582179409994
22487,1361,Fresno,115.0,0.2762492474413004
22488,1361,Fresno,92.0,0.25716435881998795
22489,1361,Fresno,92.0,0.25716435881998795
22490,1361,Fresno,92.0,0.25716435881998795
22491,1361,Fresno,83.0,0.248103552077062
22492,1361,Fresno,138.0,0.2904274533413606
22493,1361,Fresno,106.0,0.26992775436484046
22494,1416,Fresno,57.0,0.2181216134858519
22495,1416,Fresno,37.0,0.1790487658037327
22496,1416,Fresno,25.0,0.14864539434075857
22497,1416,Fresno,43.0,0.19039735099337748
22498,1416,Fresno,79.0,0.24434075857916918
22499,1416,Fresno,62.0,0.22441300421432872
22500,1416,Fresno,30.0,0.1627031908488862
22501,1416,Fresno,20.0,0.1290487658037327
22502,1416,Fresno,63.0,0.22600842865743528
22503,1416,Fresno,63.0,0.22600842865743528
22504,1416,Fresno,66.0,0.2300421432871764
22505,1416,Fresno,60.0,0.22218543046357617
22506,1416,Fresno,49.0,0.20270921131848285
22507,1416,Fresno,64.0,0.227423239012643
22508,1416,Fresno,87.0,0.25234798314268514
22509,1416,Fresno,77.0,0.2431667670078266
22510,1416,Fresno,53.0,0.21080674292594823
22511,1416,Fresno,53.0,0.21080674292594823
22512,1418,Fresno,17.0,0.11363636363636363
22513,1418,Fresno,30.0,0.1627031908488862
22514,1418,Fresno,31.0,0.1650812763395545
22515,1418,Fresno,31.0,0.1650812763395545
22516,1418,Fresno,17.0,0.11363636363636363
22517,1364,Fresno,54.0,0.21351595424443107
22518,1364,Fresno,54.0,0.21351595424443107
22519,1364,Fresno,54.0,0.21351595424443107
22520,1364,Fresno,54.0,0.21351595424443107
22521,1364,Fresno,88.0,0.25343166767007824
22522,1364,Fresno,88.0,0.25343166767007824
22523,1364,Fresno,89.0,0.2546658639373871
22524,1364,Fresno,89.0,0.2546658639373871
22525,1364,Fresno,88.0,0.25343166767007824
22526,1364,Fresno,89.0,0.2546658639373871
22527,1364,Fresno,91.0,0.25626128838049367
22528,1364,Fresno,70.0,0.23573148705599037
22529,1364,Fresno,88.0,0.25343166767007824
22530,1364,Fresno,69.0,0.2342865743527995
22531,1419,Fresno,19.0,0.12332931968693558
22532,1419,Fresno,59.0,0.2213726670680313
22533,1419,Fresno,48.0,0.200632149307646
22534,1419,Fresno,19.0,0.12332931968693558
22535,1419,Fresno,20.0,0.1290487658037327
22536,1419,Fresno,48.0,0.200632149307646
22537,1365,Fresno,19.0,0.12332931968693558
22538,1365,Fresno,20.0,0.1290487658037327
22539,1365,Fresno,31.0,0.1650812763395545
22540,1365,Fresno,41.0,0.18741721854304635
22541,1366,Fresno,19.0,0.12332931968693558
22542,1366,Fresno,20.0,0.1290487658037327
22543,1366,Fresno,20.0,0.1290487658037327
22544,1366,Fresno,24.0,0.1451234196267309
22545,1366,Fresno,18.0,0.11815171583383503
22546,1366,Fresno,16.0,0.10885009030704396
22547,1366,Fresno,120.0,0.2797712221553281
22548,1366,Fresno,17.0,0.11363636363636363
22549,1366,Fresno,19.0,0.12332931968693558
22550,1370,Fresno,335.0,0.37357013847080073
22551,1370,Fresno,244.0,0.34509331727874776
22552,1370,Fresno,546.0,0.43627332931968693
22553,1370,Fresno,512.0,0.4271523178807947
22554,1370,Fresno,375.0,0.3844370860927152
22555,1370,Fresno,320.0,0.36902468392534615
22556,1370,Fresno,388.0,0.3887116195063215
22557,1370,Fresno,384.0,0.3877182420228778
22558,721,Fresno,435.0,0.40496688741721854
22559,721,Fresno,435.0,0.40496688741721854
22560,1422,Fresno,537.0,0.43467790487658037
22561,721,Fresno,431.0,0.40385310054184226
22562,721,Fresno,207.0,0.32832630945213725
22563,725,Fresno,101.0,0.26619506321493075
22564,725,Fresno,91.0,0.25626128838049367
22565,725,Fresno,123.0,0.2817278747742324
22566,725,Fresno,55.0,0.21559301625526792
22567,725,Fresno,101.0,0.26619506321493075
22568,725,Fresno,101.0,0.26619506321493075
22569,725,Fresno,105.0,0.26878386514148106
22570,725,Fresno,101.0,0.26619506321493075
22571,725,Fresno,55.0,0.21559301625526792
22572,725,Fresno,55.0,0.21559301625526792
22573,725,Fresno,55.0,0.21559301625526792
22574,727,Fresno,82.0,0.2473208910295003
22575,727,Fresno,82.0,0.2473208910295003
22576,727,Fresno,299.0,0.3624623720650211
22577,1375,Fresno,59.0,0.2213726670680313
22578,1375,Fresno,221.0,0.3342263696568332
22579,1375,Fresno,36.0,0.17606863335340156
22580,723,Fresno,36.0,0.17606863335340156
22581,803,Fresno,53.0,0.21080674292594823
22582,803,Fresno,54.0,0.21351595424443107
22583,803,Fresno,53.0,0.21080674292594823
22584,803,Fresno,53.0,0.21080674292594823
22585,803,Fresno,107.0,0.27092113184828415
22586,803,Fresno,53.0,0.21080674292594823
22587,803,Fresno,53.0,0.21080674292594823
22588,803,Fresno,53.0,0.21080674292594823
22589,803,Fresno,53.0,0.21080674292594823
22590,803,Fresno,0.0,0.0
22591,805,Fresno,1.0,0.007465382299819386
22592,805,Fresno,11.0,0.08383503913305237
22593,805,Fresno,3.0,0.033564118001204096
22594,805,Fresno,58.0,0.2197471402769416
22595,806,Fresno,21.0,0.1343467790487658
22596,806,Fresno,21.0,0.1343467790487658
22597,806,Fresno,21.0,0.1343467790487658
22598,806,Fresno,25.0,0.14864539434075857
22599,806,Fresno,21.0,0.1343467790487658
22600,806,Fresno,21.0,0.1343467790487658
22601,806,Fresno,25.0,0.14864539434075857
22602,806,Fresno,30.0,0.1627031908488862
22603,726,Fresno,111.0,0.2730583985550873
22604,809,Fresno,1996.0,0.6918121613485851
22605,809,Fresno,1996.0,0.6918121613485851
22606,809,Fresno,2067.0,0.7012040939193257
22607,809,Fresno,2058.0,0.6996387718242023
22608,809,Fresno,2058.0,0.6996387718242023
22609,809,Fresno,0.0,0.0
22610,809,Fresno,1996.0,0.6918121613485851
22611,809,Fresno,2067.0,0.7012040939193257
22612,809,Fresno,2076.0,0.7024081878386514
22613,809,Fresno,2067.0,0.7012040939193257
22614,809,Fresno,2014.0,0.6939494280553883
22615,809,Fresno,1621.0,0.641149909692956
22616,809,Fresno,2031.0,0.6959060806742926
22617,810,Fresno,46.0,0.19686935580975315
22618,810,Fresno,51.0,0.20695364238410596
22619,810,Fresno,46.0,0.19686935580975315
22620,810,Fresno,79.0,0.24434075857916918
22621,810,Fresno,46.0,0.19686935580975315
22622,810,Fresno,20.0,0.1290487658037327
22623,810,Fresno,46.0,0.19686935580975315
22624,810,Fresno,61.0,0.22296809151113786
22625,810,Fresno,50.0,0.20463576158940397
22626,810,Fresno,53.0,0.21080674292594823
22627,810,Fresno,48.0,0.200632149307646
22628,812,Fresno,1.0,0.007465382299819386
22629,812,Fresno,1.0,0.007465382299819386
22630,812,Fresno,1.0,0.007465382299819386
22631,812,Fresno,1.0,0.007465382299819386
22632,812,Fresno,3.0,0.033564118001204096
22633,812,Fresno,3.0,0.033564118001204096
22634,812,Fresno,20.0,0.1290487658037327
22635,812,Fresno,21.0,0.1343467790487658
22636,812,Fresno,1.0,0.007465382299819386
22637,772,Fresno,19.0,0.12332931968693558
22638,772,Fresno,11.0,0.08383503913305237
22639,772,Fresno,6.0,0.05770620108368453
22640,772,Fresno,1.0,0.007465382299819386
22641,772,Fresno,1.0,0.007465382299819386
22642,772,Fresno,1.0,0.007465382299819386
22643,772,Fresno,10.0,0.07874774232390126
22644,773,Fresno,36.0,0.17606863335340156
22645,773,Fresno,21.0,0.1343467790487658
22646,773,Fresno,42.0,0.18895243829018663
22647,773,Fresno,43.0,0.19039735099337748
22648,773,Fresno,54.0,0.21351595424443107
22649,773,Fresno,54.0,0.21351595424443107
22650,773,Fresno,17.0,0.11363636363636363
22651,773,Fresno,43.0,0.19039735099337748
22652,781,Fresno,9.0,0.07393136664659844
22653,781,Fresno,14.0,0.098314268512944
22654,781,Fresno,14.0,0.098314268512944
22655,781,Fresno,3.0,0.033564118001204096
22656,781,Fresno,12.0,0.08880192655027092
22657,781,Fresno,9.0,0.07393136664659844
22658,781,Fresno,9.0,0.07393136664659844
22659,774,Fresno,38.0,0.18133654425045154
22660,774,Fresno,31.0,0.1650812763395545
22661,774,Fresno,36.0,0.17606863335340156
22662,774,Fresno,31.0,0.1650812763395545
22663,774,Fresno,31.0,0.1650812763395545
22664,774,Fresno,76.0,0.24211318482841662
22665,814,Fresno,14.0,0.098314268512944
22666,815,Fresno,14.0,0.098314268512944
22667,815,Fresno,19.0,0.12332931968693558
22668,817,Fresno,2162.0,0.7151414810355208
22669,817,Fresno,2119.0,0.7081878386514148
22670,817,Fresno,3406.0,0.8192655027092113
22671,728,Fresno,0.0,0.0
22672,728,Fresno,0.0,0.0
22673,1033,Fresno,9.0,0.07393136664659844
22674,1033,Fresno,9.0,0.07393136664659844
22675,1033,Fresno,249.0,0.347471402769416
22676,1033,Fresno,239.0,0.34229379891631545
22677,1033,Fresno,249.0,0.347471402769416
22678,1033,Fresno,193.0,0.32329921733895245
22679,1033,Fresno,239.0,0.34229379891631545
22680,1033,Fresno,239.0,0.34229379891631545
22681,1033,Fresno,185.0,0.31863335340156534
22682,1033,Fresno,196.0,0.32465382299819384
22683,1246,Fresno,22.0,0.1382299819385912
22684,1246,Fresno,115.0,0.2762492474413004
22685,1246,Fresno,260.0,0.35036122817579773
22686,1246,Fresno,55.0,0.21559301625526792
22687,1246,Fresno,53.0,0.21080674292594823
22688,1246,Fresno,121.0,0.28028296207104153
22689,1246,Fresno,53.0,0.21080674292594823
22690,1246,Fresno,54.0,0.21351595424443107
22691,1246,Fresno,49.0,0.20270921131848285
22692,1246,Fresno,106.0,0.26992775436484046
22693,1248,Fresno,67.0,0.23169777242624925
22694,1255,Fresno,122.0,0.2809753160746538
22695,1255,Fresno,124.0,0.28269114990969296
22696,1255,Fresno,122.0,0.2809753160746538
22697,1255,Fresno,124.0,0.28269114990969296
22698,1255,Fresno,121.0,0.28028296207104153
22699,1255,Fresno,167.0,0.3077062010836845
22700,1255,Fresno,338.0,0.37408187838651413
22701,1255,Fresno,121.0,0.28028296207104153
22702,1255,Fresno,121.0,0.28028296207104153
22703,1255,Fresno,184.0,0.31794099939795306
22704,1255,Fresno,184.0,0.31794099939795306
22705,1255,Fresno,291.0,0.3602347983142685
22706,1255,Fresno,304.0,0.36405779650812764
22707,1255,Fresno,124.0,0.28269114990969296
22708,1264,Fresno,8.0,0.06815171583383504
22709,1264,Fresno,8.0,0.06815171583383504
22710,1264,Fresno,8.0,0.06815171583383504
22711,1176,Fresno,320.0,0.36902468392534615
22712,1176,Fresno,333.0,0.3730583985550873
22713,1176,Fresno,345.0,0.37667068031306444
22714,1176,Fresno,345.0,0.37667068031306444
22715,1176,Fresno,39.0,0.18323299217338954
22716,1176,Fresno,359.0,0.379741119807345
22717,1189,Fresno,39.0,0.18323299217338954
22718,1189,Fresno,39.0,0.18323299217338954
22719,1189,Fresno,2.0,0.021763997591812162
22720,1189,Fresno,4.0,0.04298615291992775
22721,1189,Fresno,39.0,0.18323299217338954
22722,1189,Fresno,39.0,0.18323299217338954
22723,1189,Fresno,39.0,0.18323299217338954
22724,1189,Fresno,39.0,0.18323299217338954
22725,1189,Fresno,0.0,0.0
22726,1189,Fresno,37.0,0.1790487658037327
22727,1200,Fresno,18.0,0.11815171583383503
22728,1200,Fresno,981.0,0.5299819385912101
22729,1200,Fresno,347.0,0.37715231788079473
22730,1203,Fresno,210.0,0.32910897049969895
22731,1203,Fresno,210.0,0.32910897049969895
22732,1203,Fresno,150.0,0.2988260084286574
22733,1203,Fresno,70.0,0.23573148705599037
22734,1203,Fresno,76.0,0.24211318482841662
22735,1203,Fresno,75.0,0.2407585791691752
22736,1203,Fresno,143.0,0.2937387116195063
22737,1203,Fresno,143.0,0.2937387116195063
22738,1203,Fresno,154.0,0.30150511739915714
22739,1203,Fresno,216.0,0.33245033112582784
22740,1203,Fresno,75.0,0.2407585791691752
22741,1203,Fresno,498.0,0.42302829620710414
22742,1203,Fresno,542.0,0.43567128236002406
22743,1203,Fresno,143.0,0.2937387116195063
22744,1203,Fresno,75.0,0.2407585791691752
22745,1203,Fresno,650.0,0.4646899458157736
22746,1204,Fresno,146.0,0.29614689945815775
22747,1204,Fresno,146.0,0.29614689945815775
22748,1204,Fresno,84.0,0.24909692956050572
22749,1204,Fresno,84.0,0.24909692956050572
22750,1204,Fresno,84.0,0.24909692956050572
22751,1204,Fresno,210.0,0.32910897049969895
22752,1204,Fresno,146.0,0.29614689945815775
22753,1204,Fresno,212.0,0.3303431667670078
22754,1204,Fresno,230.0,0.33783865141481034
22755,1289,Fresno,10.0,0.07874774232390126
22756,1289,Fresno,10.0,0.07874774232390126
22757,1269,Fresno,211.0,0.3295003010234798
22758,1269,Fresno,174.0,0.31152919927754363
22759,1269,Fresno,174.0,0.31152919927754363
22760,1269,Fresno,174.0,0.31152919927754363
22761,1269,Fresno,186.0,0.31911499096929563
22762,1263,Fresno,12.0,0.08880192655027092
22763,1263,Fresno,0.0,0.0
22764,1259,Fresno,121.0,0.28028296207104153
22765,1259,Fresno,51.0,0.20695364238410596
22766,1259,Fresno,14.0,0.098314268512944
22767,1259,Fresno,14.0,0.098314268512944
22768,1259,Fresno,51.0,0.20695364238410596
22769,1259,Fresno,51.0,0.20695364238410596
22770,1259,Fresno,121.0,0.28028296207104153
22771,1259,Fresno,51.0,0.20695364238410596
22772,1259,Fresno,51.0,0.20695364238410596
22773,1259,Fresno,14.0,0.098314268512944
22774,1259,Fresno,121.0,0.28028296207104153
22775,1259,Fresno,121.0,0.28028296207104153
22776,1259,Fresno,122.0,0.2809753160746538
22777,1259,Fresno,51.0,0.20695364238410596
22778,1258,Fresno,50.0,0.20463576158940397
22779,1258,Fresno,52.0,0.20875978326309452
22780,1258,Fresno,53.0,0.21080674292594823
22781,1286,Fresno,1.0,0.007465382299819386
22782,1286,Fresno,1.0,0.007465382299819386
22783,1286,Fresno,1.0,0.007465382299819386
22784,1286,Fresno,1.0,0.007465382299819386
22785,1286,Fresno,0.0,0.0
22786,1286,Fresno,1.0,0.007465382299819386
22787,1293,Fresno,0.0,0.0
22788,1293,Fresno,0.0,0.0
22789,1293,Fresno,0.0,0.0
22790,1293,Fresno,84.0,0.24909692956050572
22791,1293,Fresno,0.0,0.0
22792,1198,Fresno,636.0,0.46122817579771225
22793,1198,Fresno,636.0,0.46122817579771225
22794,486,Fresno,740.0,0.48527995183624323
22795,486,Fresno,744.0,0.48600240818783863
22796,486,Fresno,822.0,0.5005719446116798
22797,484,Fresno,1447.0,0.615412402167369
22798,1391,Fresno,54.0,0.21351595424443107
22799,1391,Fresno,29.0,0.16047561709813365
22800,1393,Fresno,209.0,0.3287778446718844
22801,1393,Fresno,161.0,0.3046658639373871
22802,1393,Fresno,359.0,0.379741119807345
22803,1393,Fresno,351.0,0.3779349789283564
22804,1393,Fresno,364.0,0.38142685129440096
22805,1393,Fresno,252.0,0.3484045755568934
22806,1406,Fresno,48.0,0.200632149307646
22807,1406,Fresno,48.0,0.200632149307646
22808,1406,Fresno,30.0,0.1627031908488862
22809,1406,Fresno,48.0,0.200632149307646
22810,1406,Fresno,29.0,0.16047561709813365
22811,1406,Fresno,44.0,0.1917519566526189
22812,1406,Fresno,28.0,0.15755568934376882
22813,1406,Fresno,29.0,0.16047561709813365
22814,1406,Fresno,32.0,0.1669175195665262
22815,1406,Fresno,29.0,0.16047561709813365
22816,1406,Fresno,29.0,0.16047561709813365
22817,1406,Fresno,0.0,0.0
22818,1406,Fresno,28.0,0.15755568934376882
22819,1407,Fresno,5.0,0.050752558699578565
22820,1407,Fresno,5.0,0.050752558699578565
22821,1407,Fresno,5.0,0.050752558699578565
22822,1407,Fresno,5.0,0.050752558699578565
22823,1407,Fresno,5.0,0.050752558699578565
22824,1407,Fresno,4.0,0.04298615291992775
22825,1407,Fresno,4.0,0.04298615291992775
22826,1407,Fresno,4.0,0.04298615291992775
22827,1407,Fresno,5.0,0.050752558699578565
22828,1407,Fresno,4.0,0.04298615291992775
22829,1407,Fresno,4.0,0.04298615291992775
22830,1407,Fresno,4.0,0.04298615291992775
22831,1407,Fresno,5.0,0.050752558699578565
22832,1407,Fresno,5.0,0.050752558699578565
22833,1404,Fresno,4.0,0.04298615291992775
22834,1407,Fresno,4.0,0.04298615291992775
22835,1407,Fresno,5.0,0.050752558699578565
22836,1407,Fresno,5.0,0.050752558699578565
22837,1413,Fresno,23.0,0.14145093317278748
22838,1413,Fresno,22.0,0.1382299819385912
22839,1413,Fresno,84.0,0.24909692956050572
22840,1413,Fresno,10.0,0.07874774232390126
22841,1413,Fresno,11.0,0.08383503913305237
22842,1413,Fresno,56.0,0.21694762191450934
22843,1413,Fresno,80.0,0.24530403371462975
22844,1413,Fresno,9.0,0.07393136664659844
22845,1413,Fresno,51.0,0.20695364238410596
22846,1413,Fresno,72.0,0.23783865141481036
22847,1413,Fresno,57.0,0.2181216134858519
22848,1413,Fresno,10.0,0.07874774232390126
22849,1415,Fresno,21.0,0.1343467790487658
22850,1415,Fresno,36.0,0.17606863335340156
22851,1415,Fresno,38.0,0.18133654425045154
22852,1415,Fresno,36.0,0.17606863335340156
22853,1415,Fresno,62.0,0.22441300421432872
22854,1415,Fresno,40.0,0.18552077062010836
22855,1415,Fresno,36.0,0.17606863335340156
22856,1415,Fresno,36.0,0.17606863335340156
22857,1415,Fresno,36.0,0.17606863335340156
22858,1417,Fresno,21.0,0.1343467790487658
22859,1417,Fresno,21.0,0.1343467790487658
22860,1417,Fresno,4.0,0.04298615291992775
22861,1417,Fresno,23.0,0.14145093317278748
22862,1417,Fresno,21.0,0.1343467790487658
22863,1417,Fresno,30.0,0.1627031908488862
22864,1417,Fresno,23.0,0.14145093317278748
22865,1417,Fresno,21.0,0.1343467790487658
22866,1417,Fresno,23.0,0.14145093317278748
22867,1417,Fresno,21.0,0.1343467790487658
22868,1417,Fresno,21.0,0.1343467790487658
22869,1417,Fresno,21.0,0.1343467790487658
22870,1374,Fresno,605.0,0.45310054184226367
22871,1374,Fresno,630.0,0.4597230583985551
22872,1374,Fresno,546.0,0.43627332931968693
22873,1374,Fresno,608.0,0.4540939193257074
22874,1374,Fresno,581.0,0.4467489464178206
22875,1374,Fresno,573.0,0.44425045153521975
22876,1374,Fresno,606.0,0.45349187236604455
22877,1374,Fresno,532.0,0.4334136062612884
22878,1374,Fresno,528.0,0.4322998193859121
22879,1374,Fresno,573.0,0.44425045153521975
22880,1374,Fresno,508.0,0.42576760987357015
22881,722,Fresno,607.0,0.45382299819385913
22882,771,Fresno,0.0,0.0
22883,813,Fresno,0.0,0.0
22884,813,Fresno,1.0,0.007465382299819386
22885,813,Fresno,1.0,0.007465382299819386
22886,813,Fresno,1.0,0.007465382299819386
22887,813,Fresno,1.0,0.007465382299819386
22888,813,Fresno,0.0,0.0
22889,813,Fresno,6.0,0.05770620108368453
22890,813,Fresno,7.0,0.06303431667670079
22891,780,Fresno,21.0,0.1343467790487658
22892,780,Fresno,19.0,0.12332931968693558
22893,780,Fresno,19.0,0.12332931968693558
22894,780,Fresno,20.0,0.1290487658037327
22895,780,Fresno,19.0,0.12332931968693558
22896,780,Fresno,21.0,0.1343467790487658
22897,780,Fresno,19.0,0.12332931968693558
22898,780,Fresno,19.0,0.12332931968693558
22899,780,Fresno,19.0,0.12332931968693558
22900,780,Fresno,19.0,0.12332931968693558
22901,780,Fresno,19.0,0.12332931968693558
22902,780,Fresno,20.0,0.1290487658037327
22903,780,Fresno,25.0,0.14864539434075857
22904,1196,Fresno,1863.0,0.6741119807344973
22905,1196,Fresno,1974.0,0.6893136664659844
22906,1196,Fresno,2030.0,0.6956050571944612
22907,1196,Fresno,2030.0,0.6956050571944612
22908,1196,Fresno,1876.0,0.6766405779650813
22909,1196,Fresno,2031.0,0.6959060806742926
22910,1196,Fresno,1262.0,0.580794701986755
22911,1196,Fresno,2463.0,0.7451234196267309
22912,1196,Fresno,2381.0,0.7372065021071643
22913,1196,Fresno,2451.0,0.743889223359422
22914,1196,Fresno,1819.0,0.6678506923540036
22915,1212,Fresno,146.0,0.29614689945815775
22916,1212,Fresno,146.0,0.29614689945815775
22917,1212,Fresno,149.0,0.2984647802528597
22918,1212,Fresno,146.0,0.29614689945815775
22919,1212,Fresno,146.0,0.29614689945815775
22920,1212,Fresno,146.0,0.29614689945815775
22921,1212,Fresno,146.0,0.29614689945815775
22922,1212,Fresno,146.0,0.29614689945815775
22923,1212,Fresno,147.0,0.29744130042143285
22924,1212,Fresno,146.0,0.29614689945815775
22925,1212,Fresno,146.0,0.29614689945815775
22926,1212,Fresno,146.0,0.29614689945815775
22927,1212,Fresno,66.0,0.2300421432871764
22928,1212,Fresno,285.0,0.3580975316074654
22929,790,Fresno,2147.0,0.7120409391932571
22930,790,Fresno,2147.0,0.7120409391932571
22931,790,Fresno,2147.0,0.7120409391932571
22932,790,Fresno,2148.0,0.7124021673690548
22933,790,Fresno,4132.0,0.8524081878386515
22934,790,Fresno,8248.0,0.9457555689343768
22935,789,Fresno,4103.0,0.8507224563515954
22936,789,Fresno,2038.0,0.6968091511137868
22937,789,Fresno,0.0,0.0
22938,789,Fresno,4103.0,0.8507224563515954
22939,789,Fresno,3247.0,0.8086092715231789
22940,789,Fresno,2453.0,0.7439795304033715
22941,788,Fresno,53.0,0.21080674292594823
22942,788,Fresno,61.0,0.22296809151113786
22943,788,Fresno,53.0,0.21080674292594823
22944,788,Fresno,56.0,0.21694762191450934
22945,788,Fresno,53.0,0.21080674292594823
22946,788,Fresno,63.0,0.22600842865743528
22947,787,Fresno,76.0,0.24211318482841662
22948,787,Fresno,51.0,0.20695364238410596
22949,787,Fresno,88.0,0.25343166767007824
22950,787,Fresno,51.0,0.20695364238410596
22951,787,Fresno,51.0,0.20695364238410596
22952,787,Fresno,51.0,0.20695364238410596
22953,787,Fresno,51.0,0.20695364238410596
22954,787,Fresno,57.0,0.2181216134858519
22955,1035,Fresno,527.0,0.4318181818181818
22956,1035,Fresno,527.0,0.4318181818181818
22957,1035,Fresno,527.0,0.4318181818181818
22958,1035,Fresno,527.0,0.4318181818181818
22959,1035,Fresno,2116.0,0.7078266104756171
22960,1036,Fresno,866.0,0.5104154124021674
22961,1036,Fresno,1309.0,0.5891932570740518
22962,1036,Fresno,1810.0,0.6664057796508127
22963,1288,Fresno,55.0,0.21559301625526792
22964,1288,Fresno,36.0,0.17606863335340156
22965,1288,Fresno,36.0,0.17606863335340156
22966,1288,Fresno,360.0,0.3800120409391933
22967,1290,Fresno,66.0,0.2300421432871764
22968,1290,Fresno,131.0,0.28705599036724866
22969,1290,Fresno,66.0,0.2300421432871764
22970,1188,Fresno,0.0,0.0
22971,1188,Fresno,0.0,0.0
22972,1188,Fresno,0.0,0.0
22973,1188,Fresno,0.0,0.0
22974,1188,Fresno,64.0,0.227423239012643
22975,1177,Fresno,38.0,0.18133654425045154
22976,1275,Fresno,0.0,0.0
22977,1275,Fresno,37.0,0.1790487658037327
22978,1275,Fresno,222.0,0.3344671884406984
22979,1275,Fresno,211.0,0.3295003010234798
22980,1269,Fresno,1.0,0.007465382299819386
22981,1269,Fresno,175.0,0.3124322697170379
22982,1269,Fresno,174.0,0.31152919927754363
22983,1269,Fresno,8.0,0.06815171583383504
22984,1269,Fresno,174.0,0.31152919927754363
22985,1269,Fresno,347.0,0.37715231788079473
22986,1258,Fresno,50.0,0.20463576158940397
22987,1258,Fresno,52.0,0.20875978326309452
22988,1258,Fresno,54.0,0.21351595424443107
22989,1258,Fresno,50.0,0.20463576158940397
22990,1258,Fresno,52.0,0.20875978326309452
22991,1258,Fresno,2.0,0.021763997591812162
22992,1246,Fresno,95.0,0.2596026490066225
22993,1247,Fresno,22.0,0.1382299819385912
22994,1247,Fresno,22.0,0.1382299819385912
22995,1246,Fresno,53.0,0.21080674292594823
22996,1247,Fresno,53.0,0.21080674292594823
22997,1247,Fresno,73.0,0.23883202889825406
22998,1246,Fresno,53.0,0.21080674292594823
22999,1247,Fresno,76.0,0.24211318482841662
23000,1251,Fresno,361.0,0.380373269114991
23001,1251,Fresno,20.0,0.1290487658037327
23002,1251,Fresno,63.0,0.22600842865743528
23003,1251,Fresno,63.0,0.22600842865743528
23004,1250,Fresno,124.0,0.28269114990969296
23005,1250,Fresno,133.0,0.28801926550270923
23006,1250,Fresno,61.0,0.22296809151113786
23007,1030,Fresno,249.0,0.347471402769416
23008,1030,Fresno,106.0,0.26992775436484046
23009,1030,Fresno,106.0,0.26992775436484046
23010,1030,Fresno,106.0,0.26992775436484046
23011,1030,Fresno,106.0,0.26992775436484046
23012,1030,Fresno,107.0,0.27092113184828415
23013,1030,Fresno,68.0,0.23305237808549067
23014,1030,Fresno,108.0,0.2714629741119807
23015,1030,Fresno,76.0,0.24211318482841662
23016,1030,Fresno,157.0,0.303582179409994
23017,1030,Fresno,107.0,0.27092113184828415
23018,1030,Fresno,106.0,0.26992775436484046
23019,1030,Fresno,107.0,0.27092113184828415
23020,1030,Fresno,106.0,0.26992775436484046
23021,1030,Fresno,106.0,0.26992775436484046
23022,1030,Fresno,106.0,0.26992775436484046
23023,1030,Fresno,115.0,0.2762492474413004
23024,1034,Fresno,240.0,0.3428657435279952
23025,1034,Fresno,233.0,0.3395845875978326
23026,1034,Fresno,241.0,0.3434978928356412
23027,1034,Fresno,239.0,0.34229379891631545
23028,1034,Fresno,149.0,0.2984647802528597
23029,1034,Fresno,250.0,0.3478025285972306
23030,1034,Fresno,224.0,0.3349187236604455
23031,1034,Fresno,241.0,0.3434978928356412
23032,1034,Fresno,208.0,0.32853702588801925
23033,1034,Fresno,346.0,0.3769416014449127
23034,1034,Fresno,139.0,0.2910897049969898
23035,1042,Fresno,233.0,0.3395845875978326
23036,1042,Fresno,617.0,0.45623118603251056
23037,1042,Fresno,617.0,0.45623118603251056
23038,1042,Fresno,826.0,0.5011739915713426
23039,1042,Fresno,40.0,0.18552077062010836
23040,1039,Fresno,766.0,0.48982540638169775
23041,1039,Fresno,251.0,0.3480433473810957
23042,1039,Fresno,699.0,0.4746237206502107
23043,1039,Fresno,1.0,0.007465382299819386
23044,1039,Fresno,243.0,0.34467188440698376
23045,1029,Fresno,171.0,0.30942203491872367
23046,1029,Fresno,165.0,0.3069235400361228
23047,1029,Fresno,172.0,0.31005418422636966
23048,1029,Fresno,227.0,0.33558097531607467
23049,1028,Fresno,11.0,0.08383503913305237
23050,1028,Fresno,146.0,0.29614689945815775
23051,1028,Fresno,9.0,0.07393136664659844
23052,1028,Fresno,11.0,0.08383503913305237
23053,1028,Fresno,11.0,0.08383503913305237
23054,1028,Fresno,146.0,0.29614689945815775
23055,1028,Fresno,13.0,0.09331727874774233
23056,1028,Fresno,147.0,0.29744130042143285
23057,1028,Fresno,157.0,0.303582179409994
23058,1028,Fresno,11.0,0.08383503913305237
23059,1028,Fresno,156.0,0.3031005418422637
23060,1028,Fresno,735.0,0.48431667670078266
23061,1233,Fresno,14.0,0.098314268512944
23062,1233,Fresno,7.0,0.06303431667670079
23063,1233,Fresno,56.0,0.21694762191450934
23064,1233,Fresno,14.0,0.098314268512944
23065,1233,Fresno,14.0,0.098314268512944
23066,1233,Fresno,25.0,0.14864539434075857
23067,1233,Fresno,30.0,0.1627031908488862
23068,1233,Fresno,70.0,0.23573148705599037
23069,1233,Fresno,81.0,0.24641782059000603
23070,1233,Fresno,41.0,0.18741721854304635
23071,1236,Fresno,6.0,0.05770620108368453
23072,1236,Fresno,25.0,0.14864539434075857
23073,1236,Fresno,18.0,0.11815171583383503
23074,1236,Fresno,27.0,0.15460565924142083
23075,1236,Fresno,24.0,0.1451234196267309
23076,1236,Fresno,24.0,0.1451234196267309
23077,1236,Fresno,17.0,0.11363636363636363
23078,1236,Fresno,27.0,0.15460565924142083
23079,1236,Fresno,20.0,0.1290487658037327
23080,1236,Fresno,6.0,0.05770620108368453
23081,1236,Fresno,6.0,0.05770620108368453
23082,1236,Fresno,20.0,0.1290487658037327
23083,1236,Fresno,6.0,0.05770620108368453
23084,1236,Fresno,6.0,0.05770620108368453
23085,1236,Fresno,6.0,0.05770620108368453
23086,1236,Fresno,6.0,0.05770620108368453
23087,1236,Fresno,6.0,0.05770620108368453
23088,1236,Fresno,6.0,0.05770620108368453
23089,1236,Fresno,23.0,0.14145093317278748
23090,1236,Fresno,17.0,0.11363636363636363
23091,1236,Fresno,6.0,0.05770620108368453
23092,1236,Fresno,18.0,0.11815171583383503
23093,1243,Fresno,72.0,0.23783865141481036
23094,1243,Fresno,22.0,0.1382299819385912
23095,1243,Fresno,15.0,0.10361228175797713
23096,1243,Fresno,15.0,0.10361228175797713
23097,1243,Fresno,22.0,0.1382299819385912
23098,1243,Fresno,17.0,0.11363636363636363
23099,1243,Fresno,15.0,0.10361228175797713
23100,1243,Fresno,22.0,0.1382299819385912
23101,1243,Fresno,24.0,0.1451234196267309
23102,1243,Fresno,22.0,0.1382299819385912
23103,1243,Fresno,23.0,0.14145093317278748
23104,1243,Fresno,24.0,0.1451234196267309
23105,1243,Fresno,87.0,0.25234798314268514
23106,1242,Fresno,58.0,0.2197471402769416
23107,1242,Fresno,68.0,0.23305237808549067
23108,1242,Fresno,132.0,0.28750752558699577
23109,1242,Fresno,58.0,0.2197471402769416
23110,1242,Fresno,58.0,0.2197471402769416
23111,1242,Fresno,72.0,0.23783865141481036
23112,1237,Fresno,24.0,0.1451234196267309
23113,1237,Fresno,20.0,0.1290487658037327
23114,1237,Fresno,20.0,0.1290487658037327
23115,1237,Fresno,20.0,0.1290487658037327
23116,1237,Fresno,20.0,0.1290487658037327
23117,1237,Fresno,24.0,0.1451234196267309
23118,1237,Fresno,20.0,0.1290487658037327
23119,1237,Fresno,20.0,0.1290487658037327
23120,1237,Fresno,31.0,0.1650812763395545
23121,1237,Fresno,26.0,0.1517760385310054
23122,1237,Fresno,25.0,0.14864539434075857
23123,1237,Fresno,20.0,0.1290487658037327
23124,1237,Fresno,20.0,0.1290487658037327
23125,1237,Fresno,20.0,0.1290487658037327
23126,1237,Fresno,23.0,0.14145093317278748
23127,1237,Fresno,20.0,0.1290487658037327
23128,247,Clovis,5.0,0.050752558699578565
23129,247,Clovis,5.0,0.050752558699578565
23130,247,Clovis,5.0,0.050752558699578565
23131,247,Clovis,33.0,0.16887417218543047
23132,247,Clovis,52.0,0.20875978326309452
23133,247,Clovis,5.0,0.050752558699578565
23134,248,Clovis,0.0,0.0
23135,248,Clovis,406.0,0.39440096327513546
23136,248,Clovis,0.0,0.0
23137,250,Clovis,1682.0,0.65
23138,250,Clovis,1072.0,0.5468091511137869
23139,250,Clovis,492.0,0.42098133654425046
23140,250,Clovis,311.0,0.3662853702588802
23141,250,Clovis,308.0,0.36499096929560504
23142,250,Clovis,55.0,0.21559301625526792
23143,250,Clovis,45.0,0.1942203491872366
23144,250,Clovis,242.0,0.3441601444912703
23145,251,Clovis,0.0,0.0
23146,251,Clovis,839.0,0.5045153521974715
23147,251,Clovis,0.0,0.0
23148,251,Clovis,0.0,0.0
23149,251,Clovis,0.0,0.0
23150,251,Clovis,0.0,0.0
23151,251,Clovis,0.0,0.0
23152,802,Fresno,270.0,0.35316074653823
23153,802,Fresno,270.0,0.35316074653823
23154,802,Fresno,0.0,0.0
23155,802,Fresno,270.0,0.35316074653823
23156,802,Fresno,0.0,0.0
23157,802,Fresno,0.0,0.0
23158,802,Fresno,270.0,0.35316074653823
23159,802,Fresno,270.0,0.35316074653823
23160,802,Fresno,271.0,0.3536122817579771
23161,811,Fresno,50.0,0.20463576158940397
23162,811,Fresno,35.0,0.17357013847080072
23163,811,Fresno,33.0,0.16887417218543047
23164,811,Fresno,33.0,0.16887417218543047
23165,811,Fresno,35.0,0.17357013847080072
23166,811,Fresno,50.0,0.20463576158940397
23167,811,Fresno,35.0,0.17357013847080072
23168,811,Fresno,33.0,0.16887417218543047
23169,811,Fresno,33.0,0.16887417218543047
23170,811,Fresno,55.0,0.21559301625526792
23171,811,Fresno,42.0,0.18895243829018663
23172,811,Fresno,1592.0,0.6367549668874172
23173,811,Fresno,488.0,0.4199277543648405
23174,299,Clovis,11.0,0.08383503913305237
23175,299,Clovis,11.0,0.08383503913305237
23176,299,Clovis,11.0,0.08383503913305237
23177,299,Clovis,11.0,0.08383503913305237
23178,299,Clovis,11.0,0.08383503913305237
23179,299,Clovis,11.0,0.08383503913305237
23180,299,Clovis,11.0,0.08383503913305237
23181,299,Clovis,11.0,0.08383503913305237
23182,299,Clovis,11.0,0.08383503913305237
23183,299,Clovis,11.0,0.08383503913305237
23184,299,Clovis,11.0,0.08383503913305237
23185,299,Clovis,24.0,0.1451234196267309
23186,2705,Fresno,20.0,0.1290487658037327
23187,242,Clovis,415.0,0.39888621312462375
23188,242,Clovis,417.0,0.399789283564118
23189,242,Clovis,415.0,0.39888621312462375
23190,242,Clovis,415.0,0.39888621312462375
23191,242,Clovis,415.0,0.39888621312462375
23192,242,Clovis,413.0,0.39789283564118
23193,244,Clovis,1138.0,0.5578266104756171
23194,244,Clovis,1021.0,0.5365743527995184
23195,244,Clovis,1406.0,0.607796508127634
23196,244,Clovis,1722.0,0.6543949428055388
23197,244,Clovis,1271.0,0.582269717037929
23198,244,Clovis,685.0,0.4722155328115593
23199,244,Clovis,658.0,0.46625526791089705
23200,244,Clovis,1470.0,0.6188741721854305
23201,245,Clovis,416.0,0.39948826008428656
23202,245,Clovis,438.0,0.4059602649006622
23203,245,Clovis,416.0,0.39948826008428656
23204,245,Clovis,839.0,0.5045153521974715
23205,245,Clovis,414.0,0.39834437086092717
23206,245,Clovis,438.0,0.4059602649006622
23207,245,Clovis,438.0,0.4059602649006622
23208,246,Clovis,12.0,0.08880192655027092
23209,246,Clovis,12.0,0.08880192655027092
23210,249,Clovis,3.0,0.033564118001204096
23211,249,Clovis,3.0,0.033564118001204096
23212,249,Clovis,3.0,0.033564118001204096
23213,252,Clovis,48.0,0.200632149307646
23214,252,Clovis,48.0,0.200632149307646
23215,252,Clovis,39.0,0.18323299217338954
23216,252,Clovis,39.0,0.18323299217338954
23217,252,Clovis,147.0,0.29744130042143285
23218,252,Clovis,26.0,0.1517760385310054
23219,252,Clovis,40.0,0.18552077062010836
23220,252,Clovis,13.0,0.09331727874774233
23221,252,Clovis,26.0,0.1517760385310054
23222,249,Clovis,13.0,0.09331727874774233
23223,252,Clovis,8.0,0.06815171583383504
23224,252,Clovis,18.0,0.11815171583383503
23225,252,Clovis,0.0,0.0
23226,252,Clovis,0.0,0.0
23227,252,Clovis,3.0,0.033564118001204096
23228,256,Clovis,46.0,0.19686935580975315
23229,257,Clovis,208.0,0.32853702588801925
23230,257,Clovis,199.0,0.32507525586995784
23231,257,Clovis,39.0,0.18323299217338954
23232,257,Clovis,228.0,0.3358819987959061
23233,260,Clovis,58.0,0.2197471402769416
23234,260,Clovis,167.0,0.3077062010836845
23235,260,Clovis,36.0,0.17606863335340156
23236,261,Clovis,37.0,0.1790487658037327
23237,262,Clovis,223.0,0.3346478025285972
23238,262,Clovis,54.0,0.21351595424443107
23239,262,Clovis,222.0,0.3344671884406984
23240,262,Clovis,155.0,0.30237808549066825
23241,262,Clovis,51.0,0.20695364238410596
23242,262,Clovis,155.0,0.30237808549066825
23243,262,Clovis,131.0,0.28705599036724866
23244,262,Clovis,126.0,0.28425647200481635
23245,269,Clovis,49.0,0.20270921131848285
23246,269,Clovis,45.0,0.1942203491872366
23247,269,Clovis,22.0,0.1382299819385912
23248,269,Clovis,210.0,0.32910897049969895
23249,281,Clovis,67.0,0.23169777242624925
23250,281,Clovis,67.0,0.23169777242624925
23251,281,Clovis,70.0,0.23573148705599037
23252,281,Clovis,104.0,0.267940999397953
23253,281,Clovis,106.0,0.26992775436484046
23254,2713,Unincorporate,18.0,0.11815171583383503
23255,293,Clovis,11.0,0.08383503913305237
23256,293,Clovis,18.0,0.11815171583383503
23257,293,Clovis,7.0,0.06303431667670079
23258,293,Clovis,7.0,0.06303431667670079
23259,293,Clovis,7.0,0.06303431667670079
23260,293,Clovis,26.0,0.1517760385310054
23261,293,Clovis,26.0,0.1517760385310054
23262,293,Clovis,26.0,0.1517760385310054
23263,293,Clovis,11.0,0.08383503913305237
23264,1265,Fresno,9.0,0.07393136664659844
23265,1265,Fresno,8.0,0.06815171583383504
23266,1265,Fresno,8.0,0.06815171583383504
23267,1285,Fresno,45.0,0.1942203491872366
23268,1285,Fresno,64.0,0.227423239012643
23269,1285,Fresno,1.0,0.007465382299819386
23270,1285,Fresno,45.0,0.1942203491872366
23271,1285,Fresno,1.0,0.007465382299819386
23272,1285,Fresno,1.0,0.007465382299819386
23273,1285,Fresno,66.0,0.2300421432871764
23274,1292,Fresno,84.0,0.24909692956050572
23275,1292,Fresno,0.0,0.0
23276,1292,Fresno,36.0,0.17606863335340156
23277,1292,Fresno,1.0,0.007465382299819386
23278,1287,Fresno,48.0,0.200632149307646
23279,1287,Fresno,48.0,0.200632149307646
23280,300,Unincorporate,15.0,0.10361228175797713
23281,1238,Fresno,19.0,0.12332931968693558
23282,1238,Fresno,19.0,0.12332931968693558
23283,1239,Fresno,12.0,0.08880192655027092
23284,1239,Fresno,12.0,0.08880192655027092
23285,1521,Fresno,70.0,0.23573148705599037
23286,1521,Fresno,37.0,0.1790487658037327
23287,1521,Fresno,96.0,0.26056592414208307
23288,270,Clovis,172.0,0.31005418422636966
23289,270,Clovis,174.0,0.31152919927754363
23290,270,Clovis,229.0,0.33684527393136665
23291,270,Clovis,213.0,0.3311860325105358
23292,270,Clovis,189.0,0.320680313064419
23293,270,Clovis,176.0,0.31315472606863337
23294,270,Clovis,214.0,0.33175797712221555
23295,270,Clovis,212.0,0.3303431667670078
23296,270,Clovis,230.0,0.33783865141481034
23297,2771,Clovis,35.0,0.17357013847080072
23298,2771,Clovis,35.0,0.17357013847080072
23299,2771,Clovis,2.0,0.021763997591812162
23300,2771,Clovis,2.0,0.021763997591812162
23301,2771,Clovis,2.0,0.021763997591812162
23302,264,Clovis,206.0,0.32808549066827214
23303,264,Clovis,125.0,0.28365442504515354
23304,1410,Fresno,43.0,0.19039735099337748
23305,1410,Fresno,40.0,0.18552077062010836
23306,1410,Fresno,40.0,0.18552077062010836
23307,1410,Fresno,40.0,0.18552077062010836
23308,1410,Fresno,40.0,0.18552077062010836
23309,1411,Fresno,18.0,0.11815171583383503
23310,1411,Fresno,18.0,0.11815171583383503
23311,1411,Fresno,17.0,0.11363636363636363
23312,1411,Fresno,21.0,0.1343467790487658
23313,1411,Fresno,18.0,0.11815171583383503
23314,1411,Fresno,17.0,0.11363636363636363
23315,1411,Fresno,18.0,0.11815171583383503
23316,1411,Fresno,17.0,0.11363636363636363
23317,1411,Fresno,18.0,0.11815171583383503
23318,1478,Fresno,994.0,0.5321493076459964
23319,1478,Fresno,1208.0,0.571523178807947
23320,1019,Fresno,428.0,0.40301023479831427
23321,1019,Fresno,440.0,0.4067128236002408
23322,1019,Fresno,440.0,0.4067128236002408
23323,260,Clovis,127.0,0.2848284166164961
23324,260,Clovis,612.0,0.4547862733293197
23325,271,Clovis,49.0,0.20270921131848285
23326,271,Clovis,45.0,0.1942203491872366
23327,271,Clovis,47.0,0.19861529199277544
23328,1394,Fresno,76.0,0.24211318482841662
23329,1398,Fresno,226.0,0.3353702588801927
23330,1398,Fresno,124.0,0.28269114990969296
23331,816,Fresno,1313.0,0.5902167369054786
23332,278,Clovis,639.0,0.46261288380493676
23333,297,Clovis,23.0,0.14145093317278748
23334,285,Clovis,73.0,0.23883202889825406
23335,1448,Fresno,1354.0,0.598524984948826
23336,274,Clovis,496.0,0.42251655629139073
23337,286,Clovis,30.0,0.1627031908488862
23338,279,Clovis,155.0,0.30237808549066825
23339,1398,Fresno,1076.0,0.5473509933774835
23340,1340,Fresno,46.0,0.19686935580975315
23341,1341,Fresno,568.0,0.441782059000602
23342,1342,Fresno,399.0,0.3922335942203492
23343,593,Fresno,5812.0,0.9073750752558699
23344,1408,Fresno,41.0,0.18741721854304635
23345,1346,Fresno,96.0,0.26056592414208307
23346,1347,Fresno,52.0,0.20875978326309452
23347,1350,Fresno,383.0,0.3874473208910295
23348,1358,Fresno,16.0,0.10885009030704396
23349,208,Clovis,51.0,0.20695364238410596
23350,298,Clovis,13.0,0.09331727874774233
23351,1023,Fresno,2476.0,0.7463576158940397
23352,294,Clovis,552.0,0.4374774232390126
23353,1231,Fresno,185.0,0.31863335340156534
23354,1414,Fresno,0.0,0.0
23355,1418,Fresno,19.0,0.12332931968693558
23356,1365,Fresno,36.0,0.17606863335340156
23357,805,Fresno,59.0,0.2213726670680313
23358,814,Fresno,23.0,0.14145093317278748
23359,815,Fresno,218.0,0.3332931968693558
23360,728,Fresno,0.0,0.0
23361,1033,Fresno,162.0,0.3052077062010837
23362,1248,Fresno,228.0,0.3358819987959061
23363,1289,Fresno,64.0,0.227423239012643
23364,1263,Fresno,8.0,0.06815171583383504
23365,1198,Fresno,724.0,0.4819385912101144
23366,486,Fresno,471.0,0.4149909692956051
23367,484,Fresno,1471.0,0.6191149909692956
23368,1391,Fresno,56.0,0.21694762191450934
23369,1415,Fresno,47.0,0.19861529199277544
23370,1417,Fresno,4.0,0.04298615291992775
23371,771,Fresno,1.0,0.007465382299819386
23372,1201,Fresno,503.0,0.4243829018663456
23373,1177,Fresno,203.0,0.3267308850090307
23374,1275,Fresno,173.0,0.3106562311860325
23375,1254,Fresno,99.0,0.26462974111980736
23376,1042,Fresno,104.0,0.267940999397953
23377,261,Clovis,179.0,0.3154425045153522
23378,1265,Fresno,9.0,0.07393136664659844
23379,2771,Clovis,67.0,0.23169777242624925
23380,1410,Fresno,42.0,0.18895243829018663
23381,1019,Fresno,374.0,0.3842263696568332
23382,1334,Fresno,244.0,0.34509331727874776
23383,1404,Fresno,97.0,0.26222155328115593
23384,1340,Fresno,235.0,0.34108970499698976
23385,1350,Fresno,811.0,0.49870559903672484
23386,1358,Fresno,0.0,0.0
23387,1366,Fresno,16.0,0.10885009030704396
23388,1419,Fresno,21.0,0.1343467790487658
23389,299,Clovis,11.0,0.08383503913305237
23390,278,Clovis,478.0,0.4170680313064419
23391,278,Clovis,617.0,0.45623118603251056
23392,278,Clovis,618.0,0.4565623118603251
23393,278,Clovis,644.0,0.4638470800722456
23394,278,Clovis,672.0,0.46956652618904277
23395,274,Clovis,471.0,0.4149909692956051
23396,274,Clovis,442.0,0.40743527995183626
23397,274,Clovis,442.0,0.40743527995183626
23398,274,Clovis,447.0,0.40872968091511136
23399,274,Clovis,437.0,0.4054485249849488
23400,274,Clovis,465.0,0.41297411198073447
23401,274,Clovis,629.0,0.4594521372667068
23402,274,Clovis,690.0,0.4731186032510536
23403,155,Clovis,3464.0,0.8222757375075256
23404,155,Clovis,220.0,0.3340156532209512
23405,155,Clovis,164.0,0.30638169777242624
23406,269,Clovis,49.0,0.20270921131848285
23407,269,Clovis,209.0,0.3287778446718844
23408,269,Clovis,88.0,0.25343166767007824
23409,269,Clovis,70.0,0.23573148705599037
23410,270,Clovis,148.0,0.2980132450331126
23411,270,Clovis,189.0,0.320680313064419
23412,270,Clovis,189.0,0.320680313064419
23413,270,Clovis,189.0,0.320680313064419
23414,270,Clovis,189.0,0.320680313064419
23415,270,Clovis,172.0,0.31005418422636966
23416,271,Clovis,184.0,0.31794099939795306
23417,271,Clovis,123.0,0.2817278747742324
23418,271,Clovis,62.0,0.22441300421432872
23419,264,Clovis,137.0,0.28967489464178203
23420,264,Clovis,137.0,0.28967489464178203
23421,264,Clovis,137.0,0.28967489464178203
23422,264,Clovis,139.0,0.2910897049969898
23423,264,Clovis,166.0,0.3072546658639374
23424,1524,Fresno,803.0,0.49723058398555087
23425,1524,Fresno,616.0,0.4558699578567128
23426,1524,Fresno,624.0,0.4582480433473811
23427,1524,Fresno,620.0,0.45701384708007226
23428,1524,Fresno,659.0,0.46664659843467793
23429,1524,Fresno,508.0,0.42576760987357015
23430,1523,Fresno,618.0,0.4565623118603251
23431,1523,Fresno,555.0,0.4382299819385912
23432,1523,Fresno,779.0,0.49316676700782663
23433,1523,Fresno,569.0,0.4422937989163155
23434,1523,Fresno,534.0,0.4338651414810355
23435,1523,Fresno,511.0,0.42679108970499696
23436,1523,Fresno,631.0,0.4600842865743528
23437,1523,Fresno,628.0,0.4590909090909091
23438,1523,Fresno,664.0,0.4678506923540036
23439,1523,Fresno,755.0,0.4876580373269115
23440,1523,Fresno,419.0,0.40033112582781455
23441,1523,Fresno,421.0,0.4009030704394943
23442,1523,Fresno,745.0,0.4863034316676701
23443,1523,Fresno,776.0,0.49250451535219747
23444,1523,Fresno,382.0,0.3870860927152318
23445,1521,Fresno,111.0,0.2730583985550873
23446,1521,Fresno,143.0,0.2937387116195063
23447,1478,Fresno,1813.0,0.666887417218543
23448,1478,Fresno,988.0,0.5311860325105359
23449,1478,Fresno,1767.0,0.660144491270319
23450,1478,Fresno,697.0,0.4741721854304636
23451,1478,Fresno,1479.0,0.6204394942805539
