TAZ,SOI,POP,HH,HU,HU_SF,HU_MF,HU_OTH,EMP,EMP_EDU,EMP_FOO,EMP_GOV,EMP_IND,EMP_MED,EMP_OFC,EMP_OTH,EMP_RET,EMP_AGR,ELEM,HS,COLLEGE
101,Clovis,981,397,409.000204969872,409.0001630233032,3.243399923897059e-05,9.512569566601329e-06,291.25650668832,16.0,47.0,0.0,0.0,28.0,26.0,48.0,58.0,68.25650668832,115,0,0
102,Clovis,0,0,0.0,0.0,0.0,0.0,368.0,368.0,0.0,0.0,0.0,0.0,0.0,0.0,0.0,0.0,2114,2706,0
103,Clovis,1545,529,591.57882865904,401.05107785972154,190.4080683953627,0.11968240395575414,551.9573058677721,0.0,230.0,0.0,6.0,101.0,79.0,13.0,94.0,28.957305867772124,0,0,0
104,Clovis,1336,517,533.20408349072,531.3204909526141,1.4564347141390332,0.42715782396683544,129.0,3.0,14.0,0.0,33.0,13.0,65.0,1.0,0.0,0.0,0,0,0
105,Clovis,1375,474,490.65204875792,490.5186086195143,0.10317881702218655,0.030261321383515272,116.33339031582545,0.0,13.0,0.0,2.0,37.0,10.0,14.0,0.0,40.333390315825454,0,0,0
106,Clovis,1654,438,450.0,450.0,0.0,0.0,117.1367579811103,54.0,2.0,0.0,40.0,12.0,2.0,0.0,3.0,4.1367579811103035,637,0,0
107,Clovis,1040,404,431.0,191.0,240.0,0.0,1061.0,15.0,118.0,0.0,100.0,162.0,44.0,55.0,567.0,0.0,0,0,0
108,Clovis,278,109,116.0,116.0,0.0,0.0,1920.4616436599854,0.0,0.0,249.0,897.0,258.0,211.0,22.0,209.0,74.46164365998547,0,0,0
109,Clovis,1058,378,391.05403871744,218.01974240482326,172.79974040240987,0.23455591020686473,632.12825334416,0.0,19.0,0.0,64.0,267.0,164.0,23.0,61.0,34.12825334416001,0,0,0
110,Clovis,0,0,0.0,0.0,0.0,0.0,311.0,0.0,164.0,0.0,0.0,5.0,5.0,48.0,89.0,0.0,0,0,0
111,Clovis,394,139,146.20887847007998,144.7335996215075,1.1407176895363733,0.3345611590361463,28.0,0.0,0.0,0.0,1.0,3.0,24.0,0.0,0.0,0.0,0,0,0
112,Clovis,0,0,0.0,0.0,0.0,0.0,910.0,0.0,182.0,0.0,0.0,17.0,1.0,23.0,687.0,0.0,0,0,0
113,Clovis,654,218,217.0,117.0,100.0,0.0,13.170947476387878,0.0,0.0,0.0,0.0,4.0,4.0,0.0,0.0,5.170947476387879,0,0,0
114,Clovis,417,139,139.0,139.0,0.0,0.0,183.17094747638788,0.0,27.0,0.0,0.0,5.0,23.0,53.0,70.0,5.170947476387879,0,0,0
115,Clovis,1008,336,335.0,231.0,104.0,0.0,10.034189495277577,0.0,0.0,0.0,0.0,3.0,6.0,0.0,0.0,1.0341894952775759,0,0,0
116,Clovis,375,125,124.0,4.0,120.0,0.0,801.4102739433309,0.0,125.0,0.0,21.0,297.0,137.0,105.0,104.0,12.41027394333091,0,0,0
117,Clovis,1636,469,481.0,481.0,0.0,0.0,55.0,0.0,0.0,0.0,7.0,14.0,7.0,27.0,0.0,0.0,0,0,0
118,Clovis,289,85,85.75996180978001,85.75996180978001,0.0,0.0,107.06837899055515,47.0,0.0,0.0,7.0,5.0,45.0,1.0,0.0,2.0683789905551517,925,0,0
119,Clovis,609,186,210.0,210.0,0.0,0.0,58.13675798111031,0.0,26.0,0.0,26.0,0.0,2.0,0.0,0.0,4.1367579811103035,0,0,0
120,Clovis,591,197,197.0,197.0,0.0,0.0,34.61541091499637,0.0,0.0,0.0,0.0,1.0,15.0,0.0,0.0,18.615410914996367,0,0,0
121,Clovis,15,5,5.0,5.0,0.0,0.0,899.5128424291636,0.0,0.0,0.0,30.0,30.0,199.0,611.0,14.0,15.512842429163637,0,0,0
122,Clovis,21,7,7.0,7.0,0.0,0.0,44.43595880165819,0.0,0.0,0.0,0.0,1.0,0.0,0.0,0.0,43.43595880165819,0,0,0
123,Clovis,195,65,65.0,65.0,0.0,0.0,266.0,0.0,115.0,0.0,14.0,32.0,24.0,6.0,75.0,0.0,0,0,0
124,Clovis,72,24,24.0,24.0,0.0,0.0,2.0,0.0,0.0,0.0,0.0,2.0,0.0,0.0,0.0,0.0,0,0,0
125,Clovis,21,7,7.0,7.0,0.0,0.0,57.538527287490915,0.0,0.0,0.0,0.0,0.0,11.0,0.0,0.0,46.538527287490915,0,0,0
126,Clovis,0,0,0.0,0.0,0.0,0.0,129.17094747638788,0.0,0.0,0.0,1.0,71.0,51.0,0.0,1.0,5.170947476387879,0,0,0
127,Clovis,7,2,2.4209036483600004,2.4209036483600004,0.0,0.0,2733.0,0.0,144.0,0.0,0.0,2561.0,16.0,12.0,0.0,0.0,0,0,0
128,Clovis,1418,469,475.13787961248,472.0245727732567,2.407276555135951,0.7060302840873447,145.2735159622206,73.0,0.0,0.0,11.0,17.0,20.0,16.0,0.0,8.273515962220607,0,0,1252
129,Clovis,534,180,182.5326283768,177.30583993087188,4.041466496658348,1.185321949269777,117.27351596222061,27.0,0.0,0.0,0.0,10.0,2.0,0.0,70.0,8.273515962220607,78,0,0
130,Clovis,239,125,125.12845179744,124.48822200515018,0.4950395988798058,0.14519019341001962,229.8462327449891,9.0,0.0,0.0,9.0,7.0,44.0,51.0,54.0,55.846232744989095,0,0,0
131,Clovis,392,185,185.0,66.0,119.0,0.0,189.17094747638788,0.0,0.0,0.0,0.0,181.0,3.0,0.0,0.0,5.170947476387879,0,0,0
132,Clovis,0,0,0.0,0.0,0.0,0.0,383.0,234.0,145.0,0.0,0.0,0.0,1.0,0.0,3.0,0.0,0,0,260
133,Clovis,0,0,0.0,0.0,0.0,0.0,343.0,0.0,128.0,0.0,0.0,0.0,19.0,12.0,184.0,0.0,0,0,0
134,Clovis,1323,458,459.77172287659,423.7597347527808,36.01198812380927,0.0,138.76521818400184,0.05384620694838001,21.31740921990624,0.034952801001580006,1.0,44.22105284957756,15.05856955843508,7.0,25.25883966147116,24.82054788666182,0,0,0
135,Clovis,0,0,0.0,0.0,0.0,0.0,5963.6242574469,3916.0,443.0,4.0,983.0,2.0,69.0,95.0,221.0,230.6242574468994,109,685,671
136,Clovis,833,308,308.243201112,57.1027674724102,251.1404336395898,0.0,82.0,0.0,24.0,0.0,0.0,5.0,6.0,25.0,22.0,0.0,0,0,0
137,Clovis,764,284,285.4582938114,285.4582938114,0.0,0.0,94.78635839138424,39.0,0.0,0.0,0.0,32.0,0.0,0.0,0.0,23.786358391384244,651,0,0
138,Clovis,1494,506,552.88507724624,452.7039484137663,100.14005275239172,0.04107608008202267,179.401940253857,0.0,2.0,0.0,1.0,7.0,3.0,2.0,1.0,163.401940253857,0,0,0
139,Clovis,767,255,254.48748812512,105.48748812512,149.0,0.0,182.7179794008291,42.0,0.0,0.0,1.0,111.0,4.0,3.0,0.0,21.717979400829094,747,0,0
140,Clovis,1836,676,676.0,365.0,311.0,0.0,124.0,45.0,0.0,0.0,1.0,31.0,46.0,0.0,1.0,0.0,702,0,0
141,Clovis,453,167,167.54722623694002,124.61083456456532,42.72403840538071,0.21235326699396195,58.82054788666182,0.0,0.0,0.0,4.0,30.0,0.0,0.0,0.0,24.82054788666182,0,0,0
142,Clovis,104,38,38.0,0.0,38.0,0.0,122.4102739433309,0.0,0.0,0.0,8.0,90.0,12.0,0.0,0.0,12.41027394333091,0,0,0
143,Clovis,49,26,26.18465451568,26.146865433452195,0.029219340201557052,0.008569742026248012,34.0,0.0,0.0,0.0,0.0,34.0,0.0,0.0,0.0,0.0,0,0,0
144,Clovis,1019,525,521.0,0.0,521.0,0.0,73.0,0.0,40.0,0.0,0.0,18.0,8.0,0.0,7.0,0.0,0,0,0
145,Clovis,584,285,286.28174534604,250.28174534604,36.0,0.0,146.5928380254182,41.6213442223484,6.0,0.4070875939524001,41.0,28.571079540752002,18.6856212108672,0.0,1.0,9.307705457498184,639,0,0
146,Clovis,340,159,159.0,42.0,117.0,0.0,381.0,0.0,156.0,0.0,15.0,84.0,67.0,28.0,31.0,0.0,0,0,0
147,Clovis,0,0,0.0,0.0,0.0,0.0,13.0,0.0,13.0,0.0,0.0,0.0,0.0,0.0,0.0,0.0,0,0,0
148,Clovis,0,0,0.07216450525,0.0,0.07216450525,0.0,263.9132285564,0.0211926142,32.0200964445,0.7444184226,4.0,13.087693576,205.0233849536,8.0,1.0164425455,0.0,0,0,0
149,Clovis,1066,453,468.19776384349996,219.69312355616003,248.50464028733998,0.0,354.9333873,38.736272926800005,36.73267260299999,25.378937434799997,0.0,176.288025904,45.74347357440001,2.0,30.054004856999995,0.0,0,0,0
150,Clovis,214,94,97.08812320103999,73.60565990207999,23.48246329896,0.0,796.478652933886,70.0,0.0,703.0,5.0,1.0,3.0,0.0,0.0,14.478652933886062,0,0,183
151,Clovis,800,363,433.0,30.0,403.0,0.0,110.4102739433309,0.0,0.0,0.0,33.0,19.0,29.0,6.0,11.0,12.41027394333091,0,0,0
152,Clovis,866,251,292.667477568,292.667477568,0.0,0.0,175.20530791914183,0.0,3.0,0.0,0.0,22.0,23.0,0.0,0.0,127.20530791914183,0,0,0
153,Clovis,1564,522,522.8058309481601,520.5944448212839,1.709891845710214,0.5014942811658955,111.58122141971879,43.0,0.0,0.0,13.0,34.0,4.0,0.0,0.0,17.58122141971879,0,0,0
154,Clovis,975,482,482.47309240432,478.6926205036033,2.923143089942254,0.8573288107744372,26.034189495277577,0.0,5.0,0.0,1.0,15.0,1.0,3.0,0.0,1.0341894952775759,0,0,0
155,Clovis,788,262,261.0,181.0,80.0,0.0,48.0,0.0,0.0,0.0,1.0,39.0,8.0,0.0,0.0,0.0,0,0,0
156,Clovis,2938,1304,1299.32221630104,0.0,1009.32221630104,290.0,71.45748523808,0.0,0.0,0.0,1.0,39.0,18.0,3.0,10.45748523808,0.0,0,0,0
157,Clovis,235,112,111.72339916672,29.0,82.72339916672,0.0,3.0,0.0,0.0,0.0,0.0,3.0,0.0,0.0,0.0,0.0,0,0,0
158,Clovis,1668,732,728.0,31.0,697.0,0.0,129.0341894952776,0.0,26.0,0.0,1.0,13.0,19.0,44.0,25.0,1.0341894952775759,0,0,0
159,Clovis,995,340,338.0,0.0,338.0,0.0,15.0,0.0,0.0,0.0,0.0,15.0,0.0,0.0,0.0,0.0,0,0,0
160,Clovis,1078,549,549.05573660734,297.17486171328,250.88087489406,1.0,653.38618517072,34.746498816400006,32.949266119,27.612349771119995,145.0,259.778615792,109.3409642112,17.0,26.958490460999997,0.0,242,0,0
161,Clovis,91,34,35.496483938500006,0.0,35.496483938500006,0.0,184.86451630000002,10.4242838908,9.885096793,6.829703238799999,0.0,44.134967824,12.502658086400002,30.0,71.08780646700001,0.0,0,0,0
162,Clovis,661,274,280.0147474998,63.0,217.01474749980005,0.0,1471.9865680470941,51.50008869205221,359.6618509502657,33.7379817105602,38.0,250.08515445225638,294.81869923222524,309.0,107.2596766372404,27.92311637249455,0,0,0
163,Clovis,2177,482,481.61370721984,259.61370721983997,222.0,0.0,523.4532426535225,89.72047643628,0.0,68.64445769728,158.267529883372,42.0,11.0,97.82894137858801,23.0,32.991837258002455,1432,0,0
164,Clovis,1474,507,527.5499712612,517.4917906871113,9.863818516741263,0.19436205734741757,37.27351596222061,0.0,0.0,0.0,0.0,18.0,10.0,1.0,0.0,8.273515962220607,0,0,0
165,Clovis,699,258,258.0,258.0,0.0,0.0,344.0683789905552,327.0,11.0,0.0,0.0,4.0,0.0,0.0,0.0,2.0683789905551517,712,2944,0
166,Clovis,1432,534,572.0,572.0,0.0,0.0,49.06837899055515,3.0,4.0,0.0,0.0,16.0,24.0,0.0,0.0,2.0683789905551517,0,0,0
167,Clovis,1728,576,576.0,576.0,0.0,0.0,151.20513697166547,0.0,3.0,0.0,109.0,25.0,2.0,3.0,3.0,6.205136971665455,0,0,0
168,Clovis,0,0,0.0,0.0,0.0,0.0,0.0,0.0,0.0,0.0,0.0,0.0,0.0,0.0,0.0,0.0,0,0,0
169,Fresno,0,0,0.0,0.0,0.0,0.0,523.0,0.0,2.0,0.0,0.0,0.0,2.0,78.0,441.0,0.0,0,0,0
170,Clovis,1431,530,584.0,466.0,118.0,0.0,54.03418949527757,0.0,0.0,0.0,8.0,30.0,0.0,5.0,10.0,1.0341894952775759,0,0,0
171,Clovis,0,0,0.0,0.0,0.0,0.0,375.0,0.0,300.0,0.0,3.0,11.0,28.0,23.0,10.0,0.0,0,0,437
172,Clovis,620,345,389.0,0.0,66.0,323.0,15.0,0.0,0.0,0.0,0.0,11.0,4.0,0.0,0.0,0.0,0,0,0
173,Clovis,852,474,537.83813770913,110.63697278694413,203.20116492218588,224.0,102.00745731582606,0.08068885505538001,24.47563956664224,0.05237697608858001,0.0,51.33124898391156,5.08776682479708,0.0,6.50108317544516,14.478652933886062,0,0,0
174,Clovis,0,0,0.0,0.0,0.0,0.0,565.0,0.0,113.0,0.0,0.0,21.0,12.0,2.0,417.0,0.0,0,0,0
175,Clovis,2,1,1.0,1.0,0.0,0.0,125.0,0.0,54.0,0.0,16.0,32.0,0.0,4.0,19.0,0.0,0,0,0
176,Clovis,1428,567,567.71909840468,317.37722147742113,250.34187692725885,0.0,555.8597530978502,76.60255743093752,138.60478654701697,2.88913282129032,0.0,180.42119063095822,110.11159751760432,2.0,41.09373016893264,4.1367579811103035,545,0,0
177,Clovis,104,41,41.0,8.0,33.0,0.0,344.0,32.0,109.0,0.0,12.0,47.0,64.0,12.0,68.0,0.0,0,0,0
178,Clovis,802,330,377.0,0.0,377.0,0.0,861.8765555565456,4.389313030240051,15.581540688596451,2.9262086868267003,434.0662321844709,56.3553090355493,47.921350973299454,143.885528079059,32.36562905611805,124.38544382238551,0,0,0
179,Clovis,0,0,0.0,0.0,0.0,0.0,635.0341894952776,0.0,257.0,0.0,29.0,2.0,33.0,24.0,289.0,1.0341894952775759,0,0,25
180,Clovis,954,414,477.0,477.0,0.0,0.0,357.6135093224,54.2973729518856,11.0,6.091382278821601,18.0,121.47188807676801,85.2591701538048,10.0,51.49369586112,0.0,617,0,0
181,Clovis,1049,399,437.0,437.0,0.0,0.0,378.0683789905552,9.0,133.0,27.0,4.0,80.0,17.0,21.0,85.0,2.0683789905551517,0,0,0
182,Clovis,1359,537,566.0,566.0,0.0,0.0,50.0,0.0,9.0,0.0,6.0,10.0,25.0,0.0,0.0,0.0,0,0,0
183,Clovis,1825,480,480.0,480.0,0.0,0.0,97.30770545749819,42.0,4.0,0.0,5.0,28.0,9.0,0.0,0.0,9.307705457498184,796,0,0
184,Clovis,0,0,0.0,0.0,0.0,0.0,300.49933759072,0.0,13.0,0.0,0.0,0.0,2.0,0.0,285.49933759072,0.0,0,0,0
185,Clovis,934,318,344.11459366048,233.11459366048,111.0,0.0,56.41027394333091,0.0,32.0,0.0,0.0,9.0,3.0,0.0,0.0,12.41027394333091,0,0,0
186,Clovis,158,54,58.0,0.0,0.0,58.0,379.89374433797,1.23030932904495,187.12507975016854,0.8202062193633,0.0,11.1449299214607,13.37943773256555,0.0,166.19378138536695,0.0,0,0,0
187,Clovis,1637,572,610.9575049764001,0.0,610.9575049764001,0.0,103.35861652464001,12.376999396072803,0.0,8.109068569840801,2.0,67.215169914784,13.657378643942405,0.0,0.0,0.0,0,0,0
188,Clovis,1384,442,489.0,287.0,202.0,0.0,26.0,0.0,0.0,0.0,0.0,26.0,0.0,0.0,0.0,0.0,0,0,0
189,Clovis,1928,745,790.0,0.0,790.0,0.0,539.1018222009802,8.17437301387945,77.02846247851905,2.9890527275462997,1.0,97.9110144216777,51.316721257986046,60.0,236.54544032026143,4.1367579811103035,0,0,0
190,Clovis,749,235,236.41464883984,181.24372862112,55.17092021872,0.0,60.0765395567,42.0765395567,0.0,0.0,0.0,18.0,0.0,0.0,0.0,0.0,716,0,0
191,Clovis,730,217,217.0,1.0,216.0,0.0,1342.8795087463127,41.0,313.0,0.0,43.0,112.0,105.0,56.0,669.7769402604799,3.1025684858327276,0,0,0
192,Clovis,813,394,394.99233975888006,340.1136928,54.878646958880005,0.0,58.51284242916364,0.0,7.0,0.0,0.0,14.0,4.0,1.0,17.0,15.512842429163637,0,0,0
193,Clovis,0,0,0.0,0.0,0.0,0.0,1205.0,0.0,501.0,0.0,0.0,9.0,80.0,87.0,528.0,0.0,0,0,0
194,Clovis,1221,526,566.95622285576,83.0,483.95622285576,0.0,75.0,21.0,48.0,0.0,1.0,5.0,0.0,0.0,0.0,0.0,0,0,0
195,Clovis,1890,846,918.14840320216,500.0,418.14840320216,0.0,456.16907065256964,2.8327647424644,63.0,1.8559493140284002,0.0,227.721785141232,102.1258093709952,0.0,51.0,7.6327620838497126,0,0,0
196,Clovis,1164,412,415.0,370.0,45.0,0.0,397.61541091499635,0.0,0.0,0.0,29.0,75.0,63.0,19.0,193.0,18.615410914996364,0,0,0
197,Clovis,859,304,307.0,307.0,0.0,0.0,87.58122141971879,0.0,0.0,0.0,13.0,32.0,25.0,0.0,0.0,17.58122141971879,0,0,0
198,Clovis,1824,493,493.0,493.0,0.0,0.0,119.64960041027393,39.0,0.0,0.0,11.0,24.0,9.0,8.0,9.0,19.64960041027394,768,0,0
199,Clovis,1544,473,473.38455330376,246.0,227.38455330376001,0.0,456.323783398674,19.237756533318,27.0,12.604047383898001,36.0,233.60450979304002,107.227869278144,1.0,0.0,19.64960041027394,0,0,0
200,Clovis,3355,1203,1200.42847990429,469.76613501543966,730.6623448888504,0.0,225.18145847496058,0.10875272322618,15.64106868428064,0.07059387297138,3.0,137.44645854798117,18.11829243578988,2.0,40.52277624849076,8.273515962220607,0,0,0
201,Clovis,2229,699,700.4274028641601,527.0,173.42740286416,0.0,127.16244283943757,0.0,0.0,0.0,0.0,40.0,3.0,39.0,10.0,35.16244283943758,0,0,0
202,Clovis,903,322,322.3745002096,322.3745002096,0.0,0.0,7.5741845984000005,0.0,0.0,0.0,0.0,2.0,0.0,0.0,5.5741845984000005,0.0,0,0,0
203,Clovis,926,399,400.34169078907996,400.34169078907996,0.0,0.0,843.1799649557673,0.0,0.0,0.0,76.0,1.0,382.0,12.0,34.0,338.17996495576733,0,0,0
204,Clovis,1580,468,536.6894616601601,536.6894616601601,0.0,0.0,361.1709474763879,0.0,165.0,0.0,0.0,15.0,1.0,32.0,143.0,5.170947476387879,0,0,0
205,Clovis,1359,393,393.30939454854,359.4615154707034,33.02734725519172,0.8205318226448985,176.75129234444,42.04282366363308,15.25243422773184,0.02779781674428,4.0,57.17580240859896,28.04658012535528,7.0,23.20585410237656,0.0,660,0,0
206,Clovis,1101,314,314.0,314.0,0.0,0.0,120.64109577332366,0.0,0.0,0.0,26.0,40.0,4.0,1.0,0.0,49.64109577332364,0,0,0
207,Clovis,1968,532,532.0,484.0,48.0,0.0,38.17094747638788,15.0,0.0,0.0,2.0,11.0,5.0,0.0,0.0,5.170947476387879,0,0,0
208,Clovis,1332,443,444.0,444.0,0.0,0.0,23.273515962220607,0.0,2.0,0.0,0.0,9.0,2.0,0.0,2.0,8.273515962220607,0,0,0
209,Clovis,481,137,137.0,137.0,0.0,0.0,28.47865293388606,0.0,0.0,0.0,0.0,14.0,0.0,0.0,0.0,14.478652933886062,0,0,0
210,Clovis,235,67,67.0,67.0,0.0,0.0,84.10256848583273,0.0,76.0,0.0,0.0,2.0,0.0,0.0,3.0,3.1025684858327276,0,0,0
211,Clovis,833,308,313.0,313.0,0.0,0.0,111.37608444805335,45.0,15.0,0.0,0.0,15.0,0.0,0.0,25.0,11.376084448053334,613,0,0
212,Clovis,897,311,379.0,368.0,0.0,11.0,839.2223171930424,0.0,0.0,0.0,418.0,109.0,52.0,193.0,0.0,67.22231719304243,0,0,0
213,Clovis,1150,401,489.0,489.0,0.0,0.0,20.0677679936,0.0,0.0,0.0,0.0,8.0,0.0,0.0,12.0677679936,0.0,0,0,0
214,Clovis,873,342,347.02568738112,347.02568738112,0.0,0.0,61.53806457216,0.0,0.0,0.0,0.0,0.0,0.0,0.0,61.53806457216,0.0,0,0,0
215,Clovis,3,1,1.0,1.0,0.0,0.0,940.0374064464776,0.0,44.0,0.0,245.0,0.0,275.0,29.0,311.87496360704,35.162442839437574,0,0,0
241,Clovis,481,181,187.8896267104,0.0,187.8896267104,0.0,0.0,0.0,0.0,0.0,0.0,0.0,0.0,0.0,0.0,0.0,0,0,0
242,Clovis,1351,508,526.44732990845,275.7722301001236,250.67509980832642,0.0,85.69259884313516,4.76658053159706,28.097737870466883,3.0940961345454605,0.0,19.568067445503722,5.18470163085996,0.0,22.913036239606924,2.0683789905551517,0,0,0
243,Clovis,198,68,73.35707653044,73.35707653044,0.0,0.0,12.341894952775759,0.0,0.0,0.0,0.0,0.0,2.0,0.0,0.0,10.341894952775759,0,0,0
244,Clovis,30,10,10.0,10.0,0.0,0.0,25.034189495277577,0.0,0.0,0.0,0.0,0.0,0.0,0.0,24.0,1.0341894952775759,0,0,0
245,Clovis,692,258,267.75882220325,127.04559278245459,140.7132294207954,0.0,461.12870893440794,2.6458671157016993,15.596690366241601,1.7174926891397004,0.0,10.861980790775402,2.8779607223422,0.0,12.718729643899403,414.70998760630795,0,0,0
246,Clovis,792,298,308.73929352148,183.84237442260095,124.89691909887902,0.0,42.08435662904,2.3988083278552805,14.14034382735744,1.5571211952744806,0.0,9.84773945119536,2.60923011100048,0.0,11.531113716356959,0.0,0,0,0
247,Clovis,9,3,3.0,3.0,0.0,0.0,4.0,0.0,0.0,0.0,0.0,0.0,4.0,0.0,0.0,0.0,0,0,0
248,Clovis,35,13,12.914715000080001,8.360710905082732,4.551980400623575,0.002023694373694886,0.0,0.0,0.0,0.0,0.0,0.0,0.0,0.0,0.0,0.0,0,0,0
249,Clovis,894,337,349.5566196339199,349.5566196339199,0.0,0.0,3.0,0.0,0.0,0.0,0.0,0.0,3.0,0.0,0.0,0.0,0,0,0
250,Clovis,0,0,0.0,0.0,0.0,0.0,0.0,0.0,0.0,0.0,0.0,0.0,0.0,0.0,0.0,0.0,0,0,0
251,Clovis,876,330,342.15303120466996,230.013689088929,112.13934211574094,0.0,25.172503394939998,1.4348326935115798,8.457961140699839,0.9313826256127802,0.0,5.89036579441596,1.56069521048628,0.0,6.8972659302135595,0.0,0,0,0
252,Clovis,1028,348,372.95729112412,372.95729112412,0.0,0.0,0.0,0.0,0.0,0.0,0.0,0.0,0.0,0.0,0.0,0.0,0,0,0
253,Clovis,1531,614,638.0,638.0,0.0,0.0,24.0,0.0,0.0,0.0,3.0,19.0,2.0,0.0,0.0,0.0,0,0,0
254,Clovis,2052,553,621.0,621.0,0.0,0.0,30.0,0.0,0.0,0.0,1.0,16.0,4.0,3.0,6.0,0.0,0,0,0
255,Clovis,1329,425,466.0,466.0,0.0,0.0,71.30770545749819,39.0,3.0,0.0,1.0,10.0,9.0,0.0,0.0,9.307705457498184,723,0,0
256,Clovis,1254,403,432.74845766942,432.74845766942,0.0,0.0,35.0,0.0,1.0,0.0,12.0,5.0,14.0,2.0,1.0,0.0,0,0,0
257,Clovis,595,190,209.09930004644,209.09930004644,0.0,0.0,56.03418949527757,0.0,43.0,0.0,0.0,1.0,9.0,1.0,1.0,1.0341894952775759,0,0,0
258,Clovis,1024,256,256.48066333322004,256.48066333322004,0.0,0.0,86.4444634386085,0.0,0.0,0.0,65.0,3.0,1.0,4.0,0.0,13.444463438608487,0,0,0
259,Clovis,692,221,247.0,247.0,0.0,0.0,12.136757981110303,0.0,0.0,0.0,2.0,5.0,1.0,0.0,0.0,4.1367579811103035,0,0,0
260,Clovis,177,60,64.5344654839,64.5344654839,0.0,0.0,10.034189495277577,0.0,0.0,0.0,0.0,0.0,9.0,0.0,0.0,1.0341894952775759,0,0,0
261,Clovis,345,123,130.66350898324,115.36612941402144,11.828266564686777,3.4691130045318026,12.17094747638788,0.0,0.0,0.0,0.0,1.0,6.0,0.0,0.0,5.170947476387879,0,0,0
262,Clovis,218,57,57.2259208674,57.2259208674,0.0,0.0,6.0,0.0,0.0,0.0,0.0,4.0,2.0,0.0,0.0,0.0,0,0,0
263,Clovis,1495,391,404.0,404.0,0.0,0.0,135.7179794008291,0.0,62.0,0.0,1.0,11.0,6.0,24.0,10.0,21.717979400829094,0,0,0
264,Clovis,1227,374,423.0,423.0,0.0,0.0,50.0,0.0,0.0,0.0,28.0,3.0,8.0,7.0,4.0,0.0,0,0,0
265,Clovis,1116,352,372.0,372.0,0.0,0.0,100.37608444805335,0.0,4.0,0.0,1.0,23.0,61.0,0.0,0.0,11.376084448053335,0,0,0
266,Clovis,672,212,224.0,224.0,0.0,0.0,18.102568485832727,0.0,0.0,0.0,0.0,7.0,4.0,4.0,0.0,3.1025684858327276,0,0,0
267,Clovis,1554,601,619.94140755419,619.0,0.9414075541900001,0.0,46.51662153214515,0.28705079842252,0.27220334333170004,4.161734457603719,6.0,17.1877964072656,16.31674570860416,0.0,0.22271182636230002,2.0683789905551517,0,0,0
268,Clovis,1658,576,600.0,600.0,0.0,0.0,95.17094747638788,38.0,24.0,0.0,1.0,12.0,15.0,0.0,0.0,5.170947476387879,837,0,0
269,Clovis,762,241,254.0,254.0,0.0,0.0,22.0,0.0,0.0,0.0,0.0,21.0,0.0,1.0,0.0,0.0,0,0,0
270,Clovis,696,236,250.0,250.0,0.0,0.0,4.0,0.0,0.0,0.0,3.0,0.0,1.0,0.0,0.0,0.0,0,0,0
271,Clovis,339,107,113.0,113.0,0.0,0.0,23.0,0.0,2.0,0.0,15.0,4.0,2.0,0.0,0.0,0.0,0,0,0
272,Clovis,118,45,45.47381537352,45.47381537352,0.0,0.0,67.15393820248728,0.0,0.0,0.0,0.0,2.0,0.0,0.0,0.0,65.15393820248728,0,0,0
273,Clovis,157,61,60.74457227616,60.74457227616,0.0,0.0,10.0,0.0,0.0,0.0,3.0,4.0,3.0,0.0,0.0,0.0,0,0,0
274,Clovis,1757,532,532.0,532.0,0.0,0.0,22.068378990555154,1.0,0.0,0.0,0.0,11.0,7.0,0.0,1.0,2.0683789905551517,0,0,0
275,Clovis,1224,364,364.21349775936,361.30474118985387,2.2491138381068634,0.6596427313992962,38.17094747638788,0.0,19.0,0.0,6.0,4.0,4.0,0.0,0.0,5.170947476387879,0,0,0
276,Clovis,62,19,19.65734199008,19.65734199008,0.0,0.0,3.0683789905551517,0.0,0.0,0.0,0.0,0.0,1.0,0.0,0.0,2.0683789905551517,0,0,0
277,Clovis,1992,585,588.28318318304,588.28318318304,0.0,0.0,17.102568485832727,0.0,0.0,0.0,4.0,7.0,3.0,0.0,0.0,3.1025684858327276,0,0,0
278,Clovis,1500,454,454.0,453.0,1.0,0.0,87.06837899055515,0.0,15.0,0.0,4.0,28.0,18.0,20.0,0.0,2.0683789905551517,0,0,0
279,Clovis,1755,514,516.0,516.0,0.0,0.0,59.0,0.0,39.0,0.0,1.0,5.0,0.0,2.0,12.0,0.0,0,0,0
280,Clovis,504,147,148.0,148.0,0.0,0.0,12.0,0.0,0.0,0.0,0.0,3.0,9.0,0.0,0.0,0.0,0,0,0
281,Clovis,560,174,176.95377231824003,176.95377231824003,0.0,0.0,0.0,0.0,0.0,0.0,0.0,0.0,0.0,0.0,0.0,0.0,0,0,0
282,Clovis,1598,444,444.0,444.0,0.0,0.0,56.547031924441214,0.0,0.0,0.0,4.0,21.0,11.0,2.0,2.0,16.547031924441214,0,0,0
283,Clovis,1152,336,337.0,207.0,130.0,0.0,4.0,0.0,0.0,0.0,2.0,1.0,0.0,0.0,1.0,0.0,0,0,0
284,Clovis,522,153,153.0,153.0,0.0,0.0,5.0,0.0,0.0,0.0,0.0,2.0,1.0,2.0,0.0,0.0,0,0,0
285,Clovis,1182,347,348.0,348.0,0.0,0.0,16.0,0.0,0.0,0.0,2.0,14.0,0.0,0.0,0.0,0.0,0,0,0
286,Clovis,995,346,353.21406567156,255.84134527392285,93.11244353483468,4.2602768628024315,55.71644597704,1.50935877890952,8.897272801992958,0.9797592073623203,0.0,7.196314987102241,2.64175867179632,0.0,34.49198152987664,0.0,0,0,0
287,Clovis,10,3,3.0,3.0,0.0,0.0,0.0,0.0,0.0,0.0,0.0,0.0,0.0,0.0,0.0,0.0,0,0,0
288,Clovis,1847,499,499.0,499.0,0.0,0.0,79.10256848583273,44.0,0.0,0.0,17.0,12.0,3.0,0.0,0.0,3.1025684858327276,130,10,0
289,Clovis,0,0,0.0,0.0,0.0,0.0,280.0,267.0,0.0,0.0,0.0,0.0,0.0,13.0,0.0,0.0,2376,2649,0
290,Clovis,335,127,130.50208078236,106.73362421376405,18.37828752646258,5.390169042133375,0.0,0.0,0.0,0.0,0.0,0.0,0.0,0.0,0.0,0.0,0,0,0
291,Clovis,203,78,79.12956874593999,64.31352728153567,11.456085474080885,3.3599559903234466,0.0,0.0,0.0,0.0,0.0,0.0,0.0,0.0,0.0,0.0,0,0,0
292,Clovis,3,1,1.0,1.0,0.0,0.0,19.64960041027394,0.0,0.0,0.0,0.0,0.0,0.0,0.0,0.0,19.64960041027394,0,0,0
293,Clovis,10,3,3.0,3.0,0.0,0.0,7.0,0.0,0.0,0.0,7.0,0.0,0.0,0.0,0.0,0.0,0,0,0
294,Clovis,981,326,327.0,327.0,0.0,0.0,23.0,0.0,0.0,0.0,0.0,5.0,18.0,0.0,0.0,0.0,0,0,0
295,Clovis,1968,655,656.0,656.0,0.0,0.0,42.0,0.0,10.0,0.0,5.0,20.0,0.0,2.0,5.0,0.0,0,0,0
296,Clovis,2516,739,739.0,739.0,0.0,0.0,37.10256848583273,0.0,0.0,0.0,19.0,11.0,2.0,2.0,0.0,3.1025684858327276,0,0,0
297,Clovis,384,112,113.0,113.0,0.0,0.0,1.0,0.0,0.0,0.0,0.0,1.0,0.0,0.0,0.0,0.0,0,0,0
298,Clovis,124,41,41.87457577500348,37.6049568162345,3.301362233018034,0.9682567257509465,0.0,0.0,0.0,0.0,0.0,0.0,0.0,0.0,0.0,0.0,0,0,0
299,Clovis,369,133,138.64362947220002,136.52643161723148,1.6370634254994807,0.4801344294690418,0.0,0.0,0.0,0.0,0.0,0.0,0.0,0.0,0.0,0.0,0,0,0
300,Unincorporate,68,20,20.0,20.0,0.0,0.0,4.034189495277576,0.0,0.0,0.0,0.0,2.0,1.0,0.0,0.0,1.0341894952775759,0,0,0
321,Coalinga,0,0,0.0,0.0,0.0,0.0,139.52042469076997,0.0,0.0,0.0,97.66429728353899,0.0,0.0,41.85612740723099,0.0,0.0,0,0,0
322,Unincorporate,0,0,0.0,0.0,0.0,0.0,0.0,0.0,0.0,0.0,0.0,0.0,0.0,0.0,0.0,0.0,0,0,0
323,Coalinga,1552,549,559.95142695268,538.6214746112769,21.32995234140315,0.0,235.18718546216,0.40966957134312004,2.41489431528576,0.26592586209992003,0.0,229.68180139814544,0.44560549865391996,0.0,1.96928881663184,0.0,0,0,0
324,Coalinga,1187,354,359.0,359.0,0.0,0.0,6.0,0.0,0.0,0.0,0.0,6.0,0.0,0.0,0.0,0.0,0,0,0
325,Coalinga,602,203,212.0,151.0,61.0,0.0,967.0,829.0,36.0,0.0,0.0,89.0,1.0,0.0,12.0,0.0,1952,1260,4198
326,Coalinga,809,253,252.0,69.0,183.0,0.0,78.0,0.0,3.0,0.0,0.0,8.0,43.0,1.0,23.0,0.0,0,0,0
327,Coalinga,591,167,187.0,59.0,0.0,128.0,289.47049019188853,0.0,0.0,0.0,0.0,3.0,0.0,0.0,0.0,286.47049019188853,0,0,0
328,Coalinga,1424,498,529.0,460.0,69.0,0.0,258.0341894952776,106.0,0.0,0.0,6.0,21.0,72.0,52.0,0.0,1.0341894952775759,48,0,0
329,Coalinga,434,162,165.0,128.0,37.0,0.0,377.02352880896,5.0,114.0,139.02352880896,11.0,28.0,48.0,11.0,21.0,0.0,0,0,0
330,Coalinga,753,236,235.0,63.0,172.0,0.0,39.0,0.0,11.0,5.0,0.0,5.0,4.0,0.0,14.0,0.0,0,0,0
331,Coalinga,457,148,150.0,87.0,63.0,0.0,237.47865293388608,0.0,24.0,33.0,8.0,30.0,17.0,21.0,90.0,14.478652933886064,0,0,0
332,Coalinga,1096,357,356.0,268.0,2.0,86.0,26.034189495277577,0.0,0.0,0.0,6.0,14.0,2.0,0.0,3.0,1.0341894952775759,0,0,0
333,Coalinga,952,449,514.0,195.0,290.0,29.0,198.0,0.0,39.0,0.0,27.0,53.0,6.0,4.0,69.0,0.0,35,24,0
334,Coalinga,1101,297,297.0,255.0,42.0,0.0,58.0,0.0,3.0,0.0,49.0,6.0,0.0,0.0,0.0,0.0,0,0,0
335,Coalinga,0,0,0.0,0.0,0.0,0.0,0.0,0.0,0.0,0.0,0.0,0.0,0.0,0.0,0.0,0.0,0,0,0
336,Coalinga,2187,679,695.0,516.0,153.0,26.0,133.0,0.0,25.0,0.0,11.0,20.0,5.0,2.0,70.0,0.0,0,0,0
337,Coalinga,122,46,48.021811294399996,48.021811294399996,0.0,0.0,14.0,0.0,0.0,0.0,0.0,0.0,14.0,0.0,0.0,0.0,0,0,0
338,Coalinga,0,0,0.0,0.0,0.0,0.0,0.0,0.0,0.0,0.0,0.0,0.0,0.0,0.0,0.0,0.0,0,0,0
339,Coalinga,845,310,350.0,217.0,133.0,0.0,235.32488567887515,0.0,10.0,0.0,145.0,8.0,2.0,0.0,0.0,70.32488567887516,0,0,0
340,Unincorporate,54,15,17.0,1.0,0.0,16.0,3.0,0.0,0.0,0.0,3.0,0.0,0.0,0.0,0.0,0.0,0,0,0
341,Unincorporate,15,7,7.030405669946083,2.0086873342703093,0.0,5.021718335675773,4077.5215180135906,0.0,0.0,1459.0,0.0,2508.0,0.0,4.0,0.0,106.52151801359032,0,0,0
351,Unincorporate,0,0,0.0,0.0,0.0,0.0,3.135130273970066,0.0,3.135130273970066,0.0,0.0,0.0,0.0,0.0,0.0,0.0,0,0,0
352,Unincorporate,0,0,0.0,0.0,0.0,0.0,0.0,0.0,0.0,0.0,0.0,0.0,0.0,0.0,0.0,0.0,0,0,0
353,Coalinga,67,22,23.0,23.0,0.0,0.0,0.25546435840000004,0.0,0.0,0.25546435840000004,0.0,0.0,0.0,0.0,0.0,0.0,0,0,0
354,Coalinga,0,0,0.0,0.0,0.0,0.0,0.0,0.0,0.0,0.0,0.0,0.0,0.0,0.0,0.0,0.0,0,0,0
355,Coalinga,0,0,0.0,0.0,0.0,0.0,0.0,0.0,0.0,0.0,0.0,0.0,0.0,0.0,0.0,0.0,0,0,0
371,Firebaugh,309,124,133.0,110.0,23.0,0.0,32.51284242916364,0.0,0.0,0.0,1.0,7.0,0.0,0.0,9.0,15.512842429163637,16,1,0
372,Firebaugh,3445,1050,1096.88843853196,585.2997726179187,511.58866591404126,0.0,100.0,2.0,0.0,0.0,6.0,51.0,39.0,0.0,2.0,0.0,0,0,0
373,Firebaugh,351,121,120.86992473366993,57.69639184767782,39.1735328859921,24.0,19.0,0.0,2.0,0.0,0.0,9.0,0.0,8.0,0.0,0.0,0,0,0
374,Firebaugh,3,1,1.0,1.0,0.0,0.0,91.64960041027393,0.0,0.0,0.0,10.0,0.0,0.0,45.0,17.0,19.64960041027394,0,0,0
375,Firebaugh,279,96,96.0,43.0,53.0,0.0,896.0945766913115,59.0,59.0,42.0,254.0,20.0,13.0,0.0,53.0,396.09457669131154,535,0,0
376,Firebaugh,372,95,101.0,18.0,20.0,63.0,54.2788175010603,0.0,25.0,0.0,5.699441663965,4.0,4.0,2.4426178559849996,9.0,4.1367579811103035,0,0,0
377,Firebaugh,1997,521,546.8727395432286,438.7331484469095,108.13959109631907,0.0,257.7778537544339,153.0,0.0,0.0,13.0,25.0,8.0,0.0,5.0,53.77785375443395,1040,14,0
378,Firebaugh,15,4,4.0,4.0,0.0,0.0,1111.0,0.0,0.0,0.0,1111.0,0.0,0.0,0.0,0.0,0.0,0,0,0
379,Firebaugh,4,1,1.0,1.0,0.0,0.0,11.0,0.0,0.0,11.0,0.0,0.0,0.0,0.0,0.0,0.0,0,0,0
380,Firebaugh,669,184,186.0,186.0,0.0,0.0,165.0,123.0,0.0,0.0,36.0,6.0,0.0,0.0,0.0,0.0,0,647,0
381,Firebaugh,0,0,0.0,0.0,0.0,0.0,37.0,0.0,0.0,0.0,37.0,0.0,0.0,0.0,0.0,0.0,0,0,0
391,Firebaugh,350,131,137.0,112.0,12.0,13.0,18.0,0.0,7.0,0.0,3.0,8.0,0.0,0.0,0.0,0.0,0,0,0
392,Firebaugh,6,2,2.0,2.0,0.0,0.0,288.83780036791995,0.0,0.0,0.0,202.18646025754396,0.0,0.0,86.65134011037598,0.0,0.0,0,0,0
393,Firebaugh,0,0,0.0,0.0,0.0,0.0,11.0,0.0,0.0,0.0,11.0,0.0,0.0,0.0,0.0,0.0,0,0,0
411,Fowler,435,131,150.0,147.0,3.0,0.0,23.307705457498184,0.0,0.0,0.0,6.0,8.0,0.0,0.0,0.0,9.307705457498184,0,0,0
412,Fowler,352,105,120.0,76.0,44.0,0.0,156.47865293388605,119.0,0.0,0.0,8.0,11.0,4.0,0.0,0.0,14.478652933886062,456,41,0
413,Fowler,684,207,236.0,236.0,0.0,0.0,26.273515962220607,0.0,0.0,0.0,17.0,1.0,0.0,0.0,0.0,8.273515962220607,0,0,0
414,Fowler,276,83,88.0,27.0,4.0,57.0,193.08068973462997,0.0,70.0,0.0,64.35648281424099,6.0,0.0,34.724206920388994,18.0,0.0,0,0,0
415,Fowler,276,136,136.0,123.0,13.0,0.0,170.20513697166547,44.0,48.0,0.0,11.0,22.0,26.0,1.0,12.0,6.205136971665455,476,0,0
416,Fowler,595,228,229.66679492096,147.66679492096,82.0,0.0,223.0,100.0,5.0,37.0,0.0,70.0,0.0,1.0,10.0,0.0,0,791,0
417,Fowler,1180,366,393.42220556352,393.42220556352,0.0,0.0,75.10872096256,0.0,6.0,22.108720962559996,9.0,24.0,1.0,0.0,13.0,0.0,0,0,0
418,Fowler,137,42,45.0,36.0,9.0,0.0,217.39326466943032,0.0,67.0,0.0,56.0,6.0,0.0,13.0,3.0,72.39326466943031,0,0,0
419,Fowler,2671,856,879.4632011155772,571.5513136740605,307.91188744151674,0.0,608.5379357774316,70.3402953356034,7.900688294083201,24.1841821328794,0.0,202.50226506195082,3.4578651018844,0.0,6.442823192198801,293.7098166588316,601,0,0
420,Fowler,0,0,0.0,0.0,0.0,0.0,106.0,0.0,0.0,0.0,83.0,0.0,0.0,0.0,23.0,0.0,0,0,0
421,Fowler,3,1,1.0,1.0,0.0,0.0,616.9663233471516,0.0,0.0,0.0,173.0,0.0,38.0,25.0,19.0,361.96632334715156,0,0,0
422,Fowler,18,6,6.0,6.0,0.0,0.0,0.0,0.0,0.0,0.0,0.0,0.0,0.0,0.0,0.0,0.0,0,0,0
423,Fowler,184,54,58.0,7.0,51.0,0.0,174.02585580580364,0.0,0.0,0.0,15.0,2.0,0.0,0.0,5.0,152.02585580580364,0,0,0
424,Fowler,0,0,0.0,0.0,0.0,0.0,0.0,0.0,0.0,0.0,0.0,0.0,0.0,0.0,0.0,0.0,0,0,0
425,Fowler,0,0,0.0,0.0,0.0,0.0,61.0,0.0,0.0,0.0,61.0,0.0,0.0,0.0,0.0,0.0,0,0,0
426,Fowler,0,0,0.0,0.0,0.0,0.0,308.0,0.0,3.0,0.0,253.0,0.0,6.0,0.0,46.0,0.0,0,0,0
427,Fowler,0,0,0.0,0.0,0.0,0.0,62.0,0.0,0.0,0.0,62.0,0.0,0.0,0.0,0.0,0.0,0,0,0
441,Fowler,17,6,6.0,6.0,0.0,0.0,1107.87670586168,0.0,0.0,0.0,777.6136941031759,0.0,183.0,147.26301175850398,0.0,0.0,0,0,0
442,Fowler,3,1,1.0,1.0,0.0,0.0,0.0,0.0,0.0,0.0,0.0,0.0,0.0,0.0,0.0,0.0,0,0,0
443,Unincorporate,94,28,32.112935345514025,28.108591678378865,0.0,4.004343667135155,129.2503513437985,0.0,0.0,0.0,0.0,1.0450434246566886,0.0,0.0,1.0,127.20530791914183,0,0,0
444,Fowler,3,1,1.0,1.0,0.0,0.0,0.0,0.0,0.0,0.0,0.0,0.0,0.0,0.0,0.0,0.0,0,0,0
445,Fowler,0,0,0.0,0.0,0.0,0.0,0.0,0.0,0.0,0.0,0.0,0.0,0.0,0.0,0.0,0.0,0,0,0
446,Fowler,0,0,0.0,0.0,0.0,0.0,0.0,0.0,0.0,0.0,0.0,0.0,0.0,0.0,0.0,0.0,0,0,0
447,Fowler,3,1,1.0,1.0,0.0,0.0,0.0,0.0,0.0,0.0,0.0,0.0,0.0,0.0,0.0,0.0,0,0,0
448,Unincorporate,0,0,0.0,0.0,0.0,0.0,0.0,0.0,0.0,0.0,0.0,0.0,0.0,0.0,0.0,0.0,0,0,0
449,Fowler,0,0,0.0,0.0,0.0,0.0,0.0,0.0,0.0,0.0,0.0,0.0,0.0,0.0,0.0,0.0,0,0,0
450,Fowler,65,22,24.0,18.0,6.0,0.0,11.0,0.0,0.0,0.0,10.0,1.0,0.0,0.0,0.0,0.0,0,0,0
451,Fowler,18,5,6.0,6.0,0.0,0.0,8.23932646694303,0.0,0.0,0.0,0.0,1.0,0.0,0.0,0.0,7.239326466943031,0,0,0
452,Fowler,29,9,10.0,10.0,0.0,0.0,0.0,0.0,0.0,0.0,0.0,0.0,0.0,0.0,0.0,0.0,0,0,0
453,Fowler,23,7,8.07387229408,8.07387229408,0.0,0.0,8.273515962220607,0.0,0.0,0.0,0.0,0.0,0.0,0.0,0.0,8.273515962220607,0,0,0
454,Fowler,9,3,3.0,3.0,0.0,0.0,0.0,0.0,0.0,0.0,0.0,0.0,0.0,0.0,0.0,0.0,0,0,0
455,Fowler,9,3,3.07279529504,3.07279529504,0.0,0.0,0.0,0.0,0.0,0.0,0.0,0.0,0.0,0.0,0.0,0.0,0,0,0
456,Fowler,396,132,132.0,132.0,0.0,0.0,21.0,0.0,0.0,0.0,0.0,10.0,0.0,0.0,11.0,0.0,0,0,0
457,Fowler,21,7,7.0,7.0,0.0,0.0,0.0,0.0,0.0,0.0,0.0,0.0,0.0,0.0,0.0,0.0,0,0,0
458,Fowler,3,1,1.0,1.0,0.0,0.0,0.0,0.0,0.0,0.0,0.0,0.0,0.0,0.0,0.0,0.0,0,0,0
459,Fowler,15,5,5.0,5.0,0.0,0.0,2.0,0.0,0.0,0.0,0.0,0.0,0.0,2.0,0.0,0.0,0,0,0
460,Fowler,453,142,151.0,151.0,0.0,0.0,9.102568485832727,0.0,0.0,0.0,2.0,3.0,1.0,0.0,0.0,3.1025684858327276,0,0,0
461,Fowler,457,142,152.28541587403,73.11006416144181,79.1753517125882,0.0,146.40115113679215,0.00336785848278,4.01985263947744,0.00218615375198,1.0,10.01382594535036,0.00366328466548,0.0,0.01618935481196,131.34206590025215,0,0,0
481,Fresno,156,51,52.0,52.0,0.0,0.0,126.0,0.0,0.0,0.0,0.0,4.0,120.0,2.0,0.0,0.0,0,0,0
482,Fresno,160,53,53.0,48.0,5.0,0.0,51.0,0.0,0.0,0.0,22.0,9.0,0.0,20.0,0.0,0.0,0,0,0
483,Fresno,908,296,302.0,302.0,0.0,0.0,77.03418949527757,0.0,0.0,0.0,19.0,21.0,0.0,33.0,3.0,1.0341894952775759,0,0,0
484,Fresno,423,138,141.0,141.0,0.0,0.0,31.0,0.0,3.0,0.0,19.0,6.0,3.0,0.0,0.0,0.0,0,0,0
485,Fresno,1216,437,442.0,442.0,0.0,0.0,233.10256848583273,10.0,28.0,0.0,20.0,13.0,100.0,47.0,12.0,3.1025684858327276,0,0,0
486,Fresno,288,95,96.0,96.0,0.0,0.0,62.0,0.0,0.0,0.0,0.0,58.0,4.0,0.0,0.0,0.0,0,0,0
487,Fresno,993,380,382.0,382.0,0.0,0.0,56.51284242916364,0.0,0.0,0.0,3.0,37.0,1.0,0.0,0.0,15.512842429163637,0,0,0
488,Fresno,686,239,239.0,239.0,0.0,0.0,49.16244283943758,0.0,0.0,0.0,1.0,13.0,0.0,0.0,0.0,35.16244283943758,0,0,0
489,Fresno,753,231,231.0,231.0,0.0,0.0,50.20513697166545,0.0,1.0,0.0,5.0,22.0,1.0,0.0,15.0,6.205136971665455,0,0,0
490,Fresno,629,242,242.0,242.0,0.0,0.0,19.0,0.0,5.0,0.0,0.0,13.0,1.0,0.0,0.0,0.0,0,0,0
491,Fresno,658,199,199.0,199.0,0.0,0.0,33.23932646694303,5.0,0.0,0.0,7.0,12.0,0.0,2.0,0.0,7.239326466943031,0,0,0
492,Fresno,686,229,229.0,228.0,0.0,1.0,11.034189495277577,0.0,0.0,0.0,2.0,4.0,0.0,2.0,2.0,1.0341894952775759,0,0,0
493,Fresno,247,123,123.0,123.0,0.0,0.0,53.0,7.0,0.0,0.0,37.0,1.0,8.0,0.0,0.0,0.0,0,0,0
494,Fresno,716,217,217.0,217.0,0.0,0.0,16.0,0.0,0.0,0.0,0.0,13.0,3.0,0.0,0.0,0.0,0,0,0
495,Fresno,1159,445,445.0,367.0,78.0,0.0,89.37608444805333,54.0,0.0,0.0,0.0,17.0,7.0,0.0,0.0,11.376084448053334,694,0,0
496,Fresno,0,0,0.0,0.0,0.0,0.0,273.1367579811103,0.0,0.0,0.0,3.0,103.0,152.0,7.0,4.0,4.1367579811103035,0,0,0
497,Fresno,309,154,154.0,154.0,0.0,0.0,66.47865293388605,0.0,8.0,0.0,38.0,4.0,2.0,0.0,0.0,14.478652933886062,0,0,0
498,Fresno,374,187,187.04597992959998,119.0459799296,68.0,0.0,183.0,0.0,0.0,0.0,0.0,2.0,181.0,0.0,0.0,0.0,0,0,0
499,Fresno,74,36,36.34637029216,36.34637029216,0.0,0.0,60.0,0.0,0.0,0.0,0.0,0.0,3.0,29.0,28.0,0.0,0,0,0
500,Fresno,430,215,215.0,215.0,0.0,0.0,238.5557075088679,0.0,0.0,0.0,0.0,31.0,97.0,3.0,0.0,107.5557075088679,0,0,0
501,Fresno,800,371,374.0,352.0,18.0,4.0,126.17094747638788,0.0,0.0,0.0,0.0,11.0,10.0,100.0,0.0,5.170947476387879,0,0,0
502,Fresno,696,326,325.0,257.0,68.0,0.0,237.0341894952776,57.0,103.0,0.0,0.0,3.0,28.0,0.0,45.0,1.0341894952775759,508,0,0
503,Fresno,1516,538,559.0,524.0,0.0,35.0,141.4359588016582,9.0,6.0,0.0,0.0,32.0,11.0,40.0,0.0,43.43595880165819,0,0,0
504,Fresno,742,323,322.70421881552,321.15080723603415,0.4279098686493088,1.1255017108365382,463.32488567887515,0.0,85.0,0.0,1.0,63.0,237.0,5.0,2.0,70.32488567887515,0,0,0
505,Fresno,1067,462,462.0,324.0,96.0,42.0,195.5215180135903,2.0,28.0,0.0,0.0,31.0,3.0,2.0,23.0,106.52151801359031,0,0,0
506,Fresno,1459,591,605.0,451.0,154.0,0.0,287.20513697166547,0.0,17.0,0.0,3.0,62.0,61.0,31.0,107.0,6.205136971665455,0,0,0
507,Fresno,2039,866,924.5173130048,452.2067987144099,418.24009640227985,54.070417888110256,1244.1968032821915,2.0,0.0,0.0,93.0,108.0,399.0,7.0,478.0,157.19680328219152,502,0,0
508,Fresno,86,30,33.0,0.0,0.0,33.0,1596.4701482969358,24.0,146.0,0.0,59.0,119.0,850.0,67.0,287.0,44.47014829693576,0,0,0
509,Fresno,244,87,93.0,0.0,0.0,93.0,2501.8125560921408,0.0,3.0,30.0,358.0,169.0,1402.0,109.0,13.0,417.81255609214065,0,0,0
510,Fresno,188,67,72.0,0.0,0.0,72.0,2374.290867131074,0.0,102.0,30.0,153.0,323.0,721.0,115.0,740.0,190.29086713107395,0,0,0
511,Fresno,1430,734,774.0,330.0,444.0,0.0,597.7865293388606,0.0,0.0,78.0,4.0,48.0,277.0,35.0,11.0,144.78652933886062,0,0,0
512,Fresno,2226,1042,1112.0,344.0,768.0,0.0,133.0,0.0,49.0,0.0,2.0,30.0,8.0,9.0,35.0,0.0,0,0,0
513,Fresno,1295,500,509.0,1.0,496.0,12.0,2791.3936065643834,4.0,298.0,0.0,385.0,530.0,1016.0,119.0,125.0,314.39360656438305,0,0,0
514,Fresno,0,0,0.0,0.0,0.0,0.0,485.0,0.0,122.0,0.0,0.0,0.0,11.0,8.0,344.0,0.0,0,0,0
515,Fresno,0,0,0.0,0.0,0.0,0.0,659.0,0.0,175.0,0.0,0.0,0.0,0.0,40.0,444.0,0.0,0,0,0
516,Fresno,0,0,0.0,0.0,0.0,0.0,373.0,0.0,139.0,0.0,0.0,0.0,0.0,0.0,234.0,0.0,0,0,0
517,Fresno,826,323,333.7536504096049,300.42399593999994,33.32965446960501,0.0,47.20988403627757,0.010014588837,25.059033365776,0.006500698017,1.0,6.041112522594,0.010893061542,14.0,0.048140304234,1.0341894952775759,0,0,0
518,Fresno,1210,408,430.17417326193413,379.3082574653305,50.865915796603716,0.0,28.0,0.0,0.0,0.0,2.0,22.0,0.0,4.0,0.0,0.0,545,0,0
519,Fresno,18,6,6.0,6.0,0.0,0.0,60.0,0.0,2.0,0.0,2.0,5.0,3.0,30.0,18.0,0.0,0,0,0
520,Fresno,18,8,8.0,8.0,0.0,0.0,0.0,0.0,0.0,0.0,0.0,0.0,0.0,0.0,0.0,0.0,0,0,0
521,Fresno,32,10,11.0,11.0,0.0,0.0,1215.2051369716655,136.0,327.0,0.0,8.0,18.0,75.0,28.0,617.0,6.205136971665455,1641,0,0
522,Fresno,642,206,221.0,221.0,0.0,0.0,56.20513697166545,0.0,5.0,0.0,4.0,17.0,3.0,18.0,3.0,6.205136971665455,0,0,0
523,Fresno,0,0,0.0,0.0,0.0,0.0,0.0,0.0,0.0,0.0,0.0,0.0,0.0,0.0,0.0,0.0,0,0,0
524,Fresno,632,203,218.0,218.0,0.0,0.0,36.03418949527757,0.0,0.0,0.0,15.0,16.0,4.0,0.0,0.0,1.0341894952775759,0,0,0
525,Fresno,1054,338,363.0,362.0,0.0,1.0,128.0,2.0,7.0,0.0,52.0,18.0,16.0,13.0,20.0,0.0,0,0,0
526,Fresno,3673,1014,1013.0,615.0,398.0,0.0,57.13675798111031,0.0,0.0,0.0,2.0,44.0,7.0,0.0,0.0,4.1367579811103035,0,0,0
527,Fresno,1326,568,663.0,170.0,493.0,0.0,555.0683789905552,9.0,139.0,0.0,10.0,88.0,58.0,147.0,102.0,2.0683789905551517,0,0,0
528,Fresno,1105,411,454.0,454.0,0.0,0.0,175.06837899055515,0.0,0.0,0.0,3.0,156.0,3.0,0.0,11.0,2.0683789905551517,0,0,0
529,Fresno,944,438,472.0,472.0,0.0,0.0,161.0341894952776,0.0,81.0,0.0,1.0,12.0,20.0,26.0,20.0,1.0341894952775759,0,0,0
530,Fresno,815,355,355.0,355.0,0.0,0.0,6.0,0.0,0.0,0.0,0.0,2.0,2.0,1.0,1.0,0.0,0,0,0
531,Fresno,738,474,474.94217927472,474.34922624976156,0.4584841742214873,0.1344688507369554,71.75216889610667,0.0,0.0,0.0,0.0,29.0,10.0,10.0,0.0,22.752168896106667,0,0,0
532,Fresno,591,224,257.13658008784,254.88074440636245,0.971039460369496,1.2847962211080393,287.50433779221333,0.0,4.0,0.0,0.0,11.0,177.0,50.0,0.0,45.504337792213335,0,0,0
533,Fresno,1469,419,418.9225337264,414.9225337264,0.0,4.0,740.1966323347152,52.0,0.0,0.0,0.0,144.0,478.0,26.0,4.0,36.196632334715154,368,0,0
534,Fresno,1101,540,539.0,447.0,88.0,4.0,1026.1367579811103,0.0,108.0,5.0,226.0,200.0,439.0,42.0,2.0,4.1367579811103035,0,0,0
535,Fresno,856,413,412.96532250048,269.96532250048,143.0,0.0,873.0940638488825,58.0,94.0,0.0,43.0,41.0,506.0,7.0,91.0,33.09406384888243,569,0,0
536,Fresno,2115,734,787.3027560416,233.30275604160002,194.0,360.0,103.23932646694303,0.0,0.0,0.0,0.0,26.0,63.0,7.0,0.0,7.239326466943031,0,0,0
537,Fresno,0,0,0.0,0.0,0.0,0.0,310.0,0.0,44.0,0.0,12.0,3.0,5.0,20.0,226.0,0.0,0,0,0
538,Fresno,0,0,0.0,0.0,0.0,0.0,38.0,0.0,0.0,0.0,0.0,0.0,0.0,0.0,38.0,0.0,0,0,0
539,Fresno,0,0,0.0,0.0,0.0,0.0,2.0,0.0,0.0,0.0,0.0,0.0,2.0,0.0,0.0,0.0,0,0,0
540,Fresno,1528,647,657.0,592.0,64.0,1.0,94.17094747638788,57.0,4.0,0.0,1.0,26.0,0.0,1.0,0.0,5.170947476387879,719,0,0
541,Fresno,1849,616,616.0,612.0,4.0,0.0,85.17094747638788,0.0,0.0,0.0,3.0,19.0,57.0,0.0,1.0,5.170947476387879,0,0,0
542,Fresno,2730,963,1048.0,722.0,315.0,11.0,289.5812214197188,0.0,64.0,0.0,18.0,136.0,32.0,10.0,12.0,17.581221419718787,0,0,0
543,Fresno,913,319,344.0,72.0,272.0,0.0,258.0341894952776,77.0,32.0,0.0,2.0,96.0,43.0,7.0,0.0,1.0341894952775759,559,0,0
544,Fresno,8,3,3.0,3.0,0.0,0.0,171.0,3.0,25.0,0.0,0.0,31.0,18.0,28.0,66.0,0.0,0,0,0
545,Fresno,390,135,146.0,20.0,126.0,0.0,7.0,0.0,0.0,0.0,0.0,7.0,0.0,0.0,0.0,0.0,0,0,0
546,Fresno,1869,566,566.0,556.0,10.0,0.0,52.20513697166545,0.0,0.0,0.0,0.0,39.0,7.0,0.0,0.0,6.205136971665455,0,0,0
547,Fresno,115,35,35.0,35.0,0.0,0.0,14.0,0.0,10.0,0.0,0.0,4.0,0.0,0.0,0.0,0.0,0,0,0
548,Fresno,1019,392,392.0,380.0,12.0,0.0,756.7353305696824,0.0,11.0,0.0,142.0,212.0,145.0,42.0,1.0,203.73533056968245,0,0,0
549,Fresno,1009,385,384.22707417824,294.22707417824,90.0,0.0,62.162442839437574,0.0,0.0,0.0,6.0,9.0,7.0,4.0,1.0,35.162442839437574,0,0,0
550,Fresno,552,210,241.11683296512,174.40926866264311,65.8667693494157,0.8407949530612003,133.06837899055515,0.0,36.0,0.0,1.0,6.0,0.0,12.0,76.0,2.0683789905551517,0,0,0
551,Fresno,955,398,398.4337236944,360.4337236944,38.0,0.0,256.7950339758109,0.0,97.0,0.0,20.0,6.0,13.0,0.0,6.0,114.79503397581092,0,0,0
552,Fresno,817,351,355.32301467744,261.32301467744,94.0,0.0,273.58122141971876,105.0,0.0,0.0,0.0,86.0,53.0,1.0,11.0,17.58122141971879,909,25,0
553,Fresno,1935,828,839.4636724512,316.46367245120007,523.0,0.0,128.4444634386085,0.0,35.0,0.0,1.0,49.0,5.0,25.0,0.0,13.444463438608487,0,0,0
554,Fresno,1597,623,623.0195086380131,372.2393090861704,249.78019955184263,1.0,48.297076969037576,0.07198458600432,0.42433019118336,0.046726836529120006,0.0,38.29551566885984,4.078299023373121,3.0,1.34603116781024,1.0341894952775759,0,0,0
555,Fresno,11,5,5.0,5.0,0.0,0.0,374.0341894952776,0.0,9.0,0.0,0.0,0.0,8.0,81.0,275.0,1.0341894952775759,0,0,0
556,Fresno,1305,435,435.0,435.0,0.0,0.0,59.0,0.0,0.0,0.0,2.0,51.0,3.0,2.0,1.0,0.0,0,0,0
557,Fresno,1086,368,366.0,111.0,254.0,1.0,1949.2910380785502,0.0,43.0,188.0,276.0,148.0,452.0,57.0,474.0,311.29103807855034,0,0,0
558,Fresno,2677,906,906.0,742.0,147.0,17.0,183.888926877217,0.0,13.0,0.0,48.0,64.0,18.0,1.0,13.0,26.888926877216974,0,0,0
559,Fresno,0,0,0.0,0.0,0.0,0.0,1434.367579811103,0.0,91.0,0.0,128.0,95.0,355.0,35.0,689.0,41.367579811103035,4,955,0
560,Fresno,743,363,361.0,79.0,282.0,0.0,127.58122141971879,0.0,8.0,0.0,1.0,97.0,3.0,0.0,1.0,17.58122141971879,0,0,0
561,Fresno,1230,410,410.0,324.0,86.0,0.0,104.0,56.0,0.0,0.0,1.0,14.0,33.0,0.0,0.0,0.0,600,0,0
562,Fresno,0,0,0.0,0.0,0.0,0.0,510.0,0.0,46.0,0.0,0.0,0.0,3.0,0.0,461.0,0.0,0,0,0
563,Fresno,1760,869,867.0,291.0,576.0,0.0,31.0,0.0,1.0,0.0,4.0,25.0,1.0,0.0,0.0,0.0,0,0,0
564,Fresno,2033,988,984.0,0.0,984.0,0.0,79.0,1.0,0.0,0.0,34.0,21.0,23.0,0.0,0.0,0.0,0,0,0
565,Fresno,255,154,152.0,0.0,152.0,0.0,383.0,0.0,200.0,0.0,0.0,93.0,26.0,8.0,56.0,0.0,0,0,0
566,Fresno,393,237,236.0,0.0,236.0,0.0,276.0,0.0,172.0,0.0,6.0,12.0,69.0,0.0,17.0,0.0,0,0,0
567,Fresno,578,269,417.0,0.0,417.0,0.0,21.0,0.0,0.0,0.0,2.0,11.0,0.0,8.0,0.0,0.0,0,0,0
568,Fresno,262,122,188.0,0.0,188.0,0.0,408.0,0.0,47.0,0.0,0.0,11.0,24.0,0.0,326.0,0.0,0,0,0
569,Fresno,0,0,0.0,0.0,0.0,0.0,481.0,0.0,290.0,0.0,0.0,0.0,4.0,17.0,170.0,0.0,0,0,0
570,Fresno,2612,998,1023.0,529.0,494.0,0.0,92.0,0.0,0.0,0.0,1.0,49.0,42.0,0.0,0.0,0.0,0,0,0
571,Fresno,656,267,285.0,285.0,0.0,0.0,178.17094747638788,0.0,65.0,0.0,0.0,36.0,48.0,12.0,12.0,5.170947476387879,0,0,0
572,Fresno,0,0,0.0,0.0,0.0,0.0,107.0,0.0,75.0,0.0,0.0,14.0,4.0,0.0,14.0,0.0,0,0,0
573,Fresno,747,350,372.39621648656,303.11048429407,69.2209343452316,0.0647978472584385,185.1367579811103,0.0,0.0,0.0,29.0,124.0,26.0,1.0,1.0,4.1367579811103035,0,0,0
574,Fresno,782,275,300.7429769864,252.6805210412408,48.04829229506593,0.014163650093248922,962.3760844480533,32.0,0.0,0.0,67.0,339.0,476.0,37.0,0.0,11.376084448053334,0,0,0
575,Fresno,619,288,302.27271800896,245.96578461931213,55.78377106721196,0.523162322435912,533.5128424291636,57.0,53.0,0.0,10.0,99.0,226.0,66.0,7.0,15.512842429163639,454,0,0
576,Fresno,624,282,290.40913498224,229.71146408209907,60.5394543126783,0.15821658746263054,263.0,0.0,0.0,0.0,1.0,1.0,261.0,0.0,0.0,0.0,0,0,0
577,Fresno,0,0,0.0,0.0,0.0,0.0,102.0,0.0,80.0,0.0,0.0,0.0,13.0,0.0,9.0,0.0,0,0,0
578,Fresno,703,347,347.64296155136,325.64296155136,22.0,0.0,151.20513697166544,17.0,82.0,0.0,0.0,26.0,14.0,2.0,4.0,6.205136971665455,0,0,0
579,Fresno,827,396,398.75549549088,296.75549549088,101.0,1.0,633.1025684858328,0.0,117.0,40.0,0.0,257.0,133.0,72.0,11.0,3.1025684858327276,0,0,0
580,Fresno,762,246,263.83544608256,173.83544608256,90.0,0.0,461.23082182999275,255.0,26.0,0.0,24.0,45.0,30.0,1.0,43.0,37.230821829992735,465,2611,0
581,Fresno,1020,328,351.0,280.0,31.0,40.0,704.3590751741527,25.0,36.0,0.0,82.0,145.0,228.0,50.0,67.0,71.35907517415274,0,0,0
582,Fresno,937,473,485.38765216418966,308.2915330934153,173.09611907077436,4.0,711.3505705372024,5.0,0.0,0.0,60.0,456.0,57.0,18.0,14.0,101.35057053720243,0,0,0
583,Fresno,0,0,0.0,0.0,0.0,0.0,1998.4102739433308,0.0,439.0,0.0,15.0,16.0,966.0,123.0,427.0,12.41027394333091,0,0,0
584,Fresno,1105,553,569.9983702650827,157.02574940445288,412.9726208606298,0.0,588.5940697811103,37.173048168799994,35.250304298,24.354755696799998,4.0,184.81950966399998,271.01853591040003,0.0,28.841158062,3.1367579811103035,0,0,0
585,Fresno,882,348,387.00219532885626,233.34312623593303,153.65906909292326,0.0,109.0,91.0,0.0,0.0,0.0,9.0,6.0,0.0,3.0,0.0,1123,0,0
586,Fresno,1379,549,604.6576094944356,261.7309664244105,342.92664307002514,0.0,295.4663442811103,17.742232010800002,15.876254493000001,10.9690485588,0.0,125.278201424,94.4741870464,14.0,12.989662767,4.1367579811103035,0,0,0
587,Fresno,5,2,2.0,2.0,0.0,0.0,321.0,0.0,0.0,0.0,0.0,4.0,3.0,11.0,303.0,0.0,0,0,0
588,Fresno,0,0,0.0,0.0,0.0,0.0,430.0,0.0,106.0,0.0,5.0,0.0,23.0,86.0,210.0,0.0,0,0,0
589,Fresno,0,0,0.0,0.0,0.0,0.0,2453.3174067267832,0.0,94.0,0.0,621.0,21.0,595.0,155.0,141.0,826.3174067267831,0,0,0
590,Fresno,3,1,1.0,0.0,0.0,1.0,229.87191760331638,0.0,0.0,0.0,62.0,0.0,14.0,31.0,36.0,86.87191760331638,0,0,0
591,Fresno,0,0,0.0,0.0,0.0,0.0,242.2735159622206,0.0,19.0,0.0,7.0,6.0,13.0,81.0,108.0,8.273515962220607,0,0,0
592,Fresno,0,0,0.0,0.0,0.0,0.0,1486.6327620838497,65.0,0.0,0.0,214.0,369.0,524.0,23.0,91.0,200.6327620838497,0,0,0
593,Fresno,10,3,4.0,2.0,0.0,2.0,1860.1801359032438,0.0,35.0,0.0,324.0,254.0,533.0,47.0,208.0,459.18013590324364,0,0,0
594,Fresno,35,14,14.0,0.0,14.0,0.0,328.0341894952776,0.0,39.0,0.0,6.0,183.0,71.0,18.0,10.0,1.0341894952775759,0,0,0
595,Fresno,0,0,0.0,0.0,0.0,0.0,0.0,0.0,0.0,0.0,0.0,0.0,0.0,0.0,0.0,0.0,0,0,0
596,Fresno,0,0,0.0,0.0,0.0,0.0,511.0,0.0,342.0,0.0,0.0,18.0,35.0,27.0,89.0,0.0,0,0,0
597,Fresno,791,316,316.0,264.0,52.0,0.0,69.54703192444121,0.0,0.0,0.0,0.0,50.0,2.0,0.0,1.0,16.547031924441214,0,0,0
598,Fresno,4231,1186,1240.0010704928,598.0010704928,642.0,0.0,268.2735159622206,0.0,0.0,0.0,41.0,119.0,2.0,3.0,95.0,8.273515962220607,0,0,0
599,Fresno,3556,998,1035.0,552.0,483.0,0.0,268.10256848583276,62.0,66.0,0.0,9.0,104.0,17.0,0.0,7.0,3.1025684858327276,640,0,0
600,Fresno,1098,405,436.0,112.0,0.0,324.0,207.20513697166547,170.0,0.0,0.0,0.0,30.0,0.0,1.0,0.0,6.205136971665455,418,0,0
601,Fresno,128,60,64.0,1.0,63.0,0.0,1261.4106158382838,0.0,366.0,0.0,22.0,272.0,205.0,30.0,112.0,254.41061583828366,0,0,0
602,Fresno,936,436,468.0,363.0,105.0,0.0,39.0,0.0,0.0,0.0,0.0,12.0,24.0,0.0,3.0,0.0,0,0,0
603,Fresno,2030,626,644.0,473.0,171.0,0.0,100.9914953630497,0.0,4.0,0.0,0.0,56.0,11.0,0.0,0.0,29.9914953630497,0,0,0
604,Fresno,623,384,382.0,0.0,382.0,0.0,103.0,13.0,3.0,35.0,1.0,36.0,4.0,6.0,5.0,0.0,0,0,0
605,Fresno,878,381,381.0,381.0,0.0,0.0,172.51284242916364,0.0,0.0,0.0,5.0,47.0,69.0,8.0,28.0,15.51284242916364,0,0,0
606,Fresno,516,242,258.0,253.0,5.0,0.0,26.102568485832727,0.0,0.0,0.0,0.0,14.0,7.0,2.0,0.0,3.1025684858327276,0,0,0
607,Fresno,426,142,142.0,142.0,0.0,0.0,8.034189495277577,0.0,0.0,0.0,0.0,7.0,0.0,0.0,0.0,1.0341894952775759,0,0,0
608,Fresno,1382,436,471.62041986631453,369.7308267216684,101.88959314464616,0.0,468.7521688961067,91.0,11.0,6.0,2.0,42.0,266.0,28.0,0.0,22.75216889610667,772,0,0
609,Fresno,423,196,210.46345643936,210.46345643936,0.0,0.0,156.16028626844002,149.16028626844002,0.0,0.0,0.0,6.0,1.0,0.0,0.0,0.0,1076,0,0
610,Fresno,1063,384,388.10188773194,275.62210267744,112.4797850545,0.0,447.25783104333084,29.214316623600002,27.703231281,19.1404143396,0.0,133.886827408,188.2364873088,13.0,26.666280138999998,9.41027394333091,0,0,0
611,Fresno,597,255,270.85184995648,270.85184995648,0.0,0.0,30.765432332431516,0.0,0.0,1.08164242688,0.0,0.0,1.0,8.0,0.0,20.683789905551517,0,0,0
612,Fresno,1121,520,548.26776624196,230.4496280862472,317.8181381557128,0.0,621.2321684813625,85.3873879736,46.832867906,32.3572541896,0.0,220.361605408,79.49642810879999,67.0,44.317801014,45.478823881362445,0,0,0
613,Fresno,794,374,393.466165542759,229.64324332938068,161.8229222133782,2.0,59.196703751659996,0.12521211384462,0.73809246055776,0.08127803881142001,1.0,32.51402867788844,0.13619563260292,0.0,24.60189682795484,0.0,0,0,0
614,Fresno,4,2,2.0,2.0,0.0,0.0,190.0,0.0,82.0,0.0,7.0,7.0,12.0,18.0,64.0,0.0,0,0,0
615,Fresno,0,0,0.0,0.0,0.0,0.0,240.0,0.0,62.0,0.0,0.0,0.0,23.0,113.0,42.0,0.0,0,0,0
631,Fresno,0,0,0.0,0.0,0.0,0.0,138.0,0.0,0.0,105.0,22.0,0.0,9.0,0.0,2.0,0.0,0,0,0
632,Fresno,0,0,0.0,0.0,0.0,0.0,0.0,0.0,0.0,0.0,0.0,0.0,0.0,0.0,0.0,0.0,0,0,0
633,Fresno,95,52,60.72108449732108,32.072823338427824,28.648261158893263,0.0,18.0,0.0,9.0,0.0,0.0,4.0,0.0,5.0,0.0,0.0,0,0,0
634,Fresno,257,123,139.0426148902826,37.798174114315536,101.24444077596708,0.0,376.0,0.0,0.0,0.0,28.0,247.0,86.0,13.0,2.0,0.0,0,0,0
635,Fresno,238,112,125.14030942751002,32.0,93.14030942751,0.0,130.62669983363,11.324697180701081,10.7389369816993,7.41962918735588,0.0,68.8608159201424,23.496217578704638,0.0,8.786402985026701,0.0,0,0,0
636,Fresno,1361,556,592.3009856027437,216.82447211133763,375.4765134914061,0.0,185.62448670702003,58.474899662832634,8.106849066584399,5.60109571873104,0.0,84.3753413814592,16.43342436838912,0.0,12.6328765090236,0.0,419,0,0
637,Fresno,50,23,24.105292801338976,6.786572756143984,17.318720045194993,0.0,69.54492825573999,5.167211677665839,22.8999421081314,3.3854145474362394,0.0,21.381565562755195,5.7017508167347195,0.0,11.009043543016599,0.0,0,0,0
638,Fresno,1713,657,707.5164273743443,166.20418081901192,541.3122465553324,0.0,195.77747969901003,10.275429544385101,10.85269786448794,6.7320449668314986,0.0,111.51830054752116,14.338059187130838,32.0,10.06094758865346,0.0,0,0,0
639,Fresno,0,0,0.0,0.0,0.0,0.0,13.0,0.0,0.0,0.0,0.0,0.0,0.0,0.0,13.0,0.0,0,0,0
640,Fresno,45,21,22.038788045750003,7.0,15.038788045750001,0.0,198.3565727933309,3.2417706666000004,124.07409287349999,2.1239187126,20.0,16.414223448,7.5771262528,0.0,12.5151668965,12.41027394333091,0,0,0
641,Fresno,769,282,292.75977690437975,93.91886600236559,198.8409109020142,0.0,306.0456757060899,25.409298381906442,24.095024327669897,16.647471353662837,37.0,145.1419243389232,28.037846490379515,6.0,23.714110813548096,0.0,0,0,0
642,Fresno,1575,596,683.8942738841433,277.2024376449141,406.69183623922925,0.0,4429.98093340683,104.10516062239228,52.92730748675131,27.586139718119078,1.0,3995.6334452192777,203.06108332567425,0.0,45.66779703461469,0.0,768,0,0
643,Fresno,263,98,100.25900341942148,25.130047930115275,75.12895548930621,0.0,239.69593800836998,65.56472880897091,10.966553180920702,7.576891288636119,0.0,55.8540502440176,12.76108006507136,78.0,8.9726344207533,0.0,447,0,0
644,Fresno,1029,412,478.66308816797846,227.30936889051216,251.35371927746635,0.0,948.21336716791,86.74475059147755,25.7234703884701,12.936215904761157,0.0,765.7024162405968,27.78731099749248,0.0,29.319203045111898,0.0,461,0,0
645,Fresno,0,0,0.0,0.0,0.0,0.0,95.0,9.0,0.0,65.0,14.0,0.0,7.0,0.0,0.0,0.0,0,0,0
646,Fresno,0,0,0.0,0.0,0.0,0.0,930.0,0.0,0.0,0.0,345.0,1.0,584.0,0.0,0.0,0.0,0,0,0
647,Fresno,0,0,0.0,0.0,0.0,0.0,21.0,0.0,0.0,0.0,21.0,0.0,0.0,0.0,0.0,0.0,0,0,0
648,Fresno,0,0,0.0,0.0,0.0,0.0,0.0,0.0,0.0,0.0,0.0,0.0,0.0,0.0,0.0,0.0,0,0,0
649,Fresno,85,52,63.0,1.0,62.0,0.0,60.27351596222061,0.0,4.0,0.0,0.0,11.0,0.0,37.0,0.0,8.273515962220607,0,0,0
650,Fresno,486,234,244.03333932888,0.0,244.03333932888,0.0,247.94934343606425,7.176669266312521,42.30457672773696,4.6585396991853205,17.0,29.46211593538824,8.80620165809432,12.0,34.498375069642634,92.04286507970426,0,0,0
651,Fresno,493,254,281.36548434168003,2.0,279.36548434168003,0.0,269.05733189796,9.30426791818372,46.26726351771456,3.4431212802245206,0.0,163.77541566412265,13.769554577673519,7.0,25.497708940041043,0.0,0,0,0
652,Fresno,323,271,275.86199745272,3.0,272.86199745272,0.0,350.03541630884,62.51501872960388,3.03589987977024,37.33431040342708,1.0,174.11428741626855,46.56019581114808,19.0,6.47570406862216,0.0,0,0,0
653,Fresno,78,41,47.27673904304,0.0,47.27673904304,0.0,37.96793056488,0.85317204219816,8.02922466979968,0.55381343090056,0.0,22.50249575218192,1.9280116950225599,0.0,4.10121297477712,0.0,0,0,0
654,Fresno,473,233,243.04763032924,0.0,243.04763032924,0.0,201.07909921378,48.78750865518546,52.01057733583008,4.40592667090986,0.0,27.864509216024523,20.382904151254362,6.0,41.62767318457572,0.0,0,0,0
655,Fresno,1352,614,669.5278425594,18.0,651.5278425594,0.0,512.3353672195776,4.5821671302851,15.221195715364802,1.6761435757991,0.0,367.6004755874862,31.808673018906603,29.0,61.4125226964582,1.0341894952775759,0,174,0
656,Fresno,0,0,0.0,0.0,0.0,0.0,29.0,0.0,0.0,0.0,6.0,0.0,0.0,0.0,23.0,0.0,0,0,0
657,Fresno,12,4,4.0,4.0,0.0,0.0,332.4274541647079,0.0,30.0,0.0,94.0,27.0,84.0,16.0,8.0,73.42745416470788,0,0,0
658,Fresno,0,0,0.0,0.0,0.0,0.0,8.0,0.0,0.0,0.0,0.0,0.0,0.0,8.0,0.0,0.0,0,0,0
659,Fresno,0,0,0.0,0.0,0.0,0.0,0.0,0.0,0.0,0.0,0.0,0.0,0.0,0.0,0.0,0.0,0,0,0
660,Fresno,20,18,18.0,0.0,18.0,0.0,1.0,0.0,0.0,0.0,1.0,0.0,0.0,0.0,0.0,0.0,0,0,0
661,Fresno,0,0,0.0,0.0,0.0,0.0,0.0,0.0,0.0,0.0,0.0,0.0,0.0,0.0,0.0,0.0,0,0,0
662,Fresno,0,0,0.0,0.0,0.0,0.0,489.0,0.0,8.0,0.0,5.0,69.0,375.0,32.0,0.0,0.0,426,0,0
663,Fresno,229,203,206.0,0.0,206.0,0.0,1030.1367579811103,0.0,38.0,530.0,0.0,139.0,282.0,23.0,14.0,4.1367579811103035,0,0,0
664,Fresno,0,0,0.0,0.0,0.0,0.0,97.0,0.0,0.0,0.0,0.0,0.0,95.0,2.0,0.0,0.0,0,0,0
665,Fresno,188,94,97.75850723226,4.0,93.75850723226,0.0,755.66023632967,378.87291146239005,38.39531693047522,78.17452775559364,0.0,180.0661967576397,54.33002528710944,10.0,15.821258136461982,0.0,0,0,0
666,Fresno,0,0,0.0,0.0,0.0,0.0,27.0,0.0,0.0,0.0,0.0,0.0,0.0,27.0,0.0,0.0,0,0,0
667,Fresno,173,79,84.173761747,3.0,81.173761747,0.0,437.9980711465,204.8238900553505,44.751351905224,1.1839286324205,0.0,125.487548648281,15.983880411083,37.0,8.767471494140999,0.0,0,0,0
668,Fresno,0,0,0.0,0.0,0.0,0.0,67.0,67.0,0.0,0.0,0.0,0.0,0.0,0.0,0.0,0.0,0,0,0
669,Fresno,176,80,84.97221967139998,1.0,83.97221967139998,0.0,232.75297658357755,2.206970864033096,13.009512461668798,1.4325951222671,0.0,90.0601961786622,114.4005647994746,0.0,10.6089476621942,1.0341894952775759,0,0,0
670,Fresno,209,95,101.06351819924001,10.0,91.06351819924001,0.0,114.17593947878,2.6320285502904595,23.51511566487008,1.70850976071486,2.0,19.80516983803452,44.86290824768436,7.0,12.65220741718572,0.0,0,0,0
671,Fresno,0,0,0.0,0.0,0.0,0.0,439.3693453,0.0,0.0,0.0,0.0,421.79457148800003,17.574773812,0.0,0.0,0.0,0,0,0
672,Fresno,0,0,0.0,0.0,0.0,0.0,7767.4274687,0.0,242.0,0.0,0.0,7470.690369952,51.737098748,3.0,0.0,0.0,0,0,0
673,Fresno,191,37,37.0,2.0,35.0,0.0,98.06837899055515,0.0,2.0,14.0,18.0,1.0,0.0,57.0,4.0,2.0683789905551517,0,0,0
674,Fresno,0,0,0.0,0.0,0.0,0.0,75.0,0.0,0.0,43.0,0.0,0.0,32.0,0.0,0.0,0.0,0,0,0
675,Fresno,20,18,18.0,0.0,18.0,0.0,2210.5470319244414,547.0,53.0,646.0,10.0,26.0,222.0,651.0,39.0,16.547031924441214,319,269,0
676,Fresno,0,0,0.0,0.0,0.0,0.0,5100.0,0.0,0.0,5100.0,0.0,0.0,0.0,0.0,0.0,0.0,0,0,0
677,Fresno,0,0,0.0,0.0,0.0,0.0,3795.0,2588.0,0.0,1200.0,0.0,5.0,0.0,2.0,0.0,0.0,0,0,0
678,Fresno,0,0,0.0,0.0,0.0,0.0,74.0,0.0,0.0,74.0,0.0,0.0,0.0,0.0,0.0,0.0,0,0,0
679,Fresno,0,0,0.0,0.0,0.0,0.0,330.0,0.0,0.0,330.0,0.0,0.0,0.0,0.0,0.0,0.0,0,0,0
680,Fresno,0,0,0.0,0.0,0.0,0.0,0.0,0.0,0.0,0.0,0.0,0.0,0.0,0.0,0.0,0.0,0,0,0
681,Fresno,0,0,0.0,0.0,0.0,0.0,4233.453139023035,0.0,1.0,2610.0,944.0,0.0,103.0,471.0,0.0,104.45313902303516,0,0,0
682,Fresno,7,3,3.5814189004,0.0,3.5814189004,0.0,117.04007161380001,0.1162840819866,0.6854640622368,0.07548264971060001,0.0,111.4773767576292,4.1264844400556004,0.0,0.5589796221812,0.0,0,0,0
683,Fresno,994,440,469.11259852668,3.0,466.11259852668,0.0,610.35778190546,12.73139356861122,105.04821472023457,8.264237930502022,0.0,79.26572096587763,340.84818247813854,3.0,61.200032242096036,0.0,0,0,0
684,Fresno,0,0,0.0,0.0,0.0,0.0,56.0,0.0,38.0,0.0,0.0,7.0,0.0,0.0,11.0,0.0,0,0,0
685,Fresno,123,24,24.0,17.0,7.0,0.0,377.0,0.0,25.0,0.0,288.0,3.0,7.0,4.0,50.0,0.0,0,0,0
686,Fresno,0,0,0.0,0.0,0.0,0.0,97.0,0.0,0.0,50.0,5.0,0.0,0.0,0.0,42.0,0.0,0,0,0
687,Fresno,566,257,281.86473421872,0.0,6.86473421872,275.0,302.31244668717335,0.22288912269288,1.31387272324224,0.14468241297608,2.0,0.91501850368656,0.24244080012207997,12.0,1.07143192312016,284.40211120133335,0,0,0
688,Fresno,241,213,217.0,0.0,217.0,0.0,1573.0,3.0,2.0,0.0,16.0,1252.0,84.0,205.0,11.0,0.0,0,0,0
689,Fresno,14,7,6.825157880559999,0.0,6.825157880559999,0.0,57.88779174932,0.22160412971123997,1.30629802777152,0.14384829472484,39.0,0.9097432693408799,0.24104308845783995,0.0,16.06525493931368,0.0,0,0,0
690,Fresno,29,25,26.0,1.0,25.0,0.0,1486.4958331552632,0.0,5.0,1135.0,31.0,52.0,185.0,0.0,3.0,75.49583315526304,0,0,0
691,Fresno,4,2,2.0,2.0,0.0,0.0,1069.0,252.0,126.0,0.0,1.0,1.0,684.0,1.0,4.0,0.0,0,0,0
692,Fresno,0,0,0.0,0.0,0.0,0.0,498.41027394333094,25.0,97.0,36.0,0.0,5.0,290.0,29.0,4.0,12.41027394333091,0,0,0
693,Fresno,0,0,0.0,0.0,0.0,0.0,5574.0,0.0,1.0,5573.0,0.0,0.0,0.0,0.0,0.0,0.0,0,0,0
694,Fresno,0,0,0.0,0.0,0.0,0.0,100.0,0.0,26.0,74.0,0.0,0.0,0.0,0.0,0.0,0.0,0,0,0
695,Fresno,0,0,0.0,0.0,0.0,0.0,691.0,0.0,28.0,0.0,15.0,29.0,559.0,14.0,46.0,0.0,0,0,0
696,Fresno,0,0,0.0,0.0,0.0,0.0,192.30770545749817,0.0,0.0,48.0,13.0,0.0,121.0,0.0,1.0,9.307705457498184,0,0,0
697,Fresno,644,253,291.16953188528,1.0,290.16953188528,0.0,83.69192810215999,2.14843990182312,32.66448784232576,1.3946013397799202,0.0,25.81991117590544,2.33689954233392,0.0,19.327588299991838,0.0,0,0,0
698,Fresno,176,74,88.10532658928,0.0,88.10532658928,0.0,8.33850339016,0.13329469323912002,0.78573713909376,0.08652462543592002,0.0,1.54720979329744,0.14498721018992,5.0,0.6407499289038401,0.0,0,0,0
699,Fresno,132,51,55.0,55.0,0.0,0.0,13.0,0.0,5.0,0.0,0.0,8.0,0.0,0.0,0.0,0.0,0,0,0
700,Fresno,307,114,123.0,11.0,112.0,0.0,222.0,0.0,0.0,0.0,0.0,222.0,0.0,0.0,0.0,0.0,0,0,0
701,Fresno,7,3,3.0,0.0,2.0,1.0,0.0,0.0,0.0,0.0,0.0,0.0,0.0,0.0,0.0,0.0,0,0,0
702,Fresno,0,0,0.0,0.0,0.0,0.0,2.0,0.0,0.0,0.0,0.0,0.0,2.0,0.0,0.0,0.0,0,0,0
703,Fresno,164,75,77.85654923476,2.0,75.85654923476,0.0,52.209911244219995,2.46296494092054,14.51853017805792,1.59876671603614,9.0,10.111119231147478,2.6790144971416394,0.0,11.839515680916278,0.0,0,0,0
704,Fresno,0,0,0.0,0.0,0.0,0.0,157.0,0.0,0.0,0.0,5.0,0.0,0.0,0.0,152.0,0.0,0,0,0
705,Fresno,0,0,0.0,0.0,0.0,0.0,139.0341894952776,16.0,1.0,100.0,21.0,0.0,0.0,0.0,0.0,1.0341894952775759,0,0,0
706,Fresno,0,0,0.0,0.0,0.0,0.0,53.0,0.0,0.0,0.0,52.0,0.0,1.0,0.0,0.0,0.0,0,0,0
707,Fresno,0,0,0.0,0.0,0.0,0.0,23.822974979839998,0.0,0.0,0.0,14.576082485887998,3.0,0.0,6.246892493951999,0.0,0.0,0,0,0
708,Fresno,102,29,28.682325122082325,24.399203623439668,4.283121498642659,0.0,4.0,0.0,0.0,0.0,0.0,4.0,0.0,0.0,0.0,0.0,0,0,0
721,Fresno,26,7,7.0,7.0,0.0,0.0,101.87191760331638,3.0,0.0,0.0,0.0,2.0,0.0,10.0,0.0,86.87191760331638,0,0,0
722,Fresno,4,1,1.0,1.0,0.0,0.0,171.0,0.0,0.0,0.0,111.0,60.0,0.0,0.0,0.0,0.0,0,0,0
723,Fresno,0,0,0.0,0.0,0.0,0.0,0.0,0.0,0.0,0.0,0.0,0.0,0.0,0.0,0.0,0.0,0,0,0
724,Fresno,0,0,0.0,0.0,0.0,0.0,226.0,0.0,0.0,0.0,15.0,0.0,14.0,197.0,0.0,0.0,0,0,0
725,Fresno,148,59,61.41072392681072,55.42305480037551,2.987669126435212,3.0,35.0,0.0,4.0,0.0,31.0,0.0,0.0,0.0,0.0,0.0,0,0,0
726,Fresno,11,3,3.0,3.0,0.0,0.0,10.0,0.0,0.0,0.0,0.0,0.0,10.0,0.0,0.0,0.0,0,0,0
727,Fresno,26,7,7.0,7.0,0.0,0.0,46.06837899055515,0.0,0.0,0.0,8.0,2.0,0.0,34.0,0.0,2.0683789905551517,0,0,0
728,Fresno,12,3,3.0,3.0,0.0,0.0,0.0,0.0,0.0,0.0,0.0,0.0,0.0,0.0,0.0,0.0,0,0,0
729,Fresno,106,32,36.0,24.0,8.0,4.0,42.0,1.0,0.0,0.0,34.0,7.0,0.0,0.0,0.0,0.0,0,0,0
730,Fresno,3,1,1.0,1.0,0.0,0.0,29.0,0.0,0.0,0.0,17.0,0.0,0.0,12.0,0.0,0.0,0,0,0
731,Fresno,15,4,5.0,5.0,0.0,0.0,574.0,0.0,0.0,0.0,418.0,0.0,112.0,44.0,0.0,0.0,0,0,0
732,Fresno,50,16,17.0,17.0,0.0,0.0,376.8292234710885,0.0,0.0,0.0,127.0,1.0,0.0,133.0,0.0,115.82922347108851,0,0,0
733,Fresno,0,0,0.0,0.0,0.0,0.0,11.0,0.0,0.0,0.0,11.0,0.0,0.0,0.0,0.0,0.0,5,116,0
734,Fresno,0,0,0.0,0.0,0.0,0.0,25.0,0.0,0.0,0.0,25.0,0.0,0.0,0.0,0.0,0.0,0,0,0
735,Fresno,0,0,0.0,0.0,0.0,0.0,19.64960041027394,0.0,0.0,0.0,0.0,0.0,0.0,0.0,0.0,19.64960041027394,0,0,0
736,Fresno,421,128,142.0,56.0,12.0,74.0,115.53002265054062,0.0,0.0,0.0,18.0,11.0,10.0,0.0,0.0,76.53002265054062,0,0,0
737,Fresno,719,228,239.75075296255076,66.31463979284875,173.436113169702,0.0,36.0,0.0,0.0,0.0,0.0,33.0,0.0,0.0,3.0,0.0,0,0,0
738,Fresno,110,33,37.0,1.0,35.0,1.0,12.0,0.0,0.0,0.0,0.0,12.0,0.0,0.0,0.0,0.0,0,0,0
739,Fresno,590,181,203.0,203.0,0.0,0.0,39.0,0.0,0.0,0.0,0.0,39.0,0.0,0.0,0.0,0.0,0,0,0
740,Fresno,24,8,8.0,8.0,0.0,0.0,36.0,1.0,0.0,0.0,33.0,0.0,0.0,2.0,0.0,0.0,0,0,0
741,Fresno,172,52,59.0,59.0,0.0,0.0,8.0,0.0,0.0,0.0,0.0,8.0,0.0,0.0,0.0,0.0,0,0,0
742,Fresno,157,52,54.721729262521734,41.95249710537295,12.769232157148782,0.0,5.0,0.0,0.0,0.0,0.0,5.0,0.0,0.0,0.0,0.0,0,0,0
743,Fresno,1420,455,481.4125618181805,368.2689406177763,113.1436212004042,0.0,349.7568518629424,49.0304684761843,0.17960364908639997,66.0197777827863,4.0,162.12508111275662,0.0331411495338,0.0,1.1464624995526,67.22231719304243,836,89,0
744,Fresno,375,134,140.66722516852872,101.79865016007088,38.868575008457846,0.0,5.94574584214,0.053907513001980004,0.31777060295904,0.03499259615918,0.0,5.22130452706076,0.05863624221268,0.0,0.25913436074636,0.0,0,0,0
745,Fresno,368,125,132.35389686726504,75.89157136574644,56.462325501518606,0.0,20.834030460119997,0.047539736226840004,0.28023423460032004,0.030859127024440006,0.0,14.19516312766808,6.05170988852744,0.0,0.22852434607288002,0.0,0,0,0
746,Fresno,0,0,0.0,0.0,0.0,0.0,293.0,0.0,73.0,125.0,0.0,4.0,3.0,3.0,85.0,0.0,0,0,0
747,Fresno,353,115,118.0,114.0,4.0,0.0,70.0,49.0,0.0,0.0,0.0,19.0,0.0,2.0,0.0,0.0,386,0,0
748,Fresno,2198,714,713.0,527.0,185.0,1.0,156.0,3.0,0.0,0.0,19.0,126.0,0.0,4.0,4.0,0.0,529,0,0
749,Fresno,928,284,306.5076975123077,300.23513504775485,6.27256246455282,0.0,76.0,2.0,0.0,0.0,0.0,74.0,0.0,0.0,0.0,0.0,0,0,0
750,Fresno,2407,674,685.0185990084186,517.575533866107,167.44306514231158,0.0,211.0,2.0,8.0,2.0,0.0,96.0,5.0,90.0,8.0,0.0,580,231,0
751,Fresno,594,139,140.3365106783365,110.95798899001967,26.378521688316837,3.0,159.0,61.0,52.0,0.0,0.0,28.0,0.0,1.0,17.0,0.0,0,0,0
752,Fresno,272,119,148.0,52.0,69.0,27.0,1624.8547373819395,0.0,0.0,0.0,1561.0,21.0,17.0,0.0,0.0,25.854737381939398,0,0,0
753,Fresno,835,313,320.6340198926232,281.5318454539551,33.99228237095893,5.1098920677091355,74.23932646694303,0.0,0.0,0.0,0.0,38.0,0.0,0.0,29.0,7.239326466943031,0,0,0
754,Fresno,1890,615,620.2253239732253,103.00237941373129,517.2229445594941,0.0,360.0,230.0,0.0,0.0,0.0,121.0,9.0,0.0,0.0,0.0,825,2565,0
755,Fresno,2691,809,846.9491349931492,546.4823479614254,300.4667870317238,0.0,250.0,115.0,0.0,0.0,0.0,128.0,7.0,0.0,0.0,0.0,608,0,0
756,Fresno,201,78,82.74105580094106,38.33345108084262,44.40760472009843,0.0,63.0,5.0,0.0,0.0,0.0,6.0,0.0,25.0,27.0,0.0,0,0,0
757,Fresno,1216,321,333.107037023107,331.28658474364613,1.8204522794609599,0.0,136.0,59.0,0.0,0.0,0.0,73.0,1.0,0.0,3.0,0.0,382,0,0
758,Fresno,15,4,4.0,4.0,0.0,0.0,1.0,0.0,0.0,0.0,0.0,1.0,0.0,0.0,0.0,0.0,0,0,0
759,Fresno,287,73,75.0,73.0,2.0,0.0,40.06837899055515,0.0,0.0,0.0,25.0,6.0,0.0,3.0,4.0,2.0683789905551517,0,0,0
760,Fresno,0,0,0.0,0.0,0.0,0.0,32.0,0.0,0.0,0.0,32.0,0.0,0.0,0.0,0.0,0.0,0,0,0
761,Fresno,12,3,3.0,3.0,0.0,0.0,63.0,0.0,0.0,0.0,0.0,20.0,0.0,19.0,24.0,0.0,0,0,0
762,Fresno,2,1,1.0,1.0,0.0,0.0,0.0,0.0,0.0,0.0,0.0,0.0,0.0,0.0,0.0,0.0,0,0,0
763,Fresno,780,212,222.0,218.0,2.0,2.0,31.0,0.0,2.0,0.0,0.0,29.0,0.0,0.0,0.0,0.0,0,0,0
764,Fresno,205,54,58.0,54.0,4.0,0.0,12.0,0.0,0.0,0.0,0.0,10.0,0.0,0.0,2.0,0.0,0,0,0
765,Fresno,1565,413,439.0,150.0,289.0,0.0,169.0,78.0,0.0,0.0,0.0,78.0,8.0,0.0,5.0,0.0,853,0,0
766,Fresno,1196,318,341.0,341.0,0.0,0.0,119.1367579811103,0.0,0.0,0.0,3.0,54.0,49.0,1.0,8.0,4.1367579811103035,0,0,0
767,Fresno,84,23,24.0,24.0,0.0,0.0,292.41027394333094,0.0,0.0,0.0,251.0,2.0,0.0,0.0,27.0,12.41027394333091,0,0,0
768,Fresno,0,0,0.0,0.0,0.0,0.0,461.888926877217,0.0,44.0,0.0,257.0,0.0,51.0,57.0,26.0,26.888926877216974,0,0,0
769,Fresno,0,0,0.0,0.0,0.0,0.0,616.991666310526,0.0,83.0,86.0,146.0,21.0,95.0,10.0,25.0,150.99166631052609,0,0,0
770,Fresno,0,0,0.0,0.0,0.0,0.0,242.0,0.0,0.0,0.0,242.0,0.0,0.0,0.0,0.0,0.0,0,0,0
771,Fresno,618,284,295.66065080146063,276.84369813995255,17.816952661508072,1.0,0.0,0.0,0.0,0.0,0.0,0.0,0.0,0.0,0.0,0.0,0,0,0
772,Fresno,6,3,3.0,0.0,0.0,3.0,1.0,0.0,0.0,0.0,0.0,1.0,0.0,0.0,0.0,0.0,0,0,0
773,Fresno,1282,571,597.0555842340553,560.5709721770326,35.48461205702278,1.0,2.19878974808,0.011331015640560002,0.06679335535488001,0.007355220678960002,0.0,2.04651680105072,0.012324964380960002,0.0,0.05446839097392001,0.0,0,0,0
774,Fresno,1198,492,510.33102304548004,67.0,438.33102304548004,5.0,146.0,31.0,0.0,0.0,0.0,109.0,0.0,0.0,6.0,0.0,221,117,0
775,Fresno,2080,601,607.0,345.0,262.0,0.0,248.0,0.0,0.0,0.0,21.0,222.0,5.0,0.0,0.0,0.0,0,0,0
776,Fresno,81,22,23.0,23.0,0.0,0.0,420.0,0.0,0.0,0.0,85.0,7.0,309.0,0.0,19.0,0.0,0,0,0
777,Fresno,11,3,3.0,3.0,0.0,0.0,643.7179794008291,0.0,0.0,0.0,577.0,0.0,36.0,8.0,1.0,21.717979400829094,0,0,0
778,Fresno,7,2,2.0,2.0,0.0,0.0,795.8635839138424,0.0,0.0,0.0,274.0,1.0,206.0,34.0,43.0,237.86358391384243,0,0,0
779,Fresno,0,0,0.0,0.0,0.0,0.0,0.0,0.0,0.0,0.0,0.0,0.0,0.0,0.0,0.0,0.0,0,0,0
780,Fresno,15,7,8.0,5.0,0.0,3.0,18.615410914996367,0.0,0.0,0.0,0.0,0.0,0.0,0.0,0.0,18.615410914996367,0,0,0
781,Fresno,110,28,28.0,27.0,0.0,1.0,3.0,0.0,0.0,0.0,0.0,3.0,0.0,0.0,0.0,0.0,0,0,0
782,Fresno,149,38,38.0,38.0,0.0,0.0,9.136757981110303,0.0,0.0,0.0,0.0,5.0,0.0,0.0,0.0,4.1367579811103035,0,0,0
783,Fresno,910,228,233.0,233.0,0.0,0.0,177.20513697166547,118.0,0.0,0.0,5.0,33.0,6.0,5.0,4.0,6.205136971665455,1053,0,0
784,Fresno,11,4,4.0,4.0,0.0,0.0,342.0,0.0,0.0,0.0,228.0,0.0,111.0,0.0,3.0,0.0,0,0,0
785,Fresno,0,0,0.0,0.0,0.0,0.0,1983.0,0.0,0.0,0.0,1914.0,3.0,0.0,34.0,32.0,0.0,0,0,0
786,Fresno,0,0,0.0,0.0,0.0,0.0,1751.2394974144195,60.0,0.0,0.0,1152.0,0.0,67.0,148.0,196.0,128.23949741441942,0,0,0
787,Fresno,764,246,256.21688430815,124.0,132.21688430815,0.0,862.7291308070994,47.1596786503938,220.14532296751685,30.671791386949803,68.0,213.9234806797652,51.450850415833195,26.0,179.52326932470123,25.854737381939394,0,0,0
788,Fresno,44,15,16.52821326771,11.0,4.52821326771,1.0,185.55655717628002,17.18443478217564,7.774833850197121,11.250788517129243,40.0,74.06491886180328,18.941389275230645,10.0,6.340191889744081,0.0,0,0,0
789,Fresno,32,10,11.0,11.0,0.0,0.0,260.95115642067,0.0,0.0,0.0,178.965809494469,0.0,0.0,81.985346926201,0.0,0.0,0,0,0
790,Fresno,56,18,20.0,19.0,0.0,1.0,743.0,0.0,0.0,17.0,543.0,1.0,182.0,0.0,0.0,0.0,0,0,0
801,Fresno,4,1,1.0,1.0,0.0,0.0,269.0,0.0,0.0,0.0,250.0,0.0,11.0,8.0,0.0,0.0,0,0,0
802,Fresno,73,25,25.13255516928,20.13255516928,0.0,5.0,1.32066342912,0.0,0.0,0.3206634291199999,0.0,1.0,0.0,0.0,0.0,0.0,0,0,0
803,Fresno,45,11,12.0,12.0,0.0,0.0,53.0,53.0,0.0,0.0,0.0,0.0,0.0,0.0,0.0,0.0,499,0,0
804,Fresno,294,75,80.0,77.0,0.0,3.0,6.068378990555152,0.0,0.0,0.0,0.0,4.0,0.0,0.0,0.0,2.0683789905551517,0,0,0
805,Fresno,166,42,45.0,42.0,0.0,3.0,1.0,0.0,0.0,0.0,0.0,1.0,0.0,0.0,0.0,0.0,0,0,0
806,Fresno,237,59,64.0,62.0,0.0,2.0,21.136757981110303,0.0,0.0,0.0,0.0,8.0,0.0,8.0,1.0,4.1367579811103035,0,0,0
807,Fresno,9,3,3.0,3.0,0.0,0.0,0.0,0.0,0.0,0.0,0.0,0.0,0.0,0.0,0.0,0.0,0,0,0
808,Fresno,11,5,6.0,6.0,0.0,0.0,407.0,0.0,0.0,42.0,0.0,365.0,0.0,0.0,0.0,0.0,0,0,0
809,Fresno,1919,877,918.8266476956745,323.5883457564987,592.2383019391757,3.0,0.0,0.0,0.0,0.0,0.0,0.0,0.0,0.0,0.0,0.0,0,0,0
810,Fresno,37,16,19.0,17.0,0.0,2.0,19.0,0.0,0.0,0.0,15.0,4.0,0.0,0.0,0.0,0.0,0,0,0
811,Fresno,207,94,102.63329468223328,97.1809834486299,4.452311233603375,1.0,31.854737381939398,0.0,0.0,0.0,0.0,5.0,0.0,0.0,1.0,25.854737381939398,0,0,0
812,Fresno,13,6,7.0,5.0,0.0,2.0,1.0,0.0,0.0,0.0,0.0,1.0,0.0,0.0,0.0,0.0,0,0,0
813,Fresno,7,3,4.0,0.0,0.0,4.0,0.0,0.0,0.0,0.0,0.0,0.0,0.0,0.0,0.0,0.0,0,0,0
814,Fresno,11,4,4.0,1.0,0.0,3.0,9.0,0.0,0.0,0.0,0.0,0.0,0.0,0.0,9.0,0.0,0,0,0
815,Fresno,59,19,21.0,20.0,0.0,1.0,230.4874994657891,0.0,0.0,0.0,2.0,0.0,2.0,0.0,0.0,226.4874994657891,0,0,0
816,Fresno,36,12,13.0,6.0,5.0,2.0,0.0,0.0,0.0,0.0,0.0,0.0,0.0,0.0,0.0,0.0,0,0,0
817,Fresno,134,43,48.0,40.0,0.0,8.0,1356.0,43.0,0.0,0.0,1297.0,12.0,3.0,0.0,1.0,0.0,336,0,0
831,Fresno,0,0,0.0,0.0,0.0,0.0,89.01718022137698,0.0,0.0,0.0,1.0,0.0,8.0,0.0,19.0,61.017180221376975,0,0,0
832,Fresno,1220,409,476.0,165.0,107.0,204.0,700.0428650797041,0.0,20.0,0.0,258.0,40.0,268.0,11.0,11.0,92.04286507970426,0,0,0
833,Fresno,2171,625,634.0,446.0,188.0,0.0,199.0,132.0,0.0,0.0,2.0,64.0,0.0,1.0,0.0,0.0,1264,0,0
834,Fresno,1985,606,696.0,596.0,100.0,0.0,116.03418949527757,0.0,15.0,0.0,1.0,99.0,0.0,0.0,0.0,1.0341894952775759,0,0,0
835,Fresno,2519,830,826.0,260.0,566.0,0.0,463.0,60.0,159.0,0.0,0.0,124.0,16.0,17.0,87.0,0.0,690,0,0
836,Fresno,1301,383,382.23045312717,289.7882603341207,92.44219279304929,0.0,24.49680894506,0.08531810986842,0.50292780554016,0.05538193096722001,0.0,23.35025329314404,0.09280215459371999,0.0,0.41012565094644005,0.0,0,0,0
837,Fresno,1323,631,706.0,6.0,700.0,0.0,72.0,0.0,0.0,0.0,0.0,56.0,16.0,0.0,0.0,0.0,0,0,0
838,Fresno,627,266,315.27089845792,315.27089845792,0.0,0.0,10.0,1.0,0.0,0.0,1.0,4.0,0.0,4.0,0.0,0.0,0,0,0
839,Fresno,1510,673,713.386705956526,427.35542981836136,286.0312761381647,0.0,158.0,65.0,0.0,0.0,0.0,45.0,48.0,0.0,0.0,0.0,773,0,0
840,Fresno,58,27,27.579990952179987,26.27513509109038,1.3048558610896053,0.0,250.0,0.0,51.0,0.0,91.0,9.0,52.0,22.0,25.0,0.0,0,0,0
841,Fresno,0,0,0.0,0.0,0.0,0.0,60.71803870382719,0.0,0.0,0.0,36.00004151209867,0.0,0.0,3.00001779089943,0.0,21.717979400829094,0,0,0
842,Fresno,8,3,3.0,3.0,0.0,0.0,318.37608444805335,0.0,0.0,0.0,299.0,0.0,8.0,0.0,0.0,11.376084448053334,0,0,0
843,Fresno,2203,665,664.0,308.0,356.0,0.0,411.27368690969695,21.0,11.0,0.0,126.0,97.0,10.0,9.0,8.0,129.27368690969698,0,164,0
844,Fresno,1976,847,845.0,536.0,309.0,0.0,104.0,0.0,20.0,0.0,3.0,64.0,0.0,1.0,16.0,0.0,0,0,0
845,Fresno,2181,714,714.0,490.0,224.0,0.0,191.0,73.0,31.0,0.0,3.0,52.0,1.0,2.0,29.0,0.0,663,0,0
846,Fresno,1693,650,687.45925288533,567.4908644439646,119.96838844136539,0.0,382.4397277657728,23.07621807895658,4.44928551805984,0.049474893357780006,1.0,35.31289527150596,288.0829038753563,2.0,25.36638164270356,3.1025684858327276,44,0,0
847,Fresno,813,344,387.0,321.0,66.0,0.0,10.068378990555152,0.0,0.0,0.0,0.0,8.0,0.0,0.0,0.0,2.0683789905551517,0,0,0
848,Fresno,759,240,261.2206235750206,216.0258853308044,45.1947382442162,0.0,137.0,0.0,44.0,0.0,0.0,12.0,46.0,0.0,35.0,0.0,0,0,0
849,Fresno,1532,655,683.8249351212581,475.38473539610715,208.44019972515105,0.0,205.57522409432,77.92055526135718,3.01183814885184,2.7985275982393807,0.0,83.67774182172695,12.71047896418808,0.0,25.456082299956563,0.0,642,0,0
850,Fresno,900,283,321.0,129.0,192.0,0.0,76.03418949527757,0.0,20.0,0.0,4.0,43.0,0.0,0.0,8.0,1.0341894952775759,0,0,0
851,Fresno,1862,647,680.0,456.0,224.0,0.0,310.1367579811103,61.0,40.0,0.0,1.0,135.0,6.0,11.0,52.0,4.1367579811103035,729,0,0
852,Fresno,2101,631,668.0031588488032,547.0029678458327,121.0001910029705,0.0,106.4102739433309,0.0,0.0,0.0,1.0,57.0,10.0,0.0,26.0,12.41027394333091,0,0,0
853,Fresno,1346,574,659.0,561.0,98.0,0.0,203.51284242916364,24.0,1.0,0.0,8.0,53.0,99.0,0.0,3.0,15.512842429163639,441,14,0
854,Fresno,1301,702,702.0,587.0,115.0,0.0,131.0,0.0,0.0,0.0,4.0,16.0,50.0,36.0,25.0,0.0,0,0,0
855,Fresno,1743,699,700.6719662161361,534.5722031724182,165.0997630437179,1.0,666.8285918155182,6.186611479632541,131.5605427386159,4.105406927974441,14.0,259.7987361462102,59.90713902319982,12.0,169.9624500423871,9.307705457498184,0,0,0
856,Fresno,1223,403,402.0,257.0,145.0,0.0,350.0341894952776,0.0,104.0,0.0,18.0,75.0,0.0,0.0,152.0,1.0341894952775759,0,0,0
857,Fresno,1757,757,757.0,554.0,197.0,6.0,195.2735159622206,49.0,1.0,0.0,0.0,102.0,0.0,0.0,35.0,8.273515962220607,484,0,0
858,Fresno,1317,577,593.0,559.0,34.0,0.0,153.0,88.0,21.0,0.0,0.0,42.0,2.0,0.0,0.0,0.0,857,0,0
859,Fresno,1389,600,613.4657687114658,504.01434349621513,109.45142521525068,0.0,345.0341894952776,234.0,45.0,0.0,5.0,34.0,9.0,2.0,15.0,1.0341894952775759,0,2121,0
860,Fresno,40,16,16.0,2.0,14.0,0.0,1623.0,1597.0,19.0,0.0,0.0,7.0,0.0,0.0,0.0,0.0,0,268,24806
861,Fresno,269,107,107.42105075742104,99.33512549388244,8.0859252635386,0.0,13.0,0.0,0.0,0.0,0.0,13.0,0.0,0.0,0.0,0.0,0,0,0
862,Fresno,427,230,305.45512906,90.48867723985147,214.96645182014856,0.0,78.0,0.0,31.0,0.0,0.0,44.0,0.0,0.0,3.0,0.0,0,0,0
863,Fresno,102,47,51.785476808080006,13.223256729710387,38.56222007836961,0.0,67.2750867849,7.3971107597966395,19.0866259759744,3.5143961288550396,0.0,22.196186076979195,5.91898295386112,0.0,9.1617848894336,0.0,0,0,0
864,Fresno,2230,706,786.0,420.0,366.0,0.0,339.2666781851498,0.00106453962546,0.00627518095008,0.00069101694986,0.0,197.0043702153045,32.00115792029436,2.0,10.00511726065572,98.2480020513697,0,0,0
865,Fresno,1902,702,743.0,696.0,47.0,0.0,101.0,0.0,15.0,0.0,2.0,35.0,26.0,0.0,23.0,0.0,0,0,0
866,Fresno,2005,934,984.5208062001199,540.0,444.5208062001201,0.0,534.2393264669431,0.0,245.0,0.0,45.0,56.0,30.0,15.0,136.0,7.239326466943031,0,0,0
867,Fresno,1887,714,771.0987176800987,609.0927486162675,162.00596906383117,0.0,244.1367579811103,77.0,1.0,0.0,0.0,80.0,15.0,25.0,42.0,4.1367579811103035,595,0,0
868,Fresno,69,24,24.89346600559,19.0,5.89346600559,0.0,397.7395164080397,1.7970156653737202,40.7040665792337,1.17735509110692,149.0,9.4359268912016,5.98291383765376,12.0,79.3942362921003,98.24800205136971,0,0,0
869,Fresno,935,250,269.3456225348899,253.11509289357718,16.230529641312692,0.0,685.8512264892437,5.8451735217546,19.0231473499013,20.882987020513703,255.730206098576,109.39077984119619,18.5323593518625,171.02723118510403,33.52173965869171,51.89760246164364,0,0,0
870,Fresno,527,148,168.0,61.0,107.0,0.0,796.6024769331585,42.76764333596045,8.235020307568051,3.1784288906403004,97.0,91.93741758674369,7.345539497895051,526.0,6.693963875742451,13.444463438608487,0,673,0
871,Fresno,62,19,22.0,22.0,0.0,0.0,47.0,0.0,0.0,45.0,0.0,1.0,1.0,0.0,0.0,0.0,0,0,0
872,Fresno,1627,524,630.0,594.0,36.0,0.0,116.0,0.0,14.0,0.0,1.0,68.0,6.0,10.0,17.0,0.0,0,0,0
873,Fresno,1253,451,469.0,370.0,99.0,0.0,216.0,61.0,43.0,0.0,4.0,78.0,0.0,29.0,1.0,0.0,513,0,0
874,Fresno,590,245,256.0,113.0,143.0,0.0,140.61541091499637,3.0,40.0,0.0,0.0,35.0,11.0,30.0,3.0,18.615410914996367,0,0,0
875,Fresno,258,134,143.0,20.0,123.0,0.0,146.06837899055515,0.0,34.0,0.0,0.0,65.0,38.0,0.0,7.0,2.0683789905551517,0,0,0
876,Fresno,596,306,327.6861646357301,199.24800957334318,128.43815506238693,0.0,105.18421282656,0.01050013111392,15.06189550972416,0.00681587458272,0.0,24.043105801415038,64.01142119524673,2.0,0.050474314477440003,0.0,0,0,0
877,Fresno,400,197,206.8365723123244,156.67950991786407,50.157062394460326,0.0,138.91255668034,68.03070500824754,0.18099794335392,8.393803646263141,4.0,7.12605213912148,48.03339843002364,3.0,0.14759951333028,0.0,472,0,0
878,Fresno,34,13,13.81120505238,7.0,6.81120505238,0.0,64.10901234060546,2.07684954279704,1.9694262905834,1.3606945280394398,0.0,36.5938601770912,2.29169604722432,5.0,8.6113487832046,6.205136971665455,0,0,0
879,Fresno,1240,443,466.89079475200003,316.21002284606664,150.68077190593334,0.0,271.88397302365,115.05751332934135,11.28115938704415,2.0383422195609002,9.0,81.7859648317911,35.42812100562515,12.0,5.292872250287351,0.0,19,302,0
880,Fresno,388,130,130.87480441,103.05990558015944,27.81489882984056,0.0,82.0,50.0,5.0,0.0,0.0,16.0,3.0,5.0,3.0,0.0,351,0,0
881,Fresno,21,6,7.0,1.0,6.0,0.0,267.0,0.0,0.0,0.0,231.0,1.0,26.0,0.0,9.0,0.0,0,0,0
882,Fresno,615,210,210.0,110.0,100.0,0.0,190.89760246164366,0.0,1.0,0.0,0.0,39.0,9.0,3.0,21.0,117.89760246164364,0,0,0
883,Fresno,121,41,41.0,0.0,41.0,0.0,24.0,0.0,0.0,0.0,0.0,5.0,15.0,4.0,0.0,0.0,0,0,0
884,Fresno,3,1,1.0,1.0,0.0,0.0,7.0,0.0,5.0,0.0,0.0,0.0,0.0,2.0,0.0,0.0,0,0,0
885,Fresno,0,0,0.0,0.0,0.0,0.0,0.0,0.0,0.0,0.0,0.0,0.0,0.0,0.0,0.0,0.0,0,0,0
901,Fresno,460,222,220.2991965862992,91.16017335185587,0.1390232344433235,129.0,712.1367579811103,0.0,171.0,54.0,2.0,14.0,69.0,69.0,329.0,4.1367579811103035,0,0,0
902,Fresno,625,295,294.0,22.0,272.0,0.0,50.0,0.0,0.0,0.0,0.0,35.0,15.0,0.0,0.0,0.0,0,0,0
903,Fresno,1316,526,526.0,517.0,0.0,9.0,187.30770545749817,9.0,95.0,0.0,3.0,33.0,4.0,17.0,17.0,9.307705457498184,0,0,0
904,Fresno,868,323,362.0,310.0,52.0,0.0,3850.0,0.0,106.0,0.0,9.0,3655.0,65.0,11.0,4.0,0.0,0,0,0
905,Fresno,1809,603,603.0,603.0,0.0,0.0,185.37608444805335,0.0,107.0,0.0,3.0,31.0,3.0,4.0,26.0,11.376084448053335,0,0,0
906,Fresno,1224,437,437.0,437.0,0.0,0.0,299.1367579811103,31.0,93.0,0.0,0.0,30.0,36.0,0.0,105.0,4.1367579811103035,139,0,0
907,Fresno,2135,803,812.0,548.0,264.0,0.0,43.06837899055515,0.0,0.0,0.0,0.0,22.0,18.0,1.0,0.0,2.0683789905551517,0,0,0
908,Fresno,974,337,347.0,347.0,0.0,0.0,387.1025684858327,11.0,34.0,0.0,10.0,164.0,21.0,17.0,127.0,3.1025684858327276,0,0,0
909,Fresno,416,201,201.0,69.0,132.0,0.0,643.4102739433309,0.0,98.0,0.0,11.0,17.0,79.0,103.0,323.0,12.41027394333091,0,0,0
910,Fresno,0,0,0.0,0.0,0.0,0.0,1787.0,80.0,94.0,0.0,10.0,1191.0,406.0,0.0,6.0,0.0,0,0,0
911,Fresno,1622,694,699.0,413.0,285.0,1.0,718.0341894952776,64.0,0.0,0.0,2.0,434.0,197.0,8.0,12.0,1.0341894952775759,489,0,0
912,Fresno,1396,465,465.0,420.0,45.0,0.0,280.1367579811103,69.0,31.0,0.0,0.0,47.0,24.0,0.0,105.0,4.1367579811103035,770,0,0
913,Fresno,1537,452,452.0,452.0,0.0,0.0,465.0,71.0,0.0,22.0,10.0,169.0,158.0,2.0,33.0,0.0,477,0,0
914,Fresno,34,17,20.0,0.0,20.0,0.0,122.0,47.0,0.0,75.0,0.0,0.0,0.0,0.0,0.0,0.0,0,0,0
915,Fresno,577,198,206.0,206.0,0.0,0.0,77.22231719304243,0.0,0.0,0.0,0.0,5.0,0.0,0.0,5.0,67.22231719304243,0,0,0
916,Fresno,0,0,0.0,0.0,0.0,0.0,1078.0,25.0,298.0,0.0,8.0,0.0,55.0,56.0,636.0,0.0,0,0,0
917,Fresno,1073,739,738.19565807,8.533911364330022,727.66174670567,2.0,443.26625016713524,0.0286913206041,4.0,0.0187977617751,4.0,386.118722705948,11.0316593882528,36.0,0.0,2.0683789905551517,0,0,0
918,Fresno,1989,735,793.0,400.0,393.0,0.0,344.0,60.0,67.0,10.0,7.0,154.0,3.0,12.0,31.0,0.0,491,0,0
919,Fresno,975,360,360.0,312.0,48.0,0.0,395.0341894952776,185.0,92.0,0.0,0.0,23.0,17.0,19.0,58.0,1.0341894952775759,0,1877,0
920,Fresno,2650,1096,1121.0,217.0,904.0,0.0,240.0,0.0,55.0,0.0,3.0,102.0,24.0,24.0,32.0,0.0,0,0,0
921,Fresno,0,0,0.0,0.0,0.0,0.0,0.0,0.0,0.0,0.0,0.0,0.0,0.0,0.0,0.0,0.0,0,0,0
922,Fresno,0,0,0.0,0.0,0.0,0.0,4.0,0.0,0.0,0.0,0.0,0.0,0.0,4.0,0.0,0.0,0,0,0
923,Fresno,0,0,0.0,0.0,0.0,0.0,540.0,3.0,68.0,0.0,0.0,83.0,66.0,24.0,296.0,0.0,0,0,0
924,Fresno,2025,845,840.535476106,19.664109335235022,820.871366770765,0.0,459.0,24.0,149.0,0.0,2.0,158.0,90.0,17.0,19.0,0.0,0,0,299
925,Fresno,1176,429,458.6857224385858,380.4422980167418,78.24342442184403,0.0,1492.2735159622207,1.0,232.0,20.0,5.0,213.0,875.0,46.0,92.0,8.273515962220607,0,0,0
926,Fresno,1793,572,599.0,248.0,351.0,0.0,93.03418949527757,0.0,7.0,0.0,0.0,71.0,0.0,14.0,0.0,1.0341894952775759,0,0,0
927,Fresno,232,97,110.0,0.0,110.0,0.0,1263.2651822727466,82.0,35.0,442.0,39.0,228.0,257.0,19.0,2.0,159.26518227274667,424,0,0
928,Fresno,634,175,192.0,0.0,192.0,0.0,310.0,0.0,7.0,0.0,0.0,16.0,5.0,282.0,0.0,0.0,0,0,0
929,Fresno,1776,704,798.0,0.0,794.0,4.0,1149.170947476388,0.0,339.0,0.0,11.0,291.0,288.0,156.0,59.0,5.170947476387879,0,0,0
930,Fresno,0,0,0.0,0.0,0.0,0.0,0.0,0.0,0.0,0.0,0.0,0.0,0.0,0.0,0.0,0.0,0,0,0
931,Fresno,0,0,0.0,0.0,0.0,0.0,0.0,0.0,0.0,0.0,0.0,0.0,0.0,0.0,0.0,0.0,0,0,0
932,Fresno,0,0,0.0,0.0,0.0,0.0,4256.0,3197.0,24.0,0.0,0.0,0.0,210.0,823.0,2.0,0.0,0,0,13298
933,Fresno,0,0,0.0,0.0,0.0,0.0,0.0,0.0,0.0,0.0,0.0,0.0,0.0,0.0,0.0,0.0,0,477,11000
934,Fresno,0,0,0.0,0.0,0.0,0.0,20.0,0.0,0.0,0.0,16.0,0.0,1.0,3.0,0.0,0.0,0,0,0
935,Fresno,0,0,0.0,0.0,0.0,0.0,213.0,0.0,0.0,0.0,0.0,0.0,103.0,110.0,0.0,0.0,0,0,0
936,Fresno,0,0,0.0,0.0,0.0,0.0,43.0,0.0,29.0,0.0,0.0,1.0,13.0,0.0,0.0,0.0,0,0,0
937,Fresno,2,1,1.0,1.0,0.0,0.0,292.0,0.0,227.0,0.0,0.0,4.0,61.0,0.0,0.0,0.0,0,0,0
938,Fresno,459,146,170.09762363709763,169.97078871379796,0.12683492329965182,0.0,1321.7521688961067,36.0,75.0,0.0,17.0,86.0,870.0,31.0,184.0,22.752168896106667,0,0,0
939,Fresno,541,173,200.7407921929408,200.69599944780248,0.04479274513831835,0.0,237.1410777257712,4.07727719816895,96.33402097298016,2.6801968761765003,0.0,38.9053871242231,15.51278400846995,17.0,46.08437962131135,16.547031924441214,0,0,0
940,Fresno,0,0,0.0,0.0,0.0,0.0,2188.1025684858328,0.0,461.0,8.0,18.0,3.0,90.0,50.0,1555.0,3.1025684858327276,0,0,0
941,Fresno,624,229,229.18953362858952,169.1780732870775,60.011460341512034,0.0,1855.0,115.0,0.0,0.0,0.0,1663.0,76.0,1.0,0.0,0.0,429,0,0
942,Fresno,0,0,0.0,0.0,0.0,0.0,201.0,0.0,85.0,0.0,0.0,0.0,8.0,8.0,100.0,0.0,0,0,0
943,Fresno,2165,792,793.3476505369476,434.3266294975157,359.02102103943196,0.0,806.9914953630496,351.0,3.0,0.0,2.0,215.0,153.0,13.0,40.0,29.9914953630497,620,0,0
944,Fresno,2732,995,1042.0,186.0,856.0,0.0,1041.0,23.0,70.0,0.0,5.0,130.0,794.0,0.0,19.0,0.0,0,0,0
945,Fresno,1300,608,648.6665019872,272.66650198720004,376.0,0.0,201.9914953630497,0.0,71.0,16.0,0.0,53.0,0.0,7.0,25.0,29.9914953630497,0,0,0
946,Fresno,2998,1150,1257.0,68.0,1189.0,0.0,1068.1367579811103,65.0,237.0,0.0,24.0,98.0,40.0,599.0,1.0,4.1367579811103035,548,0,0
947,Fresno,918,400,477.0,168.0,309.0,0.0,72.12119569663031,0.0,0.0,0.0,0.0,46.0,10.0,1.0,10.98443771552,4.1367579811103035,0,0,0
948,Fresno,647,210,210.0,78.0,90.0,42.0,836.7009701269285,0.0,110.0,388.0,67.0,30.0,13.0,47.0,100.0,81.7009701269285,0,0,0
949,Fresno,679,227,227.16870625754274,226.74069388705755,0.42801237048516627,0.0,171.40729837181001,2.48405258743947,5.88394262543781,1.63500129423252,4.0,58.30507844018814,83.75099841178677,2.0,13.34822501272529,0.0,0,0,0
950,Fresno,2952,687,688.2923179434924,668.2792644489803,20.01305349451206,0.0,162.37608444805335,0.0,27.0,0.0,18.0,88.0,1.0,1.0,16.0,11.376084448053334,126,53,0
951,Fresno,1534,701,763.373050248373,531.4760472057136,231.8970030426594,0.0,389.23932646694306,0.0,75.0,0.0,1.0,173.0,19.0,9.0,105.0,7.239326466943031,0,0,0
952,Fresno,1936,640,643.3962814759963,437.3118539119754,206.08442756402084,0.0,392.1025684858327,77.0,53.0,0.0,15.0,80.0,0.0,48.0,116.0,3.1025684858327276,855,0,0
953,Fresno,1641,547,547.0,547.0,0.0,0.0,106.10256848583273,0.0,0.0,0.0,1.0,100.0,2.0,0.0,0.0,3.1025684858327276,0,0,0
954,Fresno,318,91,106.0,106.0,0.0,0.0,3.0,0.0,0.0,0.0,0.0,3.0,0.0,0.0,0.0,0.0,0,0,0
955,Fresno,0,0,0.0,0.0,0.0,0.0,0.0,0.0,0.0,0.0,0.0,0.0,0.0,0.0,0.0,0.0,0,0,0
956,Fresno,915,262,304.0,205.0,97.0,2.0,13.0,0.0,0.0,0.0,0.0,13.0,0.0,0.0,0.0,0.0,0,0,0
957,Fresno,633,182,210.0,120.0,90.0,0.0,98.0,65.0,0.0,0.0,0.0,23.0,0.0,10.0,0.0,0.0,728,0,0
971,Fresno,2309,974,1027.47017015424,66.0,961.47017015424,0.0,501.35863880128,11.24944241167296,122.31250263723007,19.30226963564736,4.0,188.18192147949952,16.23623560567936,36.0,104.07626703155071,0.0,0,0,0
972,Fresno,599,143,143.40527448001203,67.72628873014433,75.6789857498677,0.0,349.76892814181997,50.4146976458383,2.2214064780432,0.9245911028583,74.0,173.84161054293781,41.5551182799286,0.0,6.8115040922138,0.0,700,0,0
973,Fresno,1855,484,484.03045977268806,483.9356486776798,0.09481109500826908,0.0,164.13675798111032,91.0,4.0,0.0,1.0,49.0,8.0,1.0,6.0,4.1367579811103035,768,0,0
974,Fresno,2164,715,737.5526046271526,559.291192220713,178.26141240643963,0.0,564.0341894952776,50.0,0.0,17.0,0.0,131.0,48.0,294.0,23.0,1.0341894952775759,1761,344,0
975,Fresno,2338,858,901.4023750932024,543.5733085082317,357.82906658497075,0.0,233.23932646694303,55.0,0.0,0.0,0.0,165.0,2.0,4.0,0.0,7.239326466943031,794,0,0
976,Fresno,154,57,57.0,57.0,0.0,0.0,704.0940638488825,2.0,155.0,0.0,20.0,91.0,145.0,113.0,145.0,33.09406384888243,0,0,0
977,Fresno,22,8,8.0,8.0,0.0,0.0,40.0,0.0,0.0,0.0,0.0,0.0,36.0,4.0,0.0,0.0,0,0,0
978,Fresno,0,0,0.0,0.0,0.0,0.0,316.2735159622206,0.0,45.0,0.0,0.0,31.0,54.0,8.0,170.0,8.273515962220607,0,0,0
979,Fresno,2130,830,842.0,1.0,840.0,1.0,735.76952006496,0.0,0.0,30.0,76.0,211.0,83.0,87.0,44.0,204.76952006496006,0,0,0
980,Fresno,750,196,196.0,103.0,93.0,0.0,1007.1430067464399,397.0081513845471,129.04805026680384,208.00529124961827,0.0,82.03346357866695,45.00886641827928,0.0,146.03918384852454,0.0,0,1655,892
981,Fresno,386,176,192.0263827854264,191.7224574940684,0.3039252913579631,0.0,31.0,0.0,0.0,0.0,0.0,30.0,1.0,0.0,0.0,0.0,0,0,0
982,Fresno,1264,514,539.5116399079117,370.87604302680563,168.63559688110604,0.0,294.0,0.0,48.0,2.0,2.0,75.0,37.0,17.0,113.0,0.0,0,0,0
983,Fresno,2244,861,884.7727814117727,331.3678801746968,553.404901237076,0.0,588.9914953630497,45.0,10.0,35.0,4.0,278.0,9.0,1.0,177.0,29.9914953630497,53,329,0
984,Fresno,2476,784,853.8146539288146,516.5373964477443,251.2772574810704,86.0,422.1025684858327,0.0,140.0,0.0,0.0,215.0,13.0,0.0,51.0,3.1025684858327276,0,0,0
985,Fresno,1346,437,453.99712963168,167.99712963168,286.0,0.0,732.3077054574982,97.0,34.0,0.0,0.0,51.0,530.0,0.0,11.0,9.307705457498184,0,1125,0
986,Fresno,1239,370,395.0,145.0,250.0,0.0,53.0,0.0,0.0,0.0,0.0,34.0,19.0,0.0,0.0,0.0,0,0,0
987,Fresno,983,349,354.0,193.0,161.0,0.0,230.16244283943757,107.0,0.0,0.0,0.0,39.0,15.0,24.0,10.0,35.16244283943758,828,0,0
988,Fresno,0,0,0.0,0.0,0.0,0.0,1257.0,32.0,72.0,300.0,658.0,0.0,146.0,22.0,27.0,0.0,0,0,0
989,Fresno,0,0,0.0,0.0,0.0,0.0,0.0,0.0,0.0,0.0,0.0,0.0,0.0,0.0,0.0,0.0,0,0,0
990,Fresno,0,0,0.0,0.0,0.0,0.0,1461.0,0.0,0.0,0.0,1457.0,0.0,0.0,0.0,4.0,0.0,0,0,0
991,Fresno,0,0,0.0,0.0,0.0,0.0,157.0,0.0,0.0,0.0,86.0,41.0,0.0,24.0,6.0,0.0,0,0,0
992,Fresno,837,331,335.0,270.0,65.0,0.0,198.2735159622206,16.0,76.0,0.0,0.0,36.0,6.0,0.0,56.0,8.273515962220607,0,0,0
993,Fresno,390,171,193.4353893372354,170.83694692855622,22.598442408679173,0.0,44.04099138728,1.8550086058850401,2.6007456832291203,2.7629397804276405,5.0,23.661484680048282,2.0399664555328405,4.0,2.1208461821570803,0.0,0,0,0
994,Fresno,1450,534,600.6965719830966,446.1102590039735,154.58631297912302,0.0,2313.0,79.0,11.0,187.0,58.0,1919.0,23.0,0.0,36.0,0.0,800,0,0
995,Fresno,2033,736,811.0561500700437,546.7470898044555,264.30906026558813,0.0,550.7024933532557,1.07755410882736,0.45716106256128,54.05034214081776,5.0,452.3183800257123,18.08435710082976,2.0,7.37280396173152,10.341894952775759,0,0,0
996,Fresno,1092,364,365.0,365.0,0.0,0.0,658.1367579811103,400.0,16.0,0.0,20.0,46.0,2.0,0.0,170.0,4.1367579811103035,560,1823,0
997,Fresno,675,245,251.58085924576,243.58085924576,8.0,0.0,113.0,0.0,25.0,0.0,0.0,14.0,25.0,0.0,49.0,0.0,0,0,0
998,Fresno,378,139,140.3600920912,140.3600920912,0.0,0.0,18.136757981110303,0.0,0.0,0.0,3.0,11.0,0.0,0.0,0.0,4.1367579811103035,0,0,0
999,Fresno,2759,882,910.0834198017626,495.9333104773941,412.1501093243685,2.0,104.91011895162,2.27487678024234,13.409799967744322,1.4766744012099402,1.0,63.33896783467908,2.47442737500044,10.0,10.935372592743882,0.0,0,0,0
1000,Fresno,627,203,210.75973001184,210.75973001184,0.0,0.0,30.0,0.0,0.0,0.0,0.0,18.0,12.0,0.0,0.0,0.0,0,0,0
1001,Fresno,0,0,0.0,0.0,0.0,0.0,584.846232744989,0.0,0.0,0.0,13.0,75.0,439.0,2.0,0.0,55.846232744989095,0,0,0
1002,Fresno,0,0,0.0,0.0,0.0,0.0,155.0431583938376,0.0,97.0,0.00896889856,29.0,0.0,1.0,0.0,27.0,1.0341894952775759,0,0,0
1003,Fresno,0,0,0.0,0.0,0.0,0.0,0.33303367864,0.33303367864,0.0,0.0,0.0,0.0,0.0,0.0,0.0,0.0,0,0,0
1004,Fresno,1175,309,338.30632220486825,293.0671291348251,45.23919307004315,0.0,204.83083635921,48.53609485603442,25.68129077248474,1.0062667449210199,20.0,41.35549733619416,45.694636623174,4.0,18.55705002640166,0.0,0,250,0
1005,Fresno,177,40,39.98922424731177,39.20059244915963,0.7886317981521469,0.0,54.55319712848,3.8302210142539197,0.07633526488896,2.50937680648072,0.0,31.84876736354824,10.226247088297521,0.0,6.06224959101064,0.0,0,0,0
1006,Fresno,3343,1038,1099.4353719864353,163.6229887041037,935.8123832823318,0.0,319.0683789905552,0.0,5.0,0.0,0.0,290.0,2.0,15.0,7.0,0.06837899055515173,0,0,0
1007,Fresno,2794,846,970.2269916978271,587.7900043749013,382.43698732292575,0.0,269.888926877217,0.0,51.0,0.0,0.0,127.0,17.0,7.0,41.0,26.888926877216974,0,0,0
1008,Fresno,2026,634,634.2891750694891,634.0902917902013,0.1988832792878996,0.0,55.47865293388607,0.0,0.0,0.0,0.0,36.0,1.0,0.0,4.0,14.478652933886064,0,0,0
1009,Fresno,849,307,308.7772075761772,251.2836505997064,57.49355697647082,0.0,115.84440939679514,31.21523373315568,2.2687462164966403,0.13971312503088004,0.0,21.88359111506016,36.23411388518688,0.0,22.03463233130976,2.0683789905551517,29,23,0
1010,Fresno,917,269,289.28491638688,141.28491638687998,148.0,0.0,48.92104455692,1.1485514607534,0.0,0.7524992329074001,0.0,45.752626734152,1.2673671291072,0.0,0.0,0.0,0,0,0
1011,Fresno,1823,483,552.0,394.0,158.0,0.0,337.0683789905552,159.0,25.0,0.0,3.0,80.0,0.0,0.0,68.0,2.0683789905551517,1432,0,0
1012,Fresno,1686,577,640.0,166.0,474.0,0.0,331.05987435360487,0.0,159.0,0.0,2.0,101.0,13.0,22.0,2.0,32.059874353604854,0,0,0
1013,Fresno,0,0,0.0,0.0,0.0,0.0,3878.8811060301723,144.0,161.0,53.0,124.0,657.0,1958.0,168.0,73.0,540.8811060301721,164,342,0
1014,Fresno,1492,434,465.0,465.0,0.0,0.0,28.0,0.0,0.0,0.0,0.0,28.0,0.0,0.0,0.0,0.0,0,0,0
1015,Fresno,1319,397,494.0,231.0,83.0,180.0,279.1966323347151,0.0,0.0,0.0,38.0,48.0,14.0,2.0,141.0,36.196632334715154,0,0,0
1016,Fresno,1048,308,308.0,308.0,0.0,0.0,34.20513697166545,0.0,0.0,0.0,5.0,18.0,5.0,0.0,0.0,6.205136971665455,0,0,0
1017,Fresno,1149,338,338.0,338.0,0.0,0.0,32.0,0.0,0.0,0.0,5.0,14.0,9.0,4.0,0.0,0.0,0,0,0
1018,Fresno,1821,535,535.0,535.0,0.0,0.0,80.06837899055515,0.0,33.0,0.0,4.0,17.0,13.0,1.0,10.0,2.0683789905551517,0,0,0
1019,Fresno,2020,617,665.0,665.0,0.0,0.0,90.13675798111029,47.0,0.0,0.0,7.0,19.0,13.0,0.0,0.0,4.1367579811103035,934,0,0
1020,Fresno,3307,970,970.0,970.0,0.0,0.0,149.7094747638788,0.0,0.0,0.0,52.0,29.0,13.0,0.0,4.0,51.709474763878795,0,0,0
1021,Fresno,240,68,73.0,0.0,0.0,73.0,2294.548741399205,15.0,29.0,59.0,570.0,0.0,302.0,40.0,53.0,1226.548741399205,0,0,0
1022,Fresno,502,141,153.0,0.0,0.0,153.0,2469.5142100089747,0.0,1.0,8.0,950.0,0.0,399.0,79.0,49.0,983.5142100089747,0,0,0
1023,Fresno,1591,494,530.0,530.0,0.0,0.0,274.4616436599855,0.0,110.0,0.0,13.0,11.0,45.0,0.0,21.0,74.46164365998547,0,0,0
1024,Fresno,1455,450,483.0,483.0,0.0,0.0,64.0,0.0,0.0,0.0,1.0,21.0,27.0,15.0,0.0,0.0,0,0,0
1025,Fresno,593,217,228.0,228.0,0.0,0.0,48.0,0.0,12.0,0.0,33.0,0.0,1.0,2.0,0.0,0.0,0,0,0
1026,Fresno,0,0,0.0,0.0,0.0,0.0,371.7863583913842,0.0,13.0,0.0,3.0,166.0,118.0,11.0,37.0,23.786358391384244,0,0,0
1027,Fresno,3,1,1.0,1.0,0.0,0.0,0.0,0.0,0.0,0.0,0.0,0.0,0.0,0.0,0.0,0.0,0,0,0
1028,Fresno,621,193,207.0,207.0,0.0,0.0,3.0,0.0,0.0,0.0,2.0,0.0,0.0,1.0,0.0,0.0,0,0,0
1029,Fresno,510,158,170.0,170.0,0.0,0.0,17.0,0.0,0.0,0.0,0.0,2.0,15.0,0.0,0.0,0.0,0,0,0
1030,Fresno,769,280,295.0,295.0,0.0,0.0,60.0,43.0,0.0,0.0,4.0,12.0,1.0,0.0,0.0,0.0,791,0,0
1031,Fresno,0,0,0.0,0.0,0.0,0.0,0.0,0.0,0.0,0.0,0.0,0.0,0.0,0.0,0.0,0.0,0,0,0
1032,Fresno,3,1,1.0,1.0,0.0,0.0,0.0,0.0,0.0,0.0,0.0,0.0,0.0,0.0,0.0,0.0,0,0,0
1033,Fresno,18,6,6.0,6.0,0.0,0.0,6.0,0.0,0.0,0.0,0.0,0.0,0.0,6.0,0.0,0.0,0,0,0
1034,Fresno,828,323,342.0861670947442,324.27148529996794,13.814681794776284,4.0,252.01018985418423,0.012758393379600002,0.07520737150080001,0.008281764123600002,0.0,6.0523765622951995,222.0138775506936,0.0,0.06132982080720001,23.786358391384244,0,0,0
1035,Fresno,3,1,1.0,1.0,0.0,0.0,527.0,0.0,0.0,0.0,527.0,0.0,0.0,0.0,0.0,0.0,0,0,0
1036,Fresno,15,5,5.0,5.0,0.0,0.0,10.07871297463,0.0,0.0,0.0,2.8550990822409994,1.0,0.0,6.223613892388999,0.0,0.0,0,0,0
1037,Fresno,170,48,52.0,2.0,0.0,50.0,50.04931215113364,0.0,0.0,0.0,0.28575146446699995,0.0,0.0,0.12246491334299998,0.0,49.64109577332364,0,0,0
1038,Fresno,9,3,3.0,3.0,0.0,0.0,8.0,0.0,0.0,0.0,0.0,0.0,0.0,0.0,8.0,0.0,0,0,0
1039,Fresno,25,8,8.0,7.0,0.0,1.0,1.0,0.0,0.0,0.0,0.0,0.0,0.0,1.0,0.0,0.0,0,0,0
1040,Fresno,9,3,3.0,3.0,0.0,0.0,2.0,0.0,0.0,0.0,0.0,2.0,0.0,0.0,0.0,0.0,0,0,0
1041,Fresno,3,1,1.0,1.0,0.0,0.0,41.367579811103035,0.0,0.0,0.0,0.0,0.0,0.0,0.0,0.0,41.367579811103035,0,0,0
1042,Fresno,190,64,68.09862325922,62.39323453438659,1.3186436502059848,4.3867450746274255,46.0,40.0,0.0,0.0,0.0,0.0,6.0,0.0,0.0,0.0,684,0,0
1061,Fresno,512,152,170.7156104933156,145.43047636121827,25.28513413209735,0.0,58.20513697166545,0.0,0.0,0.0,13.0,24.0,7.0,0.0,8.0,6.205136971665455,0,0,0
1062,Fresno,2038,558,558.7936138951936,542.503763208935,16.28985068625861,0.0,269.4444634386085,54.0,33.0,0.0,16.0,51.0,0.0,3.0,99.0,13.444463438608487,696,0,0
1063,Fresno,2786,832,876.218120173218,245.73044687800325,630.4876732952149,0.0,218.0341894952776,66.0,0.0,0.0,0.0,125.0,6.0,0.0,20.0,1.0341894952775759,652,0,0
1064,Fresno,1100,370,370.14770594727173,223.02721845167594,147.1204874955958,0.0,104.16684679594,0.00951026736858,51.05606052343584,0.00617333144978,0.0,48.039042150249955,0.01034450134828,0.0,5.04571602208756,0.0,0,0,0
1065,Fresno,85,30,30.0,27.0,3.0,0.0,356.84640369246546,0.0,0.0,13.0,103.0,2.0,32.0,8.0,22.0,176.8464036924655,0,0,0
1066,Fresno,773,193,207.0,75.0,132.0,0.0,1192.2994263509695,0.0,4.0,0.0,416.005512800993,29.0,35.0,9.002362628997,25.0,674.2915509209795,0,0,0
1067,Fresno,1506,559,578.0,545.0,33.0,0.0,204.17094747638788,87.0,1.0,0.0,0.0,83.0,0.0,0.0,28.0,5.170947476387879,827,0,0
1068,Fresno,3231,991,1029.0,420.0,609.0,0.0,254.06837899055515,0.0,135.0,0.0,0.0,117.0,0.0,0.0,0.0,2.0683789905551517,0,0,0
1069,Fresno,652,163,163.0,163.0,0.0,0.0,984.2483439463225,0.0,7.0,0.0,318.0,37.0,189.0,55.0,38.0,340.24834394632245,113,43,0
1070,Fresno,683,165,164.0,0.0,0.0,164.0,1218.4704901918885,19.0,30.0,78.0,565.0,31.0,105.0,64.0,40.0,286.47049019188853,0,0,0
1071,Fresno,36,12,12.0,2.0,10.0,0.0,13.0,0.0,0.0,0.0,0.0,13.0,0.0,0.0,0.0,0.0,0,0,0
1072,Fresno,962,319,345.4854084334854,120.27465970644458,225.21074872704082,0.0,70.0,0.0,0.0,0.0,0.0,68.0,0.0,0.0,2.0,0.0,0,0,0
1073,Fresno,505,125,130.30021266330021,64.55646793134358,65.74374473195664,0.0,24.0,0.0,4.0,0.0,0.0,17.0,0.0,0.0,3.0,0.0,0,0,0
1074,Fresno,366,90,94.42850617562851,77.9793340770911,16.449172098537417,0.0,11.0,0.0,0.0,0.0,0.0,11.0,0.0,0.0,0.0,0.0,0,0,0
1075,Fresno,226,72,72.0,26.0,46.0,0.0,11.0,0.0,0.0,0.0,0.0,11.0,0.0,0.0,0.0,0.0,0,0,0
1076,Fresno,81,28,28.0,3.0,13.0,12.0,22.0,0.0,0.0,0.0,0.0,2.0,0.0,20.0,0.0,0.0,0,0,0
1077,Fresno,616,149,159.0,62.0,97.0,0.0,254.05154066413093,0.0,8.0,0.0,4.0,26.0,14.0,19.0,0.0,183.05154066413093,0,0,0
1078,Fresno,323,113,116.70062555980516,113.08027330947326,3.620352250331904,0.0,21.90785346762,0.05174764765434,0.30503876512032,0.033590578301940004,0.0,19.212437711423078,2.05628691499244,0.0,0.24875185012788,0.0,0,0,0
1079,Fresno,1925,623,649.33006223168,138.33006223168002,511.0,0.0,56.06837899055515,0.0,0.0,0.0,0.0,48.0,4.0,0.0,2.0,2.0683789905551517,0,0,0
1080,Fresno,1075,357,356.8597233632,189.8597233632,167.0,0.0,139.0341894952776,70.0,0.0,0.0,2.0,66.0,0.0,0.0,0.0,1.0341894952775759,626,0,0
1081,Fresno,4,1,1.0,1.0,0.0,0.0,15.0,0.0,0.0,0.0,0.0,0.0,0.0,0.0,15.0,0.0,0,0,0
1082,Fresno,158,53,53.96248775236249,47.66242593845327,5.300061813909215,1.0,189.0,0.0,0.0,0.0,0.0,8.0,180.0,1.0,0.0,0.0,0,0,0
1083,Fresno,1295,427,462.4437931002438,256.54251251988296,205.90128058036086,0.0,142.0,70.0,0.0,0.0,0.0,59.0,3.0,3.0,7.0,0.0,633,0,0
1084,Fresno,1393,361,374.87034414867037,318.371155575654,56.49918857301637,0.0,72.03418949527757,0.0,0.0,0.0,0.0,41.0,8.0,16.0,6.0,1.0341894952775759,0,0,0
1085,Fresno,890,300,301.64770162464015,143.62830359603498,158.01939802860517,0.0,149.24189393529576,73.05129994200364,0.30239965812672004,0.03329996235324,3.0,32.21059976190968,0.05579993691624,13.0,17.24659972121048,10.341894952775759,843,0,0
1086,Fresno,895,231,248.71893412211892,232.6196188452766,16.099315276842333,0.0,130.75216889610667,0.0,51.0,0.0,11.0,36.0,0.0,1.0,30.0,1.75216889610667,0,0,0
1087,Fresno,406,136,141.87233842164622,138.50847648483617,3.3638619368100553,0.0,53.20342607282,1.10048494509426,0.33986337177408,0.72065858536166,1.0,22.55184732800952,5.21342135488376,0.0,22.27715048769672,0.0,0,0,0
1088,Fresno,302,99,103.0,53.0,50.0,0.0,213.52645557792124,64.9270164297546,0.0,3.2280452470806003,23.0,29.387654192088004,41.4367077845568,2.0,33.0,16.547031924441214,764,0,0
1089,Fresno,354,120,119.2251187696,119.2251187696,0.0,0.0,6.0,0.0,0.0,0.0,0.0,6.0,0.0,0.0,0.0,0.0,0,0,0
1090,Fresno,1047,253,252.0,0.0,252.0,0.0,35.0,0.0,15.0,0.0,0.0,15.0,5.0,0.0,0.0,0.0,0,0,0
1091,Fresno,975,317,361.70207694010213,220.02704299130443,141.67503394879765,0.0,768.0,0.0,48.0,0.0,0.0,652.0,29.0,16.0,23.0,0.0,0,0,0
1092,Fresno,2560,703,706.1108093354622,619.1460849460262,84.96472438943589,2.0,289.5175197027309,66.0631130082858,21.3720345751584,0.0409680930978,24.0,79.2590955076996,54.0686492370828,2.0,30.3033853380756,12.41027394333091,664,0,0
1093,Fresno,2517,755,793.0660828156383,743.007233223117,50.05884959252137,0.0,238.49517843681156,1.4685697066257801,58.476483383151916,0.9620637799517799,1.0,105.07628623571507,10.62022400389916,7.0,33.20776142191628,20.68378990555152,0,0,0
1094,Fresno,2389,634,652.4801687184802,638.8063489759365,13.673819742543614,0.0,203.0827912976,0.0047191039631999995,28.0278178759936,0.0030632780112,16.0,105.01937316363839,19.0051330604512,5.0,30.022684815542398,0.0,0,0,0
1095,Fresno,2125,568,593.6658416542658,566.2627848332071,27.403056821058833,0.0,188.94780653254,71.94780653254,21.0,0.0,1.0,51.0,3.0,7.0,34.0,0.0,746,0,0
1096,Fresno,2077,452,453.4556026368,445.4556026368,8.0,0.0,61.41027394333091,0.0,0.0,0.0,0.0,41.0,2.0,0.0,6.0,12.41027394333091,137,0,0
1097,Fresno,1169,345,356.65840178016003,245.65840178016003,109.0,2.0,111.27133033472,76.0,0.0,4.27133033472,0.0,30.0,0.0,0.0,1.0,0.0,1001,11,0
1098,Fresno,1292,388,396.3894367299894,389.8263167969004,6.563119933089042,0.0,90.82277881856,63.0,0.0,0.8227788185600001,0.0,24.0,0.0,0.0,3.0,0.0,689,4,11
1099,Fresno,1192,410,420.14215308954215,259.13355765998557,66.00859542955658,95.0,73.0,0.0,12.0,0.0,1.0,32.0,0.0,22.0,6.0,0.0,0,0,0
1100,Fresno,825,258,273.0,54.0,219.0,0.0,28.102568485832727,0.0,0.0,0.0,0.0,25.0,0.0,0.0,0.0,3.1025684858327276,0,0,0
1101,Fresno,769,182,184.0,123.0,61.0,0.0,8.0,0.0,0.0,0.0,0.0,8.0,0.0,0.0,0.0,0.0,0,0,0
1102,Fresno,2027,463,465.0,465.0,0.0,0.0,34.0,0.0,0.0,0.0,0.0,29.0,3.0,2.0,0.0,0.0,0,0,0
1103,Fresno,455,123,123.0,123.0,0.0,0.0,0.0,0.0,0.0,0.0,0.0,0.0,0.0,0.0,0.0,0.0,0,0,0
1104,Fresno,984,266,266.0,266.0,0.0,0.0,439.9402965938715,0.0,0.0,63.0,185.0,2.0,101.0,0.0,0.0,88.94029659387152,0,0,0
1105,Fresno,250,67,66.0,0.0,0.0,66.0,106.7009701269285,0.0,0.0,0.0,16.0,0.0,9.0,0.0,0.0,81.7009701269285,0,0,0
1106,Fresno,71,21,21.52347214736,19.52347214736,0.0,2.0,37.0,0.0,0.0,0.0,0.0,8.0,25.0,0.0,4.0,0.0,0,0,0
1107,Fresno,1212,378,395.86973971745,0.0,395.86973971745,0.0,104.22942794685,6.058613641834599,5.7452370741535,3.9694365239605993,0.0,61.070125414488,9.6853667771968,13.0,4.7006485152165,0.0,0,0,0
1108,Fresno,498,162,171.47155830372617,96.21584965927426,75.2557086444519,0.0,15.456425746819999,0.08301626756874,0.48935905093152005,0.05388775263234001,0.0,14.34080362475588,0.09029839630284,0.0,0.39906065462868,0.0,0,0,0
1109,Fresno,710,257,261.08256117639746,181.18549341877866,79.89706775761876,0.0,289.0195589154776,24.3583028527432,54.098390636222,15.9588880759352,1.0,117.79297732169599,30.878127285785602,4.0,39.89868324781801,1.0341894952775759,0,0,0
1110,Fresno,871,241,255.13868349500848,214.25263448454245,38.85000019902632,2.036048811439715,84.41077947452,6.08340237045406,6.30515284357684,3.98502137743606,0.0,47.16915686042716,6.71101415906132,0.0,14.157031863564558,0.0,0,0,0
1111,Fresno,774,300,302.61206097100853,284.7148371616168,17.897223809391633,0.0,107.80373990320092,47.29364205134492,7.123281255585701,2.15790341295012,1.0,26.6288636607376,8.63436364286336,0.0,2.5554119363882997,12.41027394333091,426,0,0
1112,Fresno,1058,400,412.02462663055996,233.3548758121162,178.66975081844382,0.0,273.41465266933,20.69609970964228,37.6256117936263,13.559513602869078,1.0,113.63903328127839,22.837075541674242,0.0,64.0573187402397,0.0,0,0,0
1113,Fresno,1087,307,381.43447253219097,344.78387294424385,36.65059958794708,0.0,612.2928566003601,204.28197136564177,87.1122142260396,75.15025710162736,1.0,232.58057116817278,3.6214856448460795,5.0,3.5463570940323996,0.0,0,2160,0
1114,Fresno,3785,1180,1229.675977691322,568.4324625178701,661.2435151734518,0.0,244.16841189929,7.86065137457562,14.678116422442178,5.149807917499619,0.0,121.52535357924333,43.67310976075364,0.0,51.28137284477562,0.0,0,0,0
1115,Fresno,1614,687,826.2860537840256,283.17269788707813,543.1133558969475,0.0,260.21103699841217,62.02901461575848,0.17103352447104,5.763536832825681,0.0,103.11911263311376,9.03155975749168,0.0,51.13947376697936,28.957305867772124,721,0,0
1116,Fresno,276,111,190.0,0.0,190.0,0.0,468.0,0.0,43.0,0.0,0.0,217.0,6.0,108.0,94.0,0.0,0,0,0
1117,Fresno,1281,459,483.03465431173737,308.7244462366018,174.31020807513556,0.0,747.6371343784564,1.59723823741722,115.41529908372257,1.0368037681480202,0.0,136.55708329044964,1.73734685473452,28.0,444.67795222898803,18.615410914996367,0,0,0
1118,Fresno,2321,590,613.8301626659199,246.83016266592,365.0,2.0,462.2735159622206,0.0,11.0,0.0,2.0,421.0,7.0,0.0,13.0,8.273515962220607,0,0,0
1119,Fresno,2603,945,982.16038511775,114.0,865.16038511775,3.0,1030.80054178296,87.33924015747921,213.7535249695,57.2222607928312,1.0,480.403752375776,98.3743339668736,8.0,84.7074295205,0.0,0,0,0
1120,Fresno,2552,756,783.37823043168,52.37823043168,731.0,0.0,246.888926877217,0.0,55.0,0.0,27.0,120.0,9.0,3.0,6.0,26.888926877216974,0,0,0
1121,Fresno,0,0,0.0,0.0,0.0,0.0,407.0,0.0,235.0,0.0,0.0,10.0,14.0,3.0,145.0,0.0,0,0,0
1122,Fresno,838,215,215.17881420127998,213.17881420127998,2.0,0.0,100.4017693063806,50.0,0.0,0.0,1.0,7.0,0.0,0.0,0.0,42.401769306380615,750,0,0
1123,Fresno,1498,388,388.2747584570285,388.1085701045068,0.16618835252170622,0.0,31.0,0.0,0.0,0.0,8.0,15.0,4.0,4.0,0.0,0.0,0,0,0
1124,Fresno,0,0,0.0,0.0,0.0,0.0,24.0,0.0,0.0,0.0,0.0,0.0,0.0,0.0,24.0,0.0,0,0,0
1125,Fresno,958,259,259.0,257.0,2.0,0.0,19.0,0.0,0.0,0.0,16.0,3.0,0.0,0.0,0.0,0.0,0,0,0
1126,Fresno,477,129,129.0,129.0,0.0,0.0,26.512842429163637,0.0,0.0,0.0,0.0,11.0,0.0,0.0,0.0,15.512842429163637,0,0,0
1127,Fresno,1236,334,334.0,333.0,0.0,1.0,55.41027394333091,0.0,0.0,0.0,1.0,41.0,1.0,0.0,0.0,12.41027394333091,0,0,0
1128,Fresno,117,31,31.0,3.0,28.0,0.0,317.0,0.0,0.0,0.0,0.0,317.0,0.0,0.0,0.0,0.0,0,0,0
1129,Fresno,15,4,4.0,4.0,0.0,0.0,1.0,0.0,0.0,0.0,0.0,1.0,0.0,0.0,0.0,0.0,0,0,0
1130,Fresno,129,59,61.77098401416,0.0,61.77098401416,0.0,167.82433994943,2.0056246893356398,11.82262974766272,1.30189672816524,98.546559323637,8.23361714569368,2.18155667962824,34.091382567272994,9.64107306803448,0.0,0,0,0
1131,Fresno,509,123,123.41431009141431,102.17993829617537,3.234371795238946,18.0,107.23082182999272,0.0,6.0,0.0,41.0,7.0,0.0,16.0,0.0,37.230821829992735,0,0,0
1132,Fresno,194,50,50.76402600625884,37.26728122397748,13.49674478228136,0.0,36.263042708629996,4.09051295420108,3.8789346979492993,2.67999124585588,0.0,17.926260500142398,4.5136694667046395,0.0,3.1736738437766996,0.0,0,0,0
1133,Fresno,1829,547,570.6461729159943,491.184416805273,79.46175611072127,0.0,293.8857319422197,16.69173144318372,15.828366023708698,10.93596198001692,0.0,133.0692335580016,23.41846228213376,8.0,55.950481292125296,29.9914953630497,0,0,0
1134,Fresno,2560,881,938.7731055372717,584.1333318392425,354.6397736980292,0.0,994.1455443101131,162.65703258822467,129.96797020331857,56.454343152273886,0.0,428.5540343866617,108.0807108315293,0.0,67.06387333700184,41.367579811103035,707,0,0
1135,Fresno,632,280,311.820733189857,232.4594963717106,79.36123681814641,0.0,204.63148018089998,3.89068302520392,31.402963171193722,2.54697252162232,1.0,50.08806143188288,6.287718741095681,100.0,9.41508128990148,0.0,0,0,0
1136,Fresno,2750,575,575.9185260349185,534.3792583867192,41.53926764819928,0.0,570.5560494038207,67.0,18.0,0.0,3.0,76.0,11.0,2.0,44.0,349.5560494038206,626,0,0
1137,Fresno,501,135,134.0,0.0,134.0,0.0,910.0,36.0,259.0,0.0,0.0,38.0,30.0,62.0,485.0,0.0,0,489,0
1138,Fresno,2509,922,970.298260284,0.1260333690703994,970.1722269149296,0.0,375.0,0.0,7.0,0.0,0.0,135.0,21.0,0.0,212.0,0.0,0,0,0
1139,Fresno,1710,514,599.0,6.0,593.0,0.0,504.0,76.0,113.0,0.0,2.0,67.0,12.0,5.0,229.0,0.0,569,0,0
1140,Fresno,339,107,113.0,113.0,0.0,0.0,548.0,0.0,0.0,500.0,0.0,13.0,32.0,3.0,0.0,0.0,0,0,0
1141,Fresno,875,264,276.90912555568,177.15995123091096,99.57927788067823,0.16989644409080795,309.0341894952776,278.0,0.0,0.0,1.0,25.0,4.0,0.0,0.0,1.0341894952775759,734,3021,0
1142,Fresno,825,276,289.52637285018,175.39437076544297,113.32633427750582,0.8056678072312056,452.9389313574982,29.537222204400006,28.009434849,19.3519731684,0.0,129.22298843200002,212.5927969152,0.0,24.916810331000004,9.307705457498184,0,0,0
1143,Fresno,213,80,84.51869315831868,40.64080577157352,43.87788738674517,0.0,281.1025684858327,6.0,64.0,0.0,0.0,5.0,27.0,16.0,160.0,3.1025684858327276,0,0,0
1144,Fresno,579,209,218.09925909702,65.09925909702,153.0,0.0,74.0,0.0,17.0,12.0,0.0,45.0,0.0,0.0,0.0,0.0,0,0,0
1145,Fresno,762,278,288.50583502488,270.17435554083886,18.02431867269677,0.30716081134435497,43.06837899055515,0.0,0.0,0.0,0.0,40.0,1.0,0.0,0.0,2.0683789905551517,0,0,0
1146,Fresno,867,263,263.18231168368,261.94035457112875,0.18708650141862385,1.0548706111326036,218.94880123082183,45.0,31.0,0.0,2.0,17.0,21.0,32.0,12.0,58.94880123082183,693,0,0
1147,Fresno,1461,418,430.0,430.0,0.0,0.0,47.06837899055515,0.0,0.0,0.0,14.0,28.0,3.0,0.0,0.0,2.0683789905551517,0,0,0
1148,Fresno,0,0,0.0,0.0,0.0,0.0,318.08555921193215,0.0,80.0,0.0,128.0,0.0,44.0,3.0,0.0,63.08555921193213,0,0,0
1149,Fresno,55,25,25.96100255832,0.0,25.96100255832,0.0,68.54892313257335,0.84292048316628,4.96879442708544,0.54715891012548,25.0,4.46041040457736,0.9168608764264808,1.0,27.05193355065896,3.7608444805333505,0,0,0
1150,Fresno,26,11,11.0,11.0,0.0,0.0,12.034189495277577,0.0,0.0,0.0,11.0,0.0,0.0,0.0,0.0,1.0341894952775759,0,0,0
1151,Fresno,78,34,35.69032699536,7.0,28.690326995360003,0.0,42.42608528618,0.9315381499154399,5.49117225213312,0.6046826587170401,18.658317508381998,5.82420924702128,1.01325202271504,5.424993217878,4.47792022941808,0.0,0,0,0
1152,Fresno,15,6,6.0,6.0,0.0,0.0,1011.0967130125382,0.0,0.0,0.0,892.1625279476161,0.0,13.0,43.498226263264,19.0,43.43595880165819,0,0,0
1153,Fresno,1698,500,518.365977536966,450.34847014103735,67.01750739592856,1.0,708.84857966611,0.0,3.0,0.0,616.594005766277,52.0,1.0,4.254573899833,32.0,0.0,0,0,0
1154,Fresno,2193,568,607.0,448.0,159.0,0.0,273.2735159622206,146.0,22.0,0.0,11.0,81.0,0.0,0.0,5.0,8.273515962220607,1766,0,0
1155,Fresno,2721,695,718.5802223952,60.223749613067184,658.3564727821329,0.0,347.5645779122085,0.0068465249952,0.0403584631296,90.0044442355232,0.0,238.0281067868224,0.007447097363199999,3.0,3.0329113657664,13.444463438608487,0,0,0
1156,Fresno,2747,726,755.0,531.0,224.0,0.0,152.0,49.0,0.0,0.0,0.0,103.0,0.0,0.0,0.0,0.0,0,0,0
1157,Fresno,716,628,682.0,79.0,603.0,0.0,1161.0,752.0,15.0,0.0,0.0,364.0,20.0,7.0,3.0,0.0,0,0,4300
1158,Fresno,788,257,273.0,273.0,0.0,0.0,68.34189495277576,0.0,0.0,0.0,5.0,52.0,1.0,0.0,0.0,10.341894952775759,0,0,0
1159,Fresno,2530,641,672.0,426.0,0.0,246.0,292.58156331467154,0.0,0.0,0.0,3.0,25.0,0.0,2.0,3.0,259.58156331467154,0,0,0
1160,Fresno,635,178,185.36912236096,173.0192226381323,2.590215318073639,9.759684404754086,16.307705457498184,0.0,0.0,0.0,0.0,1.0,0.0,6.0,0.0,9.307705457498184,0,0,0
1161,Fresno,277,99,99.7981965408,99.43020014118957,0.2845428192287047,0.08345358038171515,12.0,0.0,0.0,0.0,5.0,5.0,2.0,0.0,0.0,0.0,0,0,0
1162,Fresno,430,154,154.06672598064,153.43912822151788,0.48527223611775056,0.14232552300438417,106.0,0.0,0.0,0.0,21.0,6.0,6.0,73.0,0.0,0.0,0,0,0
1163,Fresno,1511,458,458.0,458.0,0.0,0.0,159.0,2.0,0.0,0.0,103.0,34.0,5.0,6.0,9.0,0.0,0,0,0
1164,Fresno,2594,737,758.0,758.0,0.0,0.0,112.1367579811103,0.0,3.0,0.0,43.0,37.0,20.0,0.0,5.0,4.1367579811103035,0,0,0
1165,Fresno,122,30,32.0,32.0,0.0,0.0,250.1367579811103,0.0,0.0,0.0,242.0,0.0,0.0,0.0,4.0,4.1367579811103035,0,0,0
1166,Fresno,4,1,1.0,0.0,0.0,1.0,191.0,0.0,0.0,0.0,144.0,0.0,47.0,0.0,0.0,0.0,0,0,0
1167,Fresno,96,23,25.0,25.0,0.0,0.0,592.09926715677,0.0,0.0,0.0,477.669487009739,1.0,0.0,113.429780147031,0.0,0.0,0,0,0
1168,Fresno,392,94,103.0,103.0,0.0,0.0,956.5442397237323,0.0,0.0,0.0,695.766236407835,19.0,21.0,17.042672746214997,0.0,203.73533056968245,0,0,0
1169,Fresno,1340,533,530.0,248.0,282.0,0.0,141.0,65.0,0.0,0.0,0.0,61.0,5.0,0.0,10.0,0.0,654,0,0
1170,Fresno,2204,548,546.0,316.0,0.0,230.0,133.06837899055515,79.0,0.0,0.0,2.0,46.0,4.0,0.0,0.0,2.0683789905551517,652,0,0
1171,Fresno,874,244,257.0,257.0,0.0,0.0,38.0,0.0,0.0,0.0,0.0,27.0,11.0,0.0,0.0,0.0,0,0,0
1172,Fresno,1192,289,305.0,305.0,0.0,0.0,67.1367579811103,0.0,0.0,0.0,24.0,36.0,0.0,3.0,0.0,4.1367579811103035,0,0,0
1173,Fresno,1816,412,412.0,412.0,0.0,0.0,48.03418949527757,0.0,0.0,0.0,12.0,32.0,3.0,0.0,0.0,1.0341894952775759,0,0,0
1174,Fresno,1615,409,425.0,425.0,0.0,0.0,72.64960041027393,0.0,0.0,0.0,10.0,43.0,0.0,0.0,0.0,19.64960041027394,0,0,0
1175,Fresno,1744,445,459.0,459.0,0.0,0.0,174.0,0.0,10.0,0.0,14.0,26.0,117.0,3.0,4.0,0.0,0,0,0
1176,Fresno,78,22,23.0,23.0,0.0,0.0,40.025684858327274,0.0,0.0,0.0,7.0,2.0,0.0,0.0,0.0,31.025684858327274,0,0,0
1177,Fresno,1421,407,418.0,418.0,0.0,0.0,37.0,0.0,0.0,0.0,8.0,29.0,0.0,0.0,0.0,0.0,0,0,0
1178,Fresno,0,0,0.0,0.0,0.0,0.0,252.888926877217,0.0,32.0,0.0,152.0,0.0,2.0,40.0,0.0,26.888926877216974,0,0,0
1179,Fresno,2381,659,689.3642713992627,478.0597409841487,205.30453041511416,6.0,848.0449993829163,28.76765281202388,185.57774289193017,19.38528453280708,66.825888736732,170.09878522830857,57.29113112886809,16.068238030028,301.2866117630621,2.743664259156371,0,0,0
1180,Fresno,2803,662,667.0,597.0,43.0,27.0,180.10256848583273,61.0,0.0,0.0,0.0,85.0,7.0,0.0,24.0,3.1025684858327276,677,0,0
1181,Fresno,2738,646,681.0,591.0,90.0,0.0,140.20513697166547,50.0,0.0,0.0,0.0,64.0,10.0,0.0,10.0,6.205136971665455,631,0,0
1182,Fresno,1125,340,340.0,275.0,65.0,0.0,65.54703192444121,0.0,0.0,0.0,0.0,45.0,2.0,0.0,2.0,16.547031924441214,0,0,0
1183,Fresno,810,224,234.0,15.0,0.0,219.0,110.10256848583273,90.0,0.0,0.0,0.0,13.0,4.0,0.0,0.0,3.1025684858327276,29,45,0
1184,Fresno,2170,510,526.0,526.0,0.0,0.0,169.1367579811103,70.0,0.0,0.0,18.0,75.0,0.0,0.0,2.0,4.1367579811103035,982,0,0
1185,Fresno,1801,409,409.0,409.0,0.0,0.0,93.1367579811103,0.0,5.0,0.0,13.0,39.0,32.0,0.0,0.0,4.1367579811103035,0,0,0
1186,Fresno,1644,487,487.68080735072,487.68080735072,0.0,0.0,150.92311637249455,0.0,14.0,0.0,20.0,48.0,13.0,5.0,23.0,27.92311637249455,0,0,0
1187,Fresno,2294,677,677.0,677.0,0.0,0.0,96.03418949527757,0.0,8.0,0.0,29.0,53.0,1.0,4.0,0.0,1.0341894952775759,0,0,0
1188,Fresno,6,2,2.0,1.0,0.0,1.0,0.0,0.0,0.0,0.0,0.0,0.0,0.0,0.0,0.0,0.0,0,0,0
1189,Fresno,27,8,8.0,5.0,0.0,3.0,0.0,0.0,0.0,0.0,0.0,0.0,0.0,0.0,0.0,0.0,700,0,0
1190,Fresno,0,0,0.0,0.0,0.0,0.0,1385.3505705372024,30.0,0.0,0.0,1119.0,0.0,4.0,131.0,0.0,101.35057053720244,0,0,0
1191,Fresno,3,1,1.0,1.0,0.0,0.0,610.4102739433309,0.0,298.0,0.0,262.0,0.0,38.0,0.0,0.0,12.41027394333091,0,0,0
1192,Fresno,422,175,175.15908742765,131.0,44.15908742765,0.0,163.54884174627,0.9201560107446,5.4240775370208,0.5972942525886,114.084027686929,22.7774825704252,1.0008714502835998,14.321726151541,4.4232060867372,0.0,0,0,0
1193,Fresno,0,0,0.0,0.0,0.0,0.0,136.18812769776486,0.0,0.0,0.0,60.0,0.0,0.0,10.0,0.0,66.18812769776486,0,0,0
1194,Fresno,0,0,0.0,0.0,0.0,0.0,107.0,0.0,71.0,0.0,32.0,0.0,0.0,0.0,4.0,0.0,0,0,0
1195,Fresno,2,1,1.0,1.0,0.0,0.0,402.0,3.0,0.0,0.0,399.0,0.0,0.0,0.0,0.0,0.0,0,0,0
1196,Fresno,0,0,0.0,0.0,0.0,0.0,435.28053049524,0.0,0.0,0.0,307.296371346668,0.0,40.0,87.98415914857199,0.0,0.0,0,0,0
1197,Fresno,0,0,0.0,0.0,0.0,0.0,892.3811765678324,0.0,0.0,5.0,713.011201562353,0.0,30.0,83.14765781243699,8.0,53.22231719304243,0,0,0
1198,Fresno,0,0,0.0,0.0,0.0,0.0,578.1963958463322,0.0,0.0,0.0,332.508253621344,0.0,51.0,29.217822980576003,0.0,165.47031924441214,0,0,0
1199,Fresno,16,5,5.0,3.0,0.0,2.0,233.0,0.0,0.0,0.0,140.0,0.0,2.0,54.0,37.0,0.0,0,0,0
1200,Fresno,55,17,19.0,16.0,2.0,1.0,273.51284242916364,0.0,0.0,0.0,244.0,0.0,3.0,11.0,0.0,15.512842429163637,0,0,0
1201,Fresno,212,58,62.0,56.0,0.0,6.0,428.0,0.0,1.0,0.0,126.0,7.0,294.0,0.0,0.0,0.0,0,0,0
1202,Fresno,29,9,10.0,10.0,0.0,0.0,21.0,0.0,0.0,0.0,20.0,1.0,0.0,0.0,0.0,0.0,0,0,0
1203,Fresno,105,24,24.0,10.0,0.0,14.0,64.47865293388605,0.0,0.0,0.0,30.0,1.0,0.0,5.0,14.0,14.478652933886062,0,0,0
1204,Fresno,53,17,18.034749337081237,18.034749337081237,0.0,0.0,208.36016753414594,0.0,0.0,0.0,135.36016753414594,73.0,0.0,0.0,0.0,0.0,0,0,0
1205,Fresno,0,0,0.0,0.0,0.0,0.0,611.2051369716654,0.0,0.0,145.0,427.0,0.0,0.0,0.0,33.0,6.205136971665455,0,0,0
1206,Fresno,3,1,1.0,1.0,0.0,0.0,343.8976024616436,0.0,0.0,0.0,105.0,0.0,95.0,10.0,16.0,117.89760246164364,0,0,0
1207,Fresno,0,0,0.0,0.0,0.0,0.0,0.0,0.0,0.0,0.0,0.0,0.0,0.0,0.0,0.0,0.0,0,0,0
1208,Fresno,0,0,0.0,0.0,0.0,0.0,191.0,0.0,0.0,0.0,43.0,0.0,148.0,0.0,0.0,0.0,0,0,0
1209,Fresno,3,1,1.0,1.0,0.0,0.0,2544.0,0.0,0.0,0.0,2366.0,0.0,150.0,0.0,28.0,0.0,0,0,0
1210,Fresno,9,2,3.0,3.0,0.0,0.0,0.0,0.0,0.0,0.0,0.0,0.0,0.0,0.0,0.0,0.0,0,0,0
1211,Fresno,0,0,0.0,0.0,0.0,0.0,164.0,0.0,0.0,0.0,164.0,0.0,0.0,0.0,0.0,0.0,0,0,0
1212,Fresno,111,31,37.0,26.0,0.0,11.0,55.0,3.0,0.0,0.0,51.0,1.0,0.0,0.0,0.0,0.0,0,0,0
1213,Fresno,9,3,3.0,1.0,0.0,2.0,228.37608444805335,0.0,0.0,0.0,208.0,0.0,0.0,9.0,0.0,11.376084448053334,0,0,0
1214,Fresno,0,0,0.0,0.0,0.0,0.0,0.0,0.0,0.0,0.0,0.0,0.0,0.0,0.0,0.0,0.0,0,0,0
1215,Fresno,81,22,27.0,22.0,0.0,5.0,0.0,0.0,0.0,0.0,0.0,0.0,0.0,0.0,0.0,0.0,0,0,0
1216,Fresno,66,18,22.0,18.0,0.0,4.0,24.82054788666182,0.0,0.0,0.0,0.0,0.0,0.0,0.0,0.0,24.82054788666182,0,0,0
1231,Fresno,385,142,148.0,141.0,0.0,7.0,47.17094747638788,35.0,0.0,0.0,1.0,5.0,0.0,1.0,0.0,5.170947476387879,0,0,0
1232,Fresno,23,8,8.0,8.0,0.0,0.0,1.0,0.0,0.0,0.0,0.0,0.0,1.0,0.0,0.0,0.0,0,0,0
1233,Fresno,27,10,10.0,1.0,0.0,9.0,2.0,0.0,0.0,0.0,1.0,0.0,1.0,0.0,0.0,0.0,0,0,0
1234,Fresno,26,10,10.0,10.0,0.0,0.0,0.0,0.0,0.0,0.0,0.0,0.0,0.0,0.0,0.0,0.0,0,0,0
1235,Fresno,55,21,21.0,17.0,0.0,4.0,6.102568485832728,0.0,0.0,0.0,2.0,1.0,0.0,0.0,0.0,3.1025684858327276,0,0,0
1236,Fresno,19,7,7.0,7.0,0.0,0.0,0.0,0.0,0.0,0.0,0.0,0.0,0.0,0.0,0.0,0.0,0,0,0
1237,Fresno,34,13,13.0,9.0,0.0,4.0,19.23932646694303,0.0,0.0,0.0,0.0,0.0,12.0,0.0,0.0,7.239326466943031,0,0,0
1238,Fresno,0,0,0.0,0.0,0.0,0.0,0.0,0.0,0.0,0.0,0.0,0.0,0.0,0.0,0.0,0.0,0,0,0
1239,Fresno,10,3,3.0,0.0,0.0,3.0,0.0,0.0,0.0,0.0,0.0,0.0,0.0,0.0,0.0,0.0,0,0,0
1240,Fresno,20,6,6.0,6.0,0.0,0.0,0.0,0.0,0.0,0.0,0.0,0.0,0.0,0.0,0.0,0.0,0,0,0
1241,Fresno,10,4,4.0,2.0,0.0,2.0,0.0,0.0,0.0,0.0,0.0,0.0,0.0,0.0,0.0,0.0,0,0,0
1242,Fresno,47,18,18.0,15.0,0.0,3.0,58.03418949527757,0.0,0.0,0.0,0.0,0.0,57.0,0.0,0.0,1.0341894952775759,0,0,0
1243,Fresno,16,6,6.0,6.0,0.0,0.0,14.0,0.0,0.0,0.0,0.0,0.0,14.0,0.0,0.0,0.0,0,0,0
1244,Fresno,51,19,20.0,20.0,0.0,0.0,1.0,0.0,0.0,0.0,1.0,0.0,0.0,0.0,0.0,0.0,0,0,0
1245,Fresno,72,27,28.0,22.0,0.0,6.0,0.0,0.0,0.0,0.0,0.0,0.0,0.0,0.0,0.0,0.0,0,0,0
1246,Fresno,114,43,44.0,44.0,0.0,0.0,14.444463438608487,0.0,0.0,0.0,0.0,1.0,0.0,0.0,0.0,13.444463438608487,0,0,0
1247,Fresno,89,32,34.0,32.0,0.0,2.0,3.0683789905551517,0.0,0.0,0.0,0.0,1.0,0.0,0.0,0.0,2.0683789905551517,0,0,0
1248,Fresno,156,58,60.0,58.0,0.0,2.0,7.0,0.0,6.0,0.0,0.0,1.0,0.0,0.0,0.0,0.0,0,0,0
1249,Fresno,100,38,39.0,30.0,0.0,9.0,4.1367579811103035,0.0,0.0,0.0,0.0,0.0,0.0,0.0,0.0,4.1367579811103035,0,0,0
1250,Fresno,147,55,57.0,57.0,0.0,0.0,4.0,0.0,3.0,0.0,0.0,0.0,0.0,0.0,1.0,0.0,0,0,0
1251,Fresno,223,81,84.0,14.0,0.0,70.0,73.39326466943031,0.0,0.0,0.0,0.0,1.0,0.0,0.0,0.0,72.39326466943031,0,0,0
1252,Fresno,164,60,63.0,44.0,0.0,19.0,158.05136971665456,0.0,0.0,0.0,0.0,3.0,93.0,0.0,0.0,62.05136971665455,0,0,0
1253,Fresno,119,44,46.0,40.0,0.0,6.0,9.0,0.0,0.0,0.0,0.0,3.0,0.0,0.0,6.0,0.0,0,0,0
1254,Fresno,282,76,76.0,37.0,0.0,39.0,44.230821829992735,0.0,0.0,0.0,6.0,1.0,0.0,0.0,0.0,37.230821829992735,0,0,0
1255,Fresno,125,34,34.0,34.0,0.0,0.0,2.0,0.0,0.0,0.0,2.0,0.0,0.0,0.0,0.0,0.0,0,0,0
1256,Fresno,107,39,41.0,41.0,0.0,0.0,63.0,0.0,0.0,0.0,0.0,19.0,0.0,44.0,0.0,0.0,0,0,0
1257,Fresno,158,58,61.0,61.0,0.0,0.0,38.41027394333091,0.0,0.0,0.0,0.0,6.0,20.0,0.0,0.0,12.41027394333091,0,0,0
1258,Fresno,103,28,28.0,27.0,0.0,1.0,5.068378990555152,0.0,0.0,0.0,0.0,1.0,2.0,0.0,0.0,2.0683789905551517,0,0,0
1259,Fresno,123,33,33.0,32.0,0.0,1.0,10.341894952775759,0.0,0.0,0.0,0.0,0.0,0.0,0.0,0.0,10.341894952775759,0,0,0
1260,Fresno,17,8,7.935662844735663,7.516291013971271,0.4193718307643919,0.0,0.0,0.0,0.0,0.0,0.0,0.0,0.0,0.0,0.0,0.0,0,0,0
1261,Fresno,11,4,4.0,2.0,0.0,2.0,0.0,0.0,0.0,0.0,0.0,0.0,0.0,0.0,0.0,0.0,0,0,0
1262,Fresno,33,10,10.0,7.0,0.0,3.0,0.0,0.0,0.0,0.0,0.0,0.0,0.0,0.0,0.0,0.0,0,0,0
1263,Fresno,10,3,3.0,3.0,0.0,0.0,0.0,0.0,0.0,0.0,0.0,0.0,0.0,0.0,0.0,0.0,0,0,0
1264,Fresno,14,4,4.0,4.0,0.0,0.0,0.0,0.0,0.0,0.0,0.0,0.0,0.0,0.0,0.0,0.0,0,0,0
1265,Fresno,6,2,2.0,2.0,0.0,0.0,0.0,0.0,0.0,0.0,0.0,0.0,0.0,0.0,0.0,0.0,0,0,0
1266,Fresno,16,4,4.0,4.0,0.0,0.0,8.273515962220607,0.0,0.0,0.0,0.0,0.0,0.0,0.0,0.0,8.273515962220607,0,0,0
1267,Fresno,4,1,1.0,1.0,0.0,0.0,0.0,0.0,0.0,0.0,0.0,0.0,0.0,0.0,0.0,0.0,0,0,0
1268,Fresno,23,6,6.0,4.0,0.0,2.0,0.0,0.0,0.0,0.0,0.0,0.0,0.0,0.0,0.0,0.0,0,0,0
1269,Fresno,23,7,7.0,7.0,0.0,0.0,174.0,0.0,0.0,0.0,173.0,1.0,0.0,0.0,0.0,0.0,0,0,0
1270,Fresno,14,4,4.0,4.0,0.0,0.0,0.0,0.0,0.0,0.0,0.0,0.0,0.0,0.0,0.0,0.0,0,0,0
1271,Fresno,17,5,5.0,5.0,0.0,0.0,0.0,0.0,0.0,0.0,0.0,0.0,0.0,0.0,0.0,0.0,0,0,0
1272,Fresno,16,4,4.0,3.0,0.0,1.0,0.0,0.0,0.0,0.0,0.0,0.0,0.0,0.0,0.0,0.0,0,0,0
1273,Fresno,4,1,1.0,1.0,0.0,0.0,0.0,0.0,0.0,0.0,0.0,0.0,0.0,0.0,0.0,0.0,0,0,0
1274,Fresno,4,1,1.0,1.0,0.0,0.0,0.0,0.0,0.0,0.0,0.0,0.0,0.0,0.0,0.0,0.0,0,0,0
1275,Fresno,39,12,12.0,12.0,0.0,0.0,0.0,0.0,0.0,0.0,0.0,0.0,0.0,0.0,0.0,0.0,0,0,0
1276,Fresno,34,10,10.0,8.0,0.0,2.0,0.0,0.0,0.0,0.0,0.0,0.0,0.0,0.0,0.0,0.0,0,0,0
1277,Fresno,48,14,14.0,12.0,0.0,2.0,12.0,0.0,0.0,0.0,0.0,0.0,12.0,0.0,0.0,0.0,0,0,0
1278,Fresno,12,3,3.0,2.0,0.0,1.0,0.0,0.0,0.0,0.0,0.0,0.0,0.0,0.0,0.0,0.0,0,0,0
1279,Fresno,0,0,0.0,0.0,0.0,0.0,0.0,0.0,0.0,0.0,0.0,0.0,0.0,0.0,0.0,0.0,0,0,0
1280,Fresno,23,6,6.0,2.0,0.0,4.0,0.0,0.0,0.0,0.0,0.0,0.0,0.0,0.0,0.0,0.0,0,0,0
1281,Fresno,23,6,6.0,1.0,0.0,5.0,2.0683789905551517,0.0,0.0,0.0,0.0,0.0,0.0,0.0,0.0,2.0683789905551517,0,0,0
1282,Fresno,39,10,10.0,9.0,0.0,1.0,0.0,0.0,0.0,0.0,0.0,0.0,0.0,0.0,0.0,0.0,0,0,0
1283,Fresno,27,7,7.0,5.0,0.0,2.0,0.0,0.0,0.0,0.0,0.0,0.0,0.0,0.0,0.0,0.0,0,0,0
1284,Fresno,20,5,5.0,5.0,0.0,0.0,0.0,0.0,0.0,0.0,0.0,0.0,0.0,0.0,0.0,0.0,0,0,0
1285,Fresno,328,148,155.15292665675292,145.8923808838687,9.260545772884239,0.0,0.0,0.0,0.0,0.0,0.0,0.0,0.0,0.0,0.0,0.0,0,0,0
1286,Fresno,0,0,0.0,0.0,0.0,0.0,0.0,0.0,0.0,0.0,0.0,0.0,0.0,0.0,0.0,0.0,0,0,0
1287,Fresno,6,2,2.0,2.0,0.0,0.0,10.0,0.0,0.0,0.0,0.0,0.0,0.0,0.0,10.0,0.0,0,0,0
1288,Fresno,81,36,37.79916591599916,35.634533337091995,2.1646325789071685,0.0,0.0,0.0,0.0,0.0,0.0,0.0,0.0,0.0,0.0,0.0,0,0,0
1289,Fresno,14,4,4.0,4.0,0.0,0.0,0.0,0.0,0.0,0.0,0.0,0.0,0.0,0.0,0.0,0.0,0,0,0
1290,Fresno,33,10,10.0,10.0,0.0,0.0,64.0,0.0,0.0,0.0,63.0,0.0,1.0,0.0,0.0,0.0,0,0,0
1291,Fresno,24,7,7.0,6.0,0.0,1.0,2.0,0.0,0.0,0.0,0.0,2.0,0.0,0.0,0.0,0.0,0,0,0
1292,Fresno,0,0,0.0,0.0,0.0,0.0,0.0,0.0,0.0,0.0,0.0,0.0,0.0,0.0,0.0,0.0,0,0,0
1293,Fresno,0,0,0.0,0.0,0.0,0.0,0.0,0.0,0.0,0.0,0.0,0.0,0.0,0.0,0.0,0.0,0,0,0
1294,Fresno,0,0,0.0,0.0,0.0,0.0,0.0,0.0,0.0,0.0,0.0,0.0,0.0,0.0,0.0,0.0,0,0,0
1295,Fresno,0,0,0.0,0.0,0.0,0.0,0.0,0.0,0.0,0.0,0.0,0.0,0.0,0.0,0.0,0.0,0,0,0
1296,Fresno,9,3,3.0,3.0,0.0,0.0,45.0,45.0,0.0,0.0,0.0,0.0,0.0,0.0,0.0,0.0,524,0,0
1297,Fresno,23,7,8.0,8.0,0.0,0.0,0.0,0.0,0.0,0.0,0.0,0.0,0.0,0.0,0.0,0.0,0,0,0
1298,Fresno,15,5,5.0,5.0,0.0,0.0,1.0,0.0,0.0,0.0,0.0,1.0,0.0,0.0,0.0,0.0,0,0,0
1311,Fresno,0,0,0.0,0.0,0.0,0.0,68.0,0.0,68.0,0.0,0.0,0.0,0.0,0.0,0.0,0.0,0,0,0
1312,Fresno,0,0,0.0,0.0,0.0,0.0,0.0,0.0,0.0,0.0,0.0,0.0,0.0,0.0,0.0,0.0,0,0,0
1313,Fresno,745,265,265.0,264.0,0.0,1.0,141.0,0.0,2.0,0.0,105.0,10.0,12.0,12.0,0.0,0.0,0,0,0
1314,Fresno,0,0,0.0,0.0,0.0,0.0,0.0,0.0,0.0,0.0,0.0,0.0,0.0,0.0,0.0,0.0,0,0,0
1315,Fresno,1619,426,426.0,423.0,0.0,3.0,202.3077054574982,0.0,0.0,0.0,82.0,99.0,12.0,0.0,0.0,9.307705457498184,0,0,0
1316,Fresno,80,21,21.0,21.0,0.0,0.0,14.444463438608487,0.0,0.0,0.0,0.0,1.0,0.0,0.0,0.0,13.444463438608487,0,0,0
1317,Fresno,607,160,160.0,160.0,0.0,0.0,51.0,0.0,0.0,0.0,12.0,6.0,0.0,0.0,33.0,0.0,0,0,0
1318,Fresno,699,171,178.0,0.0,0.0,178.0,842.5388691824437,30.0,0.0,0.0,242.0,0.0,150.0,89.0,43.0,288.53886918244365,0,0,0
1319,Fresno,23,6,6.0,6.0,0.0,0.0,16.0,0.0,0.0,0.0,16.0,0.0,0.0,0.0,0.0,0.0,0,0,0
1320,Fresno,12,3,3.0,2.0,0.0,1.0,0.0,0.0,0.0,0.0,0.0,0.0,0.0,0.0,0.0,0.0,0,0,0
1321,Fresno,979,238,251.0,251.0,0.0,0.0,85.19663233471515,0.0,0.0,0.0,15.0,33.0,0.0,1.0,0.0,36.196632334715154,0,0,0
1322,Fresno,70,14,14.0,14.0,0.0,0.0,29.0,0.0,0.0,0.0,0.0,1.0,0.0,17.0,11.0,0.0,0,0,0
1323,Fresno,254,81,87.0,81.0,4.0,2.0,13.034189495277577,0.0,0.0,0.0,0.0,11.0,0.0,1.0,0.0,1.0341894952775759,0,0,0
1324,Fresno,93,30,32.0,31.0,0.0,1.0,215.0,0.0,191.0,0.0,0.0,4.0,0.0,0.0,20.0,0.0,0,0,0
1325,Fresno,1930,386,386.0,250.0,136.0,0.0,890.8205478866619,811.0,0.0,0.0,0.0,33.0,11.0,11.0,0.0,24.82054788666182,698,0,0
1326,Fresno,52,17,18.0,18.0,0.0,0.0,5.1367579811103035,0.0,0.0,0.0,0.0,1.0,0.0,0.0,0.0,4.1367579811103035,0,0,0
1327,Fresno,1490,476,509.0,217.0,162.0,130.0,63.0,0.0,0.0,0.0,4.0,44.0,7.0,8.0,0.0,0.0,0,0,0
1328,Fresno,33,11,11.0,11.0,0.0,0.0,205.0,0.0,50.0,0.0,0.0,1.0,79.0,0.0,75.0,0.0,0,0,0
1329,Fresno,32,10,11.0,8.0,0.0,3.0,13.0,0.0,0.0,0.0,2.0,0.0,11.0,0.0,0.0,0.0,0,0,0
1330,Fresno,2020,557,576.0,576.0,0.0,0.0,102.03418949527757,0.0,0.0,0.0,18.0,74.0,9.0,0.0,0.0,1.0341894952775759,0,0,0
1331,Fresno,1793,597,597.0,594.0,3.0,0.0,76.30770545749819,0.0,4.0,0.0,4.0,51.0,6.0,0.0,2.0,9.307705457498184,0,0,0
1332,Fresno,2784,941,970.0,573.0,397.0,0.0,262.0,0.0,122.0,0.0,4.0,109.0,14.0,1.0,12.0,0.0,0,0,0
1333,Fresno,0,0,0.0,0.0,0.0,0.0,667.8386847675588,12.0,21.0,0.0,263.000669661664,138.0,35.0,18.000286997856,95.0,85.83772810803879,0,0,0
1334,Fresno,558,146,151.0,141.0,0.0,10.0,15.034189495277577,2.0,0.0,0.0,5.0,4.0,0.0,3.0,0.0,1.0341894952775759,0,0,0
1335,Fresno,1237,353,353.0,352.0,0.0,1.0,214.1367579811103,163.0,2.0,0.0,4.0,36.0,5.0,0.0,0.0,4.1367579811103035,0,4252,0
1336,Fresno,633,228,234.0,234.0,0.0,0.0,180.37608444805335,56.0,32.0,0.0,2.0,25.0,7.0,3.0,44.0,11.376084448053334,721,0,0
1337,Fresno,783,291,295.8325043608325,187.6053899333825,106.22711442745,2.0,70.0,0.0,0.0,0.0,23.0,13.0,0.0,7.0,27.0,0.0,0,0,0
1338,Fresno,0,0,0.0,0.0,0.0,0.0,7.0,0.0,0.0,0.0,4.0,0.0,3.0,0.0,0.0,0.0,0,0,0
1339,Fresno,487,174,177.0,27.0,150.0,0.0,25.0,0.0,0.0,0.0,9.0,12.0,4.0,0.0,0.0,0.0,0,0,0
1340,Fresno,1134,315,315.0,273.0,0.0,42.0,89.4017693063806,0.0,27.0,0.0,5.0,11.0,3.0,0.0,1.0,42.40176930638061,0,0,0
1341,Fresno,1221,339,339.0,337.0,0.0,2.0,172.1367579811103,0.0,26.0,0.0,6.0,26.0,92.0,17.0,1.0,4.1367579811103035,0,0,0
1342,Fresno,866,326,337.10622249608,210.9513770674709,120.15484542860914,6.0,8.102568485832727,0.0,0.0,0.0,0.0,5.0,0.0,0.0,0.0,3.1025684858327276,0,0,0
1343,Fresno,1718,462,463.90145553630146,460.8841138294521,3.0173417068493955,0.0,58.41027394333091,0.0,0.0,0.0,11.0,33.0,0.0,2.0,0.0,12.41027394333091,0,0,0
1344,Fresno,1833,610,609.0,499.0,0.0,110.0,310.1367579811103,3.0,139.0,0.0,10.0,77.0,5.0,13.0,59.0,4.1367579811103035,0,0,0
1345,Fresno,867,249,257.0,1.0,128.0,128.0,25.0,0.0,1.0,0.0,0.0,24.0,0.0,0.0,0.0,0.0,0,0,0
1346,Fresno,74,22,22.0,19.0,0.0,3.0,46.92311637249455,0.0,0.0,0.0,0.0,0.0,19.0,0.0,0.0,27.923116372494547,0,0,0
1347,Fresno,1806,532,546.0,544.0,0.0,2.0,74.27351596222061,0.0,0.0,0.0,48.0,15.0,3.0,0.0,0.0,8.273515962220607,0,0,0
1348,Fresno,2039,528,580.0,538.0,36.0,6.0,102.75216889610667,0.0,0.0,0.0,33.0,47.0,0.0,0.0,0.0,22.75216889610667,0,18,0
1349,Fresno,2449,642,680.0,680.0,0.0,0.0,192.93179195692122,0.0,0.0,0.0,1.0,61.0,9.0,0.0,3.0,118.93179195692123,0,0,0
1350,Fresno,2366,785,783.44270674528,470.44270674527996,160.0,153.0,153.8841721359176,3.0,0.0,2.84998264064,17.0,42.0,20.0,1.0,67.0,1.0341894952775759,22,188,0
1351,Fresno,2017,617,637.05757494776,91.31747647714752,519.7400984706126,26.0,112.10256848583273,0.0,35.0,0.0,1.0,70.0,3.0,0.0,0.0,3.1025684858327276,0,0,0
1352,Fresno,314,167,170.0,0.0,170.0,0.0,237.0,0.0,11.0,0.0,14.0,186.0,10.0,0.0,16.0,0.0,0,0,0
1353,Fresno,490,145,148.0,141.0,0.0,7.0,103.51284242916364,59.0,0.0,0.0,0.0,20.0,9.0,0.0,0.0,15.512842429163637,796,0,0
1354,Fresno,766,228,232.0,225.0,0.0,7.0,74.4102739433309,6.0,7.0,0.0,9.0,25.0,15.0,0.0,0.0,12.41027394333091,0,0,0
1355,Fresno,1587,510,548.0,505.0,42.0,1.0,154.2735159622206,122.0,0.0,0.0,1.0,18.0,5.0,0.0,0.0,8.273515962220607,1559,0,0
1356,Fresno,1621,525,531.0528570882938,517.8545582986411,9.680411253302115,3.5178875363505764,259.58122141971876,0.0,67.0,0.0,5.0,72.0,3.0,8.0,87.0,17.58122141971879,0,0,0
1357,Fresno,1226,390,416.09249155976397,352.6137960940502,44.478695465713805,19.0,37.41363801327273,0.58773096306408,3.46451936121984,0.38150957251528006,2.0,24.41279026942096,0.6392863107012801,0.0,2.82523305051856,3.1025684858327276,0,0,0
1358,Fresno,902,266,284.7119445544905,250.78134350468844,30.673132191469783,3.2574688583322957,120.27351596222061,60.0,0.0,0.0,2.0,36.0,0.0,3.0,11.0,8.273515962220607,661,0,0
1359,Fresno,838,448,458.0,32.0,426.0,0.0,227.19663233471516,0.0,14.0,0.0,106.0,32.0,10.0,4.0,25.0,36.196632334715154,0,0,0
1360,Fresno,114,60,62.0,3.0,0.0,59.0,101.0,0.0,0.0,0.0,0.0,4.0,86.0,11.0,0.0,0.0,0,0,0
1361,Fresno,1049,317,317.0,313.0,0.0,4.0,88.94880123082183,0.0,0.0,0.0,2.0,26.0,0.0,0.0,2.0,58.94880123082183,0,0,0
1362,Fresno,1471,445,445.0,441.0,0.0,4.0,76.37608444805333,0.0,2.0,0.0,33.0,25.0,5.0,0.0,0.0,11.376084448053334,0,0,0
1363,Fresno,816,261,291.0,284.0,0.0,7.0,44.06837899055515,0.0,0.0,0.0,9.0,30.0,3.0,0.0,0.0,2.0683789905551517,0,0,0
1364,Fresno,121,40,43.0,35.0,0.0,8.0,25.23932646694303,0.0,0.0,0.0,0.0,11.0,7.0,0.0,0.0,7.239326466943031,0,0,0
1365,Fresno,317,137,156.4414040868798,137.52109669543535,10.211066017577117,8.709241373867318,27.765648852858185,0.026102773535520003,0.15386898084096,0.016943905628320002,5.0,13.10715875451424,0.028392490512320002,0.0,0.12547649032864,9.307705457498184,0,0,0
1366,Fresno,771,326,369.00020321968,100.02990034481738,213.0699245275259,55.90037834733675,64.4102739433309,0.0,0.0,0.0,6.0,41.0,0.0,0.0,5.0,12.41027394333091,0,0,0
1367,Fresno,1988,573,579.0,117.0,20.0,442.0,235.87191760331638,73.0,0.0,0.0,0.0,64.0,4.0,0.0,8.0,86.87191760331638,843,0,0
1368,Fresno,232,67,68.0,17.0,3.0,48.0,495.94897217829816,0.0,99.0,0.0,84.0,13.0,69.0,21.0,30.0,179.9489721782982,0,0,0
1369,Fresno,115,50,51.94551404974551,49.106906318379124,2.8386077313663893,0.0,2759.149584885625,15.2404743718584,5.0,1463.9851383815624,807.0,66.06403188355199,270.8170751689472,64.0,0.0,67.04286507970426,0,0,0
1370,Fresno,494,218,239.3168093540541,157.3225806759097,32.40970041422412,49.58452826392022,190.39283412045273,0.04430337870486,2.26115675868128,0.028758333545260004,27.0,13.18187702836732,0.048189639994759996,2.0,6.21296711868652,139.61558186247277,0,0,0
1371,Fresno,1270,394,397.7235136788206,263.64859197008036,106.07492170874028,28.0,118.14294925976697,0.47804558252946006,2.8179529075420806,0.31031029041386005,17.307080443739,46.962502917752516,13.51997940555836,1.560177333031,8.29797350198372,26.88892687721697,0,0,0
1372,Fresno,1117,279,280.4418883130419,140.3872469907088,93.05464132233307,47.0,269.0,60.0,69.0,0.0,0.0,63.0,4.0,17.0,56.0,0.0,0,0,0
1373,Fresno,53,22,21.69405906789406,21.53116007629332,0.1628989916007376,0.0,340.0,0.0,62.0,0.0,0.0,12.0,0.0,256.0,10.0,0.0,0,0,0
1374,Fresno,4,2,2.0,2.0,0.0,0.0,28.17094747638788,0.0,0.0,0.0,23.0,0.0,0.0,0.0,0.0,5.170947476387879,0,0,0
1375,Fresno,0,0,0.0,0.0,0.0,0.0,66.0597864832,0.0,0.0,0.0597864832,8.0,0.0,0.0,17.0,41.0,0.0,0,0,0
1376,Fresno,58,32,32.0,30.0,2.0,0.0,30.0,0.0,7.0,0.0,0.0,1.0,0.0,14.0,8.0,0.0,0,0,0
1377,Fresno,85,46,46.54771507274772,46.151800894268575,0.39591417847913957,0.0,3.0,0.0,0.0,0.0,0.0,3.0,0.0,0.0,0.0,0.0,0,0,0
1378,Fresno,381,205,205.28899961628898,162.27614676776932,43.01285284851968,0.0,156.23082182999275,2.0,0.0,0.0,96.0,20.0,1.0,0.0,0.0,37.230821829992735,0,0,0
1379,Fresno,0,0,0.0,0.0,0.0,0.0,41.0,0.0,0.0,0.0,26.0,0.0,0.0,0.0,15.0,0.0,0,0,0
1391,Fresno,81,29,29.0,29.0,0.0,0.0,29.0,0.0,0.0,0.0,0.0,0.0,5.0,0.0,24.0,0.0,0,0,0
1392,Fresno,149,53,53.0,50.0,0.0,3.0,61.0,59.0,2.0,0.0,0.0,0.0,0.0,0.0,0.0,0.0,658,0,0
1393,Fresno,1534,404,404.0,400.0,0.0,4.0,127.20513697166545,0.0,10.0,0.0,35.0,16.0,2.0,58.0,0.0,6.205136971665455,0,0,0
1394,Fresno,2063,504,529.0,528.0,0.0,1.0,20.0,0.0,0.0,0.0,10.0,7.0,1.0,2.0,0.0,0.0,0,0,0
1395,Fresno,269,66,69.0,63.0,0.0,6.0,15.41027394333091,0.0,0.0,0.0,2.0,0.0,0.0,1.0,0.0,12.41027394333091,0,0,0
1396,Fresno,0,0,0.0,0.0,0.0,0.0,0.0,0.0,0.0,0.0,0.0,0.0,0.0,0.0,0.0,0.0,0,0,0
1397,Fresno,539,131,138.0,138.0,0.0,0.0,27.307705457498184,0.0,0.0,0.0,4.0,8.0,6.0,0.0,0.0,9.307705457498184,0,0,0
1398,Fresno,887,217,227.0,224.0,2.0,1.0,34.0,0.0,0.0,0.0,26.0,8.0,0.0,0.0,0.0,0.0,0,0,0
1399,Fresno,0,0,0.0,0.0,0.0,0.0,0.0,0.0,0.0,0.0,0.0,0.0,0.0,0.0,0.0,0.0,0,0,0
1400,Fresno,4,1,1.0,1.0,0.0,0.0,140.0,140.0,0.0,0.0,0.0,0.0,0.0,0.0,0.0,0.0,1702,0,0
1401,Fresno,2279,530,530.0,530.0,0.0,0.0,52.0,0.0,0.0,0.0,46.0,6.0,0.0,0.0,0.0,0.0,0,0,0
1402,Fresno,3,1,1.0,1.0,0.0,0.0,0.0,0.0,0.0,0.0,0.0,0.0,0.0,0.0,0.0,0.0,0,0,0
1403,Fresno,183,42,42.0,30.0,6.0,6.0,5.0,0.0,0.0,0.0,5.0,0.0,0.0,0.0,0.0,0.0,0,0,0
1404,Fresno,87,20,20.0,18.0,0.0,2.0,11.0,0.0,0.0,0.0,0.0,1.0,0.0,0.0,10.0,0.0,0,0,0
1405,Fresno,0,0,0.0,0.0,0.0,0.0,0.0,0.0,0.0,0.0,0.0,0.0,0.0,0.0,0.0,0.0,0,0,0
1406,Fresno,164,38,38.0,31.0,0.0,7.0,24.683789905551517,0.0,0.0,0.0,0.0,4.0,0.0,0.0,0.0,20.683789905551517,0,0,0
1407,Fresno,160,37,37.0,25.0,0.0,12.0,4.034189495277576,0.0,0.0,0.0,1.0,2.0,0.0,0.0,0.0,1.0341894952775759,0,0,0
1408,Fresno,112,26,26.0,26.0,0.0,0.0,20.0,0.0,8.0,0.0,0.0,1.0,0.0,7.0,4.0,0.0,0,0,0
1409,Fresno,138,32,32.0,21.0,0.0,11.0,1.0,0.0,0.0,0.0,0.0,1.0,0.0,0.0,0.0,0.0,0,0,0
1410,Fresno,342,79,79.0,68.0,0.0,11.0,16.34189495277576,0.0,0.0,0.0,0.0,4.0,2.0,0.0,0.0,10.34189495277576,0,0,0
1411,Fresno,324,75,75.0,56.0,0.0,19.0,6.0,0.0,0.0,0.0,0.0,4.0,1.0,1.0,0.0,0.0,0,0,0
1412,Fresno,99,26,30.0,26.0,0.0,4.0,26.0,0.0,0.0,0.0,21.0,5.0,0.0,0.0,0.0,0.0,0,0,0
1413,Fresno,72,18,22.0,16.0,0.0,6.0,1.0,0.0,0.0,0.0,0.0,1.0,0.0,0.0,0.0,0.0,0,0,0
1414,Fresno,125,33,38.0,27.0,0.0,11.0,0.0,0.0,0.0,0.0,0.0,0.0,0.0,0.0,0.0,0.0,0,0,0
1415,Fresno,178,46,54.0,37.0,0.0,17.0,19.068378990555154,0.0,0.0,0.0,0.0,9.0,6.0,2.0,0.0,2.0683789905551517,0,0,0
1416,Fresno,122,37,37.0,29.0,0.0,8.0,17.0,0.0,0.0,0.0,0.0,1.0,16.0,0.0,0.0,0.0,0,0,0
1417,Fresno,91,27,27.0,19.0,0.0,8.0,0.0,0.0,0.0,0.0,0.0,0.0,0.0,0.0,0.0,0.0,0,0,0
1418,Fresno,117,38,42.0,33.0,0.0,9.0,3.0,0.0,0.0,0.0,0.0,3.0,0.0,0.0,0.0,0.0,0,0,0
1419,Fresno,312,102,111.0,100.0,4.0,7.0,21.444463438608487,0.0,0.0,0.0,0.0,8.0,0.0,0.0,0.0,13.444463438608487,0,0,0
1420,Fresno,186,79,92.61365574512,75.2601877302254,1.0465309038395436,16.306937111055063,14.0,0.0,0.0,0.0,8.0,6.0,0.0,0.0,0.0,0.0,0,0,0
1421,Fresno,95,30,34.0,21.0,4.0,9.0,30.854737381939398,0.0,0.0,0.0,0.0,2.0,0.0,3.0,0.0,25.854737381939398,0,0,0
1422,Fresno,60,25,30.0,23.0,0.0,7.0,128.0,0.0,0.0,0.0,112.0,1.0,10.0,2.0,3.0,0.0,0,0,0
1441,Fresno,133,55,55.0,2.0,0.0,53.0,0.0,0.0,0.0,0.0,0.0,0.0,0.0,0.0,0.0,0.0,0,0,0
1442,Fresno,1294,562,579.0,565.0,0.0,14.0,124.95730586777213,0.0,0.0,0.0,4.0,86.0,3.0,3.0,0.0,28.957305867772124,0,0,0
1443,Fresno,988,494,549.0,549.0,0.0,0.0,48.0,0.0,0.0,0.0,0.0,41.0,7.0,0.0,0.0,0.0,0,0,0
1444,Fresno,530,185,189.0,189.0,0.0,0.0,17.17094747638788,0.0,0.0,0.0,0.0,10.0,2.0,0.0,0.0,5.170947476387879,0,0,0
1445,Fresno,82,28,29.0,29.0,0.0,0.0,46.0,45.0,0.0,0.0,0.0,0.0,0.0,1.0,0.0,0.0,821,0,0
1446,Fresno,619,216,221.0,221.0,0.0,0.0,177.12825334416,0.0,10.0,0.0,51.0,8.0,12.0,62.0,0.0,34.12825334416,0,0,0
1447,Fresno,1295,357,432.0,432.0,0.0,0.0,114.06837899055515,0.0,13.0,0.0,9.0,75.0,10.0,0.0,5.0,2.0683789905551517,0,0,0
1448,Fresno,1738,660,721.0,657.0,64.0,0.0,332.25650668832,33.0,3.0,0.0,19.0,33.0,15.0,151.0,10.0,68.25650668832,0,0,0
1449,Fresno,560,215,233.0,233.0,0.0,0.0,230.06837899055515,226.0,0.0,0.0,0.0,0.0,0.0,2.0,0.0,2.0683789905551517,1283,2523,0
1450,Fresno,351,135,135.0,135.0,0.0,0.0,42.41027394333091,0.0,13.0,0.0,0.0,6.0,9.0,2.0,0.0,12.41027394333091,0,0,0
1451,Fresno,540,191,195.0,195.0,0.0,0.0,50.64960041027394,0.0,0.0,0.0,0.0,15.0,16.0,0.0,0.0,19.64960041027394,0,0,0
1452,Fresno,463,178,180.0,177.0,0.0,3.0,38.95730586777213,0.0,0.0,0.0,1.0,5.0,3.0,1.0,0.0,28.957305867772124,0,0,0
1453,Fresno,854,291,301.0,301.0,0.0,0.0,160.30770545749817,0.0,56.0,0.0,2.0,16.0,68.0,7.0,2.0,9.307705457498184,0,0,0
1454,Fresno,1736,620,620.0,620.0,0.0,0.0,68.27351596222061,0.0,4.0,0.0,0.0,33.0,18.0,5.0,0.0,8.273515962220607,0,0,0
1455,Fresno,0,0,0.0,0.0,0.0,0.0,513.0,477.0,6.0,30.0,0.0,0.0,0.0,0.0,0.0,0.0,0,0,2902
1456,Fresno,0,0,0.0,0.0,0.0,0.0,6.0,0.0,0.0,0.0,0.0,0.0,0.0,6.0,0.0,0.0,0,0,0
1457,Fresno,102,52,57.0,57.0,0.0,0.0,516.0,41.0,96.0,0.0,1.0,145.0,131.0,59.0,43.0,0.0,509,0,0
1458,Fresno,1815,913,1058.0,678.0,380.0,0.0,156.06837899055517,7.0,0.0,0.0,0.0,50.0,73.0,5.0,19.0,2.0683789905551517,0,0,0
1459,Fresno,1001,556,556.0,250.0,306.0,0.0,350.1367579811103,20.0,160.0,0.0,7.0,31.0,26.0,16.0,86.0,4.1367579811103035,0,0,0
1460,Fresno,1366,527,536.0,340.0,196.0,0.0,114.0,40.0,7.0,0.0,0.0,22.0,37.0,8.0,0.0,0.0,601,0,0
1461,Fresno,1572,616,660.0,660.0,0.0,0.0,128.5812214197188,45.0,0.0,0.0,25.0,18.0,17.0,6.0,0.0,17.58122141971879,689,0,0
1462,Fresno,1953,877,969.0,383.0,586.0,0.0,668.0341894952776,13.0,283.0,0.0,56.0,39.0,7.0,169.0,100.0,1.0341894952775759,0,0,0
1463,Fresno,1145,382,382.0,382.0,0.0,0.0,46.0,0.0,4.0,0.0,0.0,25.0,14.0,3.0,0.0,0.0,0,0,0
1464,Fresno,249,83,83.0,83.0,0.0,0.0,154.06837899055515,0.0,45.0,0.0,0.0,8.0,11.0,88.0,0.0,2.0683789905551517,0,0,0
1465,Fresno,1644,548,548.0,548.0,0.0,0.0,60.0,0.0,20.0,0.0,0.0,25.0,9.0,6.0,0.0,0.0,0,0,0
1466,Fresno,1684,551,648.0,648.0,0.0,0.0,159.23932646694303,37.0,0.0,0.0,3.0,96.0,12.0,2.0,2.0,7.239326466943031,735,0,0
1467,Fresno,1418,488,488.0,467.0,0.0,21.0,150.7179794008291,14.0,11.0,0.0,6.0,64.0,21.0,1.0,12.0,21.717979400829094,0,0,0
1468,Fresno,901,303,302.0,63.0,239.0,0.0,11.0,0.0,0.0,0.0,3.0,3.0,1.0,4.0,0.0,0.0,0,0,0
1469,Fresno,148,74,77.0,0.0,0.0,77.0,1650.6325911363733,77.0,29.0,143.0,1.0,168.0,1142.0,11.0,0.0,79.63259113637334,0,0,0
1470,Fresno,0,0,0.0,0.0,0.0,0.0,1171.3760844480532,44.0,176.0,0.0,227.0,68.0,612.0,33.0,0.0,11.376084448053334,0,0,0
1471,Fresno,0,0,0.0,0.0,0.0,0.0,31.729757375075145,0.03769856791764,0.22222313719872,0.02447100022724,27.0,0.15476254197768,2.04100545984024,0.0,0.18121767735848002,2.0683789905551517,0,0,0
1472,Fresno,24,9,10.0,10.0,0.0,0.0,602.0,0.0,467.0,0.0,0.0,0.0,20.0,24.0,91.0,0.0,0,0,0
1473,Fresno,1041,390,395.0,392.0,0.0,3.0,47.13675798111031,0.0,17.0,0.0,0.0,7.0,2.0,5.0,12.0,4.1367579811103035,0,0,0
1474,Fresno,164,82,82.0,82.0,0.0,0.0,1.0,0.0,0.0,0.0,0.0,1.0,0.0,0.0,0.0,0.0,0,0,0
1475,Fresno,858,356,356.0,300.0,32.0,24.0,667.9231163724945,197.0,37.0,0.0,1.0,44.0,59.0,143.0,159.0,27.923116372494547,0,2015,0
1476,Fresno,1956,781,780.0,516.0,248.0,16.0,110.58122141971879,0.0,0.0,0.0,2.0,31.0,44.0,16.0,0.0,17.58122141971879,0,0,0
1477,Fresno,1695,524,561.0,458.0,102.0,1.0,221.2735159622206,0.0,16.0,0.0,0.0,35.0,3.0,36.0,123.0,8.273515962220607,0,0,0
1478,Fresno,891,494,494.0,483.0,0.0,11.0,44.51284242916364,0.0,7.0,0.0,0.0,22.0,0.0,0.0,0.0,15.512842429163637,0,0,0
1479,Fresno,0,0,0.0,0.0,0.0,0.0,0.0,0.0,0.0,0.0,0.0,0.0,0.0,0.0,0.0,0.0,0,0,0
1480,Fresno,1111,438,463.0,324.0,139.0,0.0,78.03418949527757,0.0,0.0,0.0,74.0,3.0,0.0,0.0,0.0,1.0341894952775759,0,0,0
1481,Fresno,1278,633,633.0,590.0,0.0,43.0,384.7351596222061,36.0,144.0,0.0,3.0,45.0,20.0,21.0,33.0,82.73515962220606,599,0,0
1482,Fresno,1367,738,869.0,466.0,403.0,0.0,91.0,0.0,43.0,0.0,3.0,9.0,11.0,1.0,24.0,0.0,0,0,0
1483,Fresno,1401,467,467.0,467.0,0.0,0.0,238.68378990555152,0.0,86.0,0.0,48.0,20.0,38.0,11.0,15.0,20.683789905551517,0,0,0
1484,Fresno,1129,405,434.0,434.0,0.0,0.0,176.0341894952776,35.0,0.0,0.0,19.0,11.0,2.0,108.0,0.0,1.0341894952775759,595,0,0
1485,Fresno,1966,612,641.0,470.0,168.0,3.0,291.12825334416004,11.0,137.0,0.0,37.0,22.0,11.0,26.0,13.0,34.12825334416,0,0,0
1486,Fresno,0,0,0.0,0.0,0.0,0.0,1761.0,0.0,1023.0,0.0,0.0,7.0,107.0,56.0,568.0,0.0,0,0,0
1487,Fresno,6,2,2.0,2.0,0.0,0.0,743.5731093300001,0.08966723181,63.52856473488,0.05820504521,0.0,0.36810758322,27.09753277846,9.0,643.43103195642,0.0,0,0,0
1488,Fresno,0,0,0.0,0.0,0.0,0.0,275.0,0.0,0.0,0.0,0.0,164.0,111.0,0.0,0.0,0.0,0,0,0
1489,Fresno,722,278,295.0,2.0,174.0,119.0,143.0,0.0,0.0,0.0,0.0,133.0,10.0,0.0,0.0,0.0,0,0,0
1490,Fresno,3593,1170,1298.0,6.0,1100.0,192.0,455.0341894952776,0.0,107.0,0.0,7.0,81.0,162.0,26.0,71.0,1.0341894952775759,0,0,0
1491,Fresno,633,315,315.0,308.0,0.0,7.0,576.2393264669431,218.0,128.0,0.0,122.0,13.0,20.0,13.0,55.0,7.239326466943031,1891,0,0
1492,Fresno,1231,490,490.0,461.0,25.0,4.0,321.47865293388605,0.0,3.0,0.0,2.0,262.0,40.0,0.0,0.0,14.478652933886064,0,0,0
1493,Fresno,1582,632,632.0,559.0,73.0,0.0,63.9914953630497,0.0,0.0,0.0,1.0,23.0,10.0,0.0,0.0,29.9914953630497,0,0,0
1494,Fresno,1564,525,539.0,493.0,14.0,32.0,363.26518227274664,42.0,0.0,0.0,28.0,18.0,109.0,3.0,4.0,159.26518227274667,662,0,0
1495,Fresno,1130,382,389.0,367.0,22.0,0.0,95.1367579811103,0.0,12.0,0.0,0.0,47.0,3.0,9.0,20.0,4.1367579811103035,0,0,0
1496,Fresno,9,3,3.0,3.0,0.0,0.0,897.0,0.0,102.0,0.0,0.0,3.0,36.0,17.0,739.0,0.0,0,0,0
1497,Fresno,29,8,9.0,0.0,9.0,0.0,484.0,0.0,125.0,0.0,3.0,256.0,100.0,0.0,0.0,0.0,0,0,0
1498,Fresno,187,72,72.0,61.0,0.0,11.0,2821.008675584427,6.0,123.0,39.0,204.0,1575.0,767.0,1.0,15.0,91.00867558442667,0,0,0
1499,Fresno,722,277,277.0,277.0,0.0,0.0,59.37608444805334,0.0,0.0,0.0,14.0,25.0,0.0,4.0,5.0,11.376084448053335,0,0,0
1500,Fresno,1032,419,435.0,84.0,351.0,0.0,778.0,0.0,0.0,0.0,73.0,304.0,314.0,10.0,77.0,0.0,0,0,0
1501,Fresno,4,3,4.0,4.0,0.0,0.0,2524.0,0.0,11.0,0.0,0.0,2065.0,443.0,3.0,2.0,0.0,0,0,0
1502,Fresno,1386,630,628.0,105.0,523.0,0.0,1649.0,4.0,415.0,0.0,1.0,643.0,540.0,7.0,39.0,0.0,344,219,0
1503,Fresno,2060,789,827.0,395.0,374.0,58.0,1696.427454164708,0.0,44.0,0.0,51.0,580.0,902.0,25.0,21.0,73.4274541647079,0,0,0
1504,Fresno,690,369,377.0,81.0,296.0,0.0,514.0,4.0,0.0,0.0,0.0,472.0,30.0,4.0,4.0,0.0,0,0,0
1521,Fresno,684,266,297.0,297.0,0.0,0.0,33.06837899055515,0.0,0.0,0.0,0.0,27.0,4.0,0.0,0.0,2.0683789905551517,0,0,0
1522,Fresno,212,83,92.0,90.0,2.0,0.0,6.0,0.0,0.0,0.0,3.0,2.0,1.0,0.0,0.0,0.0,0,0,0
1523,Fresno,1710,665,739.0,739.0,0.0,0.0,58.02568485832728,0.0,0.0,0.0,0.0,14.0,8.0,4.0,1.0,31.025684858327278,0,0,0
1524,Fresno,612,237,264.0,264.0,0.0,0.0,19.0,0.0,3.0,0.0,0.0,4.0,6.0,4.0,2.0,0.0,0,0,0
1525,Fresno,0,0,0.0,0.0,0.0,0.0,0.0,0.0,0.0,0.0,0.0,0.0,0.0,0.0,0.0,0.0,0,0,0
1526,Fresno,48,19,21.0,21.0,0.0,0.0,154.0,0.0,46.0,0.0,0.0,12.0,64.0,13.0,19.0,0.0,0,0,0
1527,Fresno,108,42,47.0,47.0,0.0,0.0,1.0,0.0,0.0,0.0,0.0,0.0,0.0,1.0,0.0,0.0,0,0,0
1528,Fresno,12,5,5.0,3.0,0.0,2.0,7.0,0.0,0.0,0.0,0.0,0.0,7.0,0.0,0.0,0.0,0,0,0
1531,Fresno,24,6,7.030405669946083,7.030405669946083,0.0,0.0,298.34189495277576,0.0,0.0,200.0,82.0,0.0,4.0,0.0,2.0,10.341894952775759,0,0,0
1541,Huron,595,162,162.0,9.0,153.0,0.0,3.0,0.0,0.0,0.0,1.0,0.0,2.0,0.0,0.0,0.0,0,0,0
1542,Huron,291,79,79.1837338464,3.1837338464,76.0,0.0,76.0,0.0,0.0,60.0,0.0,0.0,0.0,0.0,16.0,0.0,0,0,0
1543,Huron,1360,298,298.2503121712,114.2503121712,184.0,0.0,57.20513697166545,5.0,0.0,0.0,7.0,1.0,2.0,7.0,29.0,6.205136971665455,805,24,0
1544,Huron,1124,245,244.0,0.0,244.0,0.0,1.0,0.0,0.0,0.0,0.0,1.0,0.0,0.0,0.0,0.0,0,0,0
1545,Huron,1355,330,363.0,78.0,282.0,3.0,44.0,0.0,5.0,0.0,8.0,4.0,1.0,9.0,17.0,0.0,0,0,0
1546,Huron,150,49,56.0,21.0,35.0,0.0,38.02541171712,0.0,5.0,0.025411717120000003,0.0,14.0,5.0,1.0,13.0,0.0,0,0,0
1547,Huron,463,125,129.0,107.0,0.0,22.0,357.17996495576733,0.0,0.0,0.0,0.0,0.0,0.0,2.0,17.0,338.17996495576733,0,0,0
1548,Huron,356,96,101.0,101.0,0.0,0.0,0.0,0.0,0.0,0.0,0.0,0.0,0.0,0.0,0.0,0.0,0,0,0
1549,Huron,558,185,212.0,132.0,80.0,0.0,51.0,4.0,0.0,0.0,3.0,42.0,2.0,0.0,0.0,0.0,421,0,0
1550,Huron,130,44,50.0,50.0,0.0,0.0,0.0,0.0,0.0,0.0,0.0,0.0,0.0,0.0,0.0,0.0,0,0,0
1551,Huron,0,0,0.0,0.0,0.0,0.0,0.0,0.0,0.0,0.0,0.0,0.0,0.0,0.0,0.0,0.0,0,0,0
1561,Huron,476,144,147.8509776576,75.8509776576,72.0,0.0,15.47081297472,0.0,0.0,0.0,0.0,3.0,0.0,0.23540648736000003,12.23540648736,0.0,0,0,0
1562,Unincorporate,0,0,0.11946395968,0.11946395968,0.0,0.0,93.47854195712,0.0,0.0,20.35471096064,0.0,0.0,0.0,36.561915498240005,36.561915498240005,0.0,0,0,0
1563,Unincorporate,0,0,0.0,0.0,0.0,0.0,0.0,0.0,0.0,0.0,0.0,0.0,0.0,0.0,0.0,0.0,0,0,0
1581,Kerman,11,4,5.342375118470001,5.13202920279402,0.2103459156759802,0.0,211.07087662846,0.00403996782222,108.02381454716256,0.00262243525302,0.0,1.01658513105964,0.0043943509645199995,2.0,100.01942019619804,0.0,0,0,0
1582,Kerman,1918,550,568.92417613462,222.46457436524318,346.45960176937683,0.0,205.32404664684,6.654208798632119,61.22480976035777,4.319398693848921,0.0,27.31727822596345,12.237911324827916,0.29177070384,93.27866913936984,0.0,0,0,0
1583,Kerman,3298,819,818.0,682.0,136.0,0.0,220.90610709859394,0.0,0.0,73.0,38.0,22.0,0.0,0.0,0.0,87.90610709859395,0,0,0
1584,Kerman,783,340,379.0,238.0,141.0,0.0,684.4703192444122,281.0,70.0,0.0,28.0,58.0,12.0,17.0,53.0,165.47031924441214,63,1643,0
1585,Kerman,1969,649,669.0,239.0,324.0,106.0,298.6837899055515,10.0,37.0,0.0,8.0,143.0,28.0,7.0,45.0,20.683789905551517,0,0,0
1586,Kerman,885,297,305.0,285.0,20.0,0.0,544.0,73.0,61.0,0.0,17.0,28.0,4.0,22.0,339.0,0.0,883,0,0
1587,Kerman,1576,476,513.3025760809401,364.11668160621474,149.18589447472525,0.0,163.31063970028973,0.00357034598844,0.02104625003712,0.0023175930100400003,13.0,11.01465720984728,41.00388353423304,0.0,0.01716271580408,98.24800205136971,0,0,0
1588,Kerman,1434,388,407.0,336.0,71.0,0.0,626.912774144906,80.15158776942,14.0,0.0,5.0,68.0,85.0,15.0,4.0,355.76118637548615,748,0,0
1589,Kerman,1006,499,499.0,384.0,115.0,0.0,444.53002265054056,147.0,2.0,95.0,36.0,50.0,10.0,0.0,28.0,76.53002265054062,711,0,0
1590,Kerman,2837,691,689.0,485.0,204.0,0.0,145.81204324971154,0.0,0.0,0.0,36.0,47.0,4.0,1.0,3.0,54.81204324971152,0,0,0
1591,Kerman,32,9,10.0,0.0,10.0,0.0,469.27385785717337,0.0,0.0,0.0,210.0,2.0,0.0,7.0,0.0,250.27385785717337,0,0,0
1592,Kerman,12,3,3.0,3.0,0.0,0.0,84.0,0.0,0.0,0.0,38.0,18.0,0.0,0.0,28.0,0.0,0,0,0
1593,Kerman,48,12,12.0,12.0,0.0,0.0,1.0,0.0,0.0,0.0,0.0,1.0,0.0,0.0,0.0,0.0,0,0,0
1594,Kerman,8,2,2.0,2.0,0.0,0.0,61.0,0.0,0.0,0.0,0.0,0.0,54.0,0.0,7.0,0.0,0,0,0
1611,Kerman,963,307,323.72858378239005,182.58962038868438,141.13896339370564,0.0,87.53925035474,4.98973727022018,29.413188119192643,3.2389522631253804,0.0,20.484184583009164,5.427433521993879,0.0,23.98575459719877,0.0,0,0,0
1612,Kerman,12,4,4.0,4.0,0.0,0.0,1.0,0.0,0.0,0.0,0.0,1.0,0.0,0.0,0.0,0.0,0,0,0
1613,Kerman,1170,304,331.0,249.0,82.0,0.0,80.10256848583273,51.0,0.0,0.0,6.0,15.0,5.0,0.0,0.0,3.1025684858327276,625,0,0
1614,Kerman,11,3,3.0,3.0,0.0,0.0,16.590657767659998,0.0,0.0,0.0,6.737650534705999,0.0,0.0,6.370285873914,3.48272135904,0.0,0,0,0
1615,Kerman,7,2,2.0,2.0,0.0,0.0,471.25481576353013,0.0,0.0,0.0,195.89012614551106,0.0,0.0,179.65880041161907,95.70588920640002,0.0,0,0,0
1616,Kerman,20,5,5.0,5.0,0.0,0.0,14.478652933886062,0.0,0.0,0.0,0.0,0.0,0.0,0.0,0.0,14.478652933886062,0,0,0
1617,Kerman,16,4,4.0,4.0,0.0,0.0,0.0,0.0,0.0,0.0,0.0,0.0,0.0,0.0,0.0,0.0,0,0,0
1631,Kingsburg,4,2,2.0,2.0,0.0,0.0,282.32488567887515,0.0,2.0,0.0,191.0,0.0,0.0,10.0,9.0,70.32488567887516,0,0,0
1632,Kingsburg,708,256,289.47247792352,147.47247792352,142.0,0.0,48.79092995644545,0.033390200132459996,0.19682644288608,0.021674340436860003,22.0,12.13707555843852,2.03631916505636,6.0,0.16050727782972,6.205136971665455,0,0,0
1633,Kingsburg,1107,406,460.0,411.0,49.0,0.0,163.20513697166547,5.0,0.0,0.0,7.0,109.0,29.0,4.0,3.0,6.205136971665455,0,0,0
1634,Kingsburg,1423,431,431.02171833567576,431.02171833567576,0.0,0.0,39.17094747638788,0.0,0.0,0.0,5.0,18.0,8.0,0.0,3.0,5.170947476387879,0,0,0
1635,Kingsburg,17,5,5.0,5.0,0.0,0.0,152.17730225535516,7.62589818547648,21.68950509333504,0.40628478706368,8.0,2.56947676142976,59.68080153507968,10.0,6.00870355825536,36.196632334715154,0,0,0
1636,Kingsburg,0,0,0.0,0.0,0.0,0.0,459.0,0.0,91.0,0.0,0.0,0.0,0.0,0.0,368.0,0.0,0,0,0
1637,Kingsburg,24,8,10.0,4.0,6.0,0.0,541.8841656809078,0.0,63.0,0.0,287.09925274316396,0.0,16.0,48.61396546135598,122.0,5.170947476387879,0,0,0
1638,Kingsburg,982,424,446.0,287.0,159.0,0.0,107.34189495277576,64.0,11.0,0.0,0.0,19.0,1.0,2.0,0.0,10.341894952775759,457,0,0
1639,Kingsburg,346,127,144.0,127.0,17.0,0.0,2.0,0.0,0.0,0.0,0.0,2.0,0.0,0.0,0.0,0.0,0,0,0
1640,Kingsburg,887,268,268.01303100140547,268.01303100140547,0.0,0.0,161.20513697166547,116.0,1.0,0.0,0.0,16.0,5.0,5.0,12.0,6.205136971665455,0,1183,0
1641,Kingsburg,1982,550,582.8133914224,522.8133914224,60.0,0.0,154.8462327449891,55.0,17.0,0.0,17.0,8.0,1.0,1.0,0.0,55.846232744989095,673,0,0
1642,Kingsburg,1386,452,482.0,169.0,162.0,151.0,212.59840164109576,0.0,32.0,0.0,1.0,50.0,13.0,3.0,35.0,78.59840164109576,0,0,0
1643,Kingsburg,730,257,282.75638494904996,163.49325249697958,119.26313245207042,0.0,447.23788218996253,54.419709627488835,61.768397010276324,4.20396107696644,0.0,59.553215592112075,7.0784730236194395,0.0,22.350541945656882,237.86358391384246,335,0,0
1644,Kingsburg,27,13,13.0,4.0,9.0,0.0,285.9914953630497,0.0,42.0,0.0,146.0,26.0,6.0,9.0,27.0,29.9914953630497,0,0,0
1645,Kingsburg,483,230,230.0,67.0,163.0,0.0,1901.4800205136971,26.0,141.0,116.0,45.0,194.0,175.0,33.0,189.0,982.4800205136971,264,0,0
1646,Kingsburg,561,216,216.0,182.0,34.0,0.0,160.23932646694303,104.0,0.0,0.0,32.0,1.0,16.0,0.0,0.0,7.239326466943031,418,0,0
1647,Kingsburg,463,177,177.0,115.0,62.0,0.0,19.102568485832727,9.0,0.0,0.0,0.0,6.0,1.0,0.0,0.0,3.1025684858327276,0,0,0
1648,Kingsburg,771,282,307.22680720871,248.80320302687153,53.42360418183847,5.0,29.959411121497578,0.62273763269454,3.67087446640992,0.4042332001701401,7.0,8.55650186053548,0.67736374082564,5.0,2.9935107255842803,1.0341894952775759,0,0,0
1649,Kingsburg,645,245,270.0,256.0,14.0,0.0,134.28219154664728,0.0,0.0,13.0,5.0,6.0,11.0,0.0,0.0,99.28219154664728,0,0,0
1661,Kingsburg,442,160,170.9127122397203,48.29439951465439,122.61831272506592,0.0,130.37788664425716,9.67034470716435,22.138371112917813,6.42401643592588,0.0,40.33978316588574,10.798827634166932,0.0,41.006543588196436,0.0,0,0,0
1662,Kingsburg,98,27,30.0,4.0,26.0,0.0,30.888926877216974,0.0,0.0,0.0,1.0,1.0,2.0,0.0,0.0,26.888926877216974,0,0,0
1663,Kingsburg,3,1,1.0,1.0,0.0,0.0,768.0,0.0,0.0,0.0,742.0,0.0,26.0,0.0,0.0,0.0,0,0,0
1664,Kingsburg,649,238,255.0914728069699,108.20020628431942,146.8912665226505,0.0,545.2008276536927,2.82123847382322,16.63045837201056,1.83133023739402,374.032215801568,11.58192636622164,3.06871553293052,84.44237820067201,13.56174283908004,37.230821829992735,0,0,0
1665,Kingsburg,2682,1142,1257.05737531392,1257.05737531392,0.0,0.0,47.27351596222061,0.0,30.0,0.0,3.0,3.0,3.0,0.0,0.0,8.273515962220607,0,0,0
1666,Kingsburg,304,134,147.8591131312,147.8591131312,0.0,0.0,18.512842429163637,0.0,0.0,0.0,0.0,0.0,0.0,3.0,0.0,15.512842429163637,0,0,0
1667,Kingsburg,135,50,53.695251811000006,53.695251811000006,0.0,0.0,0.0,0.0,0.0,0.0,0.0,0.0,0.0,0.0,0.0,0.0,0,0,0
1681,Mendota,2355,619,657.3385133857599,333.2756801968977,324.04858398810126,0.014249200760938722,140.0,58.0,2.0,0.0,20.0,54.0,4.0,0.0,2.0,0.0,803,0,0
1682,Mendota,1320,358,385.0,178.0,207.0,0.0,393.0,242.0,50.0,0.0,18.0,34.0,0.0,2.0,47.0,0.0,984,22,0
1683,Mendota,604,159,171.0,86.0,85.0,0.0,2.0,0.0,0.0,0.0,0.0,2.0,0.0,0.0,0.0,0.0,0,0,0
1684,Mendota,2428,587,589.0,443.0,146.0,0.0,161.0,0.0,0.0,0.0,111.0,50.0,0.0,0.0,0.0,0.0,0,0,0
1685,Mendota,106,42,42.0,15.0,27.0,0.0,2.0,0.0,0.0,0.0,2.0,0.0,0.0,0.0,0.0,0.0,0,0,0
1686,Mendota,811,261,262.0,159.0,97.0,6.0,558.3579105765576,42.0,41.0,57.0,47.2083860296,5.0,5.0,8.089308298399999,79.0,274.0602162485576,421,0,0
1687,Mendota,593,237,237.0,159.0,57.0,21.0,9.0,0.0,2.0,0.0,1.0,6.0,0.0,0.0,0.0,0.0,0,0,0
1688,Mendota,1131,381,388.066851428,270.0282488522609,83.0386025757391,35.0,188.12825334416,6.0,32.0,0.0,28.0,24.0,11.0,0.0,53.0,34.12825334416,0,0,0
1689,Mendota,0,0,0.0,0.0,0.0,0.0,5.170947476387879,0.0,0.0,0.0,0.0,0.0,0.0,0.0,0.0,5.170947476387879,0,0,0
1690,Mendota,16,5,5.0,5.0,0.0,0.0,0.0,0.0,0.0,0.0,0.0,0.0,0.0,0.0,0.0,0.0,0,0,0
1691,Mendota,0,0,0.0,0.0,0.0,0.0,3.0,3.0,0.0,0.0,0.0,0.0,0.0,0.0,0.0,0.0,568,872,0
1692,Mendota,0,0,0.0,0.0,0.0,0.0,108.80644199272,74.0,0.0,0.0,24.964509394904,0.0,0.0,9.841932597816,0.0,0.0,0,0,0
1701,Mendota,2891,590,595.2625134816,595.2625134816,0.0,0.0,336.84987484224,0.0,0.0,88.09336398335999,123.0,0.0,0.0,0.0,125.75651085888002,0.0,0,0,0
1702,Unincorporate,0,0,0.0,0.0,0.0,0.0,0.0,0.0,0.0,0.0,0.0,0.0,0.0,0.0,0.0,0.0,0,0,0
1721,Orange Cove,1180,325,337.6003782718003,233.11751345709828,104.4828648147021,0.0,56.0,0.0,0.0,0.0,0.0,54.0,2.0,0.0,0.0,0.0,0,0,0
1722,Orange Cove,1014,262,273.0,233.0,40.0,0.0,59.0,38.0,0.0,0.0,1.0,20.0,0.0,0.0,0.0,0.0,435,0,0
1723,Orange Cove,495,128,129.0,109.0,20.0,0.0,77.26501132527031,35.0,0.0,0.0,0.0,3.0,1.0,0.0,0.0,38.26501132527031,328,0,0
1724,Orange Cove,0,0,0.0,0.0,0.0,0.0,60.0,0.0,1.0,0.0,13.0,29.0,0.0,0.0,17.0,0.0,0,0,0
1725,Orange Cove,392,98,98.0,50.0,48.0,0.0,713.0,0.0,700.0,0.0,0.0,13.0,0.0,0.0,0.0,0.0,0,0,0
1726,Orange Cove,524,131,131.0,113.0,18.0,0.0,87.0,0.0,2.0,26.0,16.0,30.0,4.0,0.0,9.0,0.0,0,0,0
1727,Orange Cove,2010,477,548.0,300.0,248.0,0.0,41.0,0.0,0.0,0.0,0.0,20.0,4.0,0.0,17.0,0.0,0,0,0
1728,Orange Cove,786,237,262.0,196.0,66.0,0.0,78.0,0.0,0.0,0.0,0.0,16.0,2.0,0.0,60.0,0.0,0,0,0
1729,Orange Cove,902,232,250.0,210.0,40.0,0.0,172.5642121458182,37.0,13.0,0.0,0.0,33.0,5.0,0.0,7.0,77.56421214581819,482,0,0
1730,Orange Cove,705,176,175.0,75.0,100.0,0.0,134.1367579811103,0.0,5.0,42.0,19.0,55.0,9.0,0.0,0.0,4.1367579811103035,0,0,0
1731,Orange Cove,1317,365,363.0,1.0,362.0,0.0,13.0,0.0,0.0,0.0,0.0,13.0,0.0,0.0,0.0,0.0,0,0,0
1732,Unincorporate,18,5,5.021718335675773,5.021718335675773,0.0,0.0,0.0,0.0,0.0,0.0,0.0,0.0,0.0,0.0,0.0,0.0,0,0,0
1741,Orange Cove,0,0,0.0,0.0,0.0,0.0,0.0,0.0,0.0,0.0,0.0,0.0,0.0,0.0,0.0,0.0,0,0,0
1742,Orange Cove,67,26,27.700605926900607,26.207058942214545,1.4935469846860605,0.0,70.25111819047,0.0,0.0,0.0,35.175782733329,0.0,0.0,15.075335457140998,20.0,0.0,0,0,0
1743,Orange Cove,7,2,2.0,2.0,0.0,0.0,112.0,109.0,0.0,0.0,0.0,3.0,0.0,0.0,0.0,0.0,664,678,0
1744,Orange Cove,11,3,3.0,3.0,0.0,0.0,0.68643137628,0.0,0.0,0.0,0.48050196339599993,0.0,0.0,0.205929412884,0.0,0.0,0,0,0
1751,Parlier,1872,382,397.0,265.0,132.0,0.0,58.13675798111031,0.0,0.0,0.0,2.0,24.0,21.0,7.0,0.0,4.1367579811103035,0,0,0
1752,Parlier,728,211,251.0,241.0,10.0,0.0,774.0,288.0,0.0,0.0,456.0,27.0,2.0,0.0,1.0,0.0,447,1033,0
1753,Parlier,333,96,115.0,107.0,8.0,0.0,46.33339031582546,0.0,0.0,0.0,0.0,6.0,0.0,0.0,0.0,40.33339031582546,0,0,0
1754,Parlier,3107,696,742.0,466.0,276.0,0.0,108.51345615136,0.0,0.0,0.0,0.0,73.0,1.0,24.0,10.51345615136,0.0,0,0,0
1755,Parlier,1926,488,566.07874631648,306.07874631647996,260.0,0.0,147.0,48.0,24.0,0.0,0.0,36.0,8.0,0.0,31.0,0.0,568,0,0
1756,Parlier,1841,581,604.0,465.0,139.0,0.0,425.73821164668124,45.0,49.0,97.19117972224,14.0,75.0,53.0,0.0,76.0,16.547031924441214,403,0,0
1757,Parlier,651,306,407.0,303.0,104.0,0.0,1240.667806316509,58.0,14.0,0.0,1.0,323.0,17.0,5.0,16.0,806.6678063165092,425,0,0
1758,Parlier,222,56,63.0,63.0,0.0,0.0,0.0,0.0,0.0,0.0,0.0,0.0,0.0,0.0,0.0,0.0,0,0,0
1759,Parlier,11,3,3.0,3.0,0.0,0.0,0.0,0.0,0.0,0.0,0.0,0.0,0.0,0.0,0.0,0.0,0,0,0
1771,Parlier,1478,310,322.0,322.0,0.0,0.0,47.0,38.0,0.0,0.0,0.0,6.0,3.0,0.0,0.0,0.0,477,0,0
1772,Parlier,694,144,151.50434982624,94.50434982624,57.0,0.0,16.0,0.0,0.0,0.0,1.0,3.0,1.0,11.0,0.0,0.0,0,0,0
1773,Parlier,0,0,0.0,0.0,0.0,0.0,0.0,0.0,0.0,0.0,0.0,0.0,0.0,0.0,0.0,0.0,0,0,0
1774,Parlier,123,32,35.0,35.0,0.0,0.0,0.0,0.0,0.0,0.0,0.0,0.0,0.0,0.0,0.0,0.0,0,0,0
1775,Parlier,7,2,2.0,2.0,0.0,0.0,225.0,0.0,0.0,0.0,219.0,6.0,0.0,0.0,0.0,0.0,0,0,0
1776,Parlier,533,135,149.0,1.0,148.0,0.0,82.0,0.0,28.0,0.0,0.0,8.0,3.0,0.0,43.0,0.0,0,0,0
1777,Parlier,8,2,2.37701865344,2.37701865344,0.0,0.0,21.0,0.0,0.0,0.0,0.0,0.0,21.0,0.0,0.0,0.0,0,0,0
1778,Parlier,177,87,96.05474910064001,47.69742387496698,48.35732522567302,0.0,157.26976355138,7.627342128728818,44.96117465355936,4.951081732683621,0.0,31.312246633728847,8.29640722774012,0.0,60.12151117493925,0.0,0,0,0
1779,Unincorporate,11,3,3.013031001405464,3.013031001405464,0.0,0.0,26.126085616417217,26.126085616417217,0.0,0.0,0.0,0.0,0.0,0.0,0.0,0.0,0,0,0
1780,Unincorporate,8,2,2.0086873342703093,2.0086873342703093,0.0,0.0,0.0,0.0,0.0,0.0,0.0,0.0,0.0,0.0,0.0,0.0,0,0,0
1791,Reedley,832,245,245.0,204.0,41.0,0.0,2.0,0.0,0.0,0.0,0.0,2.0,0.0,0.0,0.0,0.0,0,0,0
1792,Reedley,1015,299,299.46099261643997,299.46099261643997,0.0,0.0,61.47865293388605,0.0,23.0,0.0,0.0,16.0,5.0,0.0,3.0,14.478652933886064,0,0,0
1793,Reedley,0,0,0.0,0.0,0.0,0.0,880.34277915136,644.0,0.0,183.34277915136002,53.0,0.0,0.0,0.0,0.0,0.0,0,227,11296
1794,Reedley,934,297,296.0,130.0,166.0,0.0,31.652201052160002,0.0,1.0,14.65220105216,0.0,4.0,8.0,2.0,2.0,0.0,0,0,0
1795,Reedley,815,248,280.0,224.0,56.0,0.0,509.0683789905552,0.0,20.0,0.0,7.0,464.0,13.0,3.0,0.0,2.0683789905551517,0,0,0
1796,Reedley,1365,340,340.07656423484,303.07656423484,37.0,0.0,112.17094747638788,52.0,20.0,0.0,0.0,20.0,0.0,0.0,15.0,5.170947476387879,863,0,0
1797,Reedley,2215,581,580.83449496904,394.83449496904,186.0,0.0,718.0688918329843,0.0,65.0,0.0,0.0,159.0,13.0,11.0,105.0,365.06889183298426,0,0,0
1798,Reedley,998,397,422.0,408.0,14.0,0.0,146.1367579811103,0.0,70.0,0.0,0.0,8.0,5.0,17.0,42.0,4.1367579811103035,0,0,0
1799,Reedley,0,0,0.0,0.0,0.0,0.0,211.0,0.0,133.0,0.0,2.0,13.0,6.0,4.0,53.0,0.0,0,0,0
1800,Reedley,289,96,96.0,92.0,4.0,0.0,736.94502135808,657.0,23.0,1.94502135808,55.0,0.0,0.0,0.0,0.0,0.0,0,1803,0
1801,Reedley,510,126,126.0,84.0,42.0,0.0,35.0,35.0,0.0,0.0,0.0,0.0,0.0,0.0,0.0,0.0,303,0,0
1802,Reedley,218,54,54.0,28.0,26.0,0.0,51.06837899055515,0.0,0.0,0.0,0.0,39.0,0.0,2.0,8.0,2.0683789905551517,0,0,0
1803,Reedley,1273,343,342.1727471202,97.1727471202,245.0,0.0,204.0,0.0,72.0,0.0,0.0,35.0,0.0,14.0,83.0,0.0,0,0,45
1804,Reedley,1273,318,318.0,254.0,64.0,0.0,511.7355015171588,30.0,17.0,0.0,1.0,33.0,24.0,35.0,47.0,324.7355015171588,356,0,0
1805,Reedley,1195,455,497.13385504573,331.88190160348,165.25195344225003,0.0,2104.007170372519,68.36366991825639,55.006873110499996,244.73490528870042,576.0,673.056565178992,179.8150840477312,52.0,110.5510779995,144.47899482883884,0,0,0
1806,Reedley,2179,476,475.0,380.0,95.0,0.0,400.7666913002764,51.0,0.0,28.125253632000003,2.0,26.0,2.0,0.0,0.0,291.6414376682764,528,165,0
1807,Reedley,1121,310,363.04608145971997,155.04608145972,208.0,0.0,53.41027394333091,0.0,0.0,0.0,0.0,26.0,15.0,0.0,0.0,12.41027394333091,0,0,0
1808,Reedley,1042,343,343.27730707812,203.27730707812,140.0,0.0,159.0,0.0,0.0,0.0,0.0,157.0,2.0,0.0,0.0,0.0,0,0,0
1809,Reedley,1502,414,438.0,282.0,156.0,0.0,325.0,201.0,0.0,18.0,0.0,93.0,4.0,0.0,9.0,0.0,393,0,0
1810,Reedley,415,171,179.0,0.0,0.0,179.0,10.0,0.0,0.0,0.0,0.0,7.0,3.0,0.0,0.0,0.0,0,0,0
1811,Reedley,237,86,99.0,99.0,0.0,0.0,3.0,0.0,0.0,0.0,0.0,3.0,0.0,0.0,0.0,0.0,0,0,0
1812,Reedley,0,0,0.0,0.0,0.0,0.0,6.0,0.0,0.0,0.0,0.0,0.0,0.0,6.0,0.0,0.0,0,0,0
1813,Reedley,1513,450,450.0,428.0,22.0,0.0,149.06837899055515,135.0,0.0,0.0,0.0,12.0,0.0,0.0,0.0,2.0683789905551517,367,237,0
1814,Reedley,1086,358,386.8617970714,355.8617970714,31.0,0.0,210.0,0.0,0.0,0.0,0.0,207.0,3.0,0.0,0.0,0.0,0,0,0
1815,Reedley,1535,463,463.0,307.0,156.0,0.0,15.170429713352728,0.0,0.0,0.06786122752000001,3.0,6.0,2.0,0.0,1.0,3.1025684858327276,0,0,0
1816,Reedley,27,8,8.0,8.0,0.0,0.0,612.2827043890763,0.0,0.0,0.0,128.0,0.0,2.0,2.0,18.0,462.2827043890764,0,0,0
1817,Reedley,24,8,8.0,8.0,0.0,0.0,201.8377281080388,0.0,0.0,0.0,116.0,0.0,0.0,0.0,0.0,85.83772810803879,0,0,0
1818,Unincorporate,734,287,319.346536811898,241.01641810962622,0.0,78.33011870227178,222.96489843911667,0.0,35.0,0.0,44.84678041092423,6.225217123283443,30.30625931504397,6.270260547940132,0.0,100.31638104192486,325,0,0
1831,Reedley,0,0,0.0,0.0,0.0,0.0,0.0,0.0,0.0,0.0,0.0,0.0,0.0,0.0,0.0,0.0,0,0,0
1833,Reedley,384,124,127.98776093135997,49.96995119063865,78.01780974072132,0.0,26.28831321248,1.4984338531113601,8.83287323939328,0.9726675888617602,0.0,6.151465291720321,1.6298754191737599,0.0,7.202997820219521,0.0,0,0,0
1834,Reedley,1939,633,640.85276075404,580.85276075404,60.0,0.0,288.2054788666182,0.0,20.0,0.0,3.0,11.0,0.0,0.0,6.0,248.2054788666182,605,0,0
1835,Reedley,36,9,10.0,10.0,0.0,0.0,0.0,0.0,0.0,0.0,0.0,0.0,0.0,0.0,0.0,0.0,0,0,0
1851,Sanger,1027,266,285.0,285.0,0.0,0.0,40.535248000423024,10.29592153348,0.0,0.0,1.0,7.0,3.0,11.0,1.0,7.239326466943031,0,0,0
1852,Sanger,1924,684,706.0,698.0,8.0,0.0,82.23932646694303,0.0,2.0,0.0,41.0,24.0,8.0,0.0,0.0,7.239326466943031,0,0,0
1853,Sanger,5,2,2.0,2.0,0.0,0.0,28.034189495277577,0.0,0.0,0.0,19.0,0.0,0.0,0.0,8.0,1.0341894952775759,0,0,0
1854,Sanger,1064,236,236.0,236.0,0.0,0.0,288.8822681081049,29.052873689539997,0.0,0.0,0.0,21.0,0.0,0.0,2.0,236.82939441856487,0,0,0
1855,Sanger,1079,280,297.0,162.0,0.0,135.0,16.17094747638788,0.0,0.0,0.0,0.0,11.0,0.0,0.0,0.0,5.170947476387879,0,0,0
1856,Sanger,714,268,295.0,169.0,126.0,0.0,9.0,0.0,0.0,0.0,0.0,6.0,3.0,0.0,0.0,0.0,0,0,0
1857,Sanger,0,0,0.0,0.0,0.0,0.0,110.0,0.0,41.0,0.0,0.0,5.0,0.0,0.0,64.0,0.0,0,0,0
1858,Sanger,1409,547,547.04582158525,236.01767005557633,311.02815152967366,0.0,126.07786472505515,0.0005406868665,26.003187206792,0.0003509721765,0.0,96.002219661873,2.000588115539,0.0,0.002599091253,2.0683789905551517,0,0,0
1859,Sanger,1235,447,455.0,343.0,112.0,0.0,522.0598743536049,44.0,270.0,0.0,0.0,67.0,17.0,9.0,83.0,32.05987435360485,451,0,0
1860,Sanger,973,256,267.0,205.0,62.0,0.0,27.0,0.0,0.0,0.0,1.0,24.0,1.0,1.0,0.0,0.0,0,0,0
1861,Sanger,634,174,189.0,189.0,0.0,0.0,19.0,0.0,2.0,0.0,0.0,17.0,0.0,0.0,0.0,0.0,0,0,0
1862,Sanger,1722,504,521.7277350337799,322.8382621080241,198.88947292575588,0.0,1783.4946569404863,223.8199318879863,100.51749323444544,2.4796049097454813,8.0,50.68182564541736,4.155013632546481,0.0,184.873267650859,1208.9675199794863,0,3259,0
1863,Sanger,753,255,293.0,197.0,96.0,0.0,305.0683789905552,0.0,27.0,0.0,0.0,236.0,20.0,0.0,20.0,2.0683789905551517,0,0,0
1864,Sanger,760,193,216.0,187.0,29.0,0.0,1317.2568485832728,395.0,33.0,122.0,202.0,153.0,45.0,13.0,44.0,310.25684858327276,5,139,0
1865,Sanger,775,249,266.0,178.0,88.0,0.0,225.40094322878062,11.0,121.0,0.0,2.0,27.0,0.0,16.0,40.12742726656,8.273515962220607,8,29,0
1866,Sanger,317,129,154.0,149.0,5.0,0.0,86.0,75.0,0.0,0.0,0.0,11.0,0.0,0.0,0.0,0.0,458,0,0
1867,Sanger,1236,334,334.0,233.0,101.0,0.0,276.0341894952776,243.0,0.0,0.0,0.0,11.0,0.0,21.0,0.0,1.0341894952775759,787,166,0
1868,Sanger,748,227,264.0,230.0,34.0,0.0,440.0,368.0,8.0,0.0,1.0,20.0,0.0,11.0,32.0,0.0,1543,0,0
1869,Sanger,707,189,195.0,132.0,63.0,0.0,45.0,0.0,0.0,0.0,28.0,15.0,0.0,1.0,1.0,0.0,0,0,0
1870,Sanger,776,176,177.0,161.0,16.0,0.0,11.0,0.0,0.0,0.0,0.0,9.0,1.0,1.0,0.0,0.0,0,0,0
1871,Sanger,1148,254,254.0,254.0,0.0,0.0,56.06837899055515,40.0,0.0,0.0,9.0,5.0,0.0,0.0,0.0,2.0683789905551517,521,0,0
1872,Sanger,768,256,256.0,256.0,0.0,0.0,60.12088552371515,48.05250653316,0.0,0.0,0.0,9.0,1.0,0.0,0.0,2.0683789905551517,483,0,0
1873,Sanger,431,139,160.0,160.0,0.0,0.0,40.0,37.0,0.0,0.0,0.0,3.0,0.0,0.0,0.0,0.0,454,0,0
1874,Sanger,1385,364,419.0,218.0,201.0,0.0,1622.0,0.0,38.0,0.0,33.0,27.0,1512.0,5.0,7.0,0.0,0,0,0
1875,Sanger,1613,378,403.0,162.0,241.0,0.0,271.0,0.0,0.0,0.0,234.0,28.0,7.0,2.0,0.0,0.0,0,0,0
1876,Sanger,803,254,287.0,287.0,0.0,0.0,69.29920082054788,0.0,0.0,0.0,0.0,16.0,0.0,14.0,0.0,39.29920082054788,0,0,0
1877,Sanger,1205,263,263.57830775717,220.76552059631575,42.81278716085424,0.0,562.2589856183099,0.05402324824842,44.318452831780164,0.03506772254722001,251.32812962709892,30.22177965070404,6.05876212967372,112.71205555447101,117.53071485378644,0.0,0,0,0
1878,Sanger,0,0,0.0,0.0,0.0,0.0,291.9231163724945,0.0,0.0,0.0,254.0,0.0,2.0,8.0,0.0,27.923116372494547,0,0,0
1879,Sanger,0,0,0.0,0.0,0.0,0.0,2146.274199752126,0.0,0.0,0.0,1654.0,0.0,0.0,0.0,0.0,492.27419975212615,0,0,0
1880,Sanger,20,6,7.0,7.0,0.0,0.0,14.034189495277577,0.0,2.0,0.0,11.0,0.0,0.0,0.0,0.0,1.0341894952775759,0,0,0
1891,Sanger,18,5,5.0,5.0,0.0,0.0,0.0,0.0,0.0,0.0,0.0,0.0,0.0,0.0,0.0,0.0,0,0,0
1892,Sanger,7,2,2.0,2.0,0.0,0.0,0.0,0.0,0.0,0.0,0.0,0.0,0.0,0.0,0.0,0.0,0,0,0
1893,Sanger,8,3,3.0,3.0,0.0,0.0,2.0,0.0,0.0,0.0,0.0,2.0,0.0,0.0,0.0,0.0,0,0,0
1894,Sanger,46,12,13.0,13.0,0.0,0.0,1.0,0.0,0.0,0.0,0.0,1.0,0.0,0.0,0.0,0.0,0,0,0
1895,Sanger,29,10,12.0,12.0,0.0,0.0,29.0,0.0,0.0,0.0,21.0,0.0,0.0,8.0,0.0,0.0,0,0,0
1896,Sanger,25,10,12.0,12.0,0.0,0.0,431.0,0.0,0.0,374.0,0.0,0.0,47.0,0.0,10.0,0.0,0,0,0
1897,Sanger,40,16,19.0,19.0,0.0,0.0,0.0,0.0,0.0,0.0,0.0,0.0,0.0,0.0,0.0,0.0,0,0,0
1898,Sanger,39,16,19.0,19.0,0.0,0.0,0.0,0.0,0.0,0.0,0.0,0.0,0.0,0.0,0.0,0.0,0,0,0
1899,Sanger,98,40,49.0,47.0,2.0,0.0,6.0,0.0,0.0,0.0,0.0,6.0,0.0,0.0,0.0,0.0,0,0,0
1900,Sanger,23,7,8.0,8.0,0.0,0.0,0.0,0.0,0.0,0.0,0.0,0.0,0.0,0.0,0.0,0.0,0,0,0
1901,Sanger,0,0,0.0,0.0,0.0,0.0,0.0,0.0,0.0,0.0,0.0,0.0,0.0,0.0,0.0,0.0,0,0,0
1902,Sanger,5,2,2.0,2.0,0.0,0.0,2.0,0.0,0.0,0.0,0.0,0.0,0.0,2.0,0.0,0.0,0,0,0
1903,Sanger,14,3,3.0,3.0,0.0,0.0,75.0,67.0,0.0,0.0,4.0,0.0,0.0,0.0,4.0,0.0,0,0,0
1904,Sanger,14,3,3.0,3.0,0.0,0.0,0.0,0.0,0.0,0.0,0.0,0.0,0.0,0.0,0.0,0.0,0,0,0
1905,Sanger,23,5,5.0,5.0,0.0,0.0,0.0,0.0,0.0,0.0,0.0,0.0,0.0,0.0,0.0,0.0,0,0,0
1906,Sanger,69,15,15.0,15.0,0.0,0.0,67.61541091499637,0.0,0.0,0.0,46.0,3.0,0.0,0.0,0.0,18.615410914996367,0,0,0
1907,Sanger,1420,316,319.37851357655995,284.7410956598976,34.63741791666241,0.0,25.67117218608,0.6652568146065599,3.92151385452288,0.4318333708849601,1.0,11.73105429154272,0.72361267553696,4.0,3.1979011789859206,0.0,0,0,0
1908,Sanger,739,193,205.0,205.0,0.0,0.0,430.13675798111035,41.0,0.0,0.0,8.0,6.0,0.0,0.0,371.0,4.1367579811103035,571,0,0
1921,San Joaquin,1647,389,402.0,266.0,136.0,0.0,154.0,116.0,7.0,0.0,9.0,3.0,0.0,0.0,19.0,0.0,628,0,0
1922,San Joaquin,689,150,156.0,129.0,27.0,0.0,42.0,0.0,0.0,0.0,36.0,1.0,0.0,0.0,5.0,0.0,0,0,0
1923,San Joaquin,48,11,11.0,11.0,0.0,0.0,9.307705457498184,0.0,0.0,0.0,0.0,0.0,0.0,0.0,0.0,9.307705457498184,0,0,0
1924,San Joaquin,842,183,191.0,95.0,82.0,14.0,392.0,0.0,0.0,19.0,3.0,301.0,42.0,5.0,22.0,0.0,0,0,0
1925,San Joaquin,809,206,215.0,34.0,148.0,33.0,8.0,1.0,0.0,0.0,0.0,0.0,0.0,7.0,0.0,0.0,0,0,0
1926,San Joaquin,0,0,0.0,0.0,0.0,0.0,11.376084448053334,0.0,0.0,0.0,0.0,0.0,0.0,0.0,0.0,11.376084448053334,0,0,0
1927,Unincorporate,39,18,23.09990434410855,18.078186008432784,0.0,5.021718335675773,44.47014829693576,0.0,0.0,0.0,0.0,0.0,0.0,0.0,0.0,44.47014829693576,105,17,0
1941,San Joaquin,2,1,1.0,1.0,0.0,0.0,1.0,0.0,0.0,0.0,0.0,1.0,0.0,0.0,0.0,0.0,0,0,0
1942,San Joaquin,0,0,0.0,0.0,0.0,0.0,0.0,0.0,0.0,0.0,0.0,0.0,0.0,0.0,0.0,0.0,0,0,0
1951,Selma,70,28,29.0,13.0,16.0,0.0,10.25890220886,0.0,0.0,0.0,9.581231546202,0.0,0.0,0.6776706626579999,0.0,0.0,0,0,0
1952,Selma,1249,320,322.56955542898004,322.56955542898004,0.0,0.0,28.058615059437578,0.0,0.0,0.0,4.0,15.0,0.0,3.0,5.02442556416,1.0341894952775759,0,0,0
1953,Selma,4,2,2.0,2.0,0.0,0.0,757.15293919986,0.0,88.0,0.0,237.907057439902,0.0,0.0,16.245881759958,415.0,0.0,0,0,0
1954,Selma,1009,257,258.7897100447,252.78971004469997,6.0,0.0,35.369289499725156,0.0,0.0,0.0,11.410637356418999,17.0,0.0,4.890273152751001,0.0,2.0683789905551517,0,0,0
1955,Selma,37,14,15.0,4.0,11.0,0.0,142.0,0.0,109.0,0.0,0.0,0.0,0.0,1.0,32.0,0.0,0,0,0
1956,Selma,1631,477,477.0,364.0,113.0,0.0,131.1112440702594,0.0,0.0,0.0,0.0,36.0,1.0,0.0,0.0,94.1112440702594,0,0,0
1957,Selma,953,298,366.0,366.0,0.0,0.0,38.03418949527757,0.0,0.0,0.0,15.0,22.0,0.0,0.0,0.0,1.0341894952775759,0,0,0
1958,Selma,1677,502,502.0,465.0,37.0,0.0,100.99283167724062,61.5543007786779,0.0,1.0183349929269,3.0,24.431589429012,2.7150905144032,0.0,0.0,8.273515962220607,689,0,0
1959,Selma,1772,647,645.0,371.0,56.0,218.0,141.10256848583273,1.0,0.0,0.0,30.0,32.0,23.0,0.0,52.0,3.1025684858327276,0,0,0
1960,Selma,1467,480,509.0325708993504,507.78997365427887,1.2425972450714962,0.0,247.32316469184,108.0,0.0,30.648003586559998,0.0,0.0,0.0,0.0,108.67516110528,0.0,926,0,0
1961,Selma,2618,869,869.0,574.0,295.0,0.0,232.78635839138425,0.0,24.0,0.0,2.0,149.0,18.0,4.0,12.0,23.786358391384244,705,0,0
1962,Selma,672,336,336.0,292.0,44.0,0.0,443.0,346.0,27.0,0.0,27.0,33.0,1.0,9.0,0.0,0.0,0,1770,0
1963,Selma,626,204,222.41885437376285,220.6627490464886,1.7561053272742395,0.0,1266.4550424660115,16.56778495226238,308.66273235017826,10.86288573539558,0.0,177.01511717244557,40.021099421759075,0.0,692.6416329284192,20.683789905551517,0,0,0
1964,Selma,339,116,121.0,117.0,4.0,0.0,370.1709474763879,0.0,84.0,0.0,0.0,5.0,9.0,0.0,267.0,5.170947476387879,0,0,0
1965,Selma,583,227,239.0,44.0,57.0,138.0,309.10256848583276,0.0,122.0,0.0,0.0,59.0,40.0,32.0,53.0,3.1025684858327276,0,0,0
1966,Selma,0,0,0.0,0.0,0.0,0.0,0.0,0.0,0.0,0.0,0.0,0.0,0.0,0.0,0.0,0.0,0,0,0
1967,Selma,1992,553,583.78678571842,246.78678571842,337.0,0.0,1792.9420060686352,0.0,33.0,38.0,95.0,134.0,90.0,18.0,86.0,1298.9420060686352,0,0,48
1968,Selma,1131,416,449.04484042726,367.04484042726,82.0,0.0,400.1968032821916,77.0,92.0,0.0,5.0,35.0,7.0,7.0,20.0,157.19680328219152,597,0,0
1969,Selma,333,101,111.12405861668,99.12405861668,12.0,0.0,39.30770545749819,0.0,0.0,0.0,0.0,21.0,7.0,2.0,0.0,9.307705457498184,0,0,0
1970,Selma,1387,420,429.00636051957997,429.00636051957997,0.0,0.0,210.20513697166547,86.0,4.0,0.0,3.0,33.0,0.0,2.0,76.0,6.205136971665455,494,0,0
1971,Selma,488,107,111.0,81.0,30.0,0.0,17.0,0.0,0.0,0.0,0.0,11.0,6.0,0.0,0.0,0.0,0,0,0
1972,Selma,428,166,178.0,128.0,30.0,20.0,202.09406384888243,22.0,11.0,0.0,0.0,12.0,11.0,6.0,107.0,33.09406384888243,19,167,0
1973,Selma,1189,408,472.15538906782,331.0599222713346,141.09546679648537,0.0,285.81852618814423,0.00183356441532,21.01080837971136,141.00119020848012,18.0,55.00752726444184,13.00199440339912,7.0,7.00881397631224,23.786358391384244,0,0,0
1974,Selma,609,190,204.70261176494,168.70261176494,36.0,0.0,196.0,0.0,18.0,0.0,0.0,171.0,5.0,2.0,0.0,0.0,0,0,0
1975,Selma,1031,290,342.30058555344,234.30058555344002,108.0,0.0,23.0,0.0,0.0,0.0,1.0,17.0,0.0,0.0,5.0,0.0,0,0,0
1976,Selma,1686,366,384.0,310.0,74.0,0.0,121.05287810658001,7.00301405207506,53.01776704381088,0.0019564899434600003,0.0,20.01237347693972,0.00327844260796,0.0,41.01448860120292,0.0,190,0,0
1977,Selma,472,142,234.0,224.0,10.0,0.0,18.0,0.0,0.0,0.0,0.0,8.0,6.0,0.0,4.0,0.0,0,0,0
1978,Selma,273,107,113.0,93.0,20.0,0.0,684.7613573229625,0.0,13.0,0.0,133.0,16.0,29.0,14.0,3.0,476.7613573229625,0,0,0
1979,Selma,0,0,0.0,0.0,0.0,0.0,0.0,0.0,0.0,0.0,0.0,0.0,0.0,0.0,0.0,0.0,0,0,0
1991,Selma,5,2,2.0,2.0,0.0,0.0,0.0,0.0,0.0,0.0,0.0,0.0,0.0,0.0,0.0,0.0,0,0,0
1992,Selma,5,2,2.0,2.0,0.0,0.0,59.13215970812999,0.0,0.0,0.0,41.39251179569099,0.0,0.0,17.739647912438997,0.0,0.0,0,0,0
1993,Selma,262,67,67.25607354674,67.25607354674,0.0,0.0,2304.796862707834,0.0,0.0,0.0,1116.189367871403,5.0,9.0,283.36687194488695,321.4022109936,569.8384118979443,0,0,0
1994,Selma,239,75,79.85800697216,79.85800697216,0.0,0.0,6.102568485832728,0.0,0.0,0.0,0.0,3.0,0.0,0.0,0.0,3.1025684858327276,0,0,0
1995,Selma,187,72,80.0,80.0,0.0,0.0,10.17094747638788,0.0,0.0,0.0,0.0,5.0,0.0,0.0,0.0,5.170947476387879,0,0,0
1996,Selma,12,5,5.0,5.0,0.0,0.0,0.0,0.0,0.0,0.0,0.0,0.0,0.0,0.0,0.0,0.0,0,0,0
1997,Selma,18,7,8.0,8.0,0.0,0.0,10.307705457498184,0.0,0.0,0.0,0.0,1.0,0.0,0.0,0.0,9.307705457498184,0,0,0
1998,Selma,24,6,11.0,11.0,0.0,0.0,1.0,0.0,0.0,0.0,0.0,1.0,0.0,0.0,0.0,0.0,0,0,0
1999,Selma,11,3,5.0,5.0,0.0,0.0,29.0,0.0,0.0,0.0,0.0,0.0,0.0,0.0,29.0,0.0,0,0,0
2000,Selma,24,8,8.0,8.0,0.0,0.0,171.09406384888243,0.0,0.0,0.0,123.0,0.0,2.0,13.0,0.0,33.09406384888243,0,0,0
2001,Selma,39,12,13.0,13.0,0.0,0.0,12.27019060819,0.0,0.0,0.0,8.889133425733,0.0,0.0,3.381057182457,0.0,0.0,0,0,0
2002,Selma,11,3,5.0,5.0,0.0,0.0,58.26501132527031,0.0,0.0,0.0,2.0,0.0,0.0,0.0,18.0,38.26501132527031,0,0,0
2003,Selma,9,3,3.0,3.0,0.0,0.0,14.034189495277577,0.0,0.0,0.0,0.0,0.0,0.0,0.0,13.0,1.0341894952775759,0,0,0
2020,Unincorporate,1856,714,856.9302019321683,536.7624109910605,10.115666935485772,310.05212400562186,364.9829773277252,92.7338988527387,4.3261406056176,0.47639048335670003,80.937648566737,26.0128479217694,106.7982759450842,6.973277957173,10.5278646605334,36.19663233471516,0,0,0
2021,Unincorporate,819,282,313.0337927781668,214.69498674162475,0.0,98.33880603654205,1675.4220467681707,158.84660054781668,2.0900868493133773,264.39598643814224,13.0,42.75669356161086,3.135130273970066,1133.8721157525072,42.84678041092423,14.47865293388606,641,0,0
2031,Unincorporate,1197,308,333.30456523378996,278.93825305384564,49.36631217994436,5.0,376.0246920890933,30.10306702871454,0.60755301136992,0.06690315899014,58.57007118107799,21.42311727577548,6.11210799614564,6.244316220461999,10.49544501522428,242.40211120133335,207,0,0
2032,Unincorporate,117,32,34.147684682595255,28.12162267978433,0.0,6.026062002810928,155.50053174012066,0.0,0.0,0.0,20.0,2.0900868493133773,0.0,0.0,0.0,133.4104448908073,0,0,0
2033,Unincorporate,326,87,93.36486803935298,84.32577503513659,0.0,9.039093004216392,101.63277270105937,0.0,0.0,0.0,22.99095534244715,3.135130273970066,1.0450434246566886,0.0,0.0,74.46164365998547,0,0,0
2041,Unincorporate,349,123,129.1421230811373,87.33682845095078,1.6315479447803465,40.173746685406186,818.363069473349,0.36631792801428,2.15934778618944,0.23778532169348002,5.225217123283443,4.638961767923426,1.4434945042511687,0.0,1.7608967065949601,802.5310483353987,0,0,0
2042,Unincorporate,968,253,275.068542115248,198.74276708011143,0.0,76.3257750351366,2209.7467627124925,55.0,0.0,0.0,3.7794723812579996,102.67565136985031,1.0450434246566886,1.6197738776819999,0.0,2045.6268216590452,391,0,0
2051,Unincorporate,722,214,247.78105806870002,225.78105806870002,22.0,0.0,225.40792679600003,35.0,0.0,0.0,148.4855487572,28.0,3.0,4.922378038800001,6.0,0.0,213,0,0
2061,Unincorporate,294,88,97.20334672776548,47.19031572636,0.0,50.01303100140546,41.47865293388606,27.0,0.0,0.0,0.0,0.0,0.0,0.0,0.0,14.478652933886064,139,0,0
2062,Unincorporate,269,82,87.2866820309202,34.05646767275701,0.0,53.2302143581632,521.77385127827,0.0,0.0,0.0,168.2069479450702,0.0,0.0,4.0,1.0450434246566886,348.5218599085431,0,0,0
2071,Unincorporate,223,67,89.0,81.0,0.0,8.0,40.059874353604854,0.0,0.0,0.0,0.0,8.0,0.0,0.0,0.0,32.059874353604854,0,0,0
2072,Unincorporate,808,241,319.12010488872,276.12010488872,42.0,1.0,109.71797940082908,69.0,0.0,0.0,6.0,9.0,4.0,0.0,0.0,21.717979400829094,1,628,0
2073,Unincorporate,916,234,234.60633815545,211.6194478939633,22.986890261486693,0.0,178.4692933392103,33.0189545154117,12.1117318803216,0.012303808249700001,6.0,34.0778132737954,43.0206171922022,4.0,42.091114688119404,4.1367579811103035,919,0,0
2074,Unincorporate,350,89,89.84951600431,84.09739580218574,1.7521202021242555,4.0,239.5925419957573,0.03365175508398,0.19836824049504004,0.021844121721180006,33.524423464855,0.13814931034476002,8.03660366342468,11.939038627795,34.16176457707036,151.53869823496728,0,0,0
2081,Unincorporate,459,124,128.17631907148,123.1530120927629,5.0233069787170885,0.0,143.8123656578497,45.096479166186484,0.5687192954150401,0.06262682717368001,26.0,6.39607236644976,0.10494225093967999,0.0,1.46377704447536,64.11974870720971,250,0,0
2082,Unincorporate,775,204,214.0,166.0,48.0,0.0,5.0,0.0,0.0,0.0,0.0,5.0,0.0,0.0,0.0,0.0,0,0,0
2083,Unincorporate,0,0,0.0,0.0,0.0,0.0,284.07717019147003,0.0,5.0,0.0,273.354019134029,0.0,0.0,5.723151057441,0.0,0.0,0,0,0
2091,Unincorporate,166,52,59.0,56.0,0.0,3.0,33.20513697166545,0.0,0.0,0.0,24.0,3.0,0.0,0.0,0.0,6.205136971665455,0,0,0
2092,Unincorporate,386,122,136.38120064923,127.19495525399594,4.186245395234051,5.0,97.33627185476061,6.00357708587478,2.02108597989344,0.00232196802398,44.0,6.01468487885436,5.00389086533748,9.0,17.01719511455596,8.273515962220607,0,65,0
2093,Unincorporate,312,98,111.0,109.0,0.0,2.0,104.0,100.0,0.0,0.0,0.0,4.0,0.0,0.0,0.0,0.0,0,1232,0
2094,Unincorporate,67,16,17.45622301168,11.456223011679999,6.0,0.0,24.207357809229997,0.0,0.0,0.0,16.945150466460998,0.0,0.0,7.262207342768999,0.0,0.0,0,0,0
2095,Unincorporate,291,90,103.3632064441,95.26179907138453,0.10140737271546738,8.0,132.36755980590547,70.00194766093456,0.011480948666880002,0.0012642711329600004,0.0,15.00799566067872,6.00211850838496,0.0,1.00936244028192,40.333390315825454,456,0,0
2096,Unincorporate,160,48,55.030032793169994,35.63910942584259,19.39092336732741,0.0,9.490391733060001,0.14195232878442,0.8367716223081599,0.09214449412322001,0.0,1.58275166553604,0.15440428744971996,2.0,4.68236733485844,0.0,0,0,0
2097,Unincorporate,104,26,26.0,25.0,0.0,1.0,0.0,0.0,0.0,0.0,0.0,0.0,0.0,0.0,0.0,0.0,0,0,0
2098,Unincorporate,24,6,6.0,6.0,0.0,0.0,1.0,0.0,0.0,0.0,0.0,1.0,0.0,0.0,0.0,0.0,0,0,0
2099,Unincorporate,696,173,173.0,159.0,0.0,14.0,25.0,0.0,0.0,0.0,11.0,11.0,3.0,0.0,0.0,0.0,0,0,0
2111,Unincorporate,226,77,83.51334670021,68.10995307321713,1.4033936269928766,14.0,3.47287730006,0.026954006103419997,0.15888677282015998,0.01749646010222,3.0,0.11065328821404,0.029318392603719996,0.0,0.12956838021644,0.0,0,0,0
2112,Unincorporate,455,153,167.12007347937,53.12716490040002,4.677586268969984,109.31532231,45.565267256620004,0.03222023362734,8.18992979822432,4.02091488849494,14.0,2.13227253804908,4.03504656991044,0.0,13.15488322831388,0.0,0,0,0
2121,Unincorporate,576,170,211.3170877008663,79.16071568400073,0.0,132.1563720168656,394.15084014659647,0.0,0.0,0.0,33.67565136985033,11.090086849313376,5.0,0.0,0.0,344.38510192743274,0,0,0
2131,Unincorporate,1194,427,494.50826861259,447.86855311827054,22.639715494319407,24.0,251.88932577028,141.2956359197847,16.03299240153396,0.19489167176577998,21.289376741562,20.22670028379484,2.32727259764608,3.5525900320979997,12.841612777934639,34.12825334416,482,146,0
2141,Unincorporate,849,283,313.27269447060036,187.7688290829223,0.0,125.5038653876779,334.2928473503766,8.36034739725351,1.0450434246566886,0.0,7.31530397259682,6.270260547940131,0.0,1.0450434246566886,0.0,310.25684858327276,0,0,0
2142,Unincorporate,971,301,315.02510544389656,203.65155007027317,0.0,111.3735553736233,480.93466470898875,58.0,0.0,0.0,17.585564520536952,19.630607945193642,0.0,0.0,1.0,384.71849224325814,286,0,0
2143,Unincorporate,210,67,69.29102569805536,48.19980868821712,0.0,21.091217009838246,5.124276344590953,0.0,0.0,0.0,0.0,2.0900868493133773,0.0,0.0,2.0,1.0341894952775759,0,0,0
2151,Unincorporate,535,142,162.63417540173256,66.25193269383897,0.0,96.38224270789361,257.08717332998566,0.0,0.0,0.0,22.315303972596823,1.0450434246566886,0.0,0.0,0.0,233.72682593273214,0,0,0
2152,Unincorporate,1452,413,465.40899785654,393.9552859913932,70.45371186514674,1.0,383.55636095832125,264.3352213143141,10.976041431745921,0.21759980051964004,10.0,4.3761717113944805,2.36462669276264,16.0,24.61141473898328,50.675285268601215,531,568,0
2153,Unincorporate,261,69,77.01737466854061,68.01737466854061,0.0,9.0,87.58022600649848,0.0,0.0,0.0,26.605256456611,2.0,0.0,11.402252767118997,0.0,47.57271678276849,0,0,0
2154,Unincorporate,774,183,204.03546136958,195.03546136958,9.0,0.0,301.80609782632,54.0,3.0,0.0,28.015381773864,19.0,4.0,7.149449331656,16.0,170.64126672080002,377,0,0
2155,Unincorporate,850,189,211.0,162.0,42.0,7.0,37.0,0.0,0.0,0.0,0.0,15.0,0.0,0.0,22.0,0.0,87,50,0
2161,Unincorporate,7,58,539.0,530.0,7.0,2.0,51.34189495277576,0.0,36.0,3.0,0.0,2.0,0.0,0.0,0.0,10.341894952775759,0,0,0
2162,Unincorporate,47,61,606.25070149985,469.58368351704365,130.66701798280633,6.0,136.26766043254332,0.10884247609422,22.64159775381856,0.07065213360502001,59.887441202021,0.44682700712364004,9.11839006171652,18.094617658008996,14.52320769210204,11.376084448053334,0,0,0
2163,Unincorporate,0,16,211.0,211.0,0.0,0.0,0.0,0.0,0.0,0.0,0.0,0.0,0.0,0.0,0.0,0.0,0,0,0
2164,Unincorporate,46,93,938.0,869.0,64.0,5.0,9.0,0.0,0.0,0.0,1.0,0.0,6.0,2.0,0.0,0.0,0,0,0
2171,Unincorporate,988,430,483.80527173551,270.9698073990298,1.8354643364802148,211.0,235.68701463895152,0.03525248795244,0.20780413950912,0.02288319393404,0.0,16.14472074001528,78.03834481145704,4.0,14.16945932805208,123.06854993803152,24,4,0
2172,Unincorporate,2758,919,1169.8296404228145,515.508209054813,5.021718335675773,649.2997130323256,83.55625814668008,0.0,5.0,9.0,5.045043424656688,24.0,16.135130273970066,13.0,0.0,11.376084448053334,362,0,0
2181,Unincorporate,650,231,247.22558822329512,222.4887942480531,17.736793975242023,7.0,103.30672126929002,79.09097631004133,0.53628140655936,0.059054797746120005,14.297451958171,2.3734816938538406,0.09895668811512,1.413193696359,5.43732471844424,0.0,155,502,0
2182,Unincorporate,85,46,46.130310014054636,42.11293534551401,0.0,4.017374668540619,23.806438543002233,0.0,0.0,0.0,5.225217123283443,1.0,0.0,0.0,0.0,17.58122141971879,0,0,0
2201,Unincorporate,57,11,18.07818600843278,1.0043436671351547,0.0,17.073842341297627,3.135130273970066,0.0,3.135130273970066,0.0,0.0,0.0,0.0,0.0,0.0,0.0,0,0,0
2202,Unincorporate,25,8,8.034749337081237,4.017374668540619,0.0,4.017374668540619,192.48642706991663,0.0,64.7926923287147,0.0,0.0,0.0,6.270260547940132,0.0,40.75669356161086,80.66678063165094,0,0,0
2203,Unincorporate,30,8,9.039093004216392,0.0,0.0,9.039093004216392,51.709474763878795,0.0,0.0,0.0,0.0,0.0,0.0,0.0,0.0,51.709474763878795,0,0,0
2204,Unincorporate,81,32,34.147684682595255,13.05646767275701,0.0,21.09121700983825,126.19282628262248,0.0,0.0,0.0,0.0,2.0900868493133773,0.0,0.0,0.0,124.1027394333091,0,0,0
2205,Unincorporate,88,32,37.16071568400072,10.043436671351547,0.0,27.117279012649174,0.0,0.0,0.0,0.0,0.0,0.0,0.0,0.0,0.0,0.0,0,0,0
2206,Unincorporate,113,41,47.20415235535228,22.095560676973403,0.0,25.10859167837887,34.225938708572016,0.0,0.0,0.0,9.405390821910197,0.0,0.0,0.0,0.0,24.82054788666182,0,0,0
2207,Unincorporate,102,40,43.134653681189796,19.069498674162475,2.0086873342703093,22.05646767275701,101.35057053720244,0.0,0.0,0.0,0.0,0.0,0.0,0.0,0.0,101.35057053720244,0,0,0
2221,Unincorporate,749,245,246.0641984481129,159.69064307448963,0.0,86.37355537362328,91.05209130194314,0.0,0.0,0.0,0.0,4.180173698626755,0.0,0.0,0.0,86.87191760331638,0,0,0
2222,Unincorporate,12,2,4.017374668540619,0.0,0.0,4.017374668540619,12.41027394333091,0.0,0.0,0.0,0.0,0.0,0.0,0.0,0.0,12.41027394333091,0,0,0
2223,Unincorporate,335,65,107.46477238346154,33.1433410154601,0.0,74.32143136800144,185.57578468860882,0.0,0.0,0.0,36.5765198629841,3.135130273970066,0.0,2.0900868493133773,2.0900868493133773,141.68396085302788,0,0,0
2224,Unincorporate,15,4,5.021718335675773,3.013031001405464,0.0,2.0086873342703093,317.4961750502158,0.0,0.0,0.0,0.0,0.0,0.0,0.0,0.0,317.4961750502158,0,0,0
2225,Unincorporate,16,5,5.021718335675773,5.021718335675773,0.0,0.0,4.147611910489417,0.0,0.0,0.0,0.0,1.0450434246566886,0.0,0.0,0.0,3.1025684858327276,0,0,0
2226,Unincorporate,6,2,2.0086873342703093,2.0086873342703093,0.0,0.0,46.59279693438648,0.0,0.0,0.0,5.225217123283443,0.0,0.0,0.0,0.0,41.367579811103035,0,0,0
2227,Unincorporate,35,11,11.013031001405464,11.013031001405464,0.0,0.0,1.0341894952775759,0.0,0.0,0.0,0.0,0.0,0.0,0.0,0.0,1.0341894952775759,0,0,0
2228,Unincorporate,6,2,2.0,2.0,0.0,0.0,0.0,0.0,0.0,0.0,0.0,0.0,0.0,0.0,0.0,0.0,0,0,0
2229,Unincorporate,37,12,12.052124005621856,12.052124005621856,0.0,0.0,34.12825334416,0.0,0.0,0.0,0.0,0.0,0.0,0.0,0.0,34.12825334416,0,0,0
2230,Unincorporate,24,8,8.030405669946083,5.017374668540619,0.0,3.013031001405464,1.0341894952775759,0.0,0.0,0.0,0.0,0.0,0.0,0.0,0.0,1.0341894952775759,0,0,0
2231,Unincorporate,12,2,4.017374668540619,0.0,0.0,4.017374668540619,66.18812769776486,0.0,0.0,0.0,0.0,0.0,0.0,0.0,0.0,66.18812769776486,0,0,0
2232,Unincorporate,63,11,20.086873342703093,6.026062002810928,0.0,14.060811339892165,344.38510192743274,0.0,0.0,0.0,0.0,0.0,0.0,0.0,0.0,344.38510192743274,0,0,0
2233,Unincorporate,92,16,29.125966346919483,10.043436671351547,0.0,19.08252967556794,752.3722745850649,0.0,0.0,0.0,546.5577110954482,0.0,1.0450434246566886,0.0,0.0,204.76952006496003,0,0,0
2234,Unincorporate,340,107,107.46477238346158,64.2779946966499,0.0,43.186777686811645,334.4773641498215,0.0,0.0,0.0,39.71165013695417,0.0,2.0900868493133773,0.0,0.0,292.67562716355394,0,0,0
2235,Unincorporate,15,5,5.017374668540619,5.017374668540619,0.0,0.0,4.135130273970066,0.0,0.0,0.0,0.0,0.0,0.0,1.0,3.135130273970066,0.0,0,0,0
2236,Unincorporate,4,1,1.0043436671351547,1.0043436671351547,0.0,0.0,1.0450434246566886,0.0,0.0,0.0,0.0,0.0,0.0,1.0450434246566886,0.0,0.0,0,0,0
2237,Unincorporate,55,15,15.060811339892165,11.043436671351547,0.0,4.017374668540619,0.0,0.0,0.0,0.0,0.0,0.0,0.0,0.0,0.0,0.0,0,0,0
2238,Unincorporate,4,1,1.0043436671351547,1.0043436671351547,0.0,0.0,0.0,0.0,0.0,0.0,0.0,0.0,0.0,0.0,0.0,0.0,0,0,0
2239,Unincorporate,0,0,0.0,0.0,0.0,0.0,22.752168896106667,0.0,0.0,0.0,0.0,0.0,0.0,0.0,0.0,22.752168896106667,0,0,0
2240,Unincorporate,0,0,0.0,0.0,0.0,0.0,0.0,0.0,0.0,0.0,0.0,0.0,0.0,0.0,0.0,0.0,0,0,0
2241,Unincorporate,29,9,9.039093004216392,7.030405669946083,0.0,2.0086873342703093,37.230821829992735,0.0,0.0,0.0,0.0,0.0,0.0,0.0,0.0,37.230821829992735,0,0,0
2242,Unincorporate,62,17,19.08252967556794,10.043436671351547,0.0,9.039093004216392,63.085559211932136,0.0,0.0,0.0,0.0,0.0,0.0,0.0,0.0,63.085559211932136,0,0,0
2243,Unincorporate,20,5,6.026062002810928,0.0,0.0,6.026062002810928,15.512842429163637,0.0,0.0,0.0,0.0,0.0,0.0,0.0,0.0,15.512842429163637,0,0,0
2244,Unincorporate,16,4,5.021718335675773,2.0086873342703093,0.0,3.013031001405464,131.34206590025212,0.0,0.0,0.0,0.0,0.0,0.0,0.0,0.0,131.34206590025212,0,0,0
2245,Unincorporate,3,1,1.0043436671351547,1.0043436671351547,0.0,0.0,143.75233984358306,0.0,0.0,0.0,0.0,0.0,0.0,0.0,0.0,143.75233984358306,0,0,0
2246,Unincorporate,130,36,40.173746685406186,8.034749337081237,0.0,32.13899734832495,343.3509124321552,0.0,0.0,0.0,0.0,0.0,0.0,0.0,0.0,343.3509124321552,0,0,0
2247,Unincorporate,97,26,30.13031001405464,14.060811339892165,0.0,16.069498674162475,72.39326466943031,0.0,0.0,0.0,0.0,0.0,0.0,0.0,0.0,72.39326466943031,0,0,0
2248,Unincorporate,71,19,22.0955606769734,7.030405669946083,0.0,15.06515500702732,27.923116372494547,0.0,0.0,0.0,0.0,0.0,0.0,0.0,0.0,27.923116372494547,0,0,0
2249,Unincorporate,3,1,1.0043436671351547,0.0,0.0,1.0043436671351547,20.683789905551517,0.0,0.0,0.0,0.0,0.0,0.0,0.0,0.0,20.683789905551517,0,0,0
2250,Mendota,13,3,4.0,4.0,0.0,0.0,0.0,0.0,0.0,0.0,0.0,0.0,0.0,0.0,0.0,0.0,0,0,0
2251,Unincorporate,0,0,0.0,0.0,0.0,0.0,0.0,0.0,0.0,0.0,0.0,0.0,0.0,0.0,0.0,0.0,0,0,0
2252,Unincorporate,43,11,13.05646767275701,13.05646767275701,0.0,0.0,0.0,0.0,0.0,0.0,0.0,0.0,0.0,0.0,0.0,0.0,0,0,0
2253,Unincorporate,23,6,7.030405669946083,0.0,0.0,7.030405669946083,0.0,0.0,0.0,0.0,0.0,0.0,0.0,0.0,0.0,0.0,0,0,0
2254,Unincorporate,35,10,11.047780338486701,3.013031001405464,0.0,8.034749337081237,874.020370662101,0.0,0.0,0.0,10.450434246566886,0.0,2.0900868493133773,0.0,0.0,861.4798495662207,0,0,0
2255,Unincorporate,20,5,6.026062002810928,4.017374668540619,0.0,2.0086873342703093,15.512842429163639,0.0,0.0,0.0,0.0,0.0,0.0,0.0,0.0,15.512842429163639,0,0,0
2256,Unincorporate,26,7,7.030405669946083,6.026062002810928,0.0,1.0043436671351547,176.97665084501483,0.0,0.0,0.0,12.540521095880264,0.0,0.0,0.0,0.0,164.43612974913458,0,0,0
2257,Unincorporate,77,20,21.09121700983825,13.05646767275701,0.0,8.034749337081237,60.1566535961652,0.0,0.0,0.0,6.270260547940132,2.0900868493133773,8.36034739725351,0.0,0.0,43.43595880165819,0,0,0
2258,Unincorporate,33,9,9.039093004216392,2.0086873342703093,0.0,7.030405669946083,0.0,0.0,0.0,0.0,0.0,0.0,0.0,0.0,0.0,0.0,0,0,0
2259,Unincorporate,0,0,0.0,0.0,0.0,0.0,0.0,0.0,0.0,0.0,0.0,0.0,0.0,0.0,0.0,0.0,0,0,0
2260,Unincorporate,0,0,0.0,0.0,0.0,0.0,0.0,0.0,0.0,0.0,0.0,0.0,0.0,0.0,0.0,0.0,0,0,0
2261,Unincorporate,0,0,0.0,0.0,0.0,0.0,0.0,0.0,0.0,0.0,0.0,0.0,0.0,0.0,0.0,0.0,0,0,0
2262,Unincorporate,111,35,35.15202834973041,10.043436671351547,0.0,25.108591678378865,123.06854993803152,0.0,0.0,0.0,0.0,0.0,0.0,0.0,0.0,123.06854993803152,0,0,0
2263,Unincorporate,118,64,64.2779946966499,20.086873342703093,4.017374668540619,40.173746685406186,264.01137738901787,0.0,0.0,0.0,21.94591191779046,0.0,0.0,0.0,6.270260547940132,235.7952049232873,0,0,0
2264,Unincorporate,15,8,8.034749337081237,6.026062002810928,0.0,2.0086873342703093,21.717979400829094,0.0,0.0,0.0,0.0,0.0,0.0,0.0,0.0,21.717979400829094,0,0,0
2265,Unincorporate,14,7,7.030405669946083,5.021718335675773,0.0,2.0086873342703093,5.170947476387879,0.0,0.0,0.0,0.0,0.0,0.0,0.0,0.0,5.170947476387879,0,0,0
2266,Unincorporate,4,2,2.0086873342703093,1.0043436671351547,0.0,1.0043436671351547,0.0,0.0,0.0,0.0,0.0,0.0,0.0,0.0,0.0,0.0,0,0,0
2267,Unincorporate,64,29,39.169403018271026,28.12162267978433,0.0,11.047780338486701,78.62010949985398,0.0,0.0,0.0,0.0,2.0900868493133773,0.0,0.0,0.0,76.53002265054062,0,0,0
2268,Unincorporate,22,6,6.026062002810928,1.0043436671351547,0.0,5.021718335675773,72.39326466943031,0.0,0.0,0.0,0.0,0.0,0.0,0.0,0.0,72.39326466943031,0,0,0
2269,Unincorporate,96,25,26.11293534551402,22.095560676973403,0.0,4.017374668540619,5.170947476387879,0.0,0.0,0.0,0.0,0.0,0.0,0.0,0.0,5.170947476387879,0,0,0
2270,Unincorporate,301,79,83.05646767275701,67.02606200281093,0.0,16.030405669946084,149.92328731997094,0.0,0.0,0.0,0.0,0.0,0.0,0.0,1.0,148.92328731997094,0,0,0
2271,Unincorporate,45,24,24.104248011243712,20.086873342703093,0.0,4.017374668540619,0.0,0.0,0.0,0.0,0.0,0.0,0.0,0.0,0.0,0.0,0,0,0
2272,Unincorporate,41,22,22.0955606769734,18.07818600843278,0.0,4.017374668540619,4.180173698626755,0.0,0.0,0.0,1.0450434246566886,0.0,0.0,3.135130273970066,0.0,0.0,0,0,0
2273,Unincorporate,18,6,6.026062002810928,4.017374668540619,0.0,2.0086873342703093,20.683789905551517,0.0,0.0,0.0,0.0,0.0,0.0,0.0,0.0,20.683789905551517,0,0,0
2274,Unincorporate,45,20,28.104248011243712,22.095560676973406,0.0,6.008687334270309,36.22919412285249,0.0,0.0,0.0,0.0,0.0,2.0900868493133773,1.0450434246566886,0.0,33.09406384888243,0,0,0
2275,Unincorporate,3,1,2.0086873342703093,0.0,0.0,2.0086873342703093,13.444463438608487,0.0,0.0,0.0,0.0,0.0,0.0,0.0,0.0,13.444463438608487,0,0,0
2276,Unincorporate,6,2,4.017374668540619,2.0086873342703093,0.0,2.0086873342703093,0.0,0.0,0.0,0.0,0.0,0.0,0.0,0.0,0.0,0.0,0,0,0
2277,Unincorporate,0,0,0.0,0.0,0.0,0.0,0.0,0.0,0.0,0.0,0.0,0.0,0.0,0.0,0.0,0.0,0,0,0
2278,Unincorporate,0,0,0.0,0.0,0.0,0.0,0.0,0.0,0.0,0.0,0.0,0.0,0.0,0.0,0.0,0.0,0,0,0
2279,Unincorporate,0,0,0.0,0.0,0.0,0.0,0.0,0.0,0.0,0.0,0.0,0.0,0.0,0.0,0.0,0.0,0,0,0
2280,Unincorporate,4,2,2.0,2.0,0.0,0.0,0.0,0.0,0.0,0.0,0.0,0.0,0.0,0.0,0.0,0.0,0,0,0
2281,Unincorporate,6,2,4.017374668540619,4.017374668540619,0.0,0.0,0.0,0.0,0.0,0.0,0.0,0.0,0.0,0.0,0.0,0.0,0,0,0
2282,Unincorporate,7,2,2.0,2.0,0.0,0.0,0.0,0.0,0.0,0.0,0.0,0.0,0.0,0.0,0.0,0.0,0,0,0
2283,Unincorporate,0,0,0.0,0.0,0.0,0.0,0.0,0.0,0.0,0.0,0.0,0.0,0.0,0.0,0.0,0.0,0,0,0
2284,Unincorporate,27,12,17.073842341297627,15.06515500702732,0.0,2.0086873342703093,8.36034739725351,0.0,0.0,0.0,8.36034739725351,0.0,0.0,0.0,0.0,0.0,0,0,0
2285,Unincorporate,63,30,39.16940301827103,27.11727901264917,0.0,12.052124005621856,101.30408861542412,0.0,0.0,0.0,95.09895164375867,0.0,0.0,0.0,0.0,6.205136971665455,0,0,0
2286,Unincorporate,6,2,4.017374668540619,0.0,0.0,4.017374668540619,0.0,0.0,0.0,0.0,0.0,0.0,0.0,0.0,0.0,0.0,0,0,0
2287,Unincorporate,153,46,49.21283968962257,21.091217009838246,0.0,28.121622679784327,307.5667294138463,0.0,0.0,0.0,34.48643301367073,0.0,0.0,0.0,5.225217123283443,267.8550792768921,0,0,0
2288,Unincorporate,0,0,0.0,0.0,0.0,0.0,42.40176930638061,0.0,0.0,0.0,0.0,0.0,0.0,0.0,0.0,42.40176930638061,0,0,0
2289,Unincorporate,47,13,15.06515500702732,0.0,0.0,15.06515500702732,40.33339031582546,0.0,0.0,0.0,0.0,0.0,0.0,0.0,0.0,40.33339031582546,0,0,0
2290,Unincorporate,62,18,20.08687334270309,4.017374668540619,0.0,16.069498674162475,213.04303602718065,0.0,0.0,0.0,0.0,0.0,0.0,0.0,0.0,213.04303602718065,0,0,0
2291,Unincorporate,221,62,69.29971303232567,14.060811339892165,0.0,55.2389016924335,408.85217637477405,0.0,0.0,0.0,0.0,2.0900868493133773,31.35130273970066,0.0,0.0,375.41078678576,0,0,0
2292,Unincorporate,112,34,38.165059351135874,34.147684682595255,0.0,4.017374668540619,296.13330911463555,64.7926923287147,0.0,0.0,66.88277917802807,0.0,0.0,0.0,2.0900868493133773,162.3677507585794,189,0,0
2293,Unincorporate,91,27,31.134653681189793,21.09121700983825,9.039093004216392,1.0043436671351547,700.7618960732664,0.0,0.0,0.0,158.84660054781665,0.0,0.0,0.0,0.0,541.9152955254498,0,0,0
2294,Unincorporate,117,35,40.173746685406186,18.078186008432784,0.0,22.0955606769734,227.82253277942,0.0,0.0,0.0,45.9819106848943,0.0,82.5584305478784,0.0,0.0,99.28219154664728,0,0,0
2295,Unincorporate,44,14,15.06515500702732,12.052124005621856,0.0,3.013031001405464,14.47865293388606,0.0,0.0,0.0,0.0,0.0,0.0,0.0,0.0,14.47865293388606,0,0,0
2296,Unincorporate,53,15,18.078186008432784,2.0086873342703093,0.0,16.069498674162475,110.65827599470062,0.0,0.0,0.0,0.0,0.0,0.0,0.0,0.0,110.65827599470062,0,0,0
2297,Unincorporate,83,25,29.125966346919483,20.086873342703093,0.0,9.039093004216392,16.547031924441214,0.0,0.0,0.0,0.0,0.0,0.0,0.0,0.0,16.547031924441214,0,0,0
2298,Unincorporate,0,0,0.0,0.0,0.0,0.0,0.0,0.0,0.0,0.0,0.0,0.0,0.0,0.0,0.0,0.0,0,0,0
2299,Unincorporate,67,20,23.09990434410856,8.034749337081237,0.0,15.06515500702732,88.95115052325065,0.0,0.0,0.0,0.0,1.0450434246566886,0.0,0.0,0.0,87.90610709859395,0,0,0
2300,Unincorporate,42,12,13.05646767275701,0.0,0.0,13.05646767275701,59.9829907260994,0.0,0.0,0.0,0.0,0.0,0.0,0.0,0.0,59.9829907260994,0,0,0
2301,Unincorporate,25,7,8.034749337081237,2.0086873342703093,0.0,6.026062002810928,167.53869823496728,0.0,0.0,0.0,0.0,0.0,0.0,0.0,0.0,167.53869823496728,0,0,0
2302,Unincorporate,0,0,0.0,0.0,0.0,0.0,0.0,0.0,0.0,0.0,0.0,0.0,0.0,0.0,0.0,0.0,0,0,0
2303,Unincorporate,0,0,0.0,0.0,0.0,0.0,20.683789905551517,0.0,0.0,0.0,0.0,0.0,0.0,0.0,0.0,20.683789905551517,0,0,0
2304,Unincorporate,101,29,33.1433410154601,22.0955606769734,8.034749337081237,3.013031001405464,410.5732296251976,0.0,0.0,0.0,0.0,0.0,0.0,0.0,0.0,410.5732296251976,0,0,0
2305,Unincorporate,86,24,27.117279012649178,2.0086873342703093,0.0,25.108591678378865,178.9147826830206,0.0,0.0,0.0,0.0,0.0,0.0,0.0,0.0,178.9147826830206,0,0,0
2306,Unincorporate,6,2,2.0086873342703093,2.0086873342703093,0.0,0.0,241.40503109569508,0.0,216.32398890393455,0.0,0.0,0.0,0.0,0.0,25.081042191760524,0.0,0,0,0
2307,Unincorporate,0,0,0.0,0.0,0.0,0.0,282.1617246573059,0.0,282.1617246573059,0.0,0.0,0.0,0.0,0.0,0.0,0.0,0,0,0
2308,Unincorporate,0,0,0.0,0.0,0.0,0.0,0.0,0.0,0.0,0.0,0.0,0.0,0.0,0.0,0.0,0.0,0,0,0
2309,Unincorporate,28,8,9.0,5.0,0.0,4.0,43.43595880165819,0.0,0.0,0.0,0.0,0.0,0.0,0.0,0.0,43.43595880165819,0,0,0
2310,Unincorporate,7,3,3.0,3.0,0.0,0.0,0.0,0.0,0.0,0.0,0.0,0.0,0.0,0.0,0.0,0.0,0,0,0
2311,Coalinga,7,3,3.0,1.0,0.0,2.0,0.0,0.0,0.0,0.0,0.0,0.0,0.0,0.0,0.0,0.0,0,0,0
2312,Unincorporate,0,0,0.0,0.0,0.0,0.0,0.0,0.0,0.0,0.0,0.0,0.0,0.0,0.0,0.0,0.0,0,0,0
2313,Unincorporate,0,0,0.0,0.0,0.0,0.0,23.786358391384244,0.0,0.0,0.0,0.0,0.0,0.0,0.0,0.0,23.786358391384244,0,0,0
2314,Unincorporate,11,3,4.017374668540619,0.0,0.0,4.017374668540619,93.17473993939385,0.0,0.0,0.0,9.405390821910197,0.0,0.0,0.0,0.0,83.76934911748364,0,0,0
2315,Unincorporate,22,6,6.026062002810928,0.0,0.0,6.026062002810928,234.7610154280097,0.0,0.0,0.0,0.0,0.0,0.0,0.0,0.0,234.7610154280097,0,0,0
2316,Unincorporate,0,0,0.0,0.0,0.0,0.0,0.0,0.0,0.0,0.0,0.0,0.0,0.0,0.0,0.0,0.0,0,0,0
2317,Unincorporate,0,0,0.0,0.0,0.0,0.0,0.0,0.0,0.0,0.0,0.0,0.0,0.0,0.0,0.0,0.0,0,0,0
2318,Unincorporate,4,1,1.0,1.0,0.0,0.0,0.0,0.0,0.0,0.0,0.0,0.0,0.0,0.0,0.0,0.0,0,0,0
2319,Unincorporate,34,11,11.047780338486701,0.0,0.0,11.047780338486701,92.04286507970426,0.0,0.0,0.0,0.0,0.0,0.0,0.0,0.0,92.04286507970426,0,0,0
2320,Unincorporate,0,0,0.0,0.0,0.0,0.0,0.0,0.0,0.0,0.0,0.0,0.0,0.0,0.0,0.0,0.0,0,0,0
2321,Unincorporate,0,0,0.0,0.0,0.0,0.0,0.0,0.0,0.0,0.0,0.0,0.0,0.0,0.0,0.0,0.0,0,0,0
2322,Unincorporate,3,1,1.0,1.0,0.0,0.0,0.0,0.0,0.0,0.0,0.0,0.0,0.0,0.0,0.0,0.0,0,0,0
2323,Unincorporate,0,0,0.0,0.0,0.0,0.0,88.94029659387152,0.0,0.0,0.0,0.0,0.0,0.0,0.0,0.0,88.94029659387152,0,0,0
2324,Unincorporate,43,13,16.069498674162475,7.030405669946083,0.0,9.039093004216392,8.273515962220607,0.0,0.0,0.0,0.0,0.0,0.0,0.0,0.0,8.273515962220607,0,0,0
2325,Unincorporate,41,13,15.06515500702732,9.039093004216392,0.0,6.026062002810928,16.547031924441214,0.0,0.0,0.0,0.0,0.0,0.0,0.0,0.0,16.547031924441214,0,0,0
2326,Unincorporate,11,3,4.017374668540619,0.0,0.0,4.017374668540619,31.025684858327274,0.0,0.0,0.0,0.0,0.0,0.0,0.0,0.0,31.025684858327274,0,0,0
2327,Unincorporate,288,94,107.46477238346155,5.021718335675773,0.0,102.44305404778578,106.84713589496369,0.0,18.810781643820395,0.0,0.0,0.0,12.540521095880264,0.0,0.0,75.49583315526303,0,0,0
2361,Unincorporate,202,66,66.2866820309202,42.1824340196765,3.013031001405464,21.09121700983825,217.2340636551865,0.0,0.0,0.0,4.180173698626755,1.0450434246566886,0.0,0.0,0.0,212.00884653190306,0,0,0
2362,Unincorporate,229,74,74.32143136800144,60.26062002810927,0.0,14.060811339892165,63.139828858827684,0.0,0.0,0.0,2.0900868493133773,1.0450434246566886,2.0900868493133773,0.0,0.0,57.91461173554424,0,0,0
2363,Unincorporate,842,270,271.1727901264918,210.91217009838255,0.0,60.26062002810927,328.79321578835345,53.29721465749112,0.0,0.0,27.171129041073904,6.270260547940131,0.0,5.225217123283443,0.0,236.82939441856487,597,0,0
2364,Unincorporate,89,24,25.108591678378865,22.095560676973403,0.0,3.013031001405464,83.76934911748366,0.0,0.0,0.0,0.0,0.0,0.0,0.0,0.0,83.76934911748366,0,0,0
2365,Unincorporate,363,98,106.43871038065063,89.364868039353,0.0,17.073842341297627,133.63837740776864,0.0,0.0,0.0,21.94591191779046,0.0,0.0,0.0,0.0,111.69246548997819,0,0,0
2366,Unincorporate,239,66,70.30405669946082,62.269307362379585,0.0,8.034749337081237,37.27423754750918,0.0,0.0,0.0,0.0,0.0,4.180173698626755,0.0,0.0,33.09406384888243,0,0,0
2367,Unincorporate,101,31,31.134653681189793,27.117279012649178,0.0,4.017374668540619,24.83140181604093,0.0,0.0,0.0,0.0,0.0,1.0450434246566886,0.0,0.0,23.786358391384244,0,0,0
2368,Fresno,17,6,6.0,4.0,0.0,2.0,0.0,0.0,0.0,0.0,0.0,0.0,0.0,0.0,0.0,0.0,0,0,0
2369,Unincorporate,16,4,4.017374668540619,4.017374668540619,0.0,0.0,0.0,0.0,0.0,0.0,0.0,0.0,0.0,0.0,0.0,0.0,0,0,0
2370,Unincorporate,403,132,132.57336406184038,106.46042871632638,0.0,26.11293534551402,51.81801405766992,0.0,0.0,0.0,0.0,10.450434246566886,0.0,0.0,0.0,41.367579811103035,0,0,0
2371,Unincorporate,147,45,48.208496022487424,41.178090352541346,0.0,7.030405669946083,990.7535364759177,0.0,0.0,0.0,0.0,0.0,0.0,0.0,0.0,990.7535364759177,16,0,0
2372,Unincorporate,208,57,61.264963695244425,50.21718335675774,0.0,11.047780338486701,172.78562321700898,0.0,0.0,0.0,6.270260547940132,1.0450434246566886,0.0,0.0,0.0,165.47031924441214,0,0,0
2373,Unincorporate,288,79,84.36486803935297,73.31708770086628,0.0,11.047780338486701,100.50089784136978,0.0,0.0,0.0,0.0,12.540521095880264,0.0,0.0,5.225217123283443,82.73515962220606,0,0,0
2374,Unincorporate,380,103,111.48214705200218,97.42133571211,0.0,14.060811339892165,60.05896823175319,0.0,0.0,0.0,6.270260547940132,0.0,0.0,1.0450434246566886,0.0,52.74366425915637,0,0,0
2375,Unincorporate,16,4,4.017374668540619,4.017374668540619,0.0,0.0,0.0,0.0,0.0,0.0,0.0,0.0,0.0,0.0,0.0,0.0,0,0,0
2376,Unincorporate,30,8,9.039093004216392,9.039093004216392,0.0,0.0,0.0,0.0,0.0,0.0,0.0,0.0,0.0,0.0,0.0,0.0,0,0,0
2377,Unincorporate,195,50,59.25627636097413,48.208496022487424,0.0,11.047780338486701,73.1530397259682,71.06295287665483,0.0,0.0,1.0450434246566886,1.0450434246566886,0.0,0.0,0.0,0.0,486,0,0
2378,Unincorporate,143,40,42.1824340196765,30.130310014054643,0.0,12.052124005621856,10.396164599671321,0.0,0.0,0.0,1.0450434246566886,4.180173698626755,0.0,0.0,0.0,5.170947476387879,0,0,0
2379,Unincorporate,137,37,40.173746685406186,38.165059351135874,0.0,2.0086873342703093,97.18903849307205,94.05390821910197,0.0,0.0,3.135130273970066,0.0,0.0,0.0,0.0,0.0,0,0,0
2380,Unincorporate,86,29,29.125966346919487,26.11293534551402,0.0,3.013031001405464,42.46689288265529,0.0,4.180173698626755,0.0,0.0,2.0900868493133773,0.0,0.0,0.0,36.196632334715154,0,0,0
2381,Unincorporate,222,68,74.32143136800144,65.28233836378506,0.0,9.039093004216392,57.11920868660716,0.0,0.0,0.0,22.99095534244715,0.0,0.0,0.0,0.0,34.12825334416001,0,0,0
2382,Unincorporate,159,47,53.230214358163195,39.169403018271026,0.0,14.060811339892165,16.56873978319944,0.0,0.0,0.0,2.0900868493133773,0.0,0.0,0.0,0.0,14.478652933886064,0,0,0
2383,Unincorporate,205,53,62.269307362379585,47.204152355352264,0.0,15.06515500702732,66.68740844920404,0.0,0.0,0.0,44.93686726023761,1.0450434246566886,0.0,0.0,2.0900868493133773,18.615410914996367,0,0,0
2384,Unincorporate,199,49,49.0,49.0,0.0,0.0,20.683789905551517,0.0,0.0,0.0,0.0,0.0,0.0,0.0,0.0,20.683789905551517,0,0,0
2385,Unincorporate,22,9,11.0,11.0,0.0,0.0,5.1367579811103035,0.0,0.0,0.0,0.0,1.0,0.0,0.0,0.0,4.1367579811103035,0,0,0
2386,Unincorporate,52,18,18.0,16.0,0.0,2.0,38.61541091499637,0.0,0.0,0.0,5.0,0.0,15.0,0.0,0.0,18.615410914996367,0,0,0
2387,Unincorporate,32,11,11.0,11.0,0.0,0.0,0.0,0.0,0.0,0.0,0.0,0.0,0.0,0.0,0.0,0.0,0,0,0
2388,Unincorporate,18,6,6.0,2.0,0.0,4.0,3.1025684858327276,0.0,0.0,0.0,0.0,0.0,0.0,0.0,0.0,3.1025684858327276,0,0,0
2389,Unincorporate,114,34,38.165059351135874,31.134653681189796,0.0,7.030405669946083,37.36106898254208,0.0,0.0,0.0,0.0,3.135130273970066,0.0,9.405390821910197,0.0,24.82054788666182,0,0,0
2390,Unincorporate,150,46,50.21718335675774,38.16505935113588,0.0,12.052124005621856,49.67365756146098,0.0,0.0,0.0,0.0,0.0,1.0450434246566886,0.0,2.0900868493133773,46.538527287490915,0,0,0
2391,Unincorporate,20,5,6.026062002810928,6.026062002810928,0.0,0.0,1.0450434246566886,0.0,0.0,0.0,0.0,0.0,1.0450434246566886,0.0,0.0,0.0,0,0,0
2392,Unincorporate,13,3,4.017374668540619,4.017374668540619,0.0,0.0,0.0,0.0,0.0,0.0,0.0,0.0,0.0,0.0,0.0,0.0,0,0,0
2393,Unincorporate,74,22,22.095560676973403,18.078186008432784,0.0,4.017374668540619,1.0450434246566886,0.0,0.0,0.0,0.0,1.0450434246566886,0.0,0.0,0.0,0.0,0,0,0
2394,Unincorporate,11,4,4.017374668540619,4.017374668540619,0.0,0.0,0.0,0.0,0.0,0.0,0.0,0.0,0.0,0.0,0.0,0.0,0,0,0
2395,Unincorporate,1374,302,344.4898778273581,93.40396104356938,0.0,251.08591678378866,307.26281939123123,0.0,0.0,0.0,0.0,10.450434246566886,0.0,0.0,0.0,296.8123851446643,0,0,0
2396,Unincorporate,4,1,1.0,1.0,0.0,0.0,43.29920082054788,0.0,0.0,0.0,0.0,0.0,0.0,0.0,4.0,39.29920082054788,0,0,0
2397,Unincorporate,68,18,19.0,19.0,0.0,0.0,0.0,0.0,0.0,0.0,0.0,0.0,0.0,0.0,0.0,0.0,0,0,0
2398,Unincorporate,44,10,11.047780338486701,4.017374668540619,0.0,7.030405669946083,0.0,0.0,0.0,0.0,0.0,0.0,0.0,0.0,0.0,0.0,0,0,0
2399,Unincorporate,0,0,0.0,0.0,0.0,0.0,0.0,0.0,0.0,0.0,0.0,0.0,0.0,0.0,0.0,0.0,0,0,0
2400,Unincorporate,116,37,41.178090352541346,30.13031001405464,0.0,11.047780338486701,18.723950208787492,0.0,0.0,0.0,0.0,8.36034739725351,0.0,0.0,2.0900868493133773,8.273515962220607,0,0,0
2401,Unincorporate,75,17,17.0,15.0,0.0,2.0,24.717979400829094,0.0,0.0,0.0,0.0,3.0,0.0,0.0,0.0,21.717979400829094,0,0,0
2402,Unincorporate,53,12,12.0,12.0,0.0,0.0,25.615410914996367,0.0,0.0,0.0,5.0,2.0,0.0,0.0,0.0,18.615410914996367,0,0,0
2403,Unincorporate,72,16,16.0,16.0,0.0,0.0,0.0,0.0,0.0,0.0,0.0,0.0,0.0,0.0,0.0,0.0,0,0,0
2404,Unincorporate,61,20,21.0,21.0,0.0,0.0,1.0341894952775759,0.0,0.0,0.0,0.0,0.0,0.0,0.0,0.0,1.0341894952775759,0,0,0
2405,Unincorporate,135,42,45.19546502108196,36.15637201686557,0.0,9.039093004216392,20.69464383493063,0.0,0.0,0.0,0.0,1.0450434246566886,0.0,0.0,0.0,19.64960041027394,0,0,0
2406,Unincorporate,449,140,158.68629940735443,89.38658637502877,0.0,69.29971303232567,39.40774011433901,0.0,0.0,0.0,5.225217123283443,5.225217123283443,0.0,0.0,0.0,28.957305867772124,0,0,0
2407,Unincorporate,156,45,52.225870691028035,43.18677768681165,0.0,9.039093004216392,281.98334026638474,27.171129041073904,0.0,0.0,13.585564520536952,1.0450434246566886,19.855825068477085,4.180173698626755,0.0,216.14560451301338,213,0,0
2408,Unincorporate,80,25,28.12162267978433,20.086873342703093,0.0,8.034749337081237,95.4167818000148,0.0,0.0,0.0,26.126085616417214,0.0,0.0,0.0,0.0,69.29069618359757,0,0,0
2409,Unincorporate,48,12,13.05646767275701,7.030405669946083,0.0,6.026062002810928,61.017180221376975,0.0,0.0,0.0,0.0,0.0,0.0,0.0,0.0,61.017180221376975,0,0,0
2410,Unincorporate,33,9,9.039093004216392,9.039093004216392,0.0,0.0,13.444463438608487,0.0,0.0,0.0,0.0,0.0,0.0,0.0,0.0,13.444463438608487,0,0,0
2411,Unincorporate,63,16,17.073842341297627,13.05646767275701,0.0,4.017374668540619,0.0,0.0,0.0,0.0,0.0,0.0,0.0,0.0,0.0,0.0,0,0,0
2412,Unincorporate,30,7,8.034749337081237,7.030405669946083,0.0,1.0043436671351547,0.0,0.0,0.0,0.0,0.0,0.0,0.0,0.0,0.0,0.0,0,0,0
2413,Unincorporate,22,6,6.026062002810928,6.026062002810928,0.0,0.0,0.0,0.0,0.0,0.0,0.0,0.0,0.0,0.0,0.0,0.0,0,0,0
2414,Unincorporate,26,7,7.030405669946083,7.030405669946083,0.0,0.0,1.0450434246566886,0.0,0.0,0.0,0.0,1.0450434246566886,0.0,0.0,0.0,0.0,0,0,0
2415,Unincorporate,11,3,3.013031001405464,3.013031001405464,0.0,0.0,0.0,0.0,0.0,0.0,0.0,0.0,0.0,0.0,0.0,0.0,0,0,0
2416,Unincorporate,22,6,6.026062002810928,3.013031001405464,0.0,3.013031001405464,27.106005464799225,0.0,0.0,0.0,0.0,0.0,0.0,20.90086849313377,0.0,6.205136971665455,0,0,0
2417,Unincorporate,26,6,7.030405669946083,6.026062002810928,0.0,1.0043436671351547,0.0,0.0,0.0,0.0,0.0,0.0,0.0,0.0,0.0,0.0,0,0,0
2418,Unincorporate,33,8,9.039093004216392,5.021718335675773,0.0,4.017374668540619,0.0,0.0,0.0,0.0,0.0,0.0,0.0,0.0,0.0,0.0,0,0,0
2419,Unincorporate,19,6,6.026062002810928,6.026062002810928,0.0,0.0,9.405390821910197,0.0,0.0,0.0,0.0,0.0,0.0,9.405390821910197,0.0,0.0,0,0,0
2420,Unincorporate,42,11,11.047780338486701,10.043436671351547,0.0,1.0043436671351547,24.82054788666182,0.0,0.0,0.0,0.0,0.0,0.0,0.0,0.0,24.82054788666182,0,0,0
2421,Unincorporate,49,13,13.05646767275701,10.043436671351547,0.0,3.013031001405464,0.0,0.0,0.0,0.0,0.0,0.0,0.0,0.0,0.0,0.0,0,0,0
2422,Unincorporate,35,9,9.039093004216392,5.021718335675773,0.0,4.017374668540619,0.0,0.0,0.0,0.0,0.0,0.0,0.0,0.0,0.0,0.0,0,0,0
2423,Unincorporate,83,23,24.104248011243712,12.052124005621856,0.0,12.052124005621856,20.716351693688857,0.0,0.0,0.0,0.0,1.0450434246566886,2.0900868493133773,0.0,0.0,17.581221419718787,0,0,0
2424,Unincorporate,49,13,13.05646767275701,13.05646767275701,0.0,0.0,22.99095534244715,0.0,0.0,0.0,22.99095534244715,0.0,0.0,0.0,0.0,0.0,0,0,0
2425,Unincorporate,11,3,3.013031001405464,3.013031001405464,0.0,0.0,0.0,0.0,0.0,0.0,0.0,0.0,0.0,0.0,0.0,0.0,0,0,0
2426,Unincorporate,61,16,16.069498674162475,12.052124005621856,0.0,4.017374668540619,1.0450434246566886,0.0,0.0,0.0,0.0,1.0450434246566886,0.0,0.0,0.0,0.0,0,0,0
2427,Unincorporate,141,37,37.0,30.0,0.0,7.0,1.0,0.0,0.0,0.0,0.0,1.0,0.0,0.0,0.0,0.0,0,0,0
2428,Unincorporate,34,9,9.0,9.0,0.0,0.0,14.0,0.0,0.0,0.0,14.0,0.0,0.0,0.0,0.0,0.0,0,0,0
2429,Unincorporate,84,22,22.095560676973403,16.069498674162475,0.0,6.026062002810928,2.0900868493133773,0.0,0.0,0.0,0.0,2.0900868493133773,0.0,0.0,0.0,0.0,0,0,0
2430,Unincorporate,103,27,27.117279012649178,24.104248011243712,0.0,3.013031001405464,14.630607945193642,0.0,0.0,0.0,12.540521095880264,2.0900868493133773,0.0,0.0,0.0,0.0,0,0,0
2431,Unincorporate,80,21,21.0,12.0,0.0,9.0,1.0,0.0,0.0,0.0,0.0,1.0,0.0,0.0,0.0,0.0,0,0,0
2432,Unincorporate,523,138,137.97097161841998,94.76006052271708,1.2109110957029163,42.0,96.5277684947697,0.02325712789092,9.13709464862016,0.015096732139720003,0.0,14.09547663028904,0.02529722682872,2.0,7.11179742179144,64.1197487072097,0,0,0
2433,Unincorporate,338,107,119.5168963890834,89.38658637502874,0.0,30.130310014054643,299.66224705051553,0.0,0.0,0.0,34.48643301367072,3.135130273970066,0.0,37.62156328764079,0.0,224.41912047523397,0,0,0
2434,Unincorporate,86,26,30.130310014054636,15.06515500702732,0.0,15.06515500702732,32.276952941187105,0.0,0.0,0.0,0.0,1.0450434246566886,0.0,19.855825068477085,0.0,11.376084448053334,0,0,0
2435,Unincorporate,92,26,27.117279012649178,14.060811339892165,0.0,13.05646767275701,7.282742184459482,0.0,0.0,0.0,0.0,4.180173698626755,0.0,0.0,0.0,3.1025684858327276,0,0,0
2436,Unincorporate,106,29,31.134653681189793,24.104248011243712,0.0,7.030405669946083,128.8498542605187,106.0,0.0,0.0,6.270260547940132,0.0,3.135130273970066,0.0,0.0,13.444463438608487,448,203,0
2437,Unincorporate,158,43,46.0,37.0,0.0,9.0,6.0,0.0,0.0,0.0,0.0,6.0,0.0,0.0,0.0,0.0,0,0,0
2438,Unincorporate,196,53,57.24758902670382,37.16071568400072,0.0,20.086873342703093,19.736431845306843,0.0,0.0,0.0,8.36034739725351,0.0,0.0,0.0,0.0,11.376084448053334,0,0,0
2439,Unincorporate,24,7,7.030405669946083,5.021718335675773,0.0,2.0086873342703093,2.0900868493133773,0.0,0.0,0.0,0.0,2.0900868493133773,0.0,0.0,0.0,0.0,0,0,0
2440,Unincorporate,174,47,51.254058772040615,45.23340341062447,2.020655361416145,4.0,12.68086532052,0.038809323269640005,0.22877074769472003,0.025192016859240007,6.0,6.15932248500168,0.04221364987224,0.0,0.18655709782248003,0.0,0,0,0
2441,Unincorporate,140,46,50.21718335675773,41.17809035254134,0.0,9.039093004216392,6.259406618561019,0.0,0.0,0.0,3.135130273970066,2.0900868493133773,0.0,0.0,0.0,1.0341894952775759,0,0,0
2442,Unincorporate,62,20,22.095560676973403,20.086873342703093,0.0,2.0086873342703093,0.0,0.0,0.0,0.0,0.0,0.0,0.0,0.0,0.0,0.0,0,0,0
2443,Unincorporate,47,14,15.06515500702732,13.05646767275701,0.0,2.0086873342703093,1.0341894952775759,0.0,0.0,0.0,0.0,0.0,0.0,0.0,0.0,1.0341894952775759,0,0,0
2444,Unincorporate,18,5,6.026062002810928,6.026062002810928,0.0,0.0,0.0,0.0,0.0,0.0,0.0,0.0,0.0,0.0,0.0,0.0,0,0,0
2445,Unincorporate,192,43,48.208496022487424,24.104248011243712,0.0,24.104248011243712,381.7244630512166,0.0,0.0,0.0,10.450434246566886,0.0,0.0,0.0,0.0,371.27402880464973,0,0,0
2446,Unincorporate,366,81,91.39527370929908,61.26496369524444,0.0,30.130310014054636,108.66587450979925,0.0,0.0,0.0,7.315303972596821,0.0,0.0,0.0,0.0,101.35057053720242,0,0,0
2447,Unincorporate,127,34,38.16505935113588,14.060811339892165,0.0,24.104248011243712,79.64344506575246,0.0,0.0,0.0,0.0,1.0450434246566886,0.0,0.0,0.0,78.59840164109576,0,0,0
2448,Unincorporate,131,34,39.16940301827102,16.069498674162475,0.0,23.099904344108552,95.16714142429521,0.0,0.0,0.0,0.0,2.0900868493133773,0.0,0.0,0.0,93.07705457498183,0,0,0
2449,Unincorporate,41,12,12.052124005621856,5.021718335675773,0.0,7.030405669946083,4.147611910489417,0.0,0.0,0.0,0.0,1.0450434246566886,0.0,0.0,0.0,3.1025684858327276,0,0,0
2450,Unincorporate,24,6,7.030405669946083,3.013031001405464,0.0,4.017374668540619,0.0,0.0,0.0,0.0,0.0,0.0,0.0,0.0,0.0,0.0,0,0,0
2451,Unincorporate,55,15,16.069498674162475,9.039093004216392,0.0,7.030405669946083,0.0,0.0,0.0,0.0,0.0,0.0,0.0,0.0,0.0,0.0,0,0,0
2452,Unincorporate,81,26,29.12596634691949,27.117279012649178,0.0,2.0086873342703093,0.0,0.0,0.0,0.0,0.0,0.0,0.0,0.0,0.0,0.0,0,0,0
2453,Unincorporate,36,12,13.05646767275701,13.05646767275701,0.0,0.0,19.68216219841128,0.0,0.0,0.0,0.0,3.135130273970066,0.0,0.0,0.0,16.547031924441214,0,0,0
2454,Unincorporate,45,14,16.069498674162475,12.052124005621856,0.0,4.017374668540619,1.0450434246566886,0.0,0.0,0.0,0.0,1.0450434246566886,0.0,0.0,0.0,0.0,0,0,0
2455,Unincorporate,65,21,23.09990434410856,23.09990434410856,0.0,0.0,3.135130273970066,0.0,2.0900868493133773,0.0,0.0,1.0450434246566886,0.0,0.0,0.0,0.0,0,0,0
2456,Unincorporate,84,26,30.130310014054636,24.104248011243712,0.0,6.026062002810928,45.94934889675695,0.0,0.0,0.0,36.5765198629841,3.135130273970066,0.0,3.135130273970066,0.0,3.1025684858327276,0,0,0
2457,Unincorporate,36,12,13.05646767275701,8.034749337081237,0.0,5.021718335675773,2.0900868493133773,0.0,0.0,0.0,0.0,2.0900868493133773,0.0,0.0,0.0,0.0,0,0,0
2458,Unincorporate,37,12,13.05646767275701,13.05646767275701,0.0,0.0,16.557885853820327,0.0,0.0,0.0,0.0,1.0450434246566886,0.0,0.0,0.0,15.512842429163637,0,0,0
2459,Unincorporate,146,46,52.225870691028035,41.178090352541346,7.030405669946083,4.017374668540619,72.1079963013115,0.0,0.0,0.0,0.0,4.180173698626755,67.92782260268476,0.0,0.0,0.0,0,0,0
2460,Unincorporate,90,25,30.130310014054636,27.11727901264917,0.0,3.013031001405464,0.0,0.0,0.0,0.0,0.0,0.0,0.0,0.0,0.0,0.0,0,0,0
2461,Unincorporate,24,5,6.026062002810928,6.026062002810928,0.0,0.0,43.43595880165819,0.0,0.0,0.0,0.0,0.0,0.0,0.0,0.0,43.43595880165819,0,0,0
2462,Unincorporate,162,43,48.20849602248741,29.12596634691948,0.0,19.08252967556794,233.8787809440397,0.0,0.0,0.0,14.630607945193642,0.0,0.0,0.0,0.0,219.2481729988461,0,0,0
2463,Unincorporate,154,39,45.19546502108196,28.121622679784323,0.0,17.073842341297627,121.00017094747638,0.0,0.0,0.0,0.0,0.0,0.0,0.0,0.0,121.00017094747638,0,0,0
2464,Unincorporate,144,36,42.1824340196765,28.12162267978433,0.0,14.060811339892165,257.81709434673155,0.0,0.0,0.0,29.261215890387284,0.0,0.0,0.0,0.0,228.55587845634426,0,0,0
2465,Unincorporate,239,61,71.30840036659598,30.13031001405464,0.0,41.17809035254133,527.162228152824,34.48643301367073,0.0,0.0,38.66660671229748,0.0,0.0,0.0,0.0,454.0091884268558,120,0,0
2466,Unincorporate,101,31,37.095560676973406,25.05646767275701,0.0,12.039093004216392,12.540521095880264,0.0,0.0,0.0,11.495477671223576,1.0450434246566886,0.0,0.0,0.0,0.0,0,0,0
2467,Unincorporate,178,49,54.19112135394681,33.09990434410855,0.0,21.09121700983825,109.46399295241427,0.0,0.0,0.0,5.0,1.0450434246566886,0.0,0.0,0.0,103.41894952775759,0,0,0
2468,Unincorporate,354,94,107.45608504919124,62.26062002810929,0.0,45.19546502108196,52.9390349879804,0.0,0.0,0.0,18.8107816438204,0.0,0.0,0.0,0.0,34.12825334416,0,0,0
2469,Unincorporate,492,129,148.64286273600294,56.243245359568654,0.0,92.39961737643422,170.06294225944518,0.0,0.0,0.0,11.495477671223576,5.225217123283443,0.0,0.0,27.171129041073904,126.17111842386424,0,0,0
2470,Unincorporate,499,213,213.92520109978798,146.63417540173256,0.0,67.29102569805536,584.8054916538905,0.0,1.0450434246566886,0.0,26.126085616417217,8.36034739725351,9.4053908219102,0.0,2.0900868493133773,537.7785375443394,0,0,0
2471,Unincorporate,598,122,132.5733640618404,80.34749337081239,0.0,52.22587069102804,108.72014415669481,0.0,0.0,0.0,0.0,7.315303972596821,5.225217123283443,0.0,0.0,96.17962306081455,0,0,0
2472,Unincorporate,557,114,123.53427105762404,84.36486803935298,0.0,39.16940301827103,130.448977486903,0.0,0.0,0.0,8.36034739725351,5.225217123283443,0.0,0.0,0.0,116.86341296636607,0,0,0
2473,Unincorporate,257,57,63.20849602248742,45.147684682595255,0.0,18.060811339892165,58.83338181074247,0.0,0.0,0.0,0.627943551508,2.0900868493133773,0.0,0.269118664932,0.0,55.846232744989095,0,0,0
2474,Unincorporate,491,109,120.52124005621855,87.37789904075845,0.0,33.14334101546011,499.33679714474147,49.117040958864365,11.495477671223576,0.0,0.0,6.270260547940131,3.135130273970066,0.0,12.540521095880264,416.7783665968631,198,0,0
2475,Unincorporate,157,32,35.134653681189796,29.108591678378865,0.0,6.026062002810928,66.19898162714398,0.0,0.0,0.0,0.0,0.0,0.0,1.0450434246566886,0.0,65.15393820248728,0,0,0
2476,Unincorporate,100,21,22.0955606769734,15.06515500702732,0.0,7.030405669946083,65.15393820248728,0.0,0.0,0.0,0.0,0.0,0.0,0.0,0.0,65.15393820248728,0,0,0
2477,Unincorporate,406,157,167.72539241157082,126.54730205902949,0.0,41.17809035254134,785.4056919496029,0.0,0.0,0.0,1.0450434246566886,41.80173698626754,1.0450434246566886,0.0,0.0,741.513868114022,0,0,0
2478,Unincorporate,130,41,42.1824340196765,38.165059351135874,0.0,4.017374668540619,24.82054788666182,0.0,0.0,0.0,0.0,0.0,0.0,0.0,0.0,24.82054788666182,0,0,0
2479,Unincorporate,271,108,112.48649071913731,78.33880603654207,0.0,34.147684682595255,56.9889615340578,0.0,0.0,0.0,0.0,10.450434246566884,0.0,0.0,0.0,46.538527287490915,0,0,0
2480,Unincorporate,99,33,33.1433410154601,31.134653681189796,0.0,2.0086873342703093,16.601301571336776,0.0,0.0,0.0,4.180173698626755,1.0450434246566886,0.0,0.0,0.0,11.376084448053334,0,0,0
2481,Unincorporate,700,226,226.98166877254496,161.6993304087599,0.0,65.28233836378504,166.52315039418608,52.252171232834435,0.0,0.0,14.630607945193642,5.225217123283443,2.0900868493133773,4.180173698626755,22.99095534244715,65.15393820248727,335,0,0
2482,Unincorporate,73,24,24.104248011243712,18.078186008432784,0.0,6.026062002810928,127.99764476381708,70.01790945199814,0.0,0.0,0.0,2.0900868493133773,0.0,4.180173698626755,0.0,51.709474763878795,0,0,0
2483,Unincorporate,17,7,7.030405669946083,6.026062002810928,0.0,1.0043436671351547,35.53147643832742,0.0,0.0,0.0,35.53147643832742,0.0,0.0,0.0,0.0,0.0,0,0,0
2484,Unincorporate,58,23,24.104248011243712,17.073842341297627,0.0,7.030405669946083,4.1367579811103035,0.0,0.0,0.0,0.0,0.0,0.0,0.0,0.0,4.1367579811103035,0,0,0
2485,Unincorporate,78,18,19.08252967556794,12.052124005621856,0.0,7.030405669946083,57.91461173554425,0.0,0.0,0.0,0.0,0.0,0.0,0.0,0.0,57.91461173554425,0,0,0
2486,Unincorporate,67,15,16.069498674162475,1.0043436671351547,12.052124005621856,3.013031001405464,6.237698759802793,0.0,0.0,0.0,3.135130273970066,0.0,0.0,0.0,0.0,3.1025684858327276,0,0,0
2487,Unincorporate,23,10,10.043436671351547,9.039093004216392,0.0,1.0043436671351547,0.0,0.0,0.0,0.0,0.0,0.0,0.0,0.0,0.0,0.0,0,0,0
2488,Unincorporate,6,2,2.0086873342703093,2.0086873342703093,0.0,0.0,65.83773575337139,65.83773575337139,0.0,0.0,0.0,0.0,0.0,0.0,0.0,0.0,0,0,0
2489,Unincorporate,143,37,42.18243401967649,15.06515500702732,0.0,27.117279012649178,62.10563936355012,0.0,0.0,0.0,0.0,2.0900868493133773,0.0,3.135130273970066,0.0,56.880422240266675,0,0,0
2490,Unincorporate,377,98,112.48649071913732,41.17809035254134,0.0,71.30840036659598,185.3804139597848,0.0,0.0,0.0,0.0,3.135130273970066,1.0450434246566886,4.180173698626755,16.72069479450702,160.29937176802426,0,0,0
2491,Unincorporate,707,183,208.90348276411217,130.5646767275701,0.0,78.33880603654207,940.1976444304867,0.0,0.0,0.0,7.315303972596821,4.180173698626755,0.0,0.0,0.0,928.7021667592632,0,0,0
2492,Unincorporate,253,102,106.46042871632639,73.3170877008663,0.0,33.1433410154601,164.51210725478836,0.0,0.0,0.0,3.135130273970066,4.180173698626755,0.0,0.0,0.0,157.19680328219152,0,0,0
2493,Unincorporate,131,54,55.234558025298355,29.121622679784338,0.0,26.11293534551402,65.18649999062463,0.0,0.0,0.0,3.135130273970066,0.0,0.0,0.0,0.0,62.051369716654555,0,0,0
2494,Unincorporate,186,62,66.2866820309202,35.152028349730415,0.0,31.134653681189796,70.50940247832008,14.630607945193642,0.0,0.0,3.135130273970066,0.0,0.0,0.0,0.0,52.74366425915637,0,0,0
2495,Unincorporate,82,35,35.152028349730415,19.08252967556794,0.0,16.069498674162475,9.307705457498184,0.0,0.0,0.0,0.0,0.0,0.0,0.0,0.0,9.307705457498184,0,0,0
2496,Unincorporate,111,25,27.117279012649178,12.052124005621856,0.0,15.06515500702732,44.491856155693995,0.0,0.0,0.0,0.0,2.0900868493133773,0.0,0.0,0.0,42.401769306380615,0,0,0
2497,Unincorporate,140,33,35.152028349730415,30.130310014054643,0.0,5.021718335675773,41.378433740482144,0.0,0.0,0.0,0.0,1.0450434246566886,0.0,0.0,0.0,40.333390315825454,0,0,0
2498,Unincorporate,159,63,66.2866820309202,55.23890169243351,0.0,11.047780338486701,13.46617129736671,0.0,0.0,0.0,1.0450434246566886,1.0450434246566886,0.0,0.0,0.0,11.376084448053334,0,0,0
2499,Unincorporate,82,32,34.147684682595255,26.112935345514018,0.0,8.034749337081237,25.854737381939398,0.0,0.0,0.0,0.0,0.0,0.0,0.0,0.0,25.854737381939398,0,0,0
2500,Unincorporate,317,103,103.2779946966499,76.22587069102804,0.0,27.052124005621856,31.20531853635148,0.0,0.0,0.0,26.126085616417217,4.045043424656688,0.0,0.0,0.0,1.0341894952775759,0,0,0
2501,Unincorporate,375,130,138.59942606465134,107.46477238346155,0.0,31.134653681189796,102.63440040819961,0.0,0.0,0.0,21.94591191779046,2.0900868493133773,0.0,0.0,0.0,78.59840164109578,0,0,0
2502,Unincorporate,668,234,245.0598547809778,103.44739771492091,0.0,141.61245706605683,88.39453392065401,0.0,0.0,0.0,0.0,4.180173698626755,42.84678041092423,0.0,0.0,41.367579811103035,0,0,0
2503,Unincorporate,18,5,6.026062002810928,6.026062002810928,0.0,0.0,266.0115665990365,0.0,0.0,0.0,119.1349504108625,0.0,2.0900868493133773,0.0,0.0,144.78652933886062,0,0,0
2504,Unincorporate,35,11,12.052124005621856,10.043436671351547,0.0,2.0086873342703093,263.00361727335394,0.0,0.0,0.0,83.60347397253508,0.0,122.27008068483258,9.4053908219102,14.63060794519364,33.09406384888243,0,0,0
2505,Unincorporate,72,25,26.112935345514025,23.09990434410856,0.0,3.013031001405464,412.77044488063376,31.35130273970066,0.0,313.51302739700657,14.630607945193642,51.207127808177745,0.0,0.0,0.0,2.0683789905551517,11,188,0
2506,Unincorporate,213,74,78.33880603654205,41.17809035254134,0.0,37.16071568400072,2.0900868493133773,0.0,0.0,0.0,0.0,2.0900868493133773,0.0,0.0,0.0,0.0,0,0,0
2507,Unincorporate,98,35,36.11293534551402,27.091217009838246,0.0,9.021718335675773,68.57108907562827,0.0,0.0,0.0,19.04504342465669,2.0900868493133773,0.0,4.0,0.0,43.43595880165819,0,0,0
2508,Unincorporate,258,92,96.41699204497486,75.3257750351366,0.0,21.091217009838246,97.27893613236682,0.0,0.0,0.0,0.0,3.135130273970066,0.0,0.0,3.135130273970066,91.00867558442668,0,0,0
2509,Unincorporate,70,24,26.11293534551402,20.086873342703093,0.0,6.026062002810928,109.62408649942304,0.0,0.0,0.0,0.0,0.0,0.0,0.0,0.0,109.62408649942304,0,0,0
2510,Unincorporate,146,46,48.12596634691948,38.091217009838246,0.0,10.034749337081237,22.55788585382033,0.0,0.0,0.0,6.045043424656688,1.0,0.0,0.0,0.0,15.512842429163639,0,0,0
2511,Unincorporate,65,23,24.104248011243712,19.08252967556794,0.0,5.021718335675773,13.444463438608487,0.0,0.0,0.0,0.0,0.0,0.0,0.0,0.0,13.444463438608487,0,0,0
2512,Unincorporate,136,43,45.14768468259526,36.108591678378865,0.0,9.039093004216392,22.761395118345543,0.0,0.0,0.0,4.180173698626755,1.0,0.0,0.0,0.0,17.58122141971879,0,0,0
2513,Unincorporate,15,5,5.0,5.0,0.0,0.0,8.273515962220607,0.0,0.0,0.0,0.0,0.0,0.0,0.0,0.0,8.273515962220607,0,0,0
2514,Unincorporate,226,58,64.2779946966499,47.20415235535227,0.0,17.073842341297627,187.2425682921368,0.0,0.0,0.0,0.0,5.225217123283443,0.0,0.0,0.0,182.01735116885337,0,0,0
2515,Unincorporate,56,22,24.104248011243712,19.08252967556794,0.0,5.021718335675773,352.54087998307665,0.0,0.0,0.0,286.3418983559327,1.0450434246566886,0.0,0.0,0.0,65.15393820248728,0,0,0
2516,Unincorporate,96,38,41.0,34.0,0.0,7.0,0.0,0.0,0.0,0.0,0.0,0.0,0.0,0.0,0.0,0.0,0,0,0
2517,Unincorporate,53,21,23.09990434410856,12.052124005621856,4.017374668540619,7.030405669946083,1.0450434246566886,0.0,0.0,0.0,0.0,1.0450434246566886,0.0,0.0,0.0,0.0,0,0,0
2518,Unincorporate,94,31,32.13899734832494,22.095560676973406,0.0,10.043436671351547,0.0,0.0,0.0,0.0,0.0,0.0,0.0,0.0,0.0,0.0,0,0,0
2519,Unincorporate,789,256,268.97856403962624,201.4950805090326,1.2054888339437329,66.2779946966499,268.20858769625414,35.2706584095842,3.6855469479149776,0.17569054657219998,107.34225808214781,14.651645093120663,0.2944003753372,0.0,1.3010597232644001,105.48732851831276,135,0,0
2520,Unincorporate,37,14,16.030405669946084,11.00868733427031,0.0,5.021718335675773,16.547031924441214,0.0,0.0,0.0,0.0,0.0,0.0,0.0,0.0,16.547031924441214,0,0,0
2521,Unincorporate,12,5,5.0,5.0,0.0,0.0,0.0,0.0,0.0,0.0,0.0,0.0,0.0,0.0,0.0,0.0,0,0,0
2522,Unincorporate,6,2,3.0,3.0,0.0,0.0,0.0,0.0,0.0,0.0,0.0,0.0,0.0,0.0,0.0,0.0,0,0,0
2523,Unincorporate,42,16,18.0,16.0,0.0,2.0,28.957305867772124,0.0,0.0,0.0,0.0,0.0,0.0,0.0,0.0,28.957305867772124,0,0,0
2524,Unincorporate,35,14,15.0,15.0,0.0,0.0,33.025684858327274,0.0,0.0,0.0,0.0,2.0,0.0,0.0,0.0,31.025684858327274,0,0,0
2525,Unincorporate,31,8,14.0,14.0,0.0,0.0,2.0,0.0,0.0,0.0,0.0,2.0,0.0,0.0,0.0,0.0,0,0,0
2526,Unincorporate,65,26,28.12162267978433,24.104248011243712,0.0,4.017374668540619,32.08158221236308,0.0,0.0,0.0,0.0,2.0900868493133773,0.0,0.0,0.0,29.9914953630497,0,0,0
2527,Unincorporate,42,16,18.078186008432784,18.078186008432784,0.0,0.0,18.615410914996367,0.0,0.0,0.0,0.0,0.0,0.0,0.0,0.0,18.615410914996367,0,0,0
2528,Unincorporate,8,2,4.0,1.0,0.0,3.0,0.0,0.0,0.0,0.0,0.0,0.0,0.0,0.0,0.0,0.0,0,0,0
2529,Unincorporate,39,16,17.073842341297627,15.06515500702732,0.0,2.0086873342703093,34.377893719879594,24.035998767103838,0.0,0.0,0.0,0.0,0.0,0.0,0.0,10.341894952775759,202,0,0
2530,Unincorporate,26,10,11.047780338486701,9.039093004216392,0.0,2.0086873342703093,5.170947476387879,0.0,0.0,0.0,0.0,0.0,0.0,0.0,0.0,5.170947476387879,0,0,0
2531,Unincorporate,28,8,13.0,13.0,0.0,0.0,0.0,0.0,0.0,0.0,0.0,0.0,0.0,0.0,0.0,0.0,0,0,0
2532,Unincorporate,80,22,38.0,34.0,0.0,4.0,5.0,0.0,0.0,0.0,0.0,5.0,0.0,0.0,0.0,0.0,0,0,0
2533,Unincorporate,52,15,25.0,25.0,0.0,0.0,8.034189495277577,0.0,0.0,0.0,0.0,1.0,6.0,0.0,0.0,1.0341894952775759,0,0,0
2534,Unincorporate,44,13,21.0,21.0,0.0,0.0,0.0,0.0,0.0,0.0,0.0,0.0,0.0,0.0,0.0,0.0,0,0,0
2535,Unincorporate,879,288,314.3595678133035,193.83832775708484,0.0,120.52124005621855,323.4129774495006,4.180173698626755,0.0,0.0,144.21599260262303,10.450434246566886,4.180173698626755,0.0,8.36034739725351,152.02585580580367,0,0,0
2536,Unincorporate,451,195,237.93823210119342,169.6428627360029,0.0,68.29536936519051,141.86847765247282,0.0,0.0,0.0,0.0,1.0450434246566886,16.72069479450702,0.0,0.0,124.10273943330908,0,0,0
2537,Unincorporate,160,68,84.23455802529836,71.18243401967649,0.0,13.052124005621856,1067.2800357299539,0.0,0.0,0.0,945.7642993143032,1.0450434246566886,77.33321342459496,10.0,4.180173698626755,28.957305867772124,0,0,0
2538,Unincorporate,189,54,61.178090352541346,55.165059351135874,0.0,6.013031001405464,198.5410475273961,0.0,0.0,0.0,0.0,2.0450434246566886,0.0,0.0,0.0,196.49600410273942,0,0,0
2539,Unincorporate,118,32,38.16071568400072,36.152028349730415,0.0,2.0086873342703093,3.1025684858327276,0.0,0.0,0.0,0.0,0.0,0.0,0.0,0.0,3.1025684858327276,0,0,0
2540,Unincorporate,96,27,31.134653681189796,26.11293534551402,0.0,5.021718335675773,25.919860958214073,0.0,0.0,0.0,0.0,1.0450434246566886,5.225217123283443,0.0,0.0,19.64960041027394,0,0,0
2541,Unincorporate,94,26,30.13031001405464,24.104248011243712,0.0,6.026062002810928,151.32813812127858,0.0,0.0,0.0,32.39634616435735,0.0,0.0,0.0,0.0,118.93179195692123,0,0,0
2542,Unincorporate,62,17,20.086873342703093,20.086873342703093,0.0,0.0,128.23949741441942,0.0,0.0,0.0,0.0,0.0,0.0,0.0,0.0,128.23949741441942,0,0,0
2543,Unincorporate,137,39,44.1911213539468,40.173746685406186,0.0,4.017374668540619,324.75720937591706,0.0,0.0,0.0,0.0,2.0900868493133773,0.0,0.0,0.0,322.6671225266037,0,0,0
2544,Unincorporate,73,32,35.152028349730415,32.13899734832495,0.0,3.013031001405464,221.967787752148,0.0,0.0,0.0,62.70260547940132,0.0,0.0,0.0,0.0,159.26518227274667,0,0,0
2545,Unincorporate,148,60,62.24324535956866,34.147684682595255,0.0,28.095560676973403,118.027849614193,0.0,0.0,0.0,11.495477671223576,0.0,1.0450434246566886,0.0,0.0,105.48732851831274,0,0,0
2546,Unincorporate,117,49,49.212839689622584,39.169403018271026,0.0,10.043436671351547,900.8116121749059,0.0,0.0,0.0,0.0,3.135130273970066,0.0,0.0,0.0,897.6764819009359,0,0,0
2547,Unincorporate,54,23,23.073842341297627,20.06081133989216,0.0,3.013031001405464,9.307705457498184,0.0,0.0,0.0,0.0,0.0,0.0,0.0,0.0,9.307705457498184,0,0,0
2548,Unincorporate,56,17,17.073842341297627,13.05646767275701,0.0,4.017374668540619,4.147611910489417,0.0,0.0,0.0,0.0,1.0450434246566886,0.0,0.0,0.0,3.1025684858327276,0,0,0
2549,Unincorporate,46,21,23.09990434410856,20.086873342703093,0.0,3.013031001405464,98.25885598074882,0.0,0.0,0.0,0.0,0.0,1.0450434246566886,0.0,0.0,97.21381255609214,0,0,0
2550,Unincorporate,42,19,21.091217009838246,18.078186008432784,0.0,3.013031001405464,127.23786970727916,0.0,0.0,0.0,0.0,0.0,0.0,0.0,3.135130273970066,124.1027394333091,0,0,0
2551,Unincorporate,30,13,15.06515500702732,11.047780338486701,0.0,4.017374668540619,1.0450434246566886,0.0,0.0,0.0,1.0450434246566886,0.0,0.0,0.0,0.0,0.0,0,0,0
2552,Unincorporate,40,18,20.086873342703093,20.086873342703093,0.0,0.0,0.0,0.0,0.0,0.0,0.0,0.0,0.0,0.0,0.0,0.0,0,0,0
2553,Unincorporate,34,15,17.073842341297627,14.060811339892165,0.0,3.013031001405464,0.0,0.0,0.0,0.0,0.0,0.0,0.0,0.0,0.0,0.0,0,0,0
2554,Unincorporate,24,8,8.0,8.0,0.0,0.0,0.0,0.0,0.0,0.0,0.0,0.0,0.0,0.0,0.0,0.0,0,0,0
2555,Unincorporate,32,14,16.069498674162475,14.060811339892165,0.0,2.0086873342703093,18.615410914996367,0.0,0.0,0.0,0.0,0.0,0.0,0.0,0.0,18.615410914996367,0,0,0
2556,Unincorporate,59,25,29.125966346919483,25.108591678378865,0.0,4.017374668540619,2.0792329199342645,0.0,0.0,0.0,0.0,1.0450434246566886,0.0,0.0,0.0,1.0341894952775759,0,0,0
2557,Unincorporate,162,72,82.35618070508268,71.30840036659598,0.0,11.047780338486701,46.92926874513898,28.216172465730594,0.0,0.0,0.0,3.135130273970066,5.225217123283443,1.0450434246566886,0.0,9.307705457498184,246,0,0
2558,Unincorporate,14,4,4.017374668540619,4.017374668540619,0.0,0.0,24.035998767103838,0.0,0.0,0.0,0.0,24.035998767103838,0.0,0.0,0.0,0.0,0,0,0
2559,Unincorporate,46,11,13.026062002810928,13.026062002810928,0.0,0.0,0.0,0.0,0.0,0.0,0.0,0.0,0.0,0.0,0.0,0.0,0,0,0
2560,Unincorporate,6,2,2.0,2.0,0.0,0.0,982.762041112868,0.0,0.0,0.0,22.0,0.0,0.0,0.0,0.0,960.762041112868,0,0,0
2561,Unincorporate,208,54,58.195465021081965,56.18677768681166,0.0,2.0086873342703093,158.87843310533287,0.0,0.0,0.0,91.9638213697886,1.0,5.0,0.0,3.0,57.91461173554424,0,0,0
2562,Unincorporate,97,23,27.117279012649178,24.104248011243712,0.0,3.013031001405464,2.0683789905551517,0.0,0.0,0.0,0.0,0.0,0.0,0.0,0.0,2.0683789905551517,0,0,0
2563,Unincorporate,111,50,55.23890169243351,50.21718335675773,0.0,5.021718335675773,5.170947476387879,0.0,0.0,0.0,0.0,0.0,0.0,0.0,0.0,5.170947476387879,0,0,0
2564,Unincorporate,64,28,32.13899734832495,25.108591678378865,0.0,7.030405669946083,23.797212320763357,0.0,0.0,0.0,0.0,1.0450434246566886,0.0,0.0,0.0,22.752168896106667,0,0,0
2565,Unincorporate,111,34,37.0,37.0,0.0,0.0,7.0,0.0,0.0,0.0,0.0,1.0,0.0,6.0,0.0,0.0,0,0,0
2566,Unincorporate,21,6,7.0,7.0,0.0,0.0,1.0,0.0,0.0,0.0,0.0,1.0,0.0,0.0,0.0,0.0,0,0,0
2567,Unincorporate,143,44,47.0,45.0,2.0,0.0,11.0,0.0,0.0,0.0,8.0,3.0,0.0,0.0,0.0,0.0,0,0,0
2568,Unincorporate,159,40,45.19546502108196,36.15637201686557,0.0,9.039093004216392,3.135130273970066,0.0,0.0,0.0,0.0,0.0,0.0,3.135130273970066,0.0,0.0,0,0,0
2569,Unincorporate,122,32,34.14768468259526,33.14334101546011,0.0,1.0043436671351547,9.405390821910197,0.0,0.0,0.0,9.405390821910197,0.0,0.0,0.0,0.0,0.0,0,0,0
2570,Parlier,75,18,21.0,21.0,0.0,0.0,0.0,0.0,0.0,0.0,0.0,0.0,0.0,0.0,0.0,0.0,0,0,0
2571,Parlier,46,11,13.0,13.0,0.0,0.0,44.0,0.0,0.0,0.0,41.0,3.0,0.0,0.0,0.0,0.0,0,0,0
2572,Unincorporate,244,60,68.27365102951475,64.25627636097411,0.0,4.017374668540619,28.02080173690657,0.0,0.0,0.0,0.0,2.0900868493133773,7.315303972596821,0.0,0.0,18.615410914996367,0,0,0
2573,Unincorporate,168,49,57.0477803384867,53.03474933708124,0.0,4.013031001405464,47.4553173679876,33.0,0.0,0.0,1.0450434246566886,1.0,0.0,0.0,0.0,12.41027394333091,488,0,0
2574,Parlier,0,0,0.0,0.0,0.0,0.0,0.0,0.0,0.0,0.0,0.0,0.0,0.0,0.0,0.0,0.0,0,0,0
2575,Parlier,12,3,4.0,4.0,0.0,0.0,0.0,0.0,0.0,0.0,0.0,0.0,0.0,0.0,0.0,0.0,0,0,0
2576,Parlier,93,23,25.0,25.0,0.0,0.0,0.0,0.0,0.0,0.0,0.0,0.0,0.0,0.0,0.0,0.0,0,0,0
2577,Unincorporate,93,29,31.0,31.0,0.0,0.0,50.0,50.0,0.0,0.0,0.0,0.0,0.0,0.0,0.0,0.0,420,0,0
2578,Unincorporate,296,93,96.25627636097411,74.19546502108196,0.0,22.06081133989217,227.0772255224582,0.0,0.0,0.0,0.0,0.0,13.0,0.0,0.0,214.0772255224582,0,0,0
2579,Unincorporate,32,10,11.0,11.0,0.0,0.0,10.341894952775759,0.0,0.0,0.0,0.0,0.0,0.0,0.0,0.0,10.341894952775759,0,0,0
2580,Unincorporate,81,25,28.05646767275701,21.034749337081237,0.0,7.021718335675773,37.230821829992735,0.0,0.0,0.0,0.0,0.0,0.0,0.0,0.0,37.230821829992735,0,0,0
2581,Fowler,27,9,9.0,6.0,0.0,3.0,0.0,0.0,0.0,0.0,0.0,0.0,0.0,0.0,0.0,0.0,0,0,0
2582,Unincorporate,24,8,8.017374668540619,6.008687334270309,0.0,2.0086873342703093,0.0,0.0,0.0,0.0,0.0,0.0,0.0,0.0,0.0,0.0,0,0,0
2583,Unincorporate,109,32,37.16071568400072,23.099904344108555,0.0,14.060811339892165,6.248552689181906,0.0,0.0,0.0,0.0,4.180173698626755,0.0,0.0,0.0,2.0683789905551517,0,0,0
2584,Unincorporate,43,10,10.043436671351547,10.043436671351547,0.0,0.0,0.0,0.0,0.0,0.0,0.0,0.0,0.0,0.0,0.0,0.0,0,0,0
2585,Unincorporate,38,9,9.004343667135155,8.0,0.0,1.0043436671351547,0.0,0.0,0.0,0.0,0.0,0.0,0.0,0.0,0.0,0.0,0,0,0
2586,Unincorporate,73,17,17.047780338486703,17.047780338486703,0.0,0.0,1.0341894952775759,0.0,0.0,0.0,0.0,0.0,0.0,0.0,0.0,1.0341894952775759,0,0,0
2587,Unincorporate,41,11,14.013031001405464,14.013031001405464,0.0,0.0,0.0,0.0,0.0,0.0,0.0,0.0,0.0,0.0,0.0,0.0,0,0,0
2588,Unincorporate,141,40,48.208496022487424,48.208496022487424,0.0,0.0,12.421127872710022,0.0,0.0,0.0,0.0,1.0450434246566886,0.0,0.0,0.0,11.376084448053334,0,0,0
2589,Unincorporate,29,12,14.026062002810928,14.026062002810928,0.0,0.0,0.0,0.0,0.0,0.0,0.0,0.0,0.0,0.0,0.0,0.0,0,0,0
2590,Unincorporate,283,83,83.12162267978434,78.12162267978434,5.0,0.0,43.367579811103035,0.0,0.0,0.0,0.0,2.0,0.0,0.0,0.0,41.367579811103035,0,0,0
2591,Unincorporate,75,22,22.034749337081237,22.034749337081237,0.0,0.0,0.0,0.0,0.0,0.0,0.0,0.0,0.0,0.0,0.0,0.0,0,0,0
2592,Unincorporate,41,12,12.043436671351547,12.043436671351547,0.0,0.0,1.0450434246566886,0.0,0.0,0.0,0.0,1.0450434246566886,0.0,0.0,0.0,0.0,0,0,0
2593,Unincorporate,37,12,12.0,12.0,0.0,0.0,3.1025684858327276,0.0,0.0,0.0,0.0,0.0,0.0,0.0,0.0,3.1025684858327276,0,0,0
2594,Unincorporate,93,30,30.0,30.0,0.0,0.0,5.0,0.0,0.0,0.0,0.0,5.0,0.0,0.0,0.0,0.0,0,0,0
2595,Unincorporate,55,18,18.0,18.0,0.0,0.0,105.94029659387152,0.0,0.0,0.0,15.0,2.0,0.0,0.0,0.0,88.94029659387152,0,0,0
2596,Unincorporate,220,58,59.25627636097413,51.22152702389289,0.0,8.034749337081237,31.23190951653042,0.0,0.0,0.0,6.270260547940132,5.225217123283443,5.225217123283443,0.0,3.135130273970066,11.376084448053334,0,0,0
2597,Unincorporate,272,71,73.31708770086628,64.2779946966499,0.0,9.039093004216392,91.0195295138058,0.0,0.0,0.0,0.0,1.0450434246566886,0.0,0.0,0.0,89.97448608914911,0,0,0
2598,Unincorporate,290,81,81.3518370379475,56.24324535956865,0.0,25.10859167837887,355.98911889244744,0.0,0.0,0.0,20.900868493133775,1.0450434246566886,0.0,0.0,0.0,334.043206974657,16,135,0
2599,Unincorporate,35,10,10.043436671351547,10.043436671351547,0.0,0.0,5.170947476387879,0.0,0.0,0.0,0.0,0.0,0.0,0.0,0.0,5.170947476387879,0,0,0
2600,Unincorporate,211,57,57.24758902670382,55.23890169243351,0.0,2.0086873342703093,62.18161686920391,0.0,0.0,0.0,5.225217123283443,7.31530397259682,0.0,0.0,0.0,49.64109577332364,0,0,0
2601,Unincorporate,89,24,24.104248011243712,21.091217009838246,0.0,3.013031001405464,248.58536639488716,34.48643301367073,0.0,0.0,2.0900868493133773,0.0,0.0,0.0,0.0,212.00884653190306,362,0,0
2602,Unincorporate,55,15,15.06515500702732,13.05646767275701,0.0,2.0086873342703093,13.585564520536952,0.0,0.0,0.0,0.0,0.0,0.0,0.0,13.585564520536952,0.0,0,0,0
2603,Unincorporate,245,65,68.29536936519052,53.230214358163195,0.0,15.06515500702732,271.5732555330725,0.0,0.0,0.0,154.66642684918992,0.0,0.0,4.180173698626755,0.0,112.72665498525578,0,0,0
2604,Unincorporate,0,0,0.0,0.0,0.0,0.0,0.0,0.0,0.0,0.0,0.0,0.0,0.0,0.0,0.0,0.0,0,0,0
2605,Unincorporate,7,2,2.0086873342703093,2.0086873342703093,0.0,0.0,0.0,0.0,0.0,0.0,0.0,0.0,0.0,0.0,0.0,0.0,0,0,0
2606,Unincorporate,0,0,0.0,0.0,0.0,0.0,0.0,0.0,0.0,0.0,0.0,0.0,0.0,0.0,0.0,0.0,0,0,0
2607,Unincorporate,321,85,86.3735553736233,66.2866820309202,0.0,20.086873342703093,454.06345807375135,0.0,0.0,0.0,0.0,1.0450434246566886,0.0,0.0,4.180173698626755,448.83824095046793,0,0,0
2608,Unincorporate,52,14,14.060811339892165,11.047780338486701,0.0,3.013031001405464,0.0,0.0,0.0,0.0,0.0,0.0,0.0,0.0,0.0,0.0,0,0,0
2609,Unincorporate,67,18,18.02171833567577,11.013031001405464,0.0,7.008687334270309,57.53310414546765,0.0,0.0,0.0,32.39634616435735,0.0,0.0,21.0,0.0,4.1367579811103035,0,0,0
2610,Unincorporate,426,105,117.50820905481311,80.34749337081237,0.0,37.16071568400072,125.20205250486137,0.0,0.0,0.0,0.0,3.135130273970066,0.0,3.135130273970066,0.0,118.93179195692122,0,0,0
2611,Unincorporate,337,90,91.39527370929908,62.26930736237959,0.0,29.125966346919483,10.439580317187772,0.0,0.0,0.0,0.0,7.31530397259682,0.0,2.0900868493133773,0.0,1.0341894952775759,0,0,0
2612,Unincorporate,162,44,44.19112135394681,33.14334101546011,0.0,11.047780338486701,146.85490832941576,0.0,0.0,0.0,0.0,0.0,0.0,0.0,0.0,146.85490832941576,0,0,0
2613,Unincorporate,309,91,91.39527370929908,75.3257750351366,0.0,16.069498674162475,4.169319769247641,0.0,0.0,0.0,0.0,2.0900868493133773,0.0,0.0,1.0450434246566886,1.0341894952775759,0,0,0
2614,Unincorporate,176,73,85.36921170648814,63.27365102951474,0.0,22.095560676973403,195.62462354814852,0.0,0.0,0.0,15.67565136985033,0.0,0.0,0.0,0.0,179.94897217829822,0,0,0
2615,Unincorporate,426,147,162.70367407589507,123.53427105762404,0.0,39.169403018271026,90.09387931231936,0.0,0.0,0.0,4.180173698626755,7.315303972596821,0.0,0.0,0.0,78.59840164109576,0,0,0
2616,Unincorporate,213,74,81.35183703794753,61.26496369524443,0.0,20.086873342703093,4.169319769247641,0.0,0.0,0.0,0.0,3.135130273970066,0.0,0.0,0.0,1.0341894952775759,0,0,0
2617,Unincorporate,91,28,28.108591678378872,15.06515500702732,0.0,13.043436671351547,1.0341894952775759,0.0,0.0,0.0,0.0,0.0,0.0,0.0,0.0,1.0341894952775759,0,0,0
2618,Unincorporate,62,19,20.086873342703093,16.069498674162475,0.0,4.017374668540619,12.431981802089137,0.0,0.0,0.0,0.0,2.0900868493133773,0.0,0.0,0.0,10.341894952775759,0,0,0
2619,Unincorporate,164,49,56.24324535956866,43.18677768681165,0.0,13.05646767275701,139.3086056355957,0.0,0.0,0.0,0.0,70.01790945199814,0.0,0.0,0.0,69.29069618359757,0,0,0
2620,Unincorporate,3,1,1.0043436671351547,1.0043436671351547,0.0,0.0,0.0,0.0,0.0,0.0,0.0,0.0,0.0,0.0,0.0,0.0,0,0,0
2621,Unincorporate,44,14,15.06515500702732,13.05646767275701,0.0,2.0086873342703093,24.82054788666182,0.0,0.0,0.0,0.0,0.0,0.0,0.0,0.0,24.82054788666182,0,0,0
2622,Unincorporate,9,3,3.0,3.0,0.0,0.0,0.0,0.0,0.0,0.0,0.0,0.0,0.0,0.0,0.0,0.0,0,0,0
2623,Unincorporate,65,20,22.095560676973406,18.078186008432784,0.0,4.017374668540619,0.0,0.0,0.0,0.0,0.0,0.0,0.0,0.0,0.0,0.0,0,0,0
2624,Unincorporate,55,17,19.08252967556794,16.069498674162475,0.0,3.013031001405464,48.061143604828565,0.0,0.0,0.0,47.02695410955099,0.0,0.0,0.0,0.0,1.0341894952775759,0,0,0
2625,Unincorporate,73,22,25.108591678378865,22.095560676973403,0.0,3.013031001405464,10.352748882154872,0.0,0.0,0.0,0.0,0.0,1.0450434246566886,0.0,0.0,9.307705457498184,0,0,0
2626,Unincorporate,18,5,6.026062002810928,6.026062002810928,0.0,0.0,1.0450434246566886,0.0,0.0,0.0,0.0,1.0450434246566886,0.0,0.0,0.0,0.0,0,0,0
2627,Unincorporate,6,2,2.0086873342703093,2.0086873342703093,0.0,0.0,700.7140032638198,0.0,50.162084383521055,0.0,501.62084383521056,7.315303972596821,6.270260547940132,70.01790945199814,16.72069479450702,48.60690627804606,0,0,0
2628,Unincorporate,0,0,0.0,0.0,0.0,0.0,0.0,0.0,0.0,0.0,0.0,0.0,0.0,0.0,0.0,0.0,0,0,0
2629,Unincorporate,236,63,76.0,0.0,0.0,76.0,7.0,0.0,0.0,0.0,0.0,7.0,0.0,0.0,0.0,0.0,0,0,0
2630,Unincorporate,0,0,0.0,0.0,0.0,0.0,13.585564520536952,0.0,0.0,0.0,0.0,0.0,0.0,0.0,13.585564520536952,0.0,0,0,0
2631,Unincorporate,18,5,6.026062002810928,5.021718335675773,0.0,1.0043436671351547,676.1353080277603,0.0,1.0450434246566886,0.0,389.8011973969448,16.72069479450702,83.60347397253508,31.35130273970066,53.29721465749112,100.31638104192487,0,0,0
2632,Unincorporate,36,9,9.039093004216392,9.039093004216392,0.0,0.0,240.77550319170655,0.0,0.0,66.88277917802807,108.68451616429563,0.0,4.180173698626755,1.0450434246566886,0.0,59.9829907260994,0,0,0
2633,Unincorporate,36,10,12.043436671351547,8.026062002810928,0.0,4.017374668540619,314.69356082184845,0.0,0.0,0.0,101.24312657528158,68.45043424656689,145.0,0.0,0.0,0.0,0,0,0
2634,Unincorporate,44,13,15.06515500702732,11.047780338486701,0.0,4.017374668540619,760.7916131500693,0.0,0.0,0.0,756.6114394514426,0.0,0.0,0.0,4.180173698626755,0.0,0,0,0
2635,Unincorporate,24,6,8.034749337081237,6.026062002810928,0.0,2.0086873342703093,115.99982013689245,0.0,0.0,0.0,104.50434246566887,0.0,0.0,0.0,11.495477671223576,0.0,0,0,0
2636,Unincorporate,12,3,4.017374668540619,4.017374668540619,0.0,0.0,0.0,0.0,0.0,0.0,0.0,0.0,0.0,0.0,0.0,0.0,0,0,0
2637,Unincorporate,95,28,32.13899734832495,16.069498674162475,0.0,16.069498674162475,1.0450434246566886,0.0,0.0,0.0,0.0,1.0450434246566886,0.0,0.0,0.0,0.0,0,0,0
2638,Unincorporate,168,51,57.24758902670382,47.20415235535228,0.0,10.043436671351547,48.899962371282115,0.0,0.0,0.0,27.171129041073904,0.0,1.0450434246566886,0.0,0.0,20.683789905551517,0,0,0
2639,Unincorporate,40,13,13.05646767275701,11.047780338486701,0.0,2.0086873342703093,0.0,0.0,0.0,0.0,0.0,0.0,0.0,0.0,0.0,0.0,0,0,0
2640,Unincorporate,69,22,22.095560676973403,17.073842341297627,0.0,5.021718335675773,3.135130273970066,0.0,0.0,0.0,0.0,3.135130273970066,0.0,0.0,0.0,0.0,0,0,0
2641,Unincorporate,28,9,9.039093004216392,8.034749337081237,0.0,1.0043436671351547,0.0,0.0,0.0,0.0,0.0,0.0,0.0,0.0,0.0,0.0,0,0,0
2642,Unincorporate,27,9,10.043436671351547,8.034749337081237,0.0,2.0086873342703093,66.36179056783067,0.0,0.0,0.0,15.67565136985033,1.0450434246566886,0.0,0.0,0.0,49.64109577332364,0,0,0
2643,Unincorporate,0,0,0.0,0.0,0.0,0.0,0.0,0.0,0.0,0.0,0.0,0.0,0.0,0.0,0.0,0.0,0,0,0
2644,Unincorporate,100,34,38.16505935113588,23.09990434410856,0.0,15.06515500702732,79.74113043016447,0.0,0.0,0.0,6.270260547940132,4.180173698626755,0.0,0.0,0.0,69.29069618359759,0,0,0
2645,Unincorporate,18,7,7.030405669946083,7.030405669946083,0.0,0.0,6.205136971665455,0.0,0.0,0.0,0.0,0.0,0.0,0.0,0.0,6.205136971665455,0,0,0
2646,Unincorporate,10,4,4.017374668540619,4.017374668540619,0.0,0.0,1.0450434246566886,0.0,0.0,0.0,0.0,1.0450434246566886,0.0,0.0,0.0,0.0,0,0,0
2647,Unincorporate,295,64,64.2779946966499,54.234558025298355,0.0,10.043436671351547,24.8856714629365,0.0,0.0,0.0,0.0,6.270260547940132,0.0,0.0,0.0,18.615410914996367,0,0,0
2648,Unincorporate,32,10,11.047780338486701,9.039093004216392,0.0,2.0086873342703093,1444.4484498086294,0.0,0.0,0.0,1244.646718766116,2.0900868493133773,107.63947273963893,9.405390821910197,0.0,80.66678063165092,0,0,0
2649,Unincorporate,58,17,20.086873342703093,17.073842341297627,0.0,3.013031001405464,0.0,0.0,0.0,0.0,0.0,0.0,0.0,0.0,0.0,0.0,0,0,0
2650,Unincorporate,53,15,18.078186008432784,18.078186008432784,0.0,0.0,38.66660671229748,0.0,0.0,0.0,38.66660671229748,0.0,0.0,0.0,0.0,0.0,0,0,0
2651,Unincorporate,55,17,19.08252967556794,16.069498674162475,0.0,3.013031001405464,42.434331094517944,0.0,0.0,0.0,3.135130273970066,0.0,0.0,0.0,0.0,39.29920082054788,0,0,0
2652,Unincorporate,171,44,44.191121353946805,35.152028349730415,0.0,9.039093004216392,12.518813237122037,0.0,0.0,0.0,9.405390821910197,1.0450434246566886,0.0,0.0,0.0,2.0683789905551517,0,0,0
2653,Unincorporate,187,48,48.208496022487424,42.18243401967649,0.0,6.026062002810928,131.45060519404325,0.0,0.0,0.0,4.180173698626755,5.225217123283443,1.0450434246566886,0.0,0.0,121.00017094747638,0,0,0
2654,Unincorporate,205,52,57.24758902670382,47.20415235535227,0.0,10.043436671351547,62.387841527407055,0.0,0.0,0.0,27.171129041073904,4.180173698626755,1.0450434246566886,0.0,0.0,29.9914953630497,0,0,0
2655,Unincorporate,56,12,12.0,7.0,0.0,5.0,7.239326466943031,0.0,0.0,0.0,0.0,0.0,0.0,0.0,0.0,7.239326466943031,0,0,0
2656,Unincorporate,9,2,2.0086873342703093,1.0043436671351547,0.0,1.0043436671351547,0.0,0.0,0.0,0.0,0.0,0.0,0.0,0.0,0.0,0.0,0,0,0
2657,Unincorporate,0,0,0.0,0.0,0.0,0.0,0.0,0.0,0.0,0.0,0.0,0.0,0.0,0.0,0.0,0.0,0,0,0
2658,Unincorporate,10,2,2.0086873342703093,2.0086873342703093,0.0,0.0,22.79558461362312,0.0,0.0,0.0,3.135130273970066,1.0450434246566886,0.0,0.0,0.0,18.615410914996367,0,0,0
2659,Unincorporate,211,54,54.234558025298355,51.22152702389289,0.0,3.013031001405464,157.80462332742184,0.0,0.0,0.0,45.9819106848943,0.0,12.540521095880264,0.0,0.0,99.28219154664727,0,0,0
2660,Unincorporate,51,13,13.05646767275701,13.05646767275701,0.0,0.0,0.0,0.0,0.0,0.0,0.0,0.0,0.0,0.0,0.0,0.0,0,0,0
2661,Unincorporate,35,9,9.039093004216392,9.039093004216392,0.0,0.0,0.0,0.0,0.0,0.0,0.0,0.0,0.0,0.0,0.0,0.0,0,0,0
2662,Unincorporate,27,7,7.030405669946083,5.021718335675773,0.0,2.0086873342703093,2.0900868493133773,0.0,0.0,0.0,0.0,2.0900868493133773,0.0,0.0,0.0,0.0,0,0,0
2663,Unincorporate,46,12,13.05646767275701,11.047780338486701,0.0,2.0086873342703093,2.0683789905551517,0.0,0.0,0.0,0.0,0.0,0.0,0.0,0.0,2.0683789905551517,0,0,0
2664,Unincorporate,50,13,14.060811339892165,14.060811339892165,0.0,0.0,1.0450434246566886,0.0,0.0,0.0,1.0450434246566886,0.0,0.0,0.0,0.0,0.0,0,0,0
2665,Unincorporate,8,2,2.0086873342703093,2.0086873342703093,0.0,0.0,0.0,0.0,0.0,0.0,0.0,0.0,0.0,0.0,0.0,0.0,0,0,0
2666,Unincorporate,12,3,3.013031001405464,0.0,0.0,3.013031001405464,4.147611910489417,0.0,0.0,0.0,0.0,1.0450434246566886,0.0,0.0,0.0,3.1025684858327276,0,0,0
2667,Unincorporate,12,3,3.013031001405464,3.013031001405464,0.0,0.0,0.0,0.0,0.0,0.0,0.0,0.0,0.0,0.0,0.0,0.0,0,0,0
2668,Unincorporate,16,4,4.017374668540619,4.017374668540619,0.0,0.0,4.169319769247641,0.0,0.0,0.0,3.135130273970066,0.0,0.0,0.0,0.0,1.0341894952775759,0,0,0
2669,Unincorporate,14,4,4.017374668540619,3.013031001405464,0.0,1.0043436671351547,0.0,0.0,0.0,0.0,0.0,0.0,0.0,0.0,0.0,0.0,0,0,0
2670,Unincorporate,165,42,46.19980868821712,40.173746685406186,0.0,6.026062002810928,19.64960041027394,0.0,0.0,0.0,0.0,0.0,0.0,0.0,0.0,19.64960041027394,0,0,0
2671,Unincorporate,62,16,16.069498674162475,16.069498674162475,0.0,0.0,0.0,0.0,0.0,0.0,0.0,0.0,0.0,0.0,0.0,0.0,0,0,0
2672,Unincorporate,16,4,4.017374668540619,4.017374668540619,0.0,0.0,0.0,0.0,0.0,0.0,0.0,0.0,0.0,0.0,0.0,0.0,0,0,0
2673,Unincorporate,18,5,5.021718335675773,5.021718335675773,0.0,0.0,21.717979400829094,0.0,0.0,0.0,0.0,0.0,0.0,0.0,0.0,21.717979400829094,0,0,0
2674,Unincorporate,43,11,12.052124005621856,11.047780338486701,0.0,1.0043436671351547,0.0,0.0,0.0,0.0,0.0,0.0,0.0,0.0,0.0,0.0,0,0,0
2675,Unincorporate,117,48,57.173746685406186,51.14768468259526,0.0,6.026062002810928,5.170947476387879,0.0,0.0,0.0,0.0,0.0,0.0,0.0,0.0,5.170947476387879,0,0,0
2676,Unincorporate,104,42,50.21718335675773,36.15637201686557,0.0,14.060811339892165,13.444463438608487,0.0,0.0,0.0,0.0,0.0,0.0,0.0,0.0,13.444463438608487,0,0,0
2677,Unincorporate,51,16,18.078186008432784,9.039093004216392,0.0,9.039093004216392,1.0450434246566886,0.0,0.0,0.0,0.0,1.0450434246566886,0.0,0.0,0.0,0.0,0,0,0
2678,Sanger,8,3,3.013031001405464,2.0086873342703093,0.0,1.0043436671351547,0.0,0.0,0.0,0.0,0.0,0.0,0.0,0.0,0.0,0.0,0,0,0
2679,Unincorporate,23,7,8.004343667135155,5.0,0.0,3.0043436671351547,1.0341894952775759,0.0,0.0,0.0,0.0,0.0,0.0,0.0,0.0,1.0341894952775759,0,0,0
2680,Unincorporate,22,7,8.034749337081237,8.034749337081237,0.0,0.0,0.0,0.0,0.0,0.0,0.0,0.0,0.0,0.0,0.0,0.0,0,0,0
2681,Unincorporate,14,6,7.030405669946083,7.030405669946083,0.0,0.0,21.728833330208207,0.0,0.0,0.0,1.0450434246566886,0.0,0.0,0.0,0.0,20.683789905551517,0,0,0
2682,Unincorporate,131,54,63.273651029514745,44.191121353946805,0.0,19.08252967556794,28.031655666285676,0.0,0.0,0.0,0.0,1.0450434246566886,0.0,9.405390821910197,0.0,17.58122141971879,0,0,0
2683,Unincorporate,107,45,52.013031001405466,36.008687334270306,0.0,16.004343667135153,7.079232919934265,0.0,0.0,0.0,0.0,1.0,1.0450434246566886,0.0,4.0,1.0341894952775759,0,0,0
2684,Unincorporate,157,56,59.054241361,33.020916951218,0.033324409782003864,26.0,69.13126409362,40.00748205333634,0.04410473545632,0.00485677146394,29.0,0.030715797907080004,0.008138373804440002,0.0,0.03596636165188001,0.0,253,0,0
2685,Unincorporate,104,43,45.19546502108196,35.152028349730415,0.0,10.043436671351547,64.47792837672043,34.48643301367073,0.0,0.0,0.0,0.0,0.0,0.0,0.0,29.9914953630497,361,0,0
2686,Unincorporate,760,312,364.0,193.0,0.0,171.0,63.27351596222061,0.0,4.0,0.0,0.0,8.0,6.0,37.0,0.0,8.273515962220607,0,0,0
2687,Unincorporate,80,30,32.0,28.0,0.0,4.0,0.0,0.0,0.0,0.0,0.0,0.0,0.0,0.0,0.0,0.0,0,0,0
2688,Unincorporate,201,73,76.413975991,57.31652244609343,2.097453544906566,17.0,2579.949201700775,0.47092384819854,2.77597215780192,0.30568741023414003,5.0,1.93326632418348,2.51223295768964,0.0,5.26373920011228,2561.6873798025554,0,0,0
2689,Unincorporate,119,44,45.19546502108196,32.13899734832495,0.0,13.05646767275701,41.66063590433908,0.0,19.855825068477085,0.0,5.225217123283443,2.0900868493133773,1.0450434246566886,0.0,0.0,13.444463438608487,0,0,0
2690,Unincorporate,108,27,30.043436671351547,27.03909300421639,0.0,3.0043436671351547,3.1025684858327276,0.0,0.0,0.0,0.0,0.0,0.0,0.0,0.0,3.1025684858327276,0,0,0
2691,Unincorporate,25,6,7.030405669946083,5.021718335675773,0.0,2.0086873342703093,0.0,0.0,0.0,0.0,0.0,0.0,0.0,0.0,0.0,0.0,0,0,0
2692,Unincorporate,125,32,35.15202834973041,26.112935345514018,0.0,9.039093004216392,47.88748073476276,0.0,0.0,0.0,0.0,17.76573821916371,4.180173698626755,0.0,8.36034739725351,17.58122141971879,0,0,0
2693,Unincorporate,5,2,2.0086873342703093,2.0086873342703093,0.0,0.0,0.0,0.0,0.0,0.0,0.0,0.0,0.0,0.0,0.0,0.0,0,0,0
2694,Unincorporate,0,0,0.0,0.0,0.0,0.0,0.0,0.0,0.0,0.0,0.0,0.0,0.0,0.0,0.0,0.0,0,0,0
2695,Unincorporate,36,13,14.060811339892165,9.039093004216392,0.0,5.021718335675773,0.0,0.0,0.0,0.0,0.0,0.0,0.0,0.0,0.0,0.0,0,0,0
2696,Unincorporate,41,15,16.069498674162475,11.047780338486701,0.0,5.021718335675773,1.0450434246566886,0.0,0.0,0.0,0.0,1.0450434246566886,0.0,0.0,0.0,0.0,0,0,0
2697,Unincorporate,67,25,26.11293534551402,26.11293534551402,0.0,0.0,2.0900868493133773,0.0,0.0,0.0,0.0,2.0900868493133773,0.0,0.0,0.0,0.0,0,0,0
2698,Unincorporate,67,25,26.11293534551402,26.11293534551402,0.0,0.0,9.329413316256408,0.0,0.0,0.0,0.0,2.0900868493133773,0.0,0.0,0.0,7.239326466943031,0,0,0
2699,Unincorporate,447,114,125.54295839189433,96.41699204497485,0.0,29.125966346919483,24.874817533557383,0.0,0.0,0.0,0.0,5.225217123283443,0.0,0.0,0.0,19.64960041027394,0,0,0
2700,Unincorporate,1009,372,385.05985478097784,315.8643897598958,0.0,69.19546502108196,243.3708216362968,0.0,0.0,0.0,22.135130273970066,3.0900868493133773,2.0,0.0,0.0,216.14560451301335,0,0,0
2701,Unincorporate,0,0,0.0,0.0,0.0,0.0,0.0,0.0,0.0,0.0,0.0,0.0,0.0,0.0,0.0,0.0,0,0,0
2702,Unincorporate,21,8,8.034749337081237,8.034749337081237,0.0,0.0,46.62535872252381,0.0,0.0,0.0,4.180173698626755,0.0,4.180173698626755,0.0,0.0,38.26501132527031,0,0,0
2703,Unincorporate,165,53,71.30840036659598,46.19980868821712,0.0,25.108591678378865,2.0900868493133773,0.0,0.0,0.0,0.0,2.0900868493133773,0.0,0.0,0.0,0.0,0,0,0
2704,Unincorporate,509,163,214.39105354866578,167.38670988153063,8.0,39.00434366713515,32.78635839138425,0.0,0.0,0.0,6.0,3.0,0.0,0.0,0.0,23.786358391384248,0,0,0
2705,Fresno,14,4,4.0,3.0,0.0,1.0,0.0,0.0,0.0,0.0,0.0,0.0,0.0,0.0,0.0,0.0,0,0,0
2706,Unincorporate,20,6,6.0,6.0,0.0,0.0,0.0,0.0,0.0,0.0,0.0,0.0,0.0,0.0,0.0,0.0,0,0,0
2707,Unincorporate,150,48,65.0,62.0,0.0,3.0,13.444463438608487,0.0,0.0,0.0,0.0,0.0,0.0,0.0,0.0,13.444463438608487,0,0,0
2708,Unincorporate,821,266,356.0,353.0,0.0,3.0,0.0,0.0,0.0,0.0,0.0,0.0,0.0,0.0,0.0,0.0,654,0,0
2709,Unincorporate,2779,880,926.0,924.0,0.0,2.0,202.33339031582545,45.0,0.0,0.0,30.0,12.0,36.0,39.0,0.0,40.333390315825454,568,0,0
2710,Unincorporate,749,274,285.3194415466586,232.27874265303248,1.9060452124363152,51.134653681189796,72.23254061593607,0.42794852284602003,2.52264392414496,0.27779114640882,13.045043424656688,3.75684130431524,14.051052387492273,0.0,5.057156057189641,33.09406384888243,0,0,0
2711,Unincorporate,1965,602,701.0,699.0,0.0,2.0,183.63259113637335,2.0,15.0,0.0,7.0,20.0,59.0,1.0,0.0,79.63259113637334,0,0,0
2712,Unincorporate,17,5,6.0,6.0,0.0,0.0,0.0,0.0,0.0,0.0,0.0,0.0,0.0,0.0,0.0,0.0,0,0,0
2713,Unincorporate,136,40,40.0,40.0,0.0,0.0,2.034189495277576,0.0,0.0,0.0,0.0,1.0,0.0,0.0,0.0,1.0341894952775759,0,0,0
2714,Unincorporate,156,46,46.0,46.0,0.0,0.0,4.068378990555152,0.0,0.0,0.0,0.0,0.0,2.0,0.0,0.0,2.0683789905551517,0,0,0
2715,Unincorporate,167,49,49.0,49.0,0.0,0.0,22.615410914996364,0.0,0.0,0.0,0.0,0.0,4.0,0.0,0.0,18.615410914996364,0,0,0
2716,Unincorporate,132,39,39.0,39.0,0.0,0.0,2.0,0.0,0.0,0.0,0.0,0.0,0.0,2.0,0.0,0.0,0,0,0
2717,Unincorporate,117,45,45.0,45.0,0.0,0.0,10.0,0.0,0.0,0.0,8.0,2.0,0.0,0.0,0.0,0.0,0,0,0
2718,Unincorporate,41,12,12.0,12.0,0.0,0.0,45.504337792213335,0.0,0.0,0.0,0.0,0.0,0.0,0.0,0.0,45.504337792213335,0,0,0
2719,Unincorporate,37,11,11.0,10.0,0.0,1.0,2.0,0.0,0.0,0.0,2.0,0.0,0.0,0.0,0.0,0.0,0,0,0
2720,Unincorporate,17,5,5.0,5.0,0.0,0.0,0.0,0.0,0.0,0.0,0.0,0.0,0.0,0.0,0.0,0.0,0,0,0
2721,Unincorporate,224,66,66.0,66.0,0.0,0.0,47.30770545749819,0.0,0.0,0.0,38.0,0.0,0.0,0.0,0.0,9.307705457498184,0,0,0
2722,Unincorporate,215,63,63.0,63.0,0.0,0.0,2.0,0.0,0.0,0.0,0.0,1.0,1.0,0.0,0.0,0.0,0,0,0
2723,Unincorporate,129,50,50.0,50.0,0.0,0.0,2.0,0.0,0.0,0.0,0.0,1.0,0.0,1.0,0.0,0.0,0,0,0
2724,Unincorporate,48,14,14.0,14.0,0.0,0.0,0.0,0.0,0.0,0.0,0.0,0.0,0.0,0.0,0.0,0.0,0,0,0
2725,Unincorporate,136,40,40.0,38.0,0.0,2.0,8.0,0.0,0.0,0.0,0.0,2.0,4.0,2.0,0.0,0.0,0,0,0
2726,Unincorporate,197,58,58.0,58.0,0.0,0.0,1.0,0.0,0.0,0.0,0.0,0.0,1.0,0.0,0.0,0.0,0,0,0
2727,Unincorporate,71,21,21.0,21.0,0.0,0.0,1.0,0.0,0.0,0.0,0.0,1.0,0.0,0.0,0.0,0.0,0,0,0
2728,Unincorporate,65,19,19.0,19.0,0.0,0.0,0.0,0.0,0.0,0.0,0.0,0.0,0.0,0.0,0.0,0.0,0,0,0
2729,Unincorporate,36,14,14.0,14.0,0.0,0.0,0.0,0.0,0.0,0.0,0.0,0.0,0.0,0.0,0.0,0.0,0,0,0
2730,Unincorporate,21,8,8.0,8.0,0.0,0.0,1.0,0.0,0.0,0.0,0.0,0.0,1.0,0.0,0.0,0.0,0,0,0
2731,Unincorporate,110,42,42.0,42.0,0.0,0.0,24.0,0.0,0.0,0.0,0.0,24.0,0.0,0.0,0.0,0.0,0,0,0
2732,Unincorporate,109,42,42.0,42.0,0.0,0.0,4.0,0.0,0.0,0.0,0.0,1.0,3.0,0.0,0.0,0.0,0,0,0
2733,Unincorporate,75,29,29.0,29.0,0.0,0.0,48.13675798111031,0.0,18.0,0.0,16.0,0.0,10.0,0.0,0.0,4.1367579811103035,0,0,0
2734,Clovis,165,63,64.23502328832001,58.45679678344889,4.4678503963045255,1.3103761085665928,1.0,0.0,0.0,0.0,0.0,1.0,0.0,0.0,0.0,0.0,0,0,0
2735,Clovis,92,35,35.53112369316,30.668003121626693,3.7602705872615143,1.1028499842717907,0.0,0.0,0.0,0.0,0.0,0.0,0.0,0.0,0.0,0.0,0,0,0
2736,Unincorporate,169,65,65.0,65.0,0.0,0.0,5.170947476387879,0.0,0.0,0.0,0.0,0.0,0.0,0.0,0.0,5.170947476387879,0,0,0
2737,Unincorporate,102,39,39.0,39.0,0.0,0.0,11.102568485832728,0.0,0.0,0.0,0.0,4.0,4.0,0.0,0.0,3.1025684858327276,0,0,0
2738,Clovis,1658,625,648.3095121812701,141.0366779011054,501.73367438211113,5.539159898053455,1327.3828745225098,147.22818802552123,139.61293692075287,125.63420438818564,0.0,609.2200883814669,191.458690235058,0.0,114.2287665715251,0.0,0,0,0
2771,Clovis,3000,1057,1119.9452628778802,1104.242252267464,10.59546581199286,5.1075447984232945,157.29920082054787,0.0,0.0,0.0,9.0,3.0,98.0,8.0,0.0,39.29920082054788,0,0,0
2772,Unincorporate,369,115,127.0,126.0,0.0,1.0,24.0,0.0,13.0,0.0,0.0,4.0,3.0,4.0,0.0,0.0,4,2,0
2773,Unincorporate,29,9,10.0,10.0,0.0,0.0,0.0,0.0,0.0,0.0,0.0,0.0,0.0,0.0,0.0,0.0,0,0,0
2774,Unincorporate,5,2,2.0,2.0,0.0,0.0,17.58122141971879,0.0,0.0,0.0,0.0,0.0,0.0,0.0,0.0,17.58122141971879,0,0,0
2775,Unincorporate,0,0,0.0,0.0,0.0,0.0,0.0,0.0,0.0,0.0,0.0,0.0,0.0,0.0,0.0,0.0,0,0,0
2776,Unincorporate,5,2,2.0,2.0,0.0,0.0,0.0,0.0,0.0,0.0,0.0,0.0,0.0,0.0,0.0,0.0,0,0,0
2777,Unincorporate,0,0,0.0,0.0,0.0,0.0,0.0,0.0,0.0,0.0,0.0,0.0,0.0,0.0,0.0,0.0,0,0,0
2778,Unincorporate,3,1,1.0,1.0,0.0,0.0,0.0,0.0,0.0,0.0,0.0,0.0,0.0,0.0,0.0,0.0,0,0,0
2779,Unincorporate,35,12,13.0,13.0,0.0,0.0,0.0,0.0,0.0,0.0,0.0,0.0,0.0,0.0,0.0,0.0,0,0,0
2780,Clovis,394,147,153.47240603213,55.17798852116863,96.59359681218633,1.7008206987750554,0.0,0.0,0.0,0.0,0.0,0.0,0.0,0.0,0.0,0.0,0,0,0
2781,Clovis,0,0,0.0,0.0,0.0,0.0,0.0,0.0,0.0,0.0,0.0,0.0,0.0,0.0,0.0,0.0,0,0,0
2782,Clovis,0,0,0.0,0.0,0.0,0.0,0.0,0.0,0.0,0.0,0.0,0.0,0.0,0.0,0.0,0.0,0,0,0
2783,Unincorporate,0,0,0.0,0.0,0.0,0.0,0.0,0.0,0.0,0.0,0.0,0.0,0.0,0.0,0.0,0.0,0,0,0
2784,Unincorporate,172,58,63.981009386000004,47.246264246092004,16.734745139908,0.0,4.102568485832728,0.0,0.0,0.0,0.0,1.0,0.0,0.0,0.0,3.1025684858327276,0,0,0
2785,Unincorporate,26,9,9.0,8.0,0.0,1.0,0.0,0.0,0.0,0.0,0.0,0.0,0.0,0.0,0.0,0.0,0,0,0
2786,Unincorporate,70,24,24.0,24.0,0.0,0.0,0.0,0.0,0.0,0.0,0.0,0.0,0.0,0.0,0.0,0.0,0,0,0
2787,Unincorporate,87,29,30.0,30.0,0.0,0.0,1.0,0.0,0.0,0.0,0.0,0.0,1.0,0.0,0.0,0.0,0,0,0
2788,Unincorporate,0,0,0.0,0.0,0.0,0.0,0.0,0.0,0.0,0.0,0.0,0.0,0.0,0.0,0.0,0.0,0,0,0
2801,Unincorporate,16,5,6.026062002810928,3.013031001405464,0.0,3.013031001405464,0.0,0.0,0.0,0.0,0.0,0.0,0.0,0.0,0.0,0.0,0,0,0
2802,Unincorporate,114,48,48.0,41.0,0.0,7.0,156.145433565537,0.0,0.0,0.0,25.0,1.0,0.0,35.0,0.0,95.14543356553699,0,0,0
2803,Unincorporate,134,51,58.0,56.0,0.0,2.0,13.341894952775759,0.0,0.0,0.0,0.0,0.0,3.0,0.0,0.0,10.341894952775759,0,0,0
2804,Unincorporate,564,191,207.7028856575105,199.6681363204293,0.0,8.034749337081237,40.88729917007674,0.0,0.0,0.0,0.0,4.0,9.135130273970066,2.0,3.0,22.75216889610667,0,0,0
2805,Unincorporate,274,93,101.545607255297,92.545607255297,0.0,9.0,39.13910727353912,0.0,0.0,0.0,0.0,1.0,0.0,0.0,5.045043424656688,33.09406384888243,0,0,0
2806,Unincorporate,260,88,96.0,93.0,0.0,3.0,49.09406384888243,0.0,0.0,0.0,3.0,0.0,9.0,2.0,2.0,33.09406384888243,0,0,0
2807,Unincorporate,86,30,32.013031001405466,30.013031001405466,0.0,2.0,22.683789905551517,0.0,0.0,0.0,0.0,0.0,0.0,0.0,2.0,20.683789905551517,0,0,0
2821,Unincorporate,229,73,77.52756147944402,66.06535662654741,6.444830184355997,5.017374668540619,431.26693616164613,0.12378137450778,380.72965862867744,40.83704287488784,0.0,0.50815511640036,6.404899937755612,0.0,0.5950192388619601,2.0683789905551517,0,0,0
2822,Unincorporate,1182,391,405.01303100140547,401.0086873342703,0.0,4.004343667135155,142.5920753490979,0.0,1.0450434246566886,0.0,108.0,12.0,5.0,0.0,0.0,16.547031924441214,0,0,0
2823,Unincorporate,154,51,53.10424801124371,51.10424801124371,0.0,2.0,1.0,0.0,0.0,0.0,0.0,0.0,1.0,0.0,0.0,0.0,0,0,0
2824,Unincorporate,311,103,106.33011870227176,90.29971303232567,0.0,16.030405669946084,28.07507138380213,0.0,0.0,0.0,0.0,1.0450434246566886,13.585564520536952,0.0,0.0,13.444463438608487,0,0,0
2825,Unincorporate,1233,414,429.8590895338462,340.4725031588174,0.0,89.38658637502877,152.38096927105252,0.0,30.30625931504397,0.0,2.0900868493133773,4.180173698626755,8.36034739725351,7.31530397259682,81.51338712322172,18.615410914996367,0,0,0
2826,Unincorporate,1670,640,682.953693651905,531.2977999144969,0.0,151.65589373740835,96.7223195297702,25.081042191760528,0.0,0.0,6.270260547940132,10.450434246566887,4.180173698626755,4.180173698626755,2.0900868493133773,44.47014829693576,460,560,0
2827,Unincorporate,413,171,198.6428627360029,114.35618070508268,0.0,84.2866820309202,90.93505798841134,66.0,0.0,0.0,7.315303972596821,3.135130273970066,3.0,0.0,10.450434246566886,1.0341894952775759,0,0,0
2828,Unincorporate,634,218,218.9469194354637,192.8339840899497,0.0,26.112935345514018,13.520440944262276,0.0,0.0,0.0,0.0,4.180173698626755,3.135130273970066,0.0,0.0,6.205136971665455,0,0,0
2829,Unincorporate,420,145,145.62983173459745,134.58205139611073,0.0,11.047780338486701,49.03020952383146,0.0,0.0,0.0,2.0900868493133773,3.135130273970066,0.0,1.0450434246566886,34.48643301367073,8.273515962220607,0,0,0
2830,Unincorporate,250,86,86.3735553736233,71.30840036659599,0.0,15.06515500702732,12.442835731468248,0.0,1.0450434246566886,0.0,0.0,1.0450434246566886,0.0,1.0450434246566886,0.0,9.307705457498184,0,0,0
2831,Unincorporate,959,328,346.49856516162833,226.98166877254494,0.0,119.51689638908341,24.961648968590286,0.0,0.0,0.0,0.0,3.135130273970066,0.0,10.450434246566886,0.0,11.376084448053334,0,0,0
2832,Unincorporate,689,203,431.8677768681166,119.51689638908343,0.0,312.3508804790331,748.1283881978317,29.261215890387284,0.0,73.15303972596821,6.270260547940131,6.270260547940131,0.0,14.630607945193642,9.405390821910197,609.1376127184922,0,0,0
2833,Unincorporate,83,33,36.0,36.0,0.0,0.0,2.0,0.0,0.0,0.0,0.0,0.0,2.0,0.0,0.0,0.0,0,0,0
2834,Unincorporate,1096,380,391.4811904930878,278.03379277816686,0.0,113.44739771492094,208.94283212444188,0.0,102.41425561635549,0.0,5.225217123283443,21.630607945193642,4.180173698626755,6.180173698626755,2.0900868493133773,67.22231719304243,0,0,0
2835,Unincorporate,727,254,260.12500978800506,219.9512631025989,0.0,40.173746685406186,80.46834369856504,0.0,6.270260547940132,0.0,15.67565136985033,4.180173698626755,21.94591191779046,9.405390821910197,22.99095534244715,0.0,0,0,0
2836,Unincorporate,103,46,50.21718335675772,27.11727901264917,0.0,23.09990434410856,14.500360792644287,0.0,0.0,0.0,0.0,0.0,2.0900868493133773,0.0,0.0,12.41027394333091,0,0,0
2837,Unincorporate,69,31,33.12162267978433,25.09990434410856,0.0,8.021718335675773,69.29069618359759,0.0,0.0,0.0,0.0,0.0,0.0,0.0,0.0,69.29069618359759,0,0,0
2838,Unincorporate,510,218,243.88176442843644,86.30840036659598,4.017374668540619,153.5559893932998,32.35130273970066,10.450434246566886,17.76573821916371,0.0,0.0,4.135130273970066,0.0,0.0,0.0,0.0,0,42,0
2851,Unincorporate,572,260,558.3725988147089,506.2292577992488,0.0,52.143341015460095,254.5312936033428,29.261215890387284,0.0,54.34225808214781,5.225217123283443,4.045043424656688,17.0,101.32416876704211,3.0,40.33339031582546,120,0,0
2852,Unincorporate,5,15,212.91651376551764,99.42567937924515,111.48214705200216,2.0086873342703093,177.65738219163705,13.585564520536952,96.14399506841535,0.0,34.48643301367073,0.0,15.67565136985033,14.630607945193642,3.135130273970066,0.0,47,0,0
2853,Unincorporate,823,365,543.8894952037923,409.35956781330344,0.0,134.5299273904889,44.6014831360228,0.0,12.540521095880264,0.0,3.135130273970066,7.270260547940132,15.450434246566886,0.0,0.0,6.205136971665455,0,0,0
2854,Unincorporate,257,179,486.1023348934148,443.9199008737384,7.030405669946083,35.152028349730415,111.79793857950747,16.72069479450702,49.117040958864365,39.71165013695417,0.0,2.0900868493133773,1.0450434246566886,0.0,1.0450434246566886,2.0683789905551517,39,27,0
2855,Unincorporate,0,0,0.0,0.0,0.0,0.0,0.0,0.0,0.0,0.0,0.0,0.0,0.0,0.0,0.0,0.0,0,0,0
