SOI,YEAR,POP_TOT,POP_HH,HH_TOT,POP_GRP,POP_SCHL,AGE_0005,AGE_0614,AGE_1519,AGE_2024,AGE_2534,AGE_3544,AGE_4554,AGE_5564,AGE_6574,AGE_75p,RACE_White,RACE_Hisp,RACE_Black,RACE_Asian,RACE_PacIs,RACE_NatAm,RACE_Other,RACE_TwoPlus,INC_0010,INC_1024,INC_2534,INC_3549,INC_5074,INC_7599,INC_100149,INC_150p,EMP_AGR,EMP_OTH,EMP_IND,EMP_RET,EMP_OFC,EMP_EDU,EMP_MED,EMP_FOO,EMP_GOV,EMP_TOT,HU_tot
Fresno County,2019,1018241,1000643,314418,17598,187796,94257,136620,73079,74166,151437,126501,109909,107089,75136,52449,296462,535578,46827,94449,1203,5944,1846,18334,20748,51640,29970,43750,56210,37580,43360,31160,63744,15881,60907,38724,53464,40362,71131,32172,24819,401194,
Fresno County,2020,,,,,,,,,,,,,,,,,,,,,,,,,,,,,,,,,,,,,,,,,,
Fresno County,2021,,,,,,,,,,,,,,,,,,,,,,,,,,,,,,,,,,,,,,,,,,
Fresno County,2022,1010545,991834,327027,18712,204154,81333,142415,78900,72979,145359,132556,109307,106802,83248,57646,267220,546385,44257,110639,1246,6062,5236,29499,,,,,,,,,67253,18701,68201,39389,50349,38882,75166,32358,24446,414745,
Fresno County,2023,1012524,993782,328642,18742,202610,80397,139124,80375,73853,144237,134341,109844,105446,84715,60191,265084,549906,44274,111208,1248,6054,5244,29505,,,,,,,,,68200,18799,67300,39494,50312,38995,75398,32500,24598,415596,
Fresno County,2024,1014946,996178,330265,18768,201065,80326,136085,80604,74585,144020,135826,110284,104411,86192,62612,263066,553691,44310,111798,1253,6047,5256,29525,,,,,,,,,69199,18999,67138,39694,50424,39089,75584,32596,24694,417417,
Fresno County,2025,1017950,999149,330265,18801,199521,81099,132492,80630,75067,142649,137164,111555,103948,87801,65544,261168,557867,44365,112419,1256,6044,5267,29564,,,,,,,,,71199,18998,67871,39795,50831,39181,75776,32704,24789,421144,
Fresno County,2026,1021347,1002501,331896,18846,197617,82121,128967,80634,75852,141946,138531,112730,103148,89347,68070,259348,562320,44427,113054,1259,6042,5281,29616,,,,,,,,,71398,19198,68569,39899,51017,39285,75977,32810,24893,423046,
Fresno County,2027,1026804,1007582,334126,19222,195712,82442,126673,80037,77528,141622,139508,115096,102450,90615,70835,258020,567977,44574,113880,1265,6049,5307,29732,,,,,,,,,71500,19401,69363,40100,51305,39589,76270,33015,24999,425542,
Fresno County,2028,1031856,1012567,336371,19289,193808,82749,124870,78423,79263,142237,139926,117685,101636,91380,73689,256534,573487,44703,114638,1270,6054,5330,29840,,,,,,,,,71599,19600,70066,40298,51800,39786,76470,33116,25100,427835,
Fresno County,2029,1036756,1017401,338631,19354,191903,83115,123289,77551,79736,143148,140903,119945,100485,92117,76465,254966,578994,44826,115342,1274,6057,5352,29945,,,,,,,,,71701,19799,70759,40500,52100,39979,76760,33319,25199,430116,
Fresno County,2030,1041675,1022255,340907,19420,189999,83525,121684,76816,79963,143873,140746,122498,100286,92472,79811,253374,584577,44946,116014,1277,6058,5375,30054,,,,,,,,,71799,20000,71460,41200,52400,40180,76959,33419,25299,432716,
Fresno County,2031,1046716,1027223,343198,19493,189041,83903,120797,75665,80147,145540,140862,124519,100294,92569,82419,251779,590285,45070,116676,1280,6059,5398,30169,,,,,,,,,70000,20199,72175,41401,52798,40383,77260,33619,25399,433234,
Fresno County,2032,1051845,1032497,344858,19348,188082,84343,120376,74121,79578,147932,140653,126739,100924,92044,85134,250190,596089,45197,117319,1282,6059,5421,30287,,,,,,,,,70199,20301,72789,41600,53200,40571,77554,33725,25599,435538,
Fresno County,2033,1056904,1037483,346526,19421,187124,84799,120789,72268,78025,150862,140156,128983,101852,91240,87930,248555,601891,45322,117940,1285,6058,5446,30408,,,,,,,,,70301,20599,73501,41699,53600,40771,77755,33925,25701,437852,
Fresno County,2034,1061745,1042255,348203,19490,186165,85247,121971,69900,77205,152367,140465,130875,102647,90671,90398,246840,607607,45444,118518,1287,6054,5470,30526,,,,,,,,,70500,20799,74210,41900,53901,40961,78050,34029,25800,440150,
Fresno County,2035,1066607,1047047,349887,19560,185207,85643,123457,67273,76525,153355,139584,132607,104238,90618,93308,245118,613351,45565,119086,1290,6052,5495,30651,,,,,,,,,70600,20952,74922,42401,54198,41062,78250,34381,25901,442667,
Fresno County,2036,1071499,1051869,351580,19631,186703,85969,124122,66187,75424,154572,139298,134307,105664,90218,95737,243390,619131,45691,119648,1291,6052,5522,30775,,,,,,,,,70800,21249,75836,42601,54701,41263,78549,34480,26000,445479,
Fresno County,2037,1076440,1056948,352718,19492,188200,86287,124773,65599,73929,155778,139113,135374,108007,89699,97880,241686,624930,45821,120205,1293,6050,5548,30907,,,,,,,,,70902,21350,76548,42800,54998,41450,78843,34685,26100,447676,
Fresno County,2038,1081240,1061680,353859,19560,189696,86541,125462,65818,72125,156088,139894,135941,110571,89118,99683,239953,630636,45951,120750,1294,6046,5575,31036,,,,,,,,,71102,21550,77265,42999,55401,41650,79045,34785,26301,450098,
Fresno County,2039,1086054,1066425,355004,19629,191193,86698,126205,66799,69823,155931,141010,137086,112837,88255,101410,238226,636342,46084,121301,1296,6040,5603,31162,,,,,,,,,71297,21750,77979,43200,55701,41839,79341,34990,26401,452498,
Fresno County,2040,1090818,1071121,356153,19697,192689,86719,126962,68060,67260,155668,141953,137157,115452,88292,103296,236511,641987,46218,121850,1298,6037,5630,31287,,,,,,,,,71400,21951,78790,43300,56199,42041,79541,35090,26500,454812,
Fresno County,2041,1095433,1075671,357305,19763,193807,86616,127750,68424,66231,154926,143800,137450,117495,88441,104302,234776,647527,46351,122383,1299,6031,5657,31410,,,,,,,,,71600,22151,79402,43500,56500,42230,79840,35290,26602,457115,
Fresno County,2042,1099863,1080086,358432,19777,194924,86464,128471,68781,65684,153011,146344,137403,119711,89111,104883,233051,652896,46478,122907,1300,6022,5682,31526,,,,,,,,,71901,22250,80115,43700,56899,42420,80036,35393,26701,459415,
Fresno County,2043,1104105,1084268,359562,19837,196042,86233,129120,69180,65943,149798,149421,137067,121956,90041,105347,231338,658092,46607,123420,1301,6013,5706,31628,,,,,,,,,72201,22449,80831,43902,57201,42519,80235,35596,26801,461735,
Fresno County,2044,1107911,1088019,360695,19891,197159,85873,129646,69622,66937,146774,151073,137511,123835,90856,105783,229580,662975,46723,123896,1301,6000,5729,31707,,,,,,,,,72300,22551,81644,44000,57598,42711,80430,35700,26901,463835,
Fresno County,2045,1111571,1091628,361833,19943,198277,85456,130054,70066,68204,143612,152201,136802,125643,92463,107071,227842,667716,46838,124362,1301,5986,5751,31775,,,,,,,,,72498,22750,82459,44202,58001,42809,80629,35799,27002,466149,
Fresno County,2046,1114937,1094946,362973,19991,198491,85002,130358,70512,68562,141532,153515,136626,127336,93834,107660,226089,672234,46947,124798,1301,5971,5771,31827,,,,,,,,,72700,22850,83270,44302,58300,43003,80829,35900,27100,468254,
Fresno County,2047,1118075,1098076,363889,19998,198705,84576,130481,70966,68909,139518,154778,136519,128397,95998,107934,224366,676534,47051,125221,1300,5953,5789,31862,,,,,,,,,72901,23051,83980,44399,58600,43101,81022,36004,27200,470258,
Fresno County,2048,1120780,1100743,364808,20037,198919,84107,130443,71396,69279,137959,155107,137314,128938,98292,107946,222631,680500,47140,125606,1298,5931,5802,31872,,,,,,,,,73099,23148,84692,44600,59000,43199,81222,36115,27299,472374,
Fresno County,2049,1123295,1103223,365728,20073,199133,83643,130242,71798,69702,136628,154931,138405,129978,100252,107716,220931,684282,47227,125975,1296,5909,5812,31864,,,,,,,,,73301,23249,85510,44700,59400,43300,81321,36215,27398,474394,
Fresno County,2050,1125485,1105382,366651,20104,199347,83225,129871,72141,70108,135268,154592,139282,130002,102574,108421,219237,687803,47303,126309,1293,5884,5820,31836,,,,,,,,,73500,23352,86328,44800,59700,43391,81421,36320,27500,476312,
Fresno County,2051,1127243,1107114,367576,20129,198617,82850,129373,72430,70502,134494,153720,140975,130135,104257,108506,,,,,,,,,,,,,,,,,73697,23549,87050,44901,60000,43485,81522,36420,27500,478124,
Fresno County,2052,1128793,1108642,368194,20151,197888,82558,128746,72643,70899,134179,151672,143335,129936,106086,108738,,,,,,,,,,,,,,,,,73898,23549,87961,45003,60299,43480,81614,36523,27602,479929,
Fresno County,2053,1129886,1109719,368812,20166,197158,82286,128005,72761,71264,134659,148291,146160,129421,107905,109133,,,,,,,,,,,,,,,,,74100,23549,88775,45001,60601,43580,81716,36525,27701,481548,
Fresno County,2054,1130603,1110427,369432,20177,196429,82084,127192,72732,71582,135892,145082,147561,129637,109344,109498,,,,,,,,,,,,,,,,,74300,23750,89592,45101,60901,43574,81809,36630,27700,483357,
Fresno County,2055,1131117,1110933,370052,20184,195699,81971,126361,72582,71840,137358,141714,148411,128799,110819,111263,210807,701272,47501,127348,1269,5726,5808,31387,,,,,,,,,74500,23751,90300,45099,61300,43571,81811,36632,27799,484763,
Fresno County,2056,1131322,1111135,370674,20187,195156,81931,125560,72324,72046,137896,139401,149403,128407,112084,112268,,,,,,,,,,,,,,,,,74599,23750,91120,45201,61601,43570,81910,36732,27802,486285,
Fresno County,2057,1131204,1111018,370503,20185,194613,81935,124740,71986,72164,138400,137134,150307,128063,112769,113707,,,,,,,,,,,,,,,,,74900,23850,92034,45200,61898,43566,81908,36737,27898,487991,
Fresno County,2058,1130630,1110453,370332,20177,194070,81893,124677,71949,72128,138330,137064,150230,127998,112712,113649,,,,,,,,,,,,,,,,,75100,23849,92850,45300,62201,43564,81905,36736,27899,489404,
Fresno County,2059,1129791,1109626,370161,20165,193527,81832,124584,71896,72074,138227,136963,150119,127903,112629,113565,,,,,,,,,,,,,,,,,75300,23850,93660,45300,62500,43559,81900,36741,27900,490710,
Fresno County,2060,1128533,1108386,369990,20147,192984,81741,124446,71816,71994,138073,136810,149952,127760,112503,113438,207038,703263,47399,127167,1252,5637,5767,31010,,,,,,,,,75501,23750,94569,45301,62800,43461,81800,36740,28000,491922,
Clovis,2019,134213,133616,44648,597,25024,10969,16176,9899,10066,18067,16278,16751,16466,11468,7476,74226,37786,3020,13247,265,1014,210,3848,1448,3740,5120,4120,7230,5550,10490,6950,2947,1593,2404,6568,4372,6364,6999,4807,1038,37092,
Clovis,2020,,,,,,,,,,,,,,,,,,,,,,,,,,,,,,,,,,,,,,,,,,
Clovis,2021,,,,,,,,,,,,,,,,,,,,,,,,,,,,,,,,,,,,,,,,,,
Clovis,2022,126960,126533,45318,427,24576,9330,16949,9676,8284,16041,17535,15063,14130,11685,8267,62082,38395,2981,15627,275,793,698,6108,,,,,,,,,3654,2494,3910,6923,4167,4830,7392,5705,1478,40553,
Clovis,2023,127496,127067,45820,429,24335,9223,16646,9777,8496,15900,17666,15223,14044,11718,8803,62034,38808,2989,15761,275,796,700,6132,,,,,,,,,3705,2513,3858,6959,4156,4856,7433,5744,1491,40716,
Clovis,2024,128191,127760,46328,431,24093,9279,16222,9910,8820,15819,17620,15390,14076,11817,9239,62057,39278,3002,15913,276,798,703,6166,,,,,,,,,3760,2546,3847,7011,4196,4881,7471,5775,1501,40988,
Clovis,2025,129054,128619,46328,434,23852,9401,15828,9858,9132,15849,17495,15622,14080,12080,9708,62150,39807,3017,16084,277,803,706,6210,,,,,,,,,3760,2552,3887,7046,4282,4905,7509,5807,1510,41258,
Clovis,2026,130120,129682,46841,438,23767,9617,15429,9801,9463,15937,17477,15749,14174,12331,10141,62334,40409,3037,16278,278,808,711,6265,,,,,,,,,3771,2585,3927,7081,4359,4929,7547,5839,1520,41558,
Clovis,2027,131832,131373,47401,459,23683,9693,15257,9813,9810,16143,17446,16244,14211,12604,10611,62815,41227,3073,16549,281,818,719,6352,,,,,,,,,3776,2619,3973,7133,4516,4979,7595,5889,1530,42009,
Clovis,2028,133418,132953,47967,465,23598,9767,15119,9763,10000,16598,17210,16775,14256,12821,11110,63221,42019,3108,16801,283,826,726,6434,,,,,,,,,3782,2652,4013,7186,4686,5016,7633,5921,1540,42429,
Clovis,2029,134956,134486,48539,470,23514,9861,14952,9731,10208,16996,17179,17170,14320,12954,11584,63593,42809,3141,17046,285,834,732,6515,,,,,,,,,3787,2685,4053,7239,4828,5053,7681,5971,1550,42849,
Clovis,2030,136500,136024,49119,476,23429,9974,14834,9701,10212,17585,16996,17550,14450,13115,12083,63958,43611,3173,17290,287,843,739,6600,,,,,,,,,3792,2719,4093,7293,4947,5091,7720,6003,1559,43219,
Clovis,2031,137712,137232,49705,480,23344,10073,14746,9629,10168,18182,16820,17738,14723,13136,12497,64156,44315,3198,17491,288,849,746,6669,,,,,,,,,3803,2753,4134,7346,5024,5129,7769,6054,1569,43581,
Clovis,2032,138945,138460,50134,485,23258,10193,14720,9452,10145,18771,16661,17997,14942,13103,12961,64355,45037,3223,17693,290,854,752,6741,,,,,,,,,3814,2773,4168,7400,5106,5167,7818,6087,1586,43918,
Clovis,2033,140161,139672,50567,489,23173,10318,14862,9165,10069,19220,16618,18244,15196,13096,13371,64539,45760,3247,17892,291,860,759,6813,,,,,,,,,3820,2821,4208,7436,5177,5204,7857,6138,1596,44255,
Clovis,2034,141325,140832,51004,493,23087,10456,15056,8810,10011,19791,16608,18278,15433,13188,13694,64689,46474,3271,18085,292,865,765,6884,,,,,,,,,3830,2855,4248,7490,5230,5243,7906,6171,1606,44579,
Clovis,2035,142494,141996,51444,497,23002,10590,15350,8427,9955,20130,16694,18207,15724,13242,14175,64834,47197,3293,18277,292,870,773,6957,,,,,,,,,3836,2876,4288,7544,5262,5268,7946,6222,1616,44858,
Clovis,2036,143670,143168,51888,501,23304,10725,15452,8316,9882,20451,16813,18213,15882,13360,14576,64974,47926,3317,18470,293,875,781,7034,,,,,,,,,3847,2924,4340,7599,5358,5307,7995,6255,1626,45251,
Clovis,2037,144857,144352,52234,505,23606,10853,15573,8267,9701,20761,16974,18120,16329,13348,14932,65116,48663,3340,18664,294,878,789,7113,,,,,,,,,3852,2945,4380,7654,5405,5345,8045,6307,1636,45569,
Clovis,2038,146011,145502,52584,509,23908,10971,15721,8372,9406,20856,17410,17828,16823,13359,15265,65238,49391,3363,18856,294,881,797,7192,,,,,,,,,3863,2980,4420,7709,5478,5384,8085,6340,1653,45911,
Clovis,2039,147169,146655,52935,513,24210,11076,15890,8528,9046,20999,17791,17760,17182,13389,15506,65357,50124,3385,19049,295,883,806,7270,,,,,,,,,3874,3015,4460,7764,5528,5423,8136,6392,1663,46254,
Clovis,2040,148314,147796,53289,517,24512,11157,16076,8774,8656,20928,18371,17536,17524,13499,15792,65465,50861,3407,19237,295,886,815,7347,,,,,,,,,3879,3050,4506,7801,5605,5462,8176,6426,1673,46578,
Clovis,2041,149423,148902,53645,521,24785,11214,16273,8808,8545,20813,19002,17359,17715,13760,15935,65554,51587,3427,19421,295,888,824,7426,,,,,,,,,3890,3085,4541,7857,5653,5501,8226,6479,1684,46915,
Clovis,2042,150488,149963,53965,525,25057,11251,16474,8848,8494,20604,19616,17195,17971,13965,16071,65624,52298,3446,19599,296,890,833,7502,,,,,,,,,3906,3106,4581,7912,5704,5540,8267,6513,1694,47224,
Clovis,2043,151508,150980,54287,529,25330,11271,16673,8902,8602,20219,20085,17149,18214,14201,16191,65680,52992,3464,19775,295,891,839,7572,,,,,,,,,3923,3142,4621,7969,5735,5567,8308,6566,1704,47533,
Clovis,2044,152423,151891,54610,532,25602,11255,16861,8972,8756,19779,20675,17131,18236,14420,16338,65693,53651,3480,19934,295,892,845,7634,,,,,,,,,3928,3164,4667,8006,5783,5606,8348,6600,1715,47818,
Clovis,2045,153303,152768,54936,535,25875,11226,17030,9051,9000,19309,21018,17214,18159,14698,16598,65691,54297,3497,20088,294,893,850,7693,,,,,,,,,3939,3199,4713,8063,5831,5633,8389,6635,1726,48127,
Clovis,2046,154112,153575,55264,538,26030,11175,17176,9145,9025,19100,21336,17325,18144,14844,16843,65662,54920,3511,20232,293,893,855,7746,,,,,,,,,3950,3221,4758,8101,5858,5673,8431,6669,1736,48398,
Clovis,2047,154866,154326,55503,540,26184,11123,17284,9249,9056,18838,21635,17473,18030,15250,16930,65616,55521,3524,20367,292,893,859,7795,,,,,,,,,3961,3257,4799,8139,5884,5700,8472,6704,1747,48663,
Clovis,2048,155517,154974,55743,543,26339,11059,17364,9356,9099,18612,21700,17898,17712,15692,17027,65532,56082,3535,20489,291,892,863,7833,,,,,,,,,3972,3279,4839,8196,5924,5727,8513,6739,1757,48947,
Clovis,2049,156122,155577,55984,545,26493,10990,17410,9468,9160,18364,21805,18257,17609,15993,17066,65432,56626,3547,20605,289,891,867,7864,,,,,,,,,3983,3302,4885,8235,5954,5754,8544,6774,1768,49199,
Clovis,2050,156648,156101,56226,547,26648,10921,17421,9571,9227,18172,21680,18810,17346,16271,17228,65308,57138,3557,20710,287,889,868,7891,,,,,,,,,3993,3324,4930,8274,5964,5781,8576,6810,1779,49430,
Clovis,2051,157071,156523,56470,548,26592,10857,17391,9668,9306,18040,21501,19401,17119,16397,17391,,,,,,,,,,,,,,,,,4004,3360,4971,8312,5965,5809,8607,6845,1783,49656,
Clovis,2052,157443,156894,56605,549,26537,10804,17329,9749,9395,17978,21225,19969,16909,16583,17504,,,,,,,,,,,,,,,,,4015,3369,5022,8352,5962,5823,8638,6880,1794,49855,
Clovis,2053,157706,157156,56740,550,26481,10754,17229,9821,9486,18087,20759,20382,16812,16747,17629,,,,,,,,,,,,,,,,,4026,3377,5068,8372,5964,5850,8670,6897,1805,50028,
Clovis,2054,157878,157328,56876,551,26426,10716,17112,9861,9578,18256,20238,20908,16733,16702,17775,,,,,,,,,,,,,,,,,4037,3414,5114,8411,5958,5864,8701,6933,1809,50241,
Clovis,2055,158002,157451,57012,551,26370,10688,16983,9884,9662,18520,19685,21177,16758,16574,18071,64268,59186,3588,21041,273,872,866,7908,,,,,,,,,4048,3422,5154,8431,5963,5879,8723,6950,1820,50389,
Clovis,2056,158051,157500,57149,551,26279,10680,16847,9873,9739,18569,19397,21412,16805,16485,18243,,,,,,,,,,,,,,,,,4053,3430,5200,8471,5946,5893,8754,6986,1824,50557,
Clovis,2057,158023,157471,57104,551,26188,10677,16702,9845,9797,18630,19052,21621,16883,16314,18502,,,,,,,,,,,,,,,,,4069,3453,5251,8491,5936,5907,8776,7003,1835,50722,
Clovis,2058,157885,157334,57059,551,26096,10668,16687,9836,9788,18614,19036,21602,16868,16299,18486,,,,,,,,,,,,,,,,,4080,3461,5297,8531,5909,5921,8797,7019,1840,50857,
Clovis,2059,157683,157133,57014,550,26005,10654,16666,9823,9776,18590,19011,21575,16846,16279,18462,,,,,,,,,,,,,,,,,4091,3470,5343,8552,5881,5936,8818,7037,1844,50972,
Clovis,2060,157381,156832,56969,549,25914,10634,16634,9805,9757,18555,18975,21533,16814,16247,18427,63450,59533,3577,21001,265,860,857,7838,,,,,,,,,4102,3464,5395,8573,5846,5937,8829,7054,1855,51054,
Coalinga,2019,13532,11314,3917,2218,2513,991,1438,795,783,1727,1421,1381,1442,868,468,3902,6474,388,333,16,63,7,131,429,500,400,220,739,480,679,470,125,60,157,239,200,940,450,228,1305,3704,
Coalinga,2020,,,,,,,,,,,,,,,,,,,,,,,,,,,,,,,,,,,,,,,,,,
Coalinga,2021,,,,,,,,,,,,,,,,,,,,,,,,,,,,,,,,,,,,,,,,,,
Coalinga,2022,17294,12778,4304,4516,2809,1073,1977,1073,1209,3209,2908,2031,2060,1153,601,4717,11069,607,362,24,110,65,340,,,,,,,,,254,40,259,322,201,1144,453,259,2080,5012,
Coalinga,2023,17294,12778,4327,4516,2780,1072,1912,1103,1192,3106,2956,2046,2045,1245,618,4683,11110,602,362,24,108,64,339,,,,,,,,,258,40,256,322,189,1145,454,260,2089,5013,
Coalinga,2024,17296,12780,4349,4516,2750,1073,1850,1123,1109,3057,3004,2113,1977,1347,643,4650,11155,597,362,24,107,64,338,,,,,,,,,261,40,255,323,184,1146,454,260,2094,5018,
Coalinga,2025,17299,12782,4349,4517,2721,1089,1757,1121,1095,2955,3041,2196,1923,1417,705,4615,11200,592,362,24,106,63,338,,,,,,,,,261,40,257,324,179,1147,454,260,2098,5022,
Coalinga,2026,17333,12807,4372,4526,2677,1093,1691,1168,1067,2785,3119,2273,1872,1517,747,4587,11270,586,362,24,104,62,337,,,,,,,,,262,41,260,324,181,1148,455,261,2103,5034,
Coalinga,2027,17387,13051,4401,4336,2633,1099,1653,1164,1053,2663,3164,2353,1894,1549,795,4563,11354,581,363,23,103,62,337,,,,,,,,,262,41,263,325,180,1154,456,262,2107,5050,
Coalinga,2028,17437,13089,4429,4348,2588,1105,1631,1132,1086,2525,3190,2443,1864,1617,844,4537,11436,575,364,23,102,61,337,,,,,,,,,263,41,266,326,183,1158,456,262,2112,5066,
Coalinga,2029,17485,13125,4458,4360,2544,1113,1624,1090,1109,2379,3256,2489,1891,1640,894,4510,11520,569,365,23,101,60,338,,,,,,,,,263,42,268,327,184,1162,457,263,2116,5082,
Coalinga,2030,17534,13162,4488,4373,2500,1122,1614,1031,1112,2322,3246,2571,1867,1691,958,4481,11604,563,366,23,100,60,338,,,,,,,,,264,42,271,328,185,1165,457,263,2121,5096,
Coalinga,2031,17581,13197,4517,4384,2492,1131,1594,991,1160,2249,3185,2674,1837,1740,1020,4451,11689,557,366,23,99,59,337,,,,,,,,,264,42,274,329,186,1169,458,264,2125,5112,
Coalinga,2032,17629,13474,4545,4155,2484,1140,1603,952,1156,2216,3091,2764,1861,1746,1099,4420,11775,551,367,23,98,59,337,,,,,,,,,265,43,276,330,179,1172,459,265,2138,5127,
Coalinga,2033,17676,13510,4574,4166,2476,1151,1612,925,1126,2238,3004,2822,1882,1741,1175,4389,11862,545,367,23,96,58,337,,,,,,,,,266,43,279,330,181,1176,459,266,2142,5142,
Coalinga,2034,17722,13545,4602,4177,2468,1161,1637,902,1084,2186,2969,2879,1953,1688,1264,4358,11946,539,367,22,95,57,337,,,,,,,,,266,44,281,331,182,1179,460,266,2146,5156,
Coalinga,2035,17767,13579,4631,4188,2460,1170,1646,892,1027,2181,2883,2926,2039,1649,1354,4325,12033,533,367,22,94,56,337,,,,,,,,,267,44,284,332,184,1180,461,267,2151,5169,
Coalinga,2036,17813,13614,4660,4199,2489,1173,1661,869,988,2206,2725,3011,2117,1611,1452,4292,12121,527,366,22,92,56,337,,,,,,,,,267,44,287,333,187,1184,461,267,2155,5186,
Coalinga,2037,17859,13860,4680,3999,2519,1178,1673,875,950,2191,2611,3059,2195,1632,1494,4260,12209,520,364,22,91,55,337,,,,,,,,,268,44,290,334,187,1187,462,268,2159,5201,
Coalinga,2038,17904,13894,4700,4009,2548,1177,1691,881,925,2197,2481,3091,2284,1611,1566,4227,12298,514,362,22,90,54,337,,,,,,,,,269,45,293,335,181,1191,463,269,2172,5216,
Coalinga,2039,17949,13929,4720,4019,2578,1177,1708,900,903,2183,2344,3163,2330,1639,1602,4193,12386,508,360,22,89,54,337,,,,,,,,,269,45,295,336,183,1194,463,270,2176,5231,
Coalinga,2040,17993,13964,4740,4029,2607,1172,1727,905,895,2133,2295,3160,2412,1623,1671,4160,12474,503,359,21,87,53,336,,,,,,,,,270,45,298,336,185,1198,464,270,2180,5246,
Coalinga,2041,18036,13997,4760,4039,2628,1167,1742,915,873,2147,2229,3108,2515,1605,1734,4126,12559,497,359,21,86,52,336,,,,,,,,,270,46,301,337,186,1201,465,271,2184,5261,
Coalinga,2042,18078,14079,4770,3999,2649,1164,1756,920,880,2110,2203,3025,2607,1634,1778,4093,12644,491,357,21,85,52,336,,,,,,,,,272,46,303,338,187,1204,465,271,2188,5275,
Coalinga,2043,18117,14109,4781,4008,2670,1159,1769,932,887,2058,2232,2946,2667,1658,1809,4059,12726,485,356,21,83,51,335,,,,,,,,,273,46,306,339,190,1205,465,272,2192,5289,
Coalinga,2044,18153,14137,4791,4016,2691,1156,1778,942,908,1999,2187,2921,2727,1725,1810,4025,12805,479,356,21,82,51,334,,,,,,,,,273,46,309,339,192,1208,466,273,2196,5302,
Coalinga,2045,18187,14164,4802,4023,2712,1151,1785,953,914,1937,2189,2845,2780,1807,1826,3989,12883,474,357,20,81,50,334,,,,,,,,,274,47,312,340,196,1209,466,273,2200,5316,
Coalinga,2046,18218,14188,4812,4030,2720,1144,1790,963,925,1879,2220,2697,2869,1881,1849,3954,12958,468,357,20,79,49,333,,,,,,,,,275,47,315,340,196,1212,466,273,2204,5329,
Coalinga,2047,18248,14249,4822,3999,2728,1139,1791,977,931,1852,2211,2591,2923,1957,1875,3918,13032,463,357,20,77,49,332,,,,,,,,,275,47,318,340,200,1213,466,273,2208,5341,
Coalinga,2048,18273,14268,4831,4005,2736,1136,1790,988,944,1837,2221,2470,2959,2039,1890,3882,13102,457,358,20,76,48,331,,,,,,,,,276,47,321,341,203,1213,467,274,2212,5354,
Coalinga,2049,18296,14287,4840,4010,2744,1130,1786,1002,955,1838,2212,2339,3034,2082,1919,3846,13171,451,358,19,74,47,330,,,,,,,,,277,47,324,341,206,1214,466,274,2216,5366,
Coalinga,2050,18317,14303,4850,4014,2752,1126,1782,1012,967,1838,2165,2296,3037,2159,1935,3810,13236,446,358,19,72,47,329,,,,,,,,,278,47,327,341,209,1214,466,274,2220,5377,
Coalinga,2051,18333,14316,4859,4018,2746,1125,1779,1016,978,1828,2183,2235,2989,2254,1947,,,,,,,,,,,,,,,,,278,48,329,341,219,1215,466,274,2216,5387,
Coalinga,2052,18348,14327,4865,4021,2740,1125,1770,1022,992,1844,2148,2213,2912,2338,1984,,,,,,,,,,,,,,,,,279,48,333,342,223,1213,465,275,2220,5397,
Coalinga,2053,18358,14335,4871,4023,2733,1127,1764,1024,1003,1865,2097,2245,2835,2392,2007,,,,,,,,,,,,,,,,,280,47,336,341,225,1213,465,274,2224,5405,
Coalinga,2054,18365,14340,4878,4025,2727,1131,1757,1020,1017,1898,2038,2202,2812,2445,2043,,,,,,,,,,,,,,,,,281,48,339,341,238,1211,465,274,2220,5416,
Coalinga,2055,18370,14344,4884,4026,2721,1137,1750,1019,1027,1916,1976,2205,2742,2493,2104,3631,13513,420,359,18,64,44,323,,,,,,,,,281,48,341,340,242,1209,464,274,2223,5423,
Coalinga,2056,18371,14345,4890,4026,2717,1142,1744,1019,1031,1938,1917,2238,2602,2576,2165,,,,,,,,,,,,,,,,,282,48,344,341,253,1206,464,274,2219,5431,
Coalinga,2057,18370,14344,4888,4026,2713,1150,1740,1012,1036,1959,1889,2228,2500,2624,2232,,,,,,,,,,,,,,,,,283,48,348,340,258,1204,463,274,2223,5440,
Coalinga,2058,18365,14340,4887,4025,2708,1150,1740,1012,1036,1958,1888,2227,2499,2623,2232,,,,,,,,,,,,,,,,,284,48,351,340,269,1202,462,273,2219,5447,
Coalinga,2059,18357,14334,4886,4023,2704,1149,1739,1011,1036,1957,1887,2226,2498,2622,2231,,,,,,,,,,,,,,,,,284,48,354,339,280,1200,461,273,2215,5453,
Coalinga,2060,18345,14325,4885,4020,2700,1148,1738,1011,1035,1956,1886,2225,2497,2620,2229,3557,13581,409,358,17,61,42,320,,,,,,,,,285,47,357,339,285,1195,460,272,2219,5458,
Firebaugh,2019,7725,7725,2041,0,1446,829,1143,655,680,1221,833,852,792,436,284,504,7156,20,29,0,16,0,0,161,400,410,270,500,100,130,70,140,59,557,88,46,270,130,61,42,1393,
Firebaugh,2020,,,,,,,,,,,,,,,,,,,,,,,,,,,,,,,,,,,,,,,,,,
Firebaugh,2021,,,,,,,,,,,,,,,,,,,,,,,,,,,,,,,,,,,,,,,,,,
Firebaugh,2022,8417,8403,2238,14,1956,692,1376,762,695,1206,975,916,915,527,353,522,7786,30,16,3,3,27,30,,,,,,,,,139,53,1308,97,62,266,131,100,75,2231,
Firebaugh,2023,8413,8399,2252,14,1922,677,1320,776,722,1184,989,917,914,556,359,516,7790,29,15,3,3,27,29,,,,,,,,,141,54,1291,95,0,264,129,99,74,2147,
Firebaugh,2024,8413,8399,2266,14,1887,672,1247,771,746,1202,993,912,912,585,373,510,7798,29,15,3,3,27,29,,,,,,,,,143,54,1287,94,0,265,129,99,74,2145,
Firebaugh,2025,8413,8399,2266,14,1853,676,1201,779,726,1253,970,903,903,629,373,506,7804,28,15,3,3,26,28,,,,,,,,,143,55,1300,94,0,267,130,100,74,2163,
Firebaugh,2026,8450,8436,2280,14,1811,685,1144,800,710,1286,991,897,873,667,397,503,7846,27,15,3,3,26,28,,,,,,,,,143,55,1314,99,0,269,132,103,74,2189,
Firebaugh,2027,8509,8495,2295,15,1769,694,1095,800,738,1274,1038,868,894,690,419,500,7909,27,15,3,3,26,28,,,,,,,,,144,56,1329,101,0,277,135,104,78,2224,
Firebaugh,2028,8564,8550,2311,15,1728,704,1071,766,757,1307,1064,869,853,746,429,498,7966,26,14,3,3,28,27,,,,,,,,,144,57,1343,102,9,280,137,105,79,2257,
Firebaugh,2029,8618,8603,2326,15,1686,716,1068,706,756,1339,1112,866,835,774,446,497,8019,26,14,3,3,30,27,,,,,,,,,144,58,1356,103,19,283,139,106,80,2289,
Firebaugh,2030,8671,8657,2342,15,1644,727,1055,685,769,1334,1121,900,835,769,477,496,8075,25,14,3,3,30,26,,,,,,,,,144,59,1369,104,28,286,140,107,81,2319,
Firebaugh,2031,8704,8689,2358,15,1624,736,1006,686,789,1342,1134,896,834,784,498,494,8109,24,14,3,3,31,26,,,,,,,,,145,60,1383,105,34,289,141,109,81,2346,
Firebaugh,2032,8737,8722,2366,15,1604,748,995,649,786,1383,1138,909,825,770,533,491,8144,24,14,3,3,33,25,,,,,,,,,145,60,1394,106,40,292,142,109,82,2371,
Firebaugh,2033,8769,8754,2375,15,1583,761,998,624,751,1427,1122,926,830,773,557,489,8179,23,13,3,2,35,25,,,,,,,,,145,62,1408,107,45,295,143,111,83,2398,
Firebaugh,2034,8800,8785,2384,15,1563,770,1008,615,691,1450,1142,934,828,774,588,487,8212,23,13,2,2,36,25,,,,,,,,,146,62,1421,108,50,297,144,111,84,2424,
Firebaugh,2035,8831,8816,2392,15,1543,773,1026,595,668,1445,1196,916,824,771,618,484,8245,22,13,2,2,38,24,,,,,,,,,146,63,1435,109,54,300,145,113,85,2449,
Firebaugh,2036,8863,8848,2401,15,1561,779,1037,542,670,1450,1227,936,818,746,659,482,8278,21,13,2,2,40,24,,,,,,,,,146,64,1452,110,61,303,147,114,85,2482,
Firebaugh,2037,8895,8879,2406,15,1579,782,1050,529,635,1473,1212,978,789,762,685,480,8312,21,12,2,2,41,23,,,,,,,,,147,65,1465,111,65,306,148,115,86,2508,
Firebaugh,2038,8925,8910,2411,15,1598,782,1065,529,611,1456,1242,999,788,726,728,478,8345,20,12,2,2,43,23,,,,,,,,,147,66,1479,112,70,308,149,116,87,2535,
Firebaugh,2039,8956,8941,2417,15,1616,781,1083,531,603,1397,1271,1044,785,711,752,476,8377,20,12,2,2,45,22,,,,,,,,,147,67,1492,113,75,311,150,117,88,2562,
Firebaugh,2040,8987,8972,2422,15,1634,777,1097,542,583,1387,1265,1051,814,710,761,475,8409,19,12,2,2,46,22,,,,,,,,,148,68,1507,114,80,315,152,118,89,2590,
Firebaugh,2041,9017,9001,2427,15,1651,774,1111,547,532,1410,1275,1065,812,710,780,473,8440,19,11,2,2,48,22,,,,,,,,,148,69,1519,115,85,318,153,119,90,2615,
Firebaugh,2042,9045,9030,2433,15,1669,771,1123,552,520,1375,1316,1071,826,704,787,471,8470,18,11,2,2,50,21,,,,,,,,,149,69,1532,116,88,321,154,120,90,2639,
Firebaugh,2043,9072,9057,2438,16,1686,764,1132,560,521,1320,1362,1058,844,711,800,470,8501,17,11,2,2,49,21,,,,,,,,,149,70,1546,118,91,323,155,121,91,2664,
Firebaugh,2044,9097,9081,2444,16,1704,756,1138,573,524,1257,1387,1080,854,711,816,468,8528,17,10,2,2,49,20,,,,,,,,,149,71,1561,118,94,326,156,122,92,2691,
Firebaugh,2045,9120,9105,2449,16,1721,747,1146,579,535,1218,1386,1133,839,709,829,467,8554,16,10,2,2,49,20,,,,,,,,,150,72,1576,120,98,328,157,123,93,2718,
Firebaugh,2046,9142,9126,2455,16,1724,738,1149,591,540,1172,1393,1165,859,704,832,466,8579,16,10,2,2,48,19,,,,,,,,,150,73,1592,120,101,332,159,124,93,2743,
Firebaugh,2047,9162,9146,2460,16,1727,730,1147,603,546,1127,1419,1154,900,680,856,466,8602,15,10,2,1,48,19,,,,,,,,,151,74,1605,121,103,334,160,125,94,2767,
Firebaugh,2048,9179,9164,2464,16,1729,721,1144,613,554,1106,1405,1184,921,680,852,465,8621,15,9,2,1,48,18,,,,,,,,,151,74,1619,122,106,336,161,126,95,2791,
Firebaugh,2049,9195,9180,2469,16,1732,715,1136,620,567,1103,1350,1214,963,679,849,464,8640,14,9,2,1,47,18,,,,,,,,,151,75,1634,123,108,339,162,127,96,2815,
Firebaugh,2050,9209,9194,2474,16,1735,707,1130,627,574,1096,1342,1210,972,705,846,462,8658,14,9,2,1,47,17,,,,,,,,,152,76,1649,124,109,341,163,128,97,2839,
Firebaugh,2051,9221,9205,2479,16,1723,699,1123,631,585,1053,1367,1221,986,705,852,,,,,,,,,,,,,,,,,152,77,1663,125,110,344,164,129,97,2861,
Firebaugh,2052,9231,9215,2482,16,1712,694,1112,633,597,1047,1334,1262,992,716,843,,,,,,,,,,,,,,,,,153,77,1680,126,110,345,165,130,98,2885,
Firebaugh,2053,9238,9222,2486,16,1700,688,1102,633,607,1056,1281,1307,980,734,851,,,,,,,,,,,,,,,,,153,77,1695,127,110,348,166,131,99,2906,
Firebaugh,2054,9242,9227,2490,16,1689,683,1089,632,614,1072,1221,1331,1001,744,856,,,,,,,,,,,,,,,,,154,79,1711,128,110,350,167,132,99,2928,
Firebaugh,2055,9246,9230,2493,16,1677,679,1077,631,621,1089,1183,1330,1049,731,856,449,8715,12,7,1,1,46,15,,,,,,,,,154,79,1724,128,110,351,168,132,100,2947,
Firebaugh,2056,9247,9231,2497,16,1669,679,1065,628,624,1105,1137,1337,1078,748,846,,,,,,,,,,,,,,,,,154,79,1739,129,110,353,169,133,101,2968,
Firebaugh,2057,9246,9230,2496,16,1661,680,1051,625,625,1121,1093,1360,1067,783,841,,,,,,,,,,,,,,,,,155,80,1757,130,108,355,170,134,102,2990,
Firebaugh,2058,9242,9227,2495,16,1654,680,1050,624,625,1121,1093,1359,1067,782,841,,,,,,,,,,,,,,,,,155,80,1772,131,107,357,170,135,102,3009,
Firebaugh,2059,9237,9221,2494,16,1646,680,1050,624,625,1120,1092,1359,1066,782,841,,,,,,,,,,,,,,,,,156,81,1787,131,105,358,171,135,103,3027,
Firebaugh,2060,9229,9213,2493,16,1638,679,1049,624,624,1119,1091,1357,1065,781,840,443,8708,11,7,1,0,45,14,,,,,,,,,156,81,1805,132,102,359,172,136,103,3046,
Fowler,2019,6375,6339,1802,36,1187,621,867,457,488,877,819,743,707,427,333,1149,4448,73,563,1,25,5,75,132,270,160,220,350,250,270,150,1095,53,1227,130,261,330,209,167,50,3522,
Fowler,2020,,,,,,,,,,,,,,,,,,,,,,,,,,,,,,,,,,,,,,,,,,
Fowler,2021,,,,,,,,,,,,,,,,,,,,,,,,,,,,,,,,,,,,,,,,,,
Fowler,2022,7306,7254,2271,52,1505,528,1013,628,518,922,987,920,798,588,403,1246,4881,94,926,0,28,41,89,,,,,,,,,1236,72,1257,132,311,332,384,218,52,3994,
Fowler,2023,7397,7345,2320,53,1484,535,960,678,543,905,1005,933,803,615,420,1249,4956,95,937,0,29,42,89,,,,,,,,,1253,73,1240,134,326,336,389,221,53,4025,
Fowler,2024,7513,7460,2370,53,1462,566,936,657,579,907,1021,935,836,633,444,1256,5049,96,952,0,29,42,90,,,,,,,,,1272,75,1272,136,349,336,384,224,54,4102,
Fowler,2025,7658,7603,2370,54,1441,560,948,624,628,904,1045,967,823,672,487,1268,5161,98,969,0,29,42,91,,,,,,,,,1272,75,1320,138,374,335,380,237,54,4185,
Fowler,2026,7742,7687,2421,55,1430,581,892,634,653,944,1036,937,856,703,505,1269,5233,99,979,0,29,42,91,,,,,,,,,1275,77,1333,139,380,340,385,240,55,4224,
Fowler,2027,7877,7819,2458,58,1419,599,871,645,657,980,1047,945,872,734,527,1278,5341,100,995,0,29,42,91,,,,,,,,,1277,79,1342,142,397,346,381,249,56,4269,
Fowler,2028,8002,7943,2496,59,1407,608,885,589,712,1010,1036,992,877,731,563,1285,5444,101,1009,0,30,42,91,,,,,,,,,1279,80,1355,144,413,347,386,252,57,4313,
Fowler,2029,8123,8063,2535,60,1396,621,872,606,690,1049,1049,1007,913,719,597,1290,5544,103,1022,0,30,42,91,,,,,,,,,1281,82,1363,146,427,347,382,261,58,4347,
Fowler,2030,8245,8184,2574,61,1385,633,859,619,652,1149,1011,1034,925,753,610,1297,5645,104,1035,0,30,42,92,,,,,,,,,1283,84,1376,148,438,353,387,265,58,4392,
Fowler,2031,8379,8318,2614,62,1396,648,885,563,667,1214,1015,1036,933,783,635,1305,5754,106,1050,0,30,42,92,,,,,,,,,1286,85,1404,150,457,359,394,269,59,4463,
Fowler,2032,8516,8453,2655,63,1407,665,900,539,678,1257,1005,1063,958,777,675,1313,5867,108,1064,0,30,43,92,,,,,,,,,1290,87,1430,153,474,355,395,277,60,4521,
Fowler,2033,8651,8587,2697,64,1419,680,941,521,619,1343,989,1087,974,784,712,1320,5979,109,1077,0,31,43,92,,,,,,,,,1292,89,1453,155,490,361,401,281,61,4583,
Fowler,2034,8780,8715,2739,65,1430,697,940,519,637,1359,991,1103,976,818,739,1327,6085,111,1091,0,31,42,92,,,,,,,,,1296,91,1476,157,503,357,402,289,62,4633,
Fowler,2035,8909,8844,2782,66,1441,715,974,481,650,1371,985,1124,1005,802,800,1335,6192,113,1105,0,31,42,92,,,,,,,,,1298,92,1499,160,513,362,408,294,63,4689,
Fowler,2036,9040,8973,2825,67,1481,732,999,496,591,1415,1032,1119,979,839,838,1343,6300,114,1118,0,31,42,92,,,,,,,,,1301,94,1530,162,533,368,414,297,64,4763,
Fowler,2037,9172,9104,2861,68,1521,748,1015,507,565,1429,1070,1128,986,853,871,1351,6409,116,1131,0,31,42,91,,,,,,,,,1303,96,1558,164,545,364,416,307,65,4818,
Fowler,2038,9299,9231,2897,69,1561,760,1037,540,546,1426,1101,1115,1034,856,885,1357,6516,118,1144,0,31,42,91,,,,,,,,,1307,98,1586,167,560,370,422,310,66,4886,
Fowler,2039,9428,9358,2934,70,1601,770,1058,531,544,1421,1144,1129,1050,891,890,1364,6623,119,1157,0,31,42,91,,,,,,,,,1310,100,1614,170,574,367,424,320,67,4946,
Fowler,2040,9555,9484,2972,70,1641,775,1086,556,504,1395,1253,1089,1078,903,917,1371,6731,121,1168,0,31,41,91,,,,,,,,,1312,102,1639,172,587,373,430,323,68,5006,
Fowler,2041,9678,9606,3009,71,1673,777,1115,570,520,1347,1322,1091,1077,910,949,1377,6835,123,1178,0,31,41,93,,,,,,,,,1316,104,1660,174,600,370,437,328,69,5058,
Fowler,2042,9796,9724,3041,72,1706,779,1138,578,531,1330,1366,1078,1103,932,962,1383,6935,124,1187,0,31,41,95,,,,,,,,,1321,105,1688,177,610,367,439,337,70,5114,
Fowler,2043,9909,9836,3074,73,1738,778,1161,589,565,1245,1457,1060,1127,945,982,1387,7031,126,1196,0,32,40,97,,,,,,,,,1327,107,1716,180,619,372,445,342,71,5179,
Fowler,2044,10010,9936,3107,74,1771,777,1181,600,554,1260,1473,1060,1141,947,1019,1390,7120,127,1204,0,31,40,98,,,,,,,,,1329,109,1745,182,626,369,447,351,72,5230,
Fowler,2045,10108,10033,3140,75,1803,776,1198,612,579,1231,1483,1052,1162,973,1041,1393,7205,128,1211,0,31,39,100,,,,,,,,,1332,111,1775,185,636,375,454,355,73,5296,
Fowler,2046,10198,10122,3173,75,1818,774,1213,625,592,1179,1526,1101,1152,947,1088,1395,7284,130,1217,0,31,39,101,,,,,,,,,1336,113,1800,187,640,372,460,359,74,5341,
Fowler,2047,10281,10205,3196,76,1834,771,1223,637,599,1160,1536,1138,1157,952,1109,1396,7359,131,1223,0,31,39,103,,,,,,,,,1340,115,1823,189,644,378,462,368,75,5394,
Fowler,2048,10353,10277,3219,76,1849,767,1229,648,609,1170,1527,1166,1141,992,1102,1396,7425,132,1227,0,31,38,104,,,,,,,,,1343,116,1846,192,651,384,469,382,76,5459,
Fowler,2049,10420,10344,3242,77,1865,764,1229,664,618,1153,1516,1207,1150,1004,1116,1395,7487,133,1232,0,31,37,105,,,,,,,,,1347,118,1880,195,653,391,471,386,77,5518,
Fowler,2050,10479,10401,3266,77,1880,762,1225,678,630,1132,1480,1315,1102,1025,1130,1393,7543,134,1234,0,31,36,106,,,,,,,,,1351,120,1915,197,653,387,477,395,78,5573,
Fowler,2051,10526,10448,3289,78,1873,758,1220,690,641,1157,1421,1380,1098,1017,1144,,,,,,,,,,,,,,,,,1354,122,1948,200,653,388,484,400,79,5628,
Fowler,2052,10567,10489,3301,78,1867,755,1213,699,651,1171,1395,1417,1078,1036,1152,,,,,,,,,,,,,,,,,1358,123,1975,202,649,388,485,409,80,5669,
Fowler,2053,10596,10518,3313,78,1860,753,1204,706,660,1211,1297,1502,1053,1052,1159,,,,,,,,,,,,,,,,,1362,125,2004,204,642,395,492,413,81,5718,
Fowler,2054,10615,10537,3324,78,1854,751,1193,705,673,1203,1305,1508,1047,1059,1173,,,,,,,,,,,,,,,,,1366,127,2034,207,639,395,494,422,82,5766,
Fowler,2055,10629,10550,3336,78,1847,751,1182,701,685,1234,1266,1508,1035,1071,1196,1354,7731,138,1235,0,29,33,109,,,,,,,,,1369,128,2057,209,632,396,500,426,83,5800,
Fowler,2056,10634,10556,3348,78,1838,749,1174,696,694,1252,1205,1541,1075,1054,1195,,,,,,,,,,,,,,,,,1371,130,2092,212,625,401,507,430,84,5852,
Fowler,2057,10631,10553,3343,78,1829,751,1163,689,701,1261,1176,1540,1104,1049,1198,,,,,,,,,,,,,,,,,1377,132,2123,214,616,402,508,439,85,5896,
Fowler,2058,10616,10538,3339,78,1819,750,1161,688,700,1260,1175,1537,1102,1048,1196,,,,,,,,,,,,,,,,,1380,133,2153,217,605,408,514,443,86,5939,
Fowler,2059,10594,10515,3335,78,1810,748,1158,687,698,1257,1172,1534,1100,1045,1193,,,,,,,,,,,,,,,,,1384,134,2178,219,592,408,516,451,87,5969,
Fowler,2060,10560,10482,3330,78,1801,746,1155,685,696,1253,1168,1529,1096,1042,1190,1323,7712,137,1223,0,28,31,105,,,,,,,,,1388,135,2204,221,576,413,521,455,88,6001,
Fresno,2019,592347,582062,188712,10285,109009,57263,82495,41972,42126,92790,77079,61807,57987,40703,27840,161684,295965,39714,66948,809,3454,1150,12338,14892,34390,16150,26220,32680,23920,23340,17120,16737,11556,36637,25660,39760,23224,53695,21580,17620,246469,
Fresno,2020,,,,,,,,,,,,,,,,,,,,,,,,,,,,,,,,,,,,,,,,,,
Fresno,2021,,,,,,,,,,,,,,,,,,,,,,,,,,,,,,,,,,,,,,,,,,
Fresno,2022,592284,581176,195577,11108,119024,50339,83674,44581,43761,92318,78821,61597,59394,46361,31438,142319,303595,38479,82027,810,3886,3183,17984,,,,,,,,,18952,13397,40480,25657,39760,23704,59071,21576,17615,260212,
Fresno,2023,593075,581952,196172,11123,118559,49999,82082,45444,43357,91431,80421,61929,58552,47128,32732,141038,305355,38458,82370,813,3876,3187,17976,,,,,,,,,19219,13451,39945,25695,38428,23745,59179,21643,17703,259009,
Fresno,2024,594099,582957,196768,11142,118095,50043,80695,45592,43000,90829,81947,62160,57982,47789,34062,139832,307238,38450,82723,817,3870,3193,17977,,,,,,,,,19501,13577,39827,25792,38375,23776,59259,21681,17752,259540,
Fresno,2025,595370,584204,196768,11166,117630,50435,78940,45921,42490,89311,83345,62907,57861,48515,35644,138680,309286,38450,83086,818,3864,3200,17985,,,,,,,,,19501,13560,40242,25824,38629,23806,59339,21720,17801,260421,
Fresno,2026,596863,585669,197366,11194,116928,50970,77016,46322,42539,87834,84810,63747,57471,49197,36958,137579,311477,38458,83461,820,3859,3206,18003,,,,,,,,,19557,13685,40657,25856,38736,23836,59419,21758,17850,261354,
Fresno,2027,599262,587625,198650,11637,116226,50877,75987,46200,43370,86559,85836,65160,57057,49723,38494,136682,314165,38521,83942,823,3860,3218,18051,,,,,,,,,19585,13810,41132,25952,38804,23987,59577,21863,17899,262608,
Fresno,2028,601483,589803,199942,11680,115525,50760,75291,45443,44358,85783,86400,66823,56614,49965,40047,135715,316802,38575,84377,826,3859,3228,18099,,,,,,,,,19613,13934,41548,26048,39030,24077,59656,21901,17947,263754,
Fresno,2029,603637,591915,201243,11722,114823,50631,74690,45126,44634,85101,87223,68511,55908,50292,41520,134710,319451,38627,84776,829,3858,3238,18148,,,,,,,,,19642,14058,41963,26143,39114,24167,59813,22005,17995,264900,
Fresno,2030,605799,594035,202552,11764,114121,50503,74001,44807,45072,84116,87265,70551,55726,50411,43348,133694,322138,38679,85155,830,3856,3248,18198,,,,,,,,,19670,14182,42379,26239,39250,24256,59891,22042,18044,265953,
Fresno,2031,608233,596422,203870,11811,113675,50352,73727,44100,45587,83891,87608,72227,55581,50346,44814,132719,325004,38749,85556,831,3854,3260,18260,,,,,,,,,19726,14306,42794,26334,39423,24346,60047,22146,18092,267214,
Fresno,2032,610709,598833,204672,11876,113228,50247,73581,43312,45523,84418,87634,73925,55771,50153,46146,131740,327917,38827,85944,833,3852,3271,18325,,,,,,,,,19782,14358,43150,26428,39612,24435,60203,22183,18211,268362,
Fresno,2033,613151,601228,205478,11924,112782,50166,73781,42486,44842,85263,87203,75783,56337,49674,47617,130733,330837,38905,86316,834,3849,3283,18393,,,,,,,,,19811,14552,43566,26458,39822,24524,60280,22286,18258,269557,
Fresno,2034,615488,603519,206287,11969,112335,50083,74288,41433,44591,85433,87004,77546,56797,49402,48912,129683,333720,38985,86663,835,3846,3296,18460,,,,,,,,,19867,14674,43981,26553,39969,24612,60435,22323,18306,270719,
Fresno,2035,617835,605821,207099,12015,111889,49991,74963,40135,44337,85600,85896,79196,57763,49529,50425,128622,336621,39067,87008,837,3842,3309,18529,,,,,,,,,19895,14726,44397,26647,40169,24640,60511,22426,18353,271764,
Fresno,2036,620197,608136,207914,12061,112369,49884,74965,39876,43679,86349,84783,80881,58765,49394,51620,127552,339547,39152,87349,838,3839,3320,18600,,,,,,,,,19952,14918,44931,26740,40402,24728,60665,22462,18400,273198,
Fresno,2037,622582,610475,208414,12107,112849,49821,74910,39800,42939,87223,83731,82029,60217,49148,52763,126485,342482,39243,87691,839,3835,3333,18674,,,,,,,,,19980,14969,45346,26834,40568,24816,60818,22564,18447,274343,
Fresno,2038,624899,612747,208915,12152,113329,49766,74837,40092,42155,87649,83169,82753,61898,48893,53687,125403,345374,39335,88024,840,3831,3346,18746,,,,,,,,,20036,15090,45762,26927,40777,24904,60894,22600,18565,275554,
Fresno,2039,627223,615026,209418,12197,113809,49700,74786,40687,41154,87823,82710,83738,63607,48404,54615,124322,348262,39431,88362,842,3824,3360,18820,,,,,,,,,20092,15211,46177,27020,40915,24991,61046,22702,18611,276766,
Fresno,2040,629523,617281,209921,12242,114289,49602,74735,41456,39906,88148,81952,83985,65689,48397,55652,123246,351117,39529,88707,841,3818,3374,18892,,,,,,,,,20121,15332,46652,27048,41224,25078,61121,22738,18658,277971,
Fresno,2041,631751,619466,210426,12285,114327,49480,74720,41511,39684,88120,81882,84459,67358,48365,56172,122165,353919,39626,89042,840,3810,3388,18960,,,,,,,,,20177,15452,47008,27141,41363,25165,61272,22839,18704,279120,
Fresno,2042,633889,621562,210950,12327,114365,49393,74676,41524,39635,87419,82527,84604,69031,48604,56476,121094,356638,39719,89373,839,3802,3401,19024,,,,,,,,,20262,15502,47424,27233,41611,25251,61346,22874,18750,280253,
Fresno,2043,635937,623570,211475,12367,114403,49295,74613,41529,39950,86062,83475,84301,70860,49169,56683,120038,359264,39811,89697,840,3793,3413,19080,,,,,,,,,20346,15621,47839,27325,41786,25278,61420,22975,18796,281387,
Fresno,2044,637774,625372,212002,12403,114441,49164,74534,41530,40551,84882,83748,84211,72579,49643,56933,118972,361735,39895,89999,841,3783,3425,19125,,,,,,,,,20374,15671,48314,27353,42070,25364,61494,23010,18842,282492,
Fresno,2045,639541,627105,212530,12437,114479,49017,74451,41505,41321,83441,84005,83238,74233,50623,57705,117925,364132,39977,90298,842,3771,3436,19161,,,,,,,,,20431,15790,48789,27444,42322,25390,61567,23045,18888,283666,
Fresno,2046,641166,628698,213059,12469,114282,48873,74376,41476,41372,82604,84807,82223,75870,51569,57996,116882,366419,40055,90579,842,3757,3446,19186,,,,,,,,,20487,15839,49264,27472,42551,25476,61640,23080,18933,284742,
Fresno,2047,642681,630183,213505,12498,114085,48768,74253,41450,41378,81840,85705,81245,76978,52902,58161,115866,368592,40127,90853,842,3743,3456,19202,,,,,,,,,20543,15958,49679,27499,42768,25502,61713,23115,18979,285756,
Fresno,2048,643987,631464,213952,12523,113889,48635,74103,41412,41367,81374,86141,80711,77659,54396,58190,114862,370599,40188,91105,840,3726,3462,19205,,,,,,,,,20600,16006,50095,27590,43042,25528,61785,23149,19024,286820,
Fresno,2049,645201,632654,214399,12547,113692,48501,73924,41374,41357,80970,86308,80264,78566,55879,58059,113893,372508,40244,91344,837,3709,3468,19198,,,,,,,,,20656,16055,50570,27617,43359,25554,61782,23184,19069,287846,
Fresno,2050,646258,633691,214848,12568,113495,48381,73722,41323,41314,80469,86589,79506,78777,57734,58443,112940,374287,40293,91559,837,3691,3473,19179,,,,,,,,,20712,16104,51044,27645,43627,25580,61778,23218,19114,288822,
Fresno,2051,647107,634523,215297,12584,113148,48283,73514,41267,41258,80246,86495,79380,79136,59133,58393,,,,,,,,,,,,,,,,,20769,16221,51460,27672,43895,25606,61774,23253,19089,289738,
Fresno,2052,647855,635257,215622,12599,112802,48211,73277,41204,41205,80147,85735,79943,79177,60526,58431,,,,,,,,,,,,,,,,,20825,16200,51994,27699,44195,25573,61769,23287,19134,290676,
Fresno,2053,648383,635774,215948,12609,112455,48120,73018,41123,41137,80374,84313,80776,78784,62051,58688,,,,,,,,,,,,,,,,,20881,16179,52469,27663,44513,25598,61765,23257,19179,291504,
Fresno,2054,648729,636113,216274,12616,112109,48047,72732,41011,41062,80872,83056,80949,78596,63448,58956,,,,,,,,,,,,,,,,,20938,16296,52944,27690,44793,25565,61761,23291,19154,292431,
Fresno,2055,648977,636356,216601,12620,111762,48006,72455,40874,40976,81495,81535,81094,77603,64847,60092,108406,381156,40404,92229,824,3583,3466,18910,,,,,,,,,20994,16275,53359,27654,45195,25532,61681,23261,19198,293149,
Fresno,2056,649076,636453,216928,12622,111561,47983,72211,40726,40886,81396,80602,81749,76543,66175,60806,,,,,,,,,,,,,,,,,21022,16254,53834,27681,45519,25499,61677,23295,19173,293953,
Fresno,2057,649019,636398,216845,12621,111360,47949,71958,40573,40786,81248,79734,82479,75515,67024,61752,,,,,,,,,,,,,,,,,21107,16301,54368,27645,45851,25466,61597,23265,19218,294818,
Fresno,2058,648742,636126,216761,12616,111160,47928,71927,40556,40769,81213,79700,82444,75483,66995,61726,,,,,,,,,,,,,,,,,21163,16280,54843,27671,46211,25433,61517,23234,19193,295547,
Fresno,2059,648337,635729,216678,12608,110959,47898,71883,40531,40743,81163,79650,82393,75435,66953,61687,,,,,,,,,,,,,,,,,21220,16259,55318,27636,46583,25400,61438,23204,19168,296226,
Fresno,2060,647729,635133,216595,12596,110758,47853,71815,40493,40705,81087,79576,82316,75365,66891,61630,106482,382314,40318,92126,817,3528,3445,18699,,,,,,,,,21276,16170,55852,27600,46989,25309,61284,23174,19212,296867,
Huron,2019,5698,5698,1487,0,1067,611,962,488,453,939,770,589,470,260,156,78,5563,22,28,0,7,0,0,228,649,160,160,150,70,40,30,433,6,10,58,10,53,55,10,40,675,
Huron,2020,,,,,,,,,,,,,,,,,,,,,,,,,,,,,,,,,,,,,,,,,,
Huron,2021,,,,,,,,,,,,,,,,,,,,,,,,,,,,,,,,,,,,,,,,,,
Huron,2022,6167,6169,1588,0,1576,601,1119,578,458,865,790,642,579,355,182,154,5904,26,44,0,11,8,20,,,,,,,,,567,9,248,88,8,15,98,5,42,1080,
Huron,2023,6186,6186,1604,0,1579,574,1059,633,462,853,803,651,575,382,193,153,5925,26,44,0,11,8,20,,,,,,,,,575,9,245,89,30,15,100,5,43,1111,
Huron,2024,6208,6208,1620,0,1581,550,1035,633,502,856,821,639,573,392,208,154,5947,25,43,0,11,8,20,,,,,,,,,583,9,244,91,35,15,101,5,43,1128,
Huron,2025,6235,6235,1620,0,1584,523,1006,661,524,826,831,658,568,417,222,154,5975,25,43,0,11,8,20,,,,,,,,,583,9,247,92,39,16,103,5,44,1138,
Huron,2026,6238,6238,1635,0,1529,494,997,658,518,833,840,685,538,451,225,154,5980,25,42,0,10,8,20,,,,,,,,,585,10,249,94,37,16,104,5,45,1144,
Huron,2027,6244,6244,1638,0,1475,502,949,635,558,827,846,676,535,477,239,154,5987,24,42,0,10,7,19,,,,,,,,,586,10,252,95,35,16,106,5,46,1151,
Huron,2028,6249,6249,1640,0,1420,509,908,587,610,861,805,693,544,483,247,153,5992,24,43,0,10,7,19,,,,,,,,,587,10,255,97,33,17,107,6,46,1157,
Huron,2029,6253,6253,1642,0,1366,517,865,579,607,905,799,698,533,487,263,153,5996,23,45,0,10,7,19,,,,,,,,,588,10,257,99,31,17,109,6,47,1163,
Huron,2030,6258,6258,1645,0,1311,528,819,562,631,893,820,672,563,485,285,153,6001,23,46,0,10,7,19,,,,,,,,,588,11,260,100,28,17,111,6,48,1169,
Huron,2031,6285,6285,1647,0,1286,539,804,545,631,918,816,694,543,488,307,153,6027,22,47,0,10,7,18,,,,,,,,,590,11,262,102,32,17,113,6,49,1181,
Huron,2032,6313,6313,1654,0,1261,550,783,531,610,959,796,718,564,474,327,153,6054,22,49,0,10,7,18,,,,,,,,,592,11,264,104,34,18,114,6,50,1193,
Huron,2033,6340,6340,1661,0,1235,563,764,518,567,1015,785,731,573,471,354,153,6080,21,50,0,10,7,18,,,,,,,,,593,11,267,105,37,18,116,6,51,1204,
Huron,2034,6366,6366,1668,0,1210,574,742,508,560,1051,788,746,561,469,367,154,6105,21,52,0,10,7,18,,,,,,,,,594,12,269,107,39,18,118,6,51,1216,
Huron,2035,6392,6392,1675,0,1185,584,723,496,545,1096,760,755,578,464,391,154,6130,21,53,0,9,7,18,,,,,,,,,595,12,272,109,40,19,120,6,52,1225,
Huron,2036,6418,6418,1682,0,1185,592,740,472,529,1091,768,766,603,442,415,154,6156,20,54,0,9,7,17,,,,,,,,,597,12,275,111,44,19,122,6,53,1239,
Huron,2037,6444,6444,1687,0,1184,598,754,448,516,1110,765,774,596,442,441,154,6181,20,56,0,9,7,17,,,,,,,,,598,12,278,113,45,19,124,6,54,1249,
Huron,2038,6470,6470,1691,0,1184,604,769,425,503,1118,799,739,614,451,447,154,6206,19,57,0,9,7,17,,,,,,,,,599,13,280,115,48,20,126,7,55,1261,
Huron,2039,6496,6496,1696,0,1183,610,785,397,494,1112,842,735,620,443,458,154,6231,19,58,0,9,7,17,,,,,,,,,601,13,283,117,50,20,128,7,56,1273,
Huron,2040,6521,6521,1700,0,1183,614,800,373,482,1122,834,757,600,471,468,154,6256,19,60,0,9,7,16,,,,,,,,,602,13,286,118,52,20,130,7,57,1284,
Huron,2041,6546,6546,1705,0,1204,616,816,381,459,1106,859,753,619,455,481,154,6280,18,61,0,9,7,16,,,,,,,,,604,13,288,120,54,21,132,7,58,1296,
Huron,2042,6570,6570,1709,0,1225,617,833,385,436,1075,898,736,641,472,477,154,6303,18,62,0,9,7,16,,,,,,,,,606,14,291,123,55,21,134,7,59,1308,
Huron,2043,6592,6592,1714,0,1246,615,846,393,414,1023,951,727,654,481,488,155,6326,17,64,0,9,7,16,,,,,,,,,609,14,293,125,56,21,136,7,60,1320,
Huron,2044,6613,6613,1719,0,1267,613,857,403,387,1008,986,730,667,471,490,155,6345,17,65,0,8,7,15,,,,,,,,,610,14,296,126,56,22,138,7,61,1330,
Huron,2045,6632,6632,1723,0,1288,608,868,412,363,984,1030,705,677,487,499,155,6365,17,66,0,8,7,15,,,,,,,,,611,14,299,129,57,22,140,7,62,1341,
Huron,2046,6650,6650,1728,0,1300,599,877,423,372,948,1028,715,688,508,493,155,6384,16,66,0,8,7,15,,,,,,,,,613,15,302,131,57,22,142,7,63,1351,
Huron,2047,6667,6667,1732,0,1311,587,886,434,377,914,1048,713,697,503,507,155,6402,16,65,0,8,7,15,,,,,,,,,615,15,304,132,57,23,144,8,64,1361,
Huron,2048,6681,6681,1736,0,1323,576,892,443,385,883,1057,746,667,520,512,155,6418,15,64,0,8,7,14,,,,,,,,,616,15,307,135,57,23,146,8,65,1372,
Huron,2049,6695,6695,1740,0,1334,567,894,452,395,849,1053,789,664,525,508,155,6432,15,64,0,8,7,14,,,,,,,,,618,16,310,137,57,23,148,8,66,1381,
Huron,2050,6707,6707,1743,0,1346,555,894,461,404,816,1065,783,685,510,533,155,6445,15,63,0,8,6,14,,,,,,,,,620,16,313,139,55,24,150,8,67,1391,
Huron,2051,6716,6716,1747,0,1340,544,891,467,415,804,1052,808,683,526,526,,,,,,,,,,,,,,,,,621,16,315,141,54,24,152,8,67,1399,
Huron,2052,6724,6724,1750,0,1334,536,885,474,426,787,1024,846,669,546,531,,,,,,,,,,,,,,,,,623,16,319,143,52,24,154,8,69,1408,
Huron,2053,6730,6730,1753,0,1327,528,877,479,435,775,976,898,661,559,542,,,,,,,,,,,,,,,,,625,17,321,145,50,25,156,8,70,1416,
Huron,2054,6734,6734,1756,0,1321,522,865,484,444,760,963,932,665,569,531,,,,,,,,,,,,,,,,,626,17,324,147,48,25,158,8,71,1424,
Huron,2055,6737,6737,1758,0,1315,516,852,487,453,746,941,974,643,578,548,156,6481,13,60,0,7,6,13,,,,,,,,,628,17,327,149,45,25,160,8,72,1431,
Huron,2056,6738,6738,1761,0,1309,510,837,489,459,765,907,972,653,589,556,,,,,,,,,,,,,,,,,629,17,330,151,42,26,162,9,73,1438,
Huron,2057,6737,6737,1760,0,1302,508,822,490,465,779,874,990,651,597,561,,,,,,,,,,,,,,,,,631,18,333,153,39,26,165,9,74,1446,
Huron,2058,6734,6734,1760,0,1296,508,821,490,465,779,874,990,650,597,560,,,,,,,,,,,,,,,,,633,18,336,155,35,26,167,9,75,1453,
Huron,2059,6730,6730,1759,0,1289,507,821,490,465,779,873,989,650,596,560,,,,,,,,,,,,,,,,,635,18,339,157,31,27,169,9,76,1459,
Huron,2060,6723,6723,1758,0,1283,507,820,489,464,778,872,988,649,596,559,156,6470,13,59,0,7,6,13,,,,,,,,,637,18,342,159,26,27,171,9,77,1465,
Kerman,2019,14222,14195,4014,27,2658,1461,2240,1198,1093,1987,1958,1541,1269,874,574,2310,10563,36,1046,4,48,32,156,129,701,591,731,731,380,571,180,641,56,326,478,226,682,383,253,18,3063,
Kerman,2020,,,,,,,,,,,,,,,,,,,,,,,,,,,,,,,,,,,,,,,,,,
Kerman,2021,,,,,,,,,,,,,,,,,,,,,,,,,,,,,,,,,,,,,,,,,,
Kerman,2022,16826,16818,4705,8,3961,1403,2708,1575,1344,2243,2341,1837,1464,1241,671,2024,13198,66,1217,1,42,90,189,,,,,,,,,1197,72,461,683,233,633,460,345,237,4321,
Kerman,2023,16965,16957,4785,8,3906,1363,2640,1633,1401,2269,2284,1898,1464,1272,741,2018,13339,64,1222,1,41,90,189,,,,,,,,,1214,73,455,691,292,641,466,350,241,4422,
Kerman,2024,17140,17132,4865,8,3851,1372,2552,1647,1476,2268,2330,1923,1479,1305,788,2015,13509,64,1231,1,41,89,190,,,,,,,,,1232,74,454,701,320,648,471,354,244,4497,
Kerman,2025,17356,17348,4865,8,3796,1432,2441,1659,1517,2331,2328,1985,1505,1328,831,2016,13713,64,1241,1,41,89,191,,,,,,,,,1232,75,458,709,346,656,477,358,247,4558,
Kerman,2026,17521,17512,4947,8,3748,1451,2402,1600,1554,2370,2336,2069,1522,1337,881,2013,13876,63,1248,1,41,88,192,,,,,,,,,1235,77,463,717,355,663,482,362,250,4605,
Kerman,2027,17786,17777,5015,9,3700,1484,2364,1557,1591,2467,2323,2157,1575,1331,937,2020,14120,63,1259,1,41,88,194,,,,,,,,,1237,78,468,727,379,674,488,368,253,4673,
Kerman,2028,18031,18022,5083,9,3651,1511,2337,1494,1660,2536,2313,2221,1580,1369,1011,2024,14349,62,1270,1,40,87,196,,,,,,,,,1239,80,473,737,402,684,494,372,257,4737,
Kerman,2029,18268,18259,5152,9,3603,1539,2301,1460,1679,2665,2327,2220,1628,1383,1066,2026,14572,62,1281,1,40,89,197,,,,,,,,,1241,81,478,748,422,693,500,378,260,4802,
Kerman,2030,18507,18498,5222,9,3555,1573,2231,1475,1692,2733,2340,2276,1636,1403,1149,2028,14798,61,1290,1,40,90,199,,,,,,,,,1242,83,483,758,437,703,506,383,263,4858,
Kerman,2031,18737,18728,5293,9,3539,1608,2196,1496,1636,2875,2302,2329,1709,1398,1187,2028,15016,63,1299,1,40,92,200,,,,,,,,,1246,84,487,769,458,713,513,388,267,4925,
Kerman,2032,18972,18963,5357,9,3524,1642,2173,1501,1589,3001,2292,2365,1794,1339,1276,2029,15237,64,1307,1,39,93,202,,,,,,,,,1249,85,491,779,475,723,519,393,271,4988,
Kerman,2033,19203,19194,5421,9,3508,1679,2199,1463,1522,3133,2328,2317,1864,1348,1351,2030,15454,66,1316,1,39,94,203,,,,,,,,,1251,87,496,788,493,733,525,399,275,5049,
Kerman,2034,19425,19415,5487,10,3493,1713,2275,1367,1486,3229,2332,2368,1891,1364,1399,2028,15665,67,1324,1,39,96,205,,,,,,,,,1255,89,501,799,506,743,532,404,278,5108,
Kerman,2035,19647,19638,5553,10,3477,1743,2313,1281,1499,3283,2395,2364,1951,1386,1432,2025,15878,68,1333,1,38,97,206,,,,,,,,,1257,90,506,810,513,752,538,410,282,5158,
Kerman,2036,19871,19861,5619,10,3546,1770,2363,1223,1520,3268,2442,2378,2038,1405,1463,2022,16096,70,1338,1,38,98,208,,,,,,,,,1260,92,512,822,536,762,545,415,286,5230,
Kerman,2037,20097,20087,5674,10,3615,1793,2409,1183,1525,3252,2534,2358,2119,1448,1476,2021,16314,71,1344,1,37,100,209,,,,,,,,,1262,94,516,833,547,773,552,421,289,5287,
Kerman,2038,20316,20306,5729,10,3684,1813,2454,1194,1485,3252,2600,2344,2178,1452,1544,2018,16527,73,1349,1,37,101,211,,,,,,,,,1265,95,521,844,562,783,559,426,294,5350,
Kerman,2039,20536,20526,5784,10,3753,1825,2506,1252,1389,3234,2730,2356,2174,1494,1576,2014,16743,74,1354,1,37,102,212,,,,,,,,,1269,97,526,856,575,794,566,432,298,5414,
Kerman,2040,20754,20744,5840,10,3822,1832,2557,1270,1302,3261,2798,2368,2227,1504,1634,2010,16957,75,1358,1,36,103,214,,,,,,,,,1271,99,531,866,588,805,572,437,302,5472,
Kerman,2041,20965,20955,5896,10,3886,1837,2604,1299,1243,3226,2944,2330,2279,1570,1633,2005,17165,77,1362,1,36,104,215,,,,,,,,,1274,101,535,878,601,816,580,444,306,5534,
Kerman,2042,21168,21158,5945,10,3950,1837,2652,1318,1202,3181,3071,2319,2312,1647,1629,2000,17366,78,1366,1,35,106,216,,,,,,,,,1280,102,540,890,608,828,586,449,310,5592,
Kerman,2043,21362,21352,5995,10,4015,1828,2697,1339,1214,3072,3206,2355,2264,1713,1674,1992,17562,79,1368,1,35,107,217,,,,,,,,,1285,104,545,902,615,837,593,456,314,5650,
Kerman,2044,21536,21525,6044,11,4079,1815,2734,1366,1272,2935,3304,2358,2312,1738,1701,1983,17744,78,1368,1,34,108,218,,,,,,,,,1287,105,550,912,619,849,600,461,318,5701,
Kerman,2045,21703,21693,6095,11,4143,1800,2764,1394,1290,2860,3357,2420,2308,1791,1721,1974,17920,78,1368,1,34,109,219,,,,,,,,,1290,107,556,925,626,858,607,466,322,5757,
Kerman,2046,21857,21847,6145,11,4166,1781,2783,1424,1317,2819,3339,2467,2321,1872,1735,1963,18084,77,1368,1,33,110,220,,,,,,,,,1294,109,561,935,626,870,614,472,326,5807,
Kerman,2047,22001,21990,6181,11,4188,1761,2796,1454,1335,2779,3319,2558,2299,1942,1757,1952,18238,76,1368,1,33,112,221,,,,,,,,,1298,111,566,946,627,880,621,478,330,5855,
Kerman,2048,22125,22114,6217,11,4211,1740,2801,1484,1354,2746,3313,2620,2283,1993,1792,1940,18376,75,1366,1,32,113,222,,,,,,,,,1301,112,570,959,630,890,628,483,334,5907,
Kerman,2049,22240,22229,6253,11,4233,1724,2796,1510,1379,2701,3287,2746,2286,1985,1827,1926,18507,74,1364,1,32,114,222,,,,,,,,,1305,114,576,969,627,900,635,489,338,5953,
Kerman,2050,22340,22329,6289,11,4256,1708,2785,1531,1405,2623,3305,2806,2292,2026,1859,1912,18624,73,1361,1,31,115,222,,,,,,,,,1308,115,581,980,621,910,641,495,343,5995,
Kerman,2051,22420,22409,6325,11,4227,1693,2764,1547,1431,2584,3259,2941,2248,2066,1888,,,,,,,,,,,,,,,,,1312,117,586,992,615,920,648,500,346,6036,
Kerman,2052,22491,22480,6344,11,4198,1684,2734,1560,1458,2553,3202,3057,2230,2086,1926,,,,,,,,,,,,,,,,,1315,118,592,1003,603,929,654,506,350,6071,
Kerman,2053,22541,22530,6363,11,4169,1675,2700,1568,1484,2575,3078,3177,2253,2032,1998,,,,,,,,,,,,,,,,,1319,119,598,1012,589,939,661,511,355,6102,
Kerman,2054,22574,22563,6382,11,4140,1667,2667,1569,1505,2648,2928,3259,2246,2066,2018,,,,,,,,,,,,,,,,,1322,121,603,1023,580,948,668,517,358,6140,
Kerman,2055,22597,22586,6401,11,4111,1664,2633,1564,1522,2681,2838,3295,2294,2052,2054,1838,18985,69,1334,1,28,119,223,,,,,,,,,1326,123,608,1032,564,956,674,522,362,6167,
Kerman,2056,22607,22596,6420,11,4087,1664,2597,1555,1533,2724,2783,3260,2329,2053,2109,,,,,,,,,,,,,,,,,1328,124,613,1044,548,965,681,528,366,6196,
Kerman,2057,22601,22590,6413,11,4063,1667,2558,1542,1542,2757,2729,3221,2403,2023,2160,,,,,,,,,,,,,,,,,1333,125,619,1054,531,974,687,533,370,6225,
Kerman,2058,22575,22564,6406,11,4038,1665,2555,1540,1540,2753,2726,3217,2400,2020,2157,,,,,,,,,,,,,,,,,1337,126,625,1065,509,982,693,537,373,6249,
Kerman,2059,22537,22526,6400,11,4014,1662,2551,1538,1537,2749,2721,3212,2396,2017,2153,,,,,,,,,,,,,,,,,1340,128,630,1075,486,991,699,542,377,6269,
Kerman,2060,22479,22468,6393,11,3990,1658,2545,1534,1534,2742,2714,3203,2390,2012,2148,1797,18932,66,1316,1,26,120,221,,,,,,,,,1344,128,636,1085,458,998,705,547,382,6282,
Kingsburg,2019,13349,13255,4255,94,2483,1128,1721,1048,998,1730,1552,1576,1570,1060,872,6292,6177,36,399,6,60,23,262,240,629,310,370,739,909,499,559,590,110,1690,351,403,434,373,368,130,4449,
Kingsburg,2020,,,,,,,,,,,,,,,,,,,,,,,,,,,,,,,,,,,,,,,,,,
Kingsburg,2021,,,,,,,,,,,,,,,,,,,,,,,,,,,,,,,,,,,,,,,,,,
Kingsburg,2022,12754,12666,4441,88,2442,913,1679,974,838,1575,1602,1442,1486,1285,960,5593,6115,46,409,12,47,89,442,,,,,,,,,587,109,1691,808,446,450,516,507,129,5243,
Kingsburg,2023,12869,12780,4523,89,2433,916,1631,1011,882,1566,1639,1435,1490,1298,1001,5608,6204,46,415,12,47,91,446,,,,,,,,,595,110,1669,814,397,454,520,512,130,5202,
Kingsburg,2024,13020,12930,4607,90,2424,928,1620,996,910,1632,1623,1448,1501,1333,1027,5637,6311,45,422,12,47,94,452,,,,,,,,,604,112,1664,823,422,457,524,516,132,5254,
Kingsburg,2025,13206,13115,4607,91,2415,956,1572,1005,967,1614,1662,1502,1501,1336,1090,5680,6437,45,431,12,47,96,458,,,,,,,,,604,112,1681,829,455,461,528,520,133,5324,
Kingsburg,2026,13283,13191,4692,92,2393,975,1527,1023,976,1617,1685,1501,1491,1374,1115,5675,6511,44,437,12,46,98,461,,,,,,,,,606,114,1698,836,456,464,533,525,134,5365,
Kingsburg,2027,13408,13311,4732,96,2372,993,1513,999,1004,1632,1679,1549,1500,1367,1173,5690,6608,44,444,12,46,100,464,,,,,,,,,607,116,1718,844,464,470,537,531,135,5423,
Kingsburg,2028,13523,13426,4774,97,2350,1001,1490,975,1042,1675,1665,1611,1457,1367,1239,5699,6702,43,451,12,45,102,467,,,,,,,,,607,118,1736,853,473,475,542,535,137,5475,
Kingsburg,2029,13634,13536,4815,98,2329,1012,1488,970,1023,1702,1714,1605,1435,1397,1289,5705,6797,43,458,12,45,105,470,,,,,,,,,608,120,1753,861,480,480,547,541,138,5527,
Kingsburg,2030,13746,13648,4857,98,2307,1025,1473,947,1027,1800,1677,1606,1438,1401,1351,5712,6892,42,464,12,45,107,473,,,,,,,,,609,121,1770,870,484,485,551,545,139,5575,
Kingsburg,2031,13910,13810,4899,100,2317,1038,1473,936,1052,1848,1679,1634,1424,1424,1401,5739,7013,42,473,12,44,109,478,,,,,,,,,611,123,1788,879,503,490,556,551,140,5642,
Kingsburg,2032,14076,13975,4955,101,2326,1054,1487,932,1031,1922,1661,1669,1452,1404,1463,5768,7136,41,481,12,44,112,482,,,,,,,,,613,125,1803,888,521,495,561,556,142,5703,
Kingsburg,2033,14240,14138,5012,102,2336,1071,1509,902,1010,2015,1657,1714,1449,1413,1500,5794,7261,41,488,12,44,114,486,,,,,,,,,614,127,1820,894,540,500,565,562,144,5766,
Kingsburg,2034,14397,14294,5070,103,2345,1089,1542,883,1008,2030,1729,1698,1463,1422,1534,5818,7383,41,494,12,43,117,490,,,,,,,,,615,129,1837,903,555,505,570,567,145,5826,
Kingsburg,2035,14555,14450,5128,104,2355,1102,1576,852,988,2096,1706,1735,1516,1418,1566,5841,7506,40,499,12,43,119,494,,,,,,,,,616,130,1855,913,564,509,575,573,146,5881,
Kingsburg,2036,14713,14608,5187,106,2400,1115,1608,833,976,2138,1719,1771,1524,1417,1612,5863,7631,40,505,12,43,122,497,,,,,,,,,618,133,1877,922,587,514,580,578,147,5955,
Kingsburg,2037,14874,14767,5235,107,2446,1131,1629,839,971,2148,1740,1769,1578,1428,1640,5887,7757,39,511,12,42,124,501,,,,,,,,,619,134,1894,931,600,519,585,584,149,6016,
Kingsburg,2038,15029,14922,5283,108,2491,1144,1652,852,940,2170,1792,1760,1646,1392,1682,5909,7880,39,517,12,42,127,504,,,,,,,,,621,136,1912,940,617,524,590,589,151,6079,
Kingsburg,2039,15185,15077,5332,109,2537,1156,1677,877,920,2153,1828,1818,1644,1378,1736,5932,8003,39,522,12,41,129,507,,,,,,,,,622,138,1929,949,632,529,595,595,152,6143,
Kingsburg,2040,15340,15230,5381,110,2582,1161,1702,903,888,2141,1940,1786,1653,1387,1780,5954,8127,38,526,12,41,132,510,,,,,,,,,623,140,1949,957,649,535,600,600,153,6206,
Kingsburg,2041,15490,15379,5430,111,2617,1167,1725,924,868,2154,1991,1787,1681,1372,1819,5973,8248,38,529,12,40,134,514,,,,,,,,,625,142,1964,966,663,540,605,607,155,6266,
Kingsburg,2042,15633,15521,5473,112,2651,1171,1749,934,874,2125,2070,1767,1716,1398,1829,5992,8367,37,533,12,40,135,518,,,,,,,,,628,143,1981,976,674,545,610,611,156,6325,
Kingsburg,2043,15771,15658,5517,113,2686,1168,1774,945,888,2069,2168,1762,1761,1394,1842,6008,8482,37,537,12,39,135,521,,,,,,,,,630,145,1998,985,684,549,614,618,158,6383,
Kingsburg,2044,15894,15780,5561,114,2720,1165,1793,960,913,2044,2183,1836,1741,1407,1852,6019,8589,36,540,12,39,135,524,,,,,,,,,631,147,2018,993,694,555,619,623,159,6439,
Kingsburg,2045,16013,15898,5605,115,2755,1160,1811,973,938,1987,2251,1810,1778,1457,1848,6028,8695,36,542,12,38,135,527,,,,,,,,,633,149,2038,1002,706,559,624,628,160,6500,
Kingsburg,2046,16122,16006,5650,116,2769,1156,1824,984,959,1950,2292,1822,1811,1463,1861,6033,8795,35,543,12,37,135,530,,,,,,,,,635,150,2058,1010,713,565,629,633,162,6554,
Kingsburg,2047,16224,16108,5681,116,2782,1153,1833,998,967,1947,2297,1840,1807,1513,1868,6035,8890,34,547,12,37,135,533,,,,,,,,,636,152,2075,1018,720,569,633,638,163,6606,
Kingsburg,2048,16312,16195,5713,117,2796,1149,1839,1011,976,1923,2314,1890,1794,1572,1844,6033,8976,34,550,12,36,135,535,,,,,,,,,638,154,2093,1027,729,573,638,643,165,6660,
Kingsburg,2049,16393,16276,5745,118,2809,1147,1838,1023,989,1922,2288,1922,1846,1564,1855,6030,9058,33,553,12,35,136,535,,,,,,,,,640,155,2112,1035,734,577,642,648,166,6712,
Kingsburg,2050,16464,16346,5777,118,2823,1145,1835,1031,1000,1907,2267,2032,1805,1566,1876,6021,9136,32,555,12,35,138,535,,,,,,,,,642,157,2132,1043,737,582,647,654,168,6760,
Kingsburg,2051,16521,16403,5809,119,2814,1142,1830,1040,1009,1901,2270,2075,1798,1585,1872,,,,,,,,,,,,,,,,,643,159,2150,1051,739,586,651,659,169,6806,
Kingsburg,2052,16571,16453,5825,119,2805,1142,1817,1048,1021,1908,2229,2147,1770,1612,1879,,,,,,,,,,,,,,,,,645,160,2172,1059,737,589,655,664,170,6851,
Kingsburg,2053,16607,16488,5842,119,2795,1139,1805,1054,1031,1924,2158,2236,1754,1644,1862,,,,,,,,,,,,,,,,,647,161,2192,1064,735,594,659,667,172,6890,
Kingsburg,2054,16630,16511,5859,119,2786,1140,1790,1055,1039,1954,2120,2238,1818,1614,1861,,,,,,,,,,,,,,,,,649,163,2212,1072,735,597,663,673,172,6935,
Kingsburg,2055,16647,16527,5876,119,2777,1144,1779,1052,1044,1983,2048,2293,1783,1640,1881,5924,9418,29,564,12,31,144,526,,,,,,,,,650,164,2229,1078,732,600,667,676,174,6969,
Kingsburg,2056,16653,16534,5893,119,2766,1147,1765,1049,1049,2004,1998,2321,1784,1660,1878,,,,,,,,,,,,,,,,,651,165,2249,1086,727,603,671,682,175,7008,
Kingsburg,2057,16650,16530,5887,119,2755,1151,1751,1040,1054,2014,1982,2311,1790,1648,1909,,,,,,,,,,,,,,,,,654,166,2271,1091,723,606,675,685,176,7048,
Kingsburg,2058,16631,16512,5881,119,2743,1149,1749,1039,1053,2012,1980,2308,1788,1646,1907,,,,,,,,,,,,,,,,,655,167,2291,1099,715,609,678,689,177,7081,
Kingsburg,2059,16604,16485,5875,119,2732,1147,1747,1037,1051,2008,1977,2304,1786,1643,1903,,,,,,,,,,,,,,,,,657,168,2311,1105,706,612,682,692,178,7112,
Kingsburg,2060,16563,16444,5869,119,2721,1145,1742,1034,1048,2004,1972,2299,1781,1639,1899,5833,9438,27,564,11,29,144,517,,,,,,,,,659,168,2333,1111,694,614,684,696,180,7139,
Mendota,2019,11174,11174,2676,0,2092,1158,1818,847,836,1860,1715,1194,928,526,292,213,10854,23,36,1,21,17,9,200,889,499,439,419,110,110,10,70,8,111,145,30,391,188,106,61,1110,
Mendota,2020,,,,,,,,,,,,,,,,,,,,,,,,,,,,,,,,,,,,,,,,,,
Mendota,2021,,,,,,,,,,,,,,,,,,,,,,,,,,,,,,,,,,,,,,,,,,
Mendota,2022,12497,12500,2851,0,3197,1285,2276,1123,1073,1883,1655,1269,1020,591,322,294,12079,5,14,1,22,37,44,,,,,,,,,68,10,333,181,25,450,178,129,451,1825,
Mendota,2023,12508,12508,2870,0,3200,1189,2267,1154,1098,1783,1760,1262,1045,601,348,290,12095,5,14,1,21,37,44,,,,,,,,,69,10,329,182,2,453,179,130,456,1810,
Mendota,2024,12517,12517,2890,0,3202,1130,2235,1158,1126,1809,1708,1292,1068,627,364,288,12109,5,14,1,21,37,43,,,,,,,,,70,10,328,184,0,454,180,131,456,1813,
Mendota,2025,12529,12529,2890,0,3205,1092,2186,1172,1106,1824,1710,1345,1042,674,377,285,12126,5,13,1,20,36,43,,,,,,,,,70,10,331,185,0,454,182,131,457,1820,
Mendota,2026,12607,12607,2909,0,3147,1056,2153,1210,1063,1866,1732,1351,1071,691,413,284,12205,5,13,1,20,36,43,,,,,,,,,70,10,334,186,0,462,183,133,464,1842,
Mendota,2027,12731,12731,2936,0,3089,1071,2052,1223,1085,1962,1682,1423,1069,739,425,284,12330,5,13,1,20,36,42,,,,,,,,,70,11,338,188,13,467,184,134,470,1875,
Mendota,2028,12846,12846,2963,0,3030,1085,1956,1243,1124,1987,1699,1436,1092,776,449,284,12446,5,13,1,19,36,42,,,,,,,,,70,11,342,189,28,471,185,135,474,1906,
Mendota,2029,12957,12957,2990,0,2972,1100,1887,1248,1137,2007,1733,1487,1088,793,478,284,12558,5,13,1,19,36,42,,,,,,,,,70,11,345,191,43,475,187,136,477,1937,
Mendota,2030,13069,13069,3017,0,2914,1116,1840,1230,1160,2024,1751,1511,1099,836,501,284,12671,5,13,1,19,35,42,,,,,,,,,71,11,349,193,55,480,188,137,481,1964,
Mendota,2031,13135,13135,3045,0,2845,1128,1762,1238,1196,2041,1752,1519,1115,860,525,282,12740,5,12,1,18,35,41,,,,,,,,,71,11,352,194,59,484,189,139,485,1985,
Mendota,2032,13203,13203,3060,0,2776,1141,1679,1221,1204,2081,1774,1541,1141,858,563,283,12807,5,12,1,18,35,41,,,,,,,,,71,11,355,196,62,488,191,140,491,2004,
Mendota,2033,13269,13269,3075,0,2706,1157,1631,1173,1219,2144,1688,1647,1140,882,588,284,12873,5,12,1,18,35,40,,,,,,,,,71,11,358,197,66,492,192,141,494,2024,
Mendota,2034,13332,13332,3090,0,2637,1175,1601,1135,1219,2184,1720,1604,1173,904,617,285,12937,5,12,1,17,34,40,,,,,,,,,71,12,362,199,69,497,194,142,498,2043,
Mendota,2035,13396,13396,3106,0,2568,1191,1571,1121,1197,2188,1741,1614,1226,887,659,286,13002,5,12,1,17,34,40,,,,,,,,,71,12,365,201,70,500,195,143,502,2059,
Mendota,2036,13460,13460,3121,0,2553,1204,1590,1036,1205,2180,1779,1632,1231,912,690,287,13066,5,11,1,16,34,39,,,,,,,,,72,12,370,203,76,504,196,144,506,2082,
Mendota,2037,13524,13524,3131,0,2538,1219,1607,949,1187,2204,1861,1578,1290,907,722,290,13129,5,11,1,16,33,39,,,,,,,,,72,12,373,204,78,509,198,146,510,2101,
Mendota,2038,13587,13587,3142,0,2524,1233,1624,897,1141,2251,1878,1587,1297,923,755,293,13191,5,11,1,16,33,38,,,,,,,,,72,12,376,206,80,513,199,147,516,2121,
Mendota,2039,13650,13650,3152,0,2509,1243,1643,863,1105,2261,1891,1613,1338,915,776,295,13252,5,10,1,15,33,38,,,,,,,,,72,12,380,208,83,517,201,148,520,2141,
Mendota,2040,13712,13712,3163,0,2494,1250,1665,828,1092,2259,1901,1625,1355,923,813,298,13313,5,10,1,15,32,38,,,,,,,,,72,13,384,209,86,522,202,149,524,2160,
Mendota,2041,13773,13773,3173,0,2526,1254,1687,838,1010,2302,1918,1626,1362,938,838,301,13372,5,10,1,14,32,37,,,,,,,,,72,13,387,211,89,526,203,150,528,2180,
Mendota,2042,13831,13831,3184,0,2557,1257,1710,845,925,2294,1957,1648,1383,960,853,304,13429,5,10,1,14,32,37,,,,,,,,,73,13,390,213,90,531,205,151,532,2197,
Mendota,2043,13886,13886,3194,0,2589,1253,1734,852,876,2264,2017,1569,1480,959,880,307,13483,5,9,1,14,31,37,,,,,,,,,73,13,394,215,92,534,206,153,536,2215,
Mendota,2044,13936,13936,3205,0,2620,1246,1755,862,843,2231,2057,1601,1442,990,908,309,13531,5,9,1,13,31,36,,,,,,,,,73,13,397,216,93,539,207,154,540,2232,
Mendota,2045,13984,13984,3215,0,2652,1237,1773,873,810,2200,2063,1623,1453,1036,916,312,13577,5,9,1,13,31,36,,,,,,,,,73,13,401,218,96,542,209,155,544,2250,
Mendota,2046,14028,14028,3225,0,2670,1225,1790,884,819,2129,2059,1660,1471,1042,948,315,13620,5,9,1,13,30,36,,,,,,,,,74,13,405,219,95,547,210,156,548,2266,
Mendota,2047,14069,14069,3234,0,2688,1212,1806,897,827,2031,2084,1739,1423,1093,957,318,13660,5,8,1,12,30,35,,,,,,,,,74,14,409,220,96,550,211,157,552,2282,
Mendota,2048,14104,14104,3242,0,2706,1195,1815,911,834,1942,2132,1758,1433,1101,984,319,13695,5,8,1,12,30,35,,,,,,,,,74,14,412,222,97,553,213,158,556,2298,
Mendota,2049,14137,14137,3251,0,2724,1178,1820,926,845,1876,2144,1772,1459,1135,983,320,13729,5,8,1,12,29,34,,,,,,,,,74,14,416,224,96,557,214,159,560,2313,
Mendota,2050,14166,14166,3259,0,2742,1160,1818,939,855,1834,2145,1784,1472,1151,1007,321,13758,5,8,1,11,29,34,,,,,,,,,74,14,420,225,95,560,215,160,564,2327,
Mendota,2051,14189,14189,3267,0,2734,1145,1814,952,866,1766,2187,1801,1472,1159,1026,,,,,,,,,,,,,,,,,75,14,423,226,95,563,216,161,567,2340,
Mendota,2052,14209,14209,3273,0,2726,1129,1805,966,880,1693,2182,1839,1493,1176,1045,,,,,,,,,,,,,,,,,75,14,428,228,93,566,217,162,571,2353,
Mendota,2053,14223,14223,3279,0,2717,1114,1793,977,893,1655,2155,1898,1425,1260,1055,,,,,,,,,,,,,,,,,75,14,432,229,89,569,218,163,575,2363,
Mendota,2054,14233,14233,3284,0,2709,1100,1775,984,908,1634,2124,1936,1453,1229,1090,,,,,,,,,,,,,,,,,75,14,436,230,90,571,219,164,577,2376,
Mendota,2055,14239,14239,3290,0,2701,1086,1755,989,921,1613,2096,1943,1475,1240,1122,322,13838,4,7,1,10,27,31,,,,,,,,,75,14,439,231,86,573,220,165,582,2385,
Mendota,2056,14242,14242,3295,0,2690,1078,1730,994,933,1633,2028,1940,1510,1255,1142,,,,,,,,,,,,,,,,,75,14,443,232,85,576,221,166,584,2396,
Mendota,2057,14240,14240,3294,0,2679,1068,1708,993,947,1652,1935,1963,1581,1213,1179,,,,,,,,,,,,,,,,,76,15,447,233,81,578,222,166,588,2406,
Mendota,2058,14233,14233,3292,0,2668,1067,1707,993,947,1651,1934,1962,1581,1212,1179,,,,,,,,,,,,,,,,,76,15,451,235,78,580,223,167,590,2414,
Mendota,2059,14222,14222,3291,0,2657,1067,1705,992,946,1650,1933,1961,1579,1211,1178,,,,,,,,,,,,,,,,,76,15,455,235,74,582,224,168,593,2422,
Mendota,2060,14206,14206,3289,0,2646,1065,1703,991,945,1648,1930,1959,1578,1210,1176,318,13810,4,6,1,9,26,30,,,,,,,,,76,15,459,236,68,583,224,168,597,2427,
Orange Cove,2019,9168,9168,2151,0,1717,1041,1642,845,765,1425,1136,897,680,457,280,387,8599,18,78,2,23,15,46,221,870,370,310,190,80,70,40,120,4,44,78,13,190,261,12,69,791,
Orange Cove,2020,,,,,,,,,,,,,,,,,,,,,,,,,,,,,,,,,,,,,,,,,,
Orange Cove,2021,,,,,,,,,,,,,,,,,,,,,,,,,,,,,,,,,,,,,,,,,,
Orange Cove,2022,9589,9594,2439,0,2465,900,1695,986,849,1277,1183,974,812,551,364,323,9112,23,62,5,12,4,49,,,,,,,,,117,1,51,129,28,219,291,24,96,956,
Orange Cove,2023,9596,9596,2452,0,2422,859,1629,1007,861,1320,1188,988,817,540,387,318,9126,22,61,5,12,4,49,,,,,,,,,119,1,50,129,31,220,292,24,97,963,
Orange Cove,2024,9598,9598,2466,0,2380,829,1589,993,897,1363,1178,954,837,567,392,314,9136,22,59,5,11,4,48,,,,,,,,,120,1,50,130,29,221,293,24,97,966,
Orange Cove,2025,9601,9601,2466,0,2337,835,1516,997,900,1392,1129,1006,849,596,382,309,9147,21,58,4,11,4,47,,,,,,,,,120,1,51,131,28,221,294,24,98,968,
Orange Cove,2026,9611,9611,2480,0,2273,838,1474,965,895,1431,1123,1049,822,617,397,305,9165,20,56,4,11,4,47,,,,,,,,,121,1,51,131,28,222,295,24,98,971,
Orange Cove,2027,9628,9628,2485,0,2210,852,1401,939,939,1438,1129,1067,817,636,409,301,9188,19,55,4,11,4,46,,,,,,,,,121,1,52,132,27,224,296,25,98,976,
Orange Cove,2028,9643,9643,2490,0,2146,863,1350,890,959,1479,1136,1048,869,616,433,297,9210,18,53,4,11,4,45,,,,,,,,,121,1,52,132,27,225,297,25,99,980,
Orange Cove,2029,9657,9657,2496,0,2083,875,1312,860,947,1525,1143,1054,863,626,452,293,9231,18,52,4,10,3,45,,,,,,,,,121,1,53,133,27,226,299,25,99,984,
Orange Cove,2030,9672,9672,2501,0,2019,886,1265,843,951,1555,1150,1053,841,660,467,290,9253,17,51,4,10,3,44,,,,,,,,,121,1,53,134,26,228,300,25,100,988,
Orange Cove,2031,9694,9694,2506,0,1988,897,1235,837,922,1603,1159,1057,820,679,485,287,9282,16,49,4,10,3,43,,,,,,,,,122,1,54,135,28,229,301,25,100,995,
Orange Cove,2032,9717,9717,2512,0,1956,907,1204,810,898,1665,1153,1055,839,657,529,283,9311,16,48,4,10,3,43,,,,,,,,,122,1,54,135,29,230,302,25,101,1001,
Orange Cove,2033,9740,9740,2518,0,1925,915,1184,791,851,1697,1193,1061,852,660,534,281,9339,15,46,4,10,3,42,,,,,,,,,122,1,55,136,31,231,303,25,102,1007,
Orange Cove,2034,9762,9762,2524,0,1893,922,1197,754,824,1722,1234,1053,825,679,553,278,9367,15,45,4,9,3,41,,,,,,,,,123,1,55,137,32,233,305,25,102,1013,
Orange Cove,2035,9784,9784,2530,0,1862,928,1207,709,808,1731,1262,1012,873,690,563,275,9394,14,43,4,9,3,41,,,,,,,,,123,1,56,137,33,233,306,26,103,1018,
Orange Cove,2036,9805,9805,2535,0,1872,930,1227,672,803,1699,1300,1008,912,669,585,273,9422,13,42,4,9,3,40,,,,,,,,,123,1,57,138,35,235,307,26,103,1025,
Orange Cove,2037,9828,9828,2538,0,1882,931,1243,636,778,1718,1309,1015,928,665,604,271,9449,13,41,4,9,3,39,,,,,,,,,123,1,57,139,36,236,308,26,104,1031,
Orange Cove,2038,9849,9849,2540,0,1893,929,1260,609,760,1695,1348,1024,914,710,600,269,9475,12,39,4,9,3,38,,,,,,,,,124,1,58,140,38,237,309,26,104,1037,
Orange Cove,2039,9871,9871,2542,0,1903,925,1276,615,725,1660,1394,1032,921,706,617,265,9504,12,38,3,8,3,38,,,,,,,,,124,1,58,140,39,239,311,26,105,1043,
Orange Cove,2040,9892,9892,2544,0,1913,918,1290,618,684,1653,1425,1042,922,691,651,261,9531,11,37,3,8,3,37,,,,,,,,,124,1,59,141,41,240,312,26,105,1049,
Orange Cove,2041,9913,9913,2546,0,1929,907,1304,630,648,1624,1471,1053,926,675,675,258,9558,11,36,3,8,3,36,,,,,,,,,125,1,59,142,42,241,313,26,106,1055,
Orange Cove,2042,9933,9933,2549,0,1945,896,1315,640,615,1580,1532,1050,926,693,686,254,9584,11,35,3,8,3,36,,,,,,,,,125,1,60,142,43,243,314,26,106,1061,
Orange Cove,2043,9952,9952,2552,0,1962,886,1322,651,590,1524,1566,1089,934,704,686,251,9609,10,34,3,7,3,35,,,,,,,,,126,1,60,143,45,243,315,27,107,1067,
Orange Cove,2044,9969,9969,2555,0,1978,873,1327,663,596,1467,1592,1129,928,685,709,248,9631,10,33,3,7,3,34,,,,,,,,,126,1,61,144,46,245,316,27,107,1072,
Orange Cove,2045,9985,9985,2559,0,1994,860,1327,674,600,1416,1605,1158,896,728,721,245,9652,10,32,3,7,3,34,,,,,,,,,126,1,61,144,48,245,317,27,108,1078,
Orange Cove,2046,10000,10000,2562,0,1991,849,1325,684,613,1379,1581,1197,895,762,715,242,9672,9,31,3,7,2,33,,,,,,,,,126,1,62,145,48,247,318,27,108,1082,
Orange Cove,2047,10014,10014,2565,0,1987,836,1320,694,623,1327,1603,1208,904,778,721,240,9691,9,30,3,7,2,33,,,,,,,,,127,1,63,145,49,247,319,27,109,1087,
Orange Cove,2048,10026,10026,2568,0,1984,825,1312,702,635,1289,1585,1248,915,768,747,237,9708,9,29,3,7,2,32,,,,,,,,,127,1,63,146,51,248,320,27,109,1093,
Orange Cove,2049,10038,10038,2571,0,1980,814,1302,709,647,1264,1556,1293,925,776,752,235,9723,8,28,3,6,2,31,,,,,,,,,128,1,64,146,52,249,321,27,110,1097,
Orange Cove,2050,10047,10047,2574,0,1977,802,1289,715,658,1231,1553,1325,936,777,761,233,9737,8,27,3,6,2,31,,,,,,,,,128,1,64,147,53,250,321,27,110,1101,
Orange Cove,2051,10055,10055,2578,0,1958,795,1273,720,669,1211,1528,1370,948,780,762,,,,,,,,,,,,,,,,,128,1,65,147,54,250,322,27,110,1105,
Orange Cove,2052,10062,10062,2581,0,1939,785,1259,721,679,1191,1490,1429,947,782,779,,,,,,,,,,,,,,,,,129,1,66,148,55,250,323,27,111,1109,
Orange Cove,2053,10067,10067,2584,0,1921,780,1240,722,687,1180,1439,1463,984,789,783,,,,,,,,,,,,,,,,,129,1,66,148,55,251,323,27,111,1112,
Orange Cove,2054,10070,10070,2587,0,1902,774,1225,719,693,1198,1387,1489,1020,784,780,,,,,,,,,,,,,,,,,129,1,67,148,57,251,324,28,111,1116,
Orange Cove,2055,10073,10073,2590,0,1883,770,1209,712,700,1214,1340,1502,1047,759,819,224,9781,6,24,3,6,2,28,,,,,,,,,130,1,67,148,57,252,324,28,112,1119,
Orange Cove,2056,10074,10074,2593,0,1874,768,1193,705,704,1236,1306,1480,1084,760,836,,,,,,,,,,,,,,,,,130,1,68,149,58,252,325,28,112,1121,
Orange Cove,2057,10073,10073,2592,0,1864,766,1179,698,705,1256,1257,1501,1095,768,848,,,,,,,,,,,,,,,,,130,1,68,149,59,252,325,28,112,1124,
Orange Cove,2058,10071,10071,2592,0,1855,766,1179,698,705,1256,1257,1500,1095,768,848,,,,,,,,,,,,,,,,,131,1,69,149,60,252,325,28,112,1127,
Orange Cove,2059,10067,10067,2591,0,1845,765,1178,697,705,1255,1256,1500,1094,767,848,,,,,,,,,,,,,,,,,131,1,70,149,60,252,325,28,112,1129,
Orange Cove,2060,10061,10061,2590,0,1836,765,1178,697,704,1255,1256,1499,1094,767,847,220,9776,6,23,3,5,2,27,,,,,,,,,131,1,70,149,60,252,325,28,113,1130,
Parlier,2019,14036,14034,3389,2,2628,1587,2400,1167,1134,2203,1875,1454,1150,644,420,205,13741,11,33,3,12,13,16,519,1000,510,230,680,210,170,70,320,24,595,141,88,479,390,120,76,2233,
Parlier,2020,,,,,,,,,,,,,,,,,,,,,,,,,,,,,,,,,,,,,,,,,,
Parlier,2021,,,,,,,,,,,,,,,,,,,,,,,,,,,,,,,,,,,,,,,,,,
Parlier,2022,15029,15027,3768,2,3756,1359,2554,1494,1152,2089,2006,1630,1381,854,510,210,14675,33,47,2,9,14,39,,,,,,,,,324,47,760,175,131,478,387,115,137,2554,
Parlier,2023,15033,15031,3787,2,3673,1297,2523,1494,1220,2068,1981,1618,1397,916,519,207,14686,32,45,2,9,14,38,,,,,,,,,329,47,750,175,103,479,388,116,138,2526,
Parlier,2024,15035,15033,3806,2,3590,1270,2482,1452,1256,2117,1940,1631,1407,941,539,206,14693,31,44,2,9,14,37,,,,,,,,,333,48,748,176,100,481,389,116,138,2530,
Parlier,2025,15038,15036,3806,2,3507,1291,2334,1432,1327,2165,1884,1620,1453,952,579,204,14701,31,43,2,9,13,37,,,,,,,,,333,48,756,177,100,482,390,116,139,2541,
Parlier,2026,15042,15040,3825,2,3425,1289,2259,1400,1363,2158,1941,1605,1422,982,623,202,14709,30,41,2,8,13,36,,,,,,,,,334,48,763,177,99,483,391,117,140,2553,
Parlier,2027,15047,15045,3829,2,3343,1301,2160,1357,1420,2182,1894,1649,1395,1043,645,200,14720,29,40,2,8,13,35,,,,,,,,,335,49,772,178,97,487,393,117,140,2568,
Parlier,2028,15052,15050,3832,2,3260,1306,2069,1361,1421,2192,1872,1712,1375,1077,666,199,14729,29,39,2,8,13,34,,,,,,,,,335,49,780,179,96,489,394,118,141,2581,
Parlier,2029,15057,15055,3836,2,3178,1311,1972,1397,1382,2261,1831,1765,1357,1072,710,197,14739,28,38,2,8,12,33,,,,,,,,,336,50,788,180,94,492,395,118,141,2594,
Parlier,2030,15062,15060,3840,2,3096,1319,1907,1341,1364,2303,1869,1749,1378,1080,753,196,14748,27,37,2,7,12,32,,,,,,,,,336,50,796,181,93,494,396,119,142,2607,
Parlier,2031,15090,15088,3844,2,3038,1331,1869,1309,1336,2344,1884,1751,1390,1087,789,194,14781,27,36,2,7,12,32,,,,,,,,,337,51,803,182,97,497,398,119,142,2626,
Parlier,2032,15119,15117,3851,2,2980,1339,1818,1280,1298,2399,1884,1788,1401,1113,799,193,14814,26,35,2,7,12,31,,,,,,,,,338,51,810,183,100,499,399,120,143,2644,
Parlier,2033,15147,15145,3858,2,2922,1343,1805,1217,1304,2466,1869,1770,1395,1130,848,191,14846,26,34,2,7,11,30,,,,,,,,,339,52,818,183,105,502,401,120,144,2662,
Parlier,2034,15174,15172,3865,2,2864,1348,1835,1107,1341,2467,1917,1737,1410,1139,874,190,14877,25,33,2,7,11,30,,,,,,,,,340,52,826,184,108,504,402,121,145,2680,
Parlier,2035,15202,15199,3872,2,2806,1357,1839,1051,1290,2520,1965,1691,1406,1180,903,189,14908,24,32,2,6,11,29,,,,,,,,,340,53,834,185,111,505,403,122,145,2697,
Parlier,2036,15229,15227,3879,2,2817,1364,1854,1009,1260,2529,1964,1746,1396,1159,949,187,14940,24,31,2,6,11,28,,,,,,,,,341,53,844,186,116,508,405,122,146,2719,
Parlier,2037,15257,15254,3881,2,2829,1363,1869,957,1233,2550,1993,1709,1440,1141,1002,186,14971,23,30,2,6,11,28,,,,,,,,,342,54,851,187,119,510,406,123,146,2737,
Parlier,2038,15284,15281,3883,2,2840,1362,1882,939,1174,2562,2007,1696,1499,1129,1034,184,15002,23,30,2,6,10,27,,,,,,,,,343,54,859,187,123,513,407,123,147,2756,
Parlier,2039,15311,15308,3885,2,2852,1361,1897,959,1069,2567,2077,1663,1549,1116,1053,183,15032,22,29,2,6,10,27,,,,,,,,,343,55,867,188,126,515,409,124,148,2775,
Parlier,2040,15337,15335,3886,2,2863,1356,1911,959,1016,2507,2123,1704,1541,1138,1082,182,15063,22,28,1,6,10,26,,,,,,,,,344,55,876,189,130,517,410,124,148,2793,
Parlier,2041,15363,15361,3888,2,2882,1346,1926,970,977,2458,2166,1722,1546,1150,1103,181,15092,22,27,1,5,10,25,,,,,,,,,345,56,883,190,133,520,411,125,149,2811,
Parlier,2042,15388,15386,3891,2,2901,1332,1938,980,928,2401,2222,1726,1582,1162,1118,179,15120,21,26,1,5,10,25,,,,,,,,,346,56,890,191,136,522,412,125,150,2829,
Parlier,2043,15412,15410,3894,2,2919,1320,1946,990,912,2354,2290,1716,1571,1160,1155,178,15147,21,26,1,5,9,24,,,,,,,,,348,56,898,191,140,524,413,126,150,2846,
Parlier,2044,15433,15431,3898,2,2938,1307,1953,1000,933,2291,2296,1764,1544,1176,1170,177,15171,20,25,1,5,9,24,,,,,,,,,348,57,907,192,143,526,414,126,151,2864,
Parlier,2045,15454,15451,3901,2,2957,1292,1959,1010,934,2197,2351,1814,1506,1179,1212,176,15195,20,24,1,5,9,23,,,,,,,,,349,57,916,193,147,527,415,126,151,2883,
Parlier,2046,15472,15470,3904,2,,1276,1959,1022,946,2136,2366,1818,1558,1172,1219,174,15217,20,24,1,5,9,23,,,,,,,,,350,57,925,193,149,530,416,127,152,2900,
Parlier,2047,15490,15488,3908,2,,1261,1956,1029,956,2067,2392,1849,1530,1213,1235,173,15237,20,23,1,5,9,23,,,,,,,,,351,58,933,194,153,531,417,127,152,2916,
Parlier,2048,15505,15503,3912,2,,1248,1950,1036,967,1999,2409,1866,1524,1266,1240,172,15255,19,23,1,4,9,22,,,,,,,,,352,58,941,195,156,532,418,128,153,2933,
Parlier,2049,15519,15517,3916,2,,1236,1940,1046,978,1923,2420,1936,1498,1311,1233,171,15271,19,22,1,4,8,22,,,,,,,,,353,58,949,195,160,533,419,128,153,2949,
Parlier,2050,15532,15529,3920,2,2945,1222,1926,1056,989,1878,2369,1984,1539,1306,1263,170,15286,19,22,1,4,8,21,,,,,,,,,354,59,958,195,162,535,419,128,154,2965,
Parlier,2051,15541,15539,3924,2,,1209,1909,1062,1002,1855,2326,2028,1558,1313,1278,,,,,,,,,,,,,,,,,355,59,966,196,165,536,420,129,154,2980,
Parlier,2052,15550,15548,3928,2,,1200,1892,1066,1009,1821,2276,2084,1566,1346,1290,,,,,,,,,,,,,,,,,356,59,976,196,168,536,420,129,155,2995,
Parlier,2053,15556,15554,3932,2,,1192,1875,1068,1016,1817,2235,2150,1557,1339,1307,,,,,,,,,,,,,,,,,357,59,985,196,170,537,421,129,155,3009,
Parlier,2054,15560,15558,3937,2,,1185,1855,1068,1026,1850,2178,2159,1603,1316,1321,,,,,,,,,,,,,,,,,358,60,994,197,173,537,421,129,155,3025,
Parlier,2055,15563,15561,3941,2,2847,1179,1835,1064,1036,1863,2091,2214,1649,1283,1350,165,15329,17,19,1,3,8,20,,,,,,,,,359,60,1002,197,176,537,421,129,156,3037,
Parlier,2056,15564,15562,3945,2,,1175,1816,1056,1042,1887,2034,2228,1655,1329,1341,,,,,,,,,,,,,,,,,359,60,1011,197,179,537,422,130,156,3050,
Parlier,2057,15564,15561,3944,2,,1175,1798,1048,1046,1905,1971,2253,1683,1305,1379,,,,,,,,,,,,,,,,,361,60,1021,197,181,537,422,130,156,3065,
Parlier,2058,15560,15558,3944,2,,1175,1798,1048,1046,1905,1970,2253,1683,1305,1379,,,,,,,,,,,,,,,,,362,60,1030,198,184,537,422,130,156,3077,
Parlier,2059,15556,15554,3943,2,,1175,1797,1047,1046,1904,1970,2252,1682,1305,1378,,,,,,,,,,,,,,,,,363,60,1039,198,186,537,422,130,156,3089,
Parlier,2060,15549,15546,3942,2,2794,1174,1796,1047,1045,1903,1969,2251,1682,1304,1378,163,15320,17,18,1,3,7,19,,,,,,,,,364,60,1049,198,188,536,421,130,157,3101,
Reedley,2019,25169,24853,6930,316,4654,2483,3619,1987,1971,3717,3099,2861,2409,1494,1213,4033,19778,94,658,4,50,41,195,350,1330,900,1120,1400,640,740,450,620,157,1031,471,267,1770,1871,481,271,6939,
Reedley,2020,,,,,,,,,,,,,,,,,,,,,,,,,,,,,,,,,,,,,,,,,,
Reedley,2021,,,,,,,,,,,,,,,,,,,,,,,,,,,,,,,,,,,,,,,,,,
Reedley,2022,25293,25045,7244,248,5455,1929,3790,2222,2000,3366,3064,2833,2592,1820,1676,3846,20129,73,653,4,45,172,370,,,,,,,,,2008,148,946,497,256,1623,1895,507,238,8118,
Reedley,2023,25435,25186,7330,250,5384,1930,3671,2216,2099,3477,3001,2888,2617,1847,1690,3780,20336,74,649,4,45,174,372,,,,,,,,,2036,149,934,499,343,1631,1905,510,240,8247,
Reedley,2024,25612,25361,7418,251,5312,1975,3524,2229,2151,3563,3013,2916,2619,1923,1699,3726,20566,75,647,4,45,175,375,,,,,,,,,2066,151,931,503,381,1638,1913,513,241,8337,
Reedley,2025,25831,25578,7418,253,5241,2030,3388,2270,2170,3599,3070,2925,2681,1968,1730,3678,20830,76,645,4,45,176,377,,,,,,,,,2066,151,940,505,416,1646,1922,515,243,8405,
Reedley,2026,25841,25588,7506,254,5132,2047,3284,2207,2184,3698,3062,2927,2688,2010,1734,3604,20922,77,637,4,45,176,376,,,,,,,,,2072,153,950,507,398,1653,1931,518,244,8427,
Reedley,2027,25858,25595,7515,263,5024,2081,3192,2161,2204,3745,3047,2959,2688,2036,1744,3534,21016,78,630,4,44,177,376,,,,,,,,,2075,155,961,511,370,1669,1942,522,246,8451,
Reedley,2028,25873,25610,7523,263,4915,2106,3047,2149,2184,3815,3109,2955,2695,2066,1746,3467,21106,78,623,3,44,176,375,,,,,,,,,2078,157,971,514,349,1681,1951,525,247,8473,
Reedley,2029,25887,25624,7532,263,4807,2133,2987,2064,2181,3918,3154,2901,2680,2073,1795,3402,21192,79,617,3,43,176,374,,,,,,,,,2081,159,981,518,325,1692,1962,529,249,8495,
Reedley,2030,25902,25639,7541,263,4698,2159,2895,2026,2202,3942,3187,2868,2666,2115,1841,3340,21277,79,610,3,43,176,373,,,,,,,,,2084,161,990,521,303,1704,1971,531,250,8516,
Reedley,2031,26071,25806,7549,265,,2193,2896,1965,2153,4052,3209,2875,2628,2208,1891,3300,21487,81,607,3,43,177,374,,,,,,,,,2090,163,1000,525,315,1716,1983,536,252,8579,
Reedley,2032,26243,25976,7597,267,,2231,2913,1910,2119,4094,3244,2920,2609,2239,1964,3262,21699,80,603,3,43,178,375,,,,,,,,,2096,164,1008,529,327,1727,1994,538,254,8637,
Reedley,2033,26413,26144,7646,269,,2263,2973,1755,2119,4180,3348,2857,2657,2256,2005,3224,21907,78,600,3,42,181,376,,,,,,,,,2099,166,1018,531,339,1739,2003,542,256,8694,
Reedley,2034,26575,26305,7695,270,,2294,3038,1677,2045,4235,3424,2862,2677,2255,2067,3189,22107,77,596,3,42,184,377,,,,,,,,,2105,168,1028,535,347,1751,2015,545,257,8751,
Reedley,2035,26739,26467,7744,272,4579,2318,3087,1585,2020,4279,3448,2907,2678,2302,2115,3155,22305,76,593,3,42,187,378,,,,,,,,,2108,170,1038,538,355,1759,2024,549,259,8799,
Reedley,2036,26903,26629,7793,274,,2338,3148,1556,1958,4255,3561,2914,2694,2318,2160,3121,22505,75,589,3,41,190,379,,,,,,,,,2114,172,1050,542,371,1771,2035,552,260,8867,
Reedley,2037,27069,26793,7829,275,,2356,3201,1550,1903,4252,3626,2916,2738,2329,2197,3089,22705,74,584,3,41,193,380,,,,,,,,,2117,173,1060,545,377,1783,2047,556,262,8920,
Reedley,2038,27230,26953,7866,277,,2365,3256,1584,1750,4245,3715,2993,2748,2347,2227,3057,22899,73,580,3,41,196,381,,,,,,,,,2123,175,1069,549,390,1795,2056,559,264,8980,
Reedley,2039,27391,27113,7902,279,,2366,3310,1627,1673,4184,3839,3054,2713,2348,2276,3027,23092,72,577,2,41,199,382,,,,,,,,,2129,177,1079,553,399,1807,2068,563,266,9040,
Reedley,2040,27551,27271,7939,280,5007,2362,3362,1651,1583,4195,3887,3107,2700,2353,2352,2998,23283,71,573,2,40,202,383,,,,,,,,,2132,179,1090,555,409,1819,2077,566,267,9095,
Reedley,2041,27706,27424,7976,282,,2355,3410,1686,1555,4087,3999,3129,2709,2325,2452,2970,23467,70,568,2,40,205,384,,,,,,,,,2138,181,1099,559,418,1831,2089,570,269,9154,
Reedley,2042,27855,27571,8011,283,,2340,3451,1720,1550,4002,4043,3167,2753,2310,2518,2942,23647,69,564,2,39,208,385,,,,,,,,,2147,183,1108,562,427,1843,2098,573,270,9211,
Reedley,2043,27997,27712,8045,285,,2321,3489,1753,1585,3852,4132,3271,2696,2355,2544,2914,23819,68,559,2,39,211,385,,,,,,,,,2156,185,1118,566,437,1851,2108,577,272,9269,
Reedley,2044,28125,27839,8080,286,,2299,3515,1785,1629,3705,4191,3348,2703,2375,2575,2886,23976,67,555,2,39,213,386,,,,,,,,,2159,186,1129,569,442,1863,2117,580,273,9318,
Reedley,2045,28248,27960,8115,287,5326,2277,3532,1819,1653,3592,4238,3376,2748,2380,2633,2859,24128,66,551,2,38,216,387,,,,,,,,,2165,188,1140,572,453,1871,2126,583,275,9373,
Reedley,2046,28361,28072,8150,288,,2255,3544,1850,1688,3503,4218,3489,2757,2396,2660,2834,24270,65,546,2,38,219,388,,,,,,,,,2171,189,1151,575,456,1884,2136,586,276,9423,
Reedley,2047,28466,28177,8177,290,,2229,3547,1880,1721,3445,4217,3554,2761,2437,2675,2809,24402,64,541,2,38,222,389,,,,,,,,,2177,191,1161,577,462,1892,2145,588,278,9471,
Reedley,2048,28557,28266,8204,290,,2209,3538,1908,1753,3327,4212,3643,2836,2442,2690,2784,24521,63,537,2,37,224,389,,,,,,,,,2183,192,1171,581,471,1900,2154,591,279,9522,
Reedley,2049,28641,28350,8231,291,,2184,3521,1934,1786,3294,4151,3765,2892,2409,2706,2759,24637,62,531,2,37,227,388,,,,,,,,,2189,193,1182,583,478,1908,2161,594,281,9568,
Reedley,2050,28715,28423,8258,292,5374,2164,3498,1952,1819,3227,4160,3810,2940,2397,2747,2734,24743,61,524,1,36,229,386,,,,,,,,,2195,195,1193,586,481,1916,2168,597,282,9612,
Reedley,2051,28774,28481,8285,293,,2146,3468,1970,1848,3232,4050,3917,2960,2404,2779,,,,,,,,,,,,,,,,,2200,197,1203,588,485,1924,2175,600,283,9654,
Reedley,2052,28826,28533,8302,293,,2129,3436,1980,1876,3258,3961,3956,2994,2441,2794,,,,,,,,,,,,,,,,,2206,197,1215,591,488,1928,2182,602,285,9693,
Reedley,2053,28863,28569,8318,294,,2121,3397,1983,1903,3319,3806,4037,3086,2385,2825,,,,,,,,,,,,,,,,,2212,197,1226,592,486,1936,2189,604,286,9728,
Reedley,2054,28887,28593,8335,294,,2113,3361,1977,1925,3389,3655,4087,3153,2385,2842,,,,,,,,,,,,,,,,,2218,199,1237,594,491,1939,2195,606,287,9769,
Reedley,2055,28904,28610,8351,294,5177,2114,3318,1968,1940,3439,3536,4124,3174,2421,2868,2614,25082,66,505,1,33,230,374,,,,,,,,,2224,200,1247,595,494,1943,2200,608,288,9799,
Reedley,2056,28911,28617,8368,294,,2118,3277,1955,1955,3497,3441,4095,3273,2424,2877,,,,,,,,,,,,,,,,,2227,200,1258,598,494,1947,2207,610,289,9831,
Reedley,2057,28907,28613,8363,294,,2123,3241,1934,1962,3550,3374,4083,3325,2421,2894,,,,,,,,,,,,,,,,,2236,201,1271,599,496,1951,2211,612,290,9867,
Reedley,2058,28888,28594,8358,294,,2122,3239,1933,1960,3547,3372,4080,3322,2420,2892,,,,,,,,,,,,,,,,,2242,202,1282,602,495,1954,2215,613,291,9896,
Reedley,2059,28859,28566,8353,294,,2120,3236,1931,1958,3544,3369,4076,3319,2417,2889,,,,,,,,,,,,,,,,,2248,202,1293,603,493,1958,2219,614,292,9922,
Reedley,2060,28817,28524,8348,293,5051,2117,3231,1928,1955,3539,3364,4070,3314,2414,2885,2561,25066,67,496,1,32,228,367,,,,,,,,,2254,202,1305,604,491,1958,2221,615,293,9943,
Sanger,2019,28665,28515,7811,150,5340,2960,4221,2272,2412,3941,3680,3231,2655,1735,1408,3655,23587,129,762,25,101,25,231,361,1480,930,1340,1060,1300,980,360,871,118,2087,750,665,1100,849,413,334,7187,
Sanger,2020,,,,,,,,,,,,,,,,,,,,,,,,,,,,,,,,,,,,,,,,,,
Sanger,2021,,,,,,,,,,,,,,,,,,,,,,,,,,,,,,,,,,,,,,,,,,
Sanger,2022,27039,26889,7815,149,6080,2131,4183,2430,1976,3800,3612,3061,2589,1878,1379,3200,22370,174,776,29,76,82,333,,,,,,,,,954,136,2726,747,1720,1102,981,685,746,9797,
Sanger,2023,27039,26889,7864,149,5940,2105,4003,2509,2053,3646,3764,3047,2574,1923,1414,3164,22414,172,775,28,75,81,331,,,,,,,,,967,137,2690,749,1607,1105,983,688,750,9675,
Sanger,2024,27041,26892,7913,149,5799,2112,3845,2501,2126,3629,3776,3114,2529,1950,1459,3128,22459,171,774,28,73,80,329,,,,,,,,,982,138,2682,752,1596,1107,985,689,753,9684,
Sanger,2025,27044,26895,7913,149,5659,2168,3679,2432,2203,3589,3768,3153,2532,2004,1517,3092,22506,170,771,27,72,79,327,,,,,,,,,982,138,2710,753,1597,1109,987,691,755,9723,
Sanger,2026,27115,26965,7962,150,5549,2210,3534,2398,2278,3636,3692,3214,2540,2019,1595,3064,22607,170,770,27,71,80,326,,,,,,,,,984,139,2738,755,1610,1111,989,693,758,9778,
Sanger,2027,27228,27073,7996,156,5439,2236,3420,2340,2351,3704,3641,3273,2584,2057,1622,3040,22745,170,770,26,70,81,326,,,,,,,,,986,141,2770,758,1628,1119,993,696,761,9851,
Sanger,2028,27333,27177,8030,156,5328,2254,3330,2250,2438,3710,3667,3331,2598,2057,1698,3014,22879,170,770,26,70,80,325,,,,,,,,,987,142,2798,761,1649,1124,995,698,763,9918,
Sanger,2029,27435,27278,8064,157,5218,2274,3277,2178,2439,3817,3623,3359,2616,2133,1721,2987,23011,169,769,26,69,80,324,,,,,,,,,989,143,2826,765,1667,1129,998,702,766,9984,
Sanger,2030,27538,27380,8098,158,5108,2304,3193,2171,2379,3972,3577,3329,2675,2134,1804,2962,23141,169,769,25,68,81,323,,,,,,,,,990,145,2854,768,1683,1134,1000,704,768,10046,
Sanger,2031,27619,27461,8133,158,,2331,3123,2137,2347,4062,3553,3347,2694,2166,1859,2934,23254,169,767,25,67,82,321,,,,,,,,,993,146,2882,771,1697,1139,1003,707,771,10110,
Sanger,2032,27702,27544,8157,159,,2360,3111,2051,2288,4157,3561,3348,2743,2174,1911,2906,23367,168,766,24,66,83,322,,,,,,,,,996,147,2906,775,1708,1144,1007,709,776,10167,
Sanger,2033,27784,27625,8180,159,,2384,3138,1949,2198,4317,3428,3499,2738,2167,1967,2878,23478,168,765,24,65,84,323,,,,,,,,,997,149,2934,776,1724,1149,1009,713,779,10229,
Sanger,2034,27863,27703,8204,160,,2411,3208,1838,2126,4391,3423,3519,2806,2132,2010,2850,23589,168,763,23,64,85,321,,,,,,,,,1000,150,2962,779,1736,1154,1012,714,782,10289,
Sanger,2035,27941,27781,8228,160,4827,2432,3261,1720,2118,4412,3396,3523,2851,2144,2085,2823,23698,167,761,23,63,86,321,,,,,,,,,1001,151,2990,783,1747,1156,1014,718,784,10344,
Sanger,2036,28021,27860,8252,161,,2446,3299,1640,2086,4454,3443,3455,2909,2152,2136,2796,23804,167,761,22,62,87,321,,,,,,,,,1004,153,3026,786,1765,1161,1017,720,787,10418,
Sanger,2037,28101,27940,8264,161,,2459,3333,1620,2003,4466,3505,3405,2961,2188,2160,2771,23909,166,761,22,61,88,322,,,,,,,,,1006,154,3054,789,1776,1165,1020,724,789,10477,
Sanger,2038,28178,28017,8276,161,,2462,3370,1635,1905,4462,3511,3428,3013,2199,2195,2748,24012,166,761,21,60,89,320,,,,,,,,,1009,155,3082,792,1789,1170,1022,725,795,10539,
Sanger,2039,28256,28095,8288,162,,2460,3411,1691,1798,4395,3614,3387,3038,2216,2247,2726,24115,166,762,21,59,90,318,,,,,,,,,1011,156,3110,796,1801,1175,1026,729,797,10601,
Sanger,2040,28334,28171,8300,162,5164,2450,3451,1730,1684,4336,3763,3347,3013,2270,2290,2704,24216,165,762,21,58,90,316,,,,,,,,,1013,158,3142,797,1817,1180,1027,731,800,10664,
Sanger,2041,28408,28246,8312,163,,2435,3488,1749,1609,4280,3855,3330,3034,2291,2336,2682,24315,165,763,20,58,91,315,,,,,,,,,1016,159,3166,800,1829,1185,1031,734,802,10722,
Sanger,2042,28480,28317,8326,163,,2415,3522,1768,1591,4149,3953,3344,3040,2338,2360,2661,24409,165,763,20,57,92,313,,,,,,,,,1020,160,3194,804,1840,1190,1033,736,805,10781,
Sanger,2043,28549,28385,8340,164,,2390,3556,1784,1608,3973,4113,3226,3182,2338,2379,2642,24498,165,764,19,56,93,312,,,,,,,,,1024,161,3222,807,1852,1192,1035,740,807,10839,
Sanger,2044,28610,28446,8354,164,,2360,3582,1806,1665,3805,4193,3229,3206,2400,2365,2622,24581,164,765,19,55,94,310,,,,,,,,,1026,161,3254,808,1864,1197,1037,741,810,10898,
Sanger,2045,28670,28505,8368,164,5406,2328,3595,1835,1705,3693,4222,3211,3218,2446,2418,2603,24663,164,765,19,54,93,309,,,,,,,,,1028,163,3286,812,1879,1199,1038,743,812,10960,
Sanger,2046,28724,28560,8382,165,,2296,3602,1861,1726,3594,4271,3263,3161,2503,2447,2582,24742,164,766,18,53,92,307,,,,,,,,,1031,163,3318,813,1889,1204,1040,745,815,11018,
Sanger,2047,28775,28610,8395,165,,2270,3596,1887,1746,3502,4292,3329,3121,2553,2480,2563,24815,164,767,18,52,91,306,,,,,,,,,1034,165,3345,814,1901,1206,1042,746,817,11071,
Sanger,2048,28819,28654,8408,165,,2239,3586,1916,1762,3428,4296,3343,3148,2601,2500,2544,24881,164,768,17,51,90,304,,,,,,,,,1037,165,3373,818,1914,1208,1044,748,820,11127,
Sanger,2049,28860,28694,8422,165,,2210,3567,1941,1785,3386,4239,3447,3116,2627,2540,2526,24944,164,768,17,50,89,302,,,,,,,,,1040,166,3405,819,1926,1210,1045,750,822,11183,
Sanger,2050,28895,28730,8435,166,5422,2189,3540,1958,1814,3317,4188,3594,3082,2609,2603,2507,25002,163,769,16,49,88,301,,,,,,,,,1043,167,3437,820,1936,1212,1046,751,825,11236,
Sanger,2051,28924,28758,8448,166,,2170,3505,1975,1841,3268,4139,3687,3071,2629,2640,,,,,,,,,,,,,,,,,1045,168,3465,822,1948,1214,1046,753,824,11286,
Sanger,2052,28949,28783,8459,166,,2154,3463,1986,1867,3272,4016,3784,3086,2636,2684,,,,,,,,,,,,,,,,,1048,168,3501,823,1957,1213,1047,754,827,11339,
Sanger,2053,28966,28800,8470,166,,2138,3423,1991,1896,3306,3848,3941,2982,2760,2682,,,,,,,,,,,,,,,,,1051,168,3533,822,1966,1215,1048,754,829,11387,
Sanger,2054,28978,28812,8481,166,,2128,3381,1990,1920,3385,3687,4018,2986,2779,2705,,,,,,,,,,,,,,,,,1054,169,3565,824,1979,1215,1048,756,829,11438,
Sanger,2055,28986,28820,8492,166,5215,2125,3339,1982,1936,3451,3578,4046,2971,2791,2768,2413,25220,162,761,14,44,83,291,,,,,,,,,1057,169,3593,823,1989,1214,1047,755,831,11479,
Sanger,2056,28990,28824,8503,166,,2123,3302,1965,1952,3497,3481,4091,3018,2740,2821,,,,,,,,,,,,,,,,,1058,169,3625,825,2000,1213,1048,757,831,11525,
Sanger,2057,28988,28822,8501,166,,2127,3262,1947,1961,3539,3390,4108,3078,2702,2872,,,,,,,,,,,,,,,,,1062,169,3661,824,2009,1212,1047,756,833,11576,
Sanger,2058,28978,28812,8498,166,,2127,3261,1946,1961,3538,3389,4107,3077,2702,2871,,,,,,,,,,,,,,,,,1065,169,3693,826,2019,1212,1047,756,833,11619,
Sanger,2059,28965,28799,8496,166,,2126,3259,1945,1960,3537,3387,4105,3076,2700,2869,,,,,,,,,,,,,,,,,1068,169,3725,825,2028,1211,1046,755,832,11660,
Sanger,2060,28944,28779,8493,166,5093,2124,3257,1944,1958,3534,3385,4102,3074,2698,2867,2372,25236,160,755,13,42,81,286,,,,,,,,,1071,168,3761,825,2035,1207,1044,755,835,11701,
San Joaquin,2019,3499,3499,889,0,655,382,594,350,324,510,444,361,274,179,81,90,3374,1,27,0,7,0,0,219,260,100,30,120,100,50,10,20,30,50,40,40,120,320,10,30,650,
San Joaquin,2020,,,,,,,,,,,,,,,,,,,,,,,,,,,,,,,,,,,,,,,,,,
San Joaquin,2021,,,,,,,,,,,,,,,,,,,,,,,,,,,,,,,,,,,,,,,,,,
San Joaquin,2022,3668,3666,902,0,958,316,659,409,336,470,393,447,317,217,103,87,3511,30,7,1,5,19,8,,,,,,,,,15,27,54,42,42,116,319,7,27,649,
San Joaquin,2023,3653,3653,906,0,929,310,621,399,361,479,393,415,331,232,112,87,3497,29,7,1,5,19,8,,,,,,,,,15,27,53,42,35,116,319,7,27,642,
San Joaquin,2024,3636,3636,909,0,900,298,596,394,376,492,380,417,347,228,111,87,3482,29,7,1,5,19,7,,,,,,,,,15,27,53,42,29,116,319,7,27,637,
San Joaquin,2025,3615,3615,909,0,871,289,579,364,391,498,387,405,357,223,122,86,3462,28,7,1,5,18,7,,,,,,,,,15,27,54,42,24,116,319,7,27,632,
San Joaquin,2026,3618,3618,913,0,844,305,543,366,377,517,391,387,369,226,137,87,3466,28,7,1,5,18,7,,,,,,,,,15,27,54,42,25,116,319,7,27,634,
San Joaquin,2027,3624,3624,914,0,817,314,504,362,383,539,393,384,367,235,142,87,3472,27,7,1,4,18,7,,,,,,,,,16,28,55,42,25,117,320,7,27,636,
San Joaquin,2028,3629,3629,916,0,791,322,486,342,375,576,401,365,382,223,158,87,3478,27,7,1,4,18,7,,,,,,,,,16,28,55,42,26,117,320,7,27,638,
San Joaquin,2029,3633,3633,918,0,764,329,474,322,372,595,408,366,366,237,166,88,3483,26,6,1,4,17,7,,,,,,,,,16,28,56,42,26,117,320,7,27,640,
San Joaquin,2030,3638,3638,920,0,737,337,450,327,346,628,401,366,367,242,175,88,3489,26,6,1,4,17,7,,,,,,,,,16,28,57,42,27,117,320,7,27,641,
San Joaquin,2031,3644,3644,922,0,,345,433,323,348,638,414,343,373,247,183,88,3496,26,6,1,4,17,7,,,,,,,,,16,28,57,43,27,118,320,7,27,644,
San Joaquin,2032,3651,3651,923,0,,352,431,293,344,660,414,343,376,249,188,89,3502,25,6,1,4,17,7,,,,,,,,,16,29,58,43,28,118,321,7,28,646,
San Joaquin,2033,3657,3657,925,0,,358,425,287,324,676,424,344,351,263,204,89,3509,25,6,1,4,16,7,,,,,,,,,16,29,58,43,29,118,321,7,28,648,
San Joaquin,2034,3663,3663,926,0,,362,425,282,306,688,437,334,354,276,198,89,3516,25,6,1,4,16,7,,,,,,,,,16,29,59,43,29,119,321,7,28,650,
San Joaquin,2035,3668,3668,928,0,670,368,443,247,310,679,446,343,346,286,201,90,3522,24,5,1,4,16,7,,,,,,,,,16,29,59,43,30,119,321,7,28,652,
San Joaquin,2036,3674,3674,929,0,,370,455,227,307,668,463,346,331,297,212,90,3528,24,5,1,4,16,7,,,,,,,,,16,30,60,43,31,119,322,7,28,655,
San Joaquin,2037,3680,3680,930,0,,370,465,222,279,671,483,348,328,295,219,88,3537,24,5,1,4,16,6,,,,,,,,,16,30,60,43,32,119,322,7,28,657,
San Joaquin,2038,3686,3686,930,0,,368,475,212,274,646,517,355,312,307,219,87,3545,23,5,1,3,15,6,,,,,,,,,16,30,61,43,33,119,322,7,28,659,
San Joaquin,2039,3692,3692,930,0,,365,485,207,269,628,535,362,314,294,232,86,3553,23,5,1,3,15,6,,,,,,,,,16,30,62,43,33,120,322,7,28,661,
San Joaquin,2040,3698,3698,930,0,725,362,496,219,237,609,566,358,315,296,241,84,3561,23,5,1,3,15,6,,,,,,,,,16,30,62,43,34,120,322,7,28,663,
San Joaquin,2041,3703,3703,930,0,,355,506,226,217,609,576,369,296,302,247,83,3569,22,4,1,3,15,6,,,,,,,,,16,30,63,43,35,120,323,7,28,665,
San Joaquin,2042,3708,3708,931,0,,349,513,232,213,580,598,371,296,306,249,82,3576,22,4,1,3,15,6,,,,,,,,,16,30,63,43,36,120,323,7,28,667,
San Joaquin,2043,3714,3714,932,0,,344,516,238,205,560,615,381,298,286,270,80,3583,22,4,1,3,14,6,,,,,,,,,16,31,64,44,37,120,323,7,28,669,
San Joaquin,2044,3718,3718,932,0,,337,520,245,200,540,628,394,292,290,272,79,3590,22,4,0,3,14,6,,,,,,,,,16,31,64,43,38,121,323,7,28,671,
San Joaquin,2045,3723,3723,933,0,775,329,520,253,212,515,623,404,301,285,280,78,3596,21,4,0,3,14,6,,,,,,,,,16,31,65,44,39,121,323,7,28,673,
San Joaquin,2046,3727,3727,934,0,,322,520,260,219,494,615,422,305,274,295,77,3602,21,4,0,3,14,6,,,,,,,,,16,31,66,44,40,121,322,7,28,675,
San Joaquin,2047,3730,3730,934,0,,315,517,266,225,466,621,442,308,273,297,76,3608,21,3,0,3,13,6,,,,,,,,,16,31,66,44,41,121,322,7,28,677,
San Joaquin,2048,3734,3734,935,0,,307,514,271,232,454,600,475,315,260,304,75,3613,21,3,0,3,13,6,,,,,,,,,16,31,67,44,42,121,322,7,28,679,
San Joaquin,2049,3737,3737,936,0,,300,509,276,239,447,586,493,323,262,302,74,3618,20,3,0,2,13,6,,,,,,,,,16,31,67,44,44,121,322,7,28,681,
San Joaquin,2050,3739,3739,937,0,768,294,499,281,247,429,571,524,320,264,309,73,3622,20,3,0,2,13,6,,,,,,,,,16,31,68,44,45,121,321,7,28,682,
San Joaquin,2051,3741,3741,938,0,,290,490,285,254,419,572,535,331,249,317,,,,,,,,,,,,,,,,,16,31,69,44,47,121,321,7,28,684,
San Joaquin,2052,3743,3743,939,0,,287,482,285,260,422,547,557,334,250,320,,,,,,,,,,,,,,,,,16,31,69,44,48,120,321,7,28,685,
San Joaquin,2053,3745,3745,940,0,,287,472,284,265,421,528,574,343,252,318,,,,,,,,,,,,,,,,,17,31,70,43,50,120,320,7,28,687,
San Joaquin,2054,3746,3746,941,0,,287,463,282,270,423,510,587,355,247,321,,,,,,,,,,,,,,,,,17,31,71,43,51,120,320,7,28,688,
San Joaquin,2055,3746,3746,942,0,712,289,453,278,275,443,487,582,365,256,320,73,3633,19,2,0,2,12,5,,,,,,,,,17,31,71,43,53,120,319,7,28,689,
San Joaquin,2056,3746,3746,943,0,,290,444,274,278,456,468,575,382,259,321,,,,,,,,,,,,,,,,,17,31,72,43,55,119,318,7,28,691,
San Joaquin,2057,3746,3746,942,0,,292,435,271,278,468,441,581,400,262,318,,,,,,,,,,,,,,,,,17,31,73,43,56,119,318,7,28,692,
San Joaquin,2058,3746,3746,942,0,,292,435,271,278,468,441,580,400,262,318,,,,,,,,,,,,,,,,,17,31,73,43,58,119,317,7,28,693,
San Joaquin,2059,3745,3745,942,0,,292,434,271,278,468,441,580,400,262,318,,,,,,,,,,,,,,,,,17,31,74,43,60,118,316,7,28,694,
San Joaquin,2060,3743,3743,942,0,688,292,434,271,278,468,441,580,400,262,318,75,3630,18,2,0,1,11,5,,,,,,,,,17,31,75,43,62,118,315,7,28,695,
Selma,2019,26958,26768,7353,190,5013,2741,3789,2090,2126,4006,3350,3038,2516,1715,1397,3526,21701,153,968,2,113,69,236,351,1180,1301,1170,1521,800,710,320,1014,117,1260,1780,300,781,737,848,97,6934,
Selma,2020,,,,,,,,,,,,,,,,,,,,,,,,,,,,,,,,,,,,,,,,,,
Selma,2021,,,,,,,,,,,,,,,,,,,,,,,,,,,,,,,,,,,,,,,,,,
Selma,2022,26541,26346,7614,194,5648,2194,3932,2214,2091,3726,3355,2924,2682,1986,1438,2964,21638,156,1132,6,96,132,417,,,,,,,,,2877,153,1259,1780,300,801,1006,850,253,9279,
Selma,2023,26569,26375,7678,195,5600,2146,3846,2214,2156,3700,3402,2913,2662,2052,1479,2912,21724,154,1129,6,95,132,416,,,,,,,,,2918,154,1242,1791,380,806,1013,857,255,9416,
Selma,2024,26606,26411,7743,195,5552,2116,3758,2243,2146,3754,3398,2923,2671,2029,1568,2865,21813,153,1127,6,93,132,416,,,,,,,,,2960,157,1239,1806,368,811,1019,862,257,9479,
Selma,2025,26651,26455,7743,195,5504,2137,3669,2220,2138,3710,3477,2925,2693,2049,1633,2820,21909,152,1125,6,92,132,415,,,,,,,,,4960,157,1252,1817,353,816,1025,868,259,11507,
Selma,2026,26879,26682,7809,197,5459,2186,3543,2262,2154,3774,3475,3015,2687,2097,1688,2793,22158,151,1130,6,91,134,417,,,,,,,,,4969,159,1265,1828,378,821,1031,874,261,11586,
Selma,2027,27247,27040,7905,207,5414,2238,3494,2207,2187,3874,3555,3051,2704,2152,1784,2780,22522,152,1140,6,90,135,421,,,,,,,,,4973,161,1279,1844,423,830,1039,882,263,11694,
Selma,2028,27587,27378,8003,209,5369,2279,3461,2173,2212,3986,3634,3068,2721,2195,1858,2764,22864,152,1149,6,90,137,425,,,,,,,,,4977,164,1292,1859,467,837,1045,888,265,11794,
Selma,2029,27917,27705,8101,212,5324,2326,3415,2153,2265,4037,3698,3156,2645,2297,1924,2745,23200,153,1157,6,89,138,428,,,,,,,,,4982,166,1305,1875,508,844,1053,896,267,11896,
Selma,2030,28248,28034,8201,214,5279,2370,3355,2199,2264,4105,3686,3244,2668,2319,2038,2726,23539,153,1165,6,88,139,431,,,,,,,,,4986,168,1318,2391,541,851,1059,902,269,12485,
Selma,2031,28431,28215,8303,216,,2401,3326,2133,2304,4147,3718,3270,2685,2366,2081,2692,23755,153,1166,6,87,140,432,,,,,,,,,2995,170,1331,2407,551,859,1067,910,271,10561,
Selma,2032,28617,28400,8355,217,,2428,3309,2111,2232,4290,3689,3285,2769,2378,2126,2659,23974,152,1167,6,86,141,433,,,,,,,,,3003,172,1342,2422,559,866,1075,916,274,10629,
Selma,2033,28801,28582,8408,219,,2461,3304,2084,2185,4378,3684,3349,2772,2374,2210,2628,24188,152,1168,6,84,141,434,,,,,,,,,3007,175,1355,2434,569,873,1082,925,276,10696,
Selma,2034,28976,28756,8461,220,,2488,3353,1999,2154,4421,3757,3363,2797,2393,2252,2596,24397,151,1168,6,83,142,434,,,,,,,,,3016,177,1368,2450,574,880,1090,931,278,10764,
Selma,2035,29153,28931,8515,221,5162,2507,3415,1886,2189,4412,3734,3459,2815,2426,2309,2564,24609,151,1166,6,82,142,434,,,,,,,,,3020,229,1381,2766,573,886,1096,1090,280,11321,
Selma,2036,29330,29108,8569,223,,2526,3473,1830,2124,4464,3792,3451,2897,2416,2358,2534,24820,150,1164,6,80,142,434,,,,,,,,,3029,232,1397,2782,586,893,1104,1096,282,11401,
Selma,2037,29510,29286,8608,224,,2543,3517,1795,2102,4414,3868,3508,2913,2417,2433,2506,25030,150,1162,6,79,143,434,,,,,,,,,3033,233,1410,2799,588,900,1112,1104,284,11463,
Selma,2038,29684,29459,8648,225,,2556,3563,1769,2077,4381,3960,3566,2913,2419,2481,2478,25235,150,1160,6,78,143,434,,,,,,,,,3042,236,1423,2815,595,908,1119,1110,288,11536,
Selma,2039,29859,29632,8687,227,,2559,3612,1799,1994,4395,3993,3612,2982,2342,2570,2451,25440,150,1158,6,77,143,434,,,,,,,,,3050,238,1436,2832,600,915,1127,1119,290,11607,
Selma,2040,30032,29804,8727,228,5479,2557,3660,1840,1883,4422,4044,3586,3053,2355,2632,2425,25644,150,1154,6,75,144,434,,,,,,,,,3054,241,1451,2844,608,923,1134,1126,292,11673,
Selma,2041,30199,29970,8768,229,,2554,3700,1877,1829,4400,4089,3622,3082,2373,2675,2400,25843,150,1149,5,74,144,434,,,,,,,,,3063,243,1462,2860,612,930,1142,1135,294,11741,
Selma,2042,30360,30129,8805,231,,2545,3741,1900,1795,4310,4234,3596,3098,2452,2690,2376,26033,149,1145,5,73,145,434,,,,,,,,,3076,245,1475,2877,615,938,1149,1141,296,11812,
Selma,2043,30514,30282,8843,232,,2530,3774,1931,1770,4242,4326,3595,3162,2456,2728,2351,26218,149,1141,5,72,145,433,,,,,,,,,3089,247,1488,2894,616,944,1156,1150,298,11882,
Selma,2044,30652,30419,8881,233,,2514,3799,1960,1800,4131,4372,3670,3176,2481,2749,2328,26386,149,1136,5,70,145,432,,,,,,,,,3093,249,1503,2906,618,951,1162,1156,300,11938,
Selma,2045,30785,30551,8919,234,5773,2496,3817,1990,1841,4057,4366,3652,3270,2501,2795,2306,26548,149,1131,5,69,146,431,,,,,,,,,3101,251,1517,2923,621,957,1169,1162,303,12004,
Selma,2046,30907,30673,8958,235,,2475,3830,2016,1877,3938,4421,3712,3262,2576,2799,2283,26701,149,1126,5,68,146,430,,,,,,,,,3110,253,1532,2936,620,965,1176,1169,305,12066,
Selma,2047,31021,30786,8987,236,,2457,3837,2041,1900,3883,4372,3789,3316,2592,2835,2260,26845,149,1120,5,66,146,429,,,,,,,,,3119,255,1545,2948,620,970,1183,1175,307,12122,
Selma,2048,31119,30883,9016,236,,2434,3832,2067,1930,3832,4339,3878,3369,2590,2849,2237,26974,149,1115,5,65,147,427,,,,,,,,,3127,257,1558,2965,620,976,1190,1182,309,12184,
Selma,2049,31211,30974,9045,237,,2419,3817,2090,1957,3778,4352,3910,3409,2648,2830,2216,27094,149,1111,5,64,147,425,,,,,,,,,3136,258,1573,2978,619,981,1196,1188,311,12240,
Selma,2050,31290,31052,9075,238,5829,2402,3801,2104,1986,3706,4375,3956,3384,2710,2866,2195,27204,149,1107,5,62,148,421,,,,,,,,,3144,260,1588,2990,615,987,1202,1195,313,12294,
Selma,2051,31354,31116,9104,238,,2384,3778,2119,2010,3684,4347,3995,3414,2732,2890,,,,,,,,,,,,,,,,,3153,262,1600,3003,611,993,1207,1201,315,12345,
Selma,2052,31410,31172,9122,239,,2373,3748,2133,2033,3669,4253,4132,3385,2742,2944,,,,,,,,,,,,,,,,,3161,263,1617,3015,602,996,1213,1208,317,12392,
Selma,2053,31450,31211,9140,239,,2359,3718,2133,2057,3669,4179,4214,3377,2793,2952,,,,,,,,,,,,,,,,,3170,264,1632,3023,596,1002,1219,1211,319,12436,
Selma,2054,31476,31237,9159,239,,2352,3681,2130,2076,3720,4062,4250,3441,2798,2966,,,,,,,,,,,,,,,,,3178,266,1647,3036,591,1005,1224,1218,320,12485,
Selma,2055,31495,31255,9177,239,5670,2344,3649,2125,2087,3782,3981,4235,3421,2874,2996,2086,27571,149,1080,4,55,148,401,,,,,,,,,3187,267,1660,3044,585,1009,1229,1222,322,12525,
Selma,2056,31502,31263,9195,239,,2342,3615,2112,2100,3835,3855,4277,3470,2858,3039,,,,,,,,,,,,,,,,,3191,268,1674,3056,574,1012,1234,1228,324,12561,
Selma,2057,31498,31258,9189,239,,2343,3580,2097,2109,3871,3791,4219,3535,2895,3057,,,,,,,,,,,,,,,,,3204,270,1691,3064,567,1016,1239,1232,326,12609,
Selma,2058,31477,31238,9184,239,,2341,3578,2096,2108,3868,3788,4216,3533,2894,3055,,,,,,,,,,,,,,,,,3213,270,1706,3077,554,1019,1243,1236,327,12645,
Selma,2059,31446,31208,9178,239,,2339,3574,2094,2106,3865,3784,4212,3529,2891,3052,,,,,,,,,,,,,,,,,3221,271,1720,3085,542,1023,1247,1240,328,12677,
Selma,2060,31401,31162,9173,238,5557,2336,3569,2090,2103,3859,3779,4206,3524,2887,3048,2038,27553,148,1066,4,52,148,392,,,,,,,,,3230,271,1737,3093,528,1024,1250,1243,330,12706,
Unincorporate,2019,112111,108428,32343,3683,20307,8081,11576,7047,7937,14435,10543,11639,15664,12203,9303,34159,59910,3014,9304,65,922,236,818,841,3360,2070,6811,7711,2670,4510,4370,38001,1930,12721,1747,6783,3234,4221,2708,3638,74983,
Unincorporate,2020,,,,,,,,,,,,,,,,,,,,,,,,,,,,,,,,,,,,,,,,,,
Unincorporate,2021,,,,,,,,,,,,,,,,,,,,,,,,,,,,,,,,,,,,,,,,,,
Unincorporate,2022,102882,100969,33951,1912,18745,6340,12831,8176,6396,10369,11331,11721,14584,12156,8977,37641,51927,1433,7320,74,878,572,3036,,,,,,,,,34304,1933,12458,1128,2659,2719,1604,1326,790,58921,
Unincorporate,2023,102996,101081,33947,1914,18465,6201,12314,8327,6951,10549,11087,11682,14117,12391,9377,37025,52540,1474,7401,74,881,575,3025,,,,,,,,,34787,1951,12293,1128,3993,2729,1649,1334,811,60675,
Unincorporate,2024,103020,101105,33942,1915,18186,6112,11901,8305,7366,10723,11074,11518,13597,12727,9698,36344,53149,1516,7466,75,884,578,3007,,,,,,,,,35297,1980,12257,1130,4040,2737,1693,1340,831,61304,
Unincorporate,2025,103050,101135,33942,1915,17906,6185,11449,8116,7752,10828,11022,11436,13178,12941,10144,35625,53804,1564,7527,76,887,578,2989,,,,,,,,,35297,1988,12385,1129,4009,2744,1737,1345,850,61485,
Unincorporate,2026,103084,101168,33938,1916,17504,6324,11077,7820,8059,11260,10822,11325,12750,13129,10516,34896,54489,1607,7577,77,890,579,2969,,,,,,,,,35399,2017,12513,1127,3975,2752,1781,1351,870,61786,
Unincorporate,2027,103138,101153,33949,1985,17102,6407,10761,7634,8177,11633,10788,11339,12288,13242,10867,34092,55275,1662,7617,78,890,582,2942,,,,,,,,,35450,2046,12659,1128,3947,2773,1828,1361,890,62083,
Unincorporate,2028,103188,101202,33960,1986,16700,6570,10438,7265,8326,12198,10726,11342,11860,13270,11192,33290,56066,1709,7654,78,892,585,2915,,,,,,,,,35501,2076,12787,1129,3929,2788,1872,1366,909,62356,
Unincorporate,2029,103236,101249,33971,1987,16298,6759,10103,7061,8305,12853,10654,11291,11408,13241,11561,32485,56870,1754,7683,79,893,585,2888,,,,,,,,,35552,2105,12914,1130,3905,2802,1918,1375,929,62630,
Unincorporate,2030,103285,101297,33981,1988,15896,6949,9894,6852,8128,13414,10648,11219,11150,13059,11971,31670,57695,1798,7704,79,892,587,2858,,,,,,,,,35603,2135,13042,1130,3875,2816,1962,1380,949,62891,
Unincorporate,2031,103489,101497,33992,1992,,7150,9722,6778,7852,14134,10615,11129,11006,12856,12247,30958,58564,1832,7738,80,894,585,2838,,,,,,,,,35705,2165,13170,1130,3907,2829,2008,1389,969,63272,
Unincorporate,2032,103697,101698,34058,1998,,7345,9669,6577,7677,14661,10656,11050,10879,12610,12573,30245,59449,1865,7765,81,896,583,2813,,,,,,,,,35807,2184,13280,1129,3946,2842,2054,1394,992,63628,
Unincorporate,2033,103902,101899,34125,2002,,7528,9664,6406,7319,15347,10816,10833,10841,12208,12938,29531,60338,1895,7790,82,897,581,2789,,,,,,,,,35858,2224,13408,1126,3952,2856,2098,1403,1012,63937,
Unincorporate,2034,104098,102092,34191,2006,,7706,9827,6070,7124,15729,10992,10851,10701,11767,13329,28818,61228,1921,7806,83,897,578,2767,,,,,,,,,35960,2254,13536,1125,3972,2869,2144,1407,1032,64299,
Unincorporate,2035,104295,102285,34257,2010,15378,7874,10062,5793,6923,15933,11079,10835,10644,11443,13709,28116,62111,1947,7819,84,900,575,2744,,,,,,,,,36011,2274,13663,1124,3980,2874,2187,1415,1052,64581,
Unincorporate,2036,104493,102479,34324,2014,,8021,10251,5591,6847,15953,11485,10681,10570,11080,14012,27421,62991,1971,7831,84,903,574,2719,,,,,,,,,36113,2315,13828,1122,4013,2887,2234,1419,1072,65002,
Unincorporate,2037,104693,102675,34342,2018,,8142,10525,5423,6643,15914,11831,10680,10598,10695,14240,26733,63872,1994,7837,85,907,571,2693,,,,,,,,,36164,2334,13956,1120,4030,2899,2280,1427,1092,65302,
Unincorporate,2038,104887,102866,34360,2021,,8248,10807,5287,6474,15722,12364,10662,10611,10345,14367,26052,64740,2017,7843,86,911,569,2670,,,,,,,,,36266,2364,14084,1118,4060,2911,2323,1431,1116,65673,
Unincorporate,2039,105082,103057,34378,2025,,8324,11079,5334,6138,15519,13007,10617,10590,9968,14505,25381,65605,2039,7848,87,915,566,2643,,,,,,,,,36368,2395,14211,1115,4088,2922,2369,1439,1136,66044,
Unincorporate,2040,105275,103246,34396,2029,16775,8375,11347,5435,5865,15173,13536,10656,10556,9770,14562,24724,66444,2060,7856,90,921,562,2618,,,,,,,,,36419,2425,14358,1110,4104,2934,2412,1442,1156,66360,
Unincorporate,2041,105462,103430,34414,2032,,8378,11622,5492,5663,14843,14222,10645,10484,9641,14473,24074,67276,2083,7862,92,926,558,2591,,,,,,,,,36521,2456,14467,1107,4137,2945,2458,1449,1176,66717,
Unincorporate,2042,105641,103606,34446,2036,,8349,11882,5637,5494,14475,14740,10706,10426,9534,14399,23443,68077,2106,7871,95,930,556,2563,,,,,,,,,36674,2475,14595,1103,4175,2956,2501,1452,1197,67128,
Unincorporate,2043,105813,103774,34477,2039,,8312,12117,5792,5356,13961,15425,10863,10244,9508,14236,22827,68851,2131,7880,96,933,558,2537,,,,,,,,,36827,2506,14723,1099,4206,2959,2543,1459,1217,67540,
Unincorporate,2044,105967,103925,34509,2042,,8236,12319,5956,5406,13439,15803,11050,10287,9395,14077,22225,69590,2157,7893,97,936,561,2508,,,,,,,,,36878,2526,14869,1093,4220,2970,2586,1462,1237,67839,
Unincorporate,2045,106116,104071,34541,2045,18619,8153,12476,6132,5510,12976,16014,11146,10316,9364,14029,21640,70306,2181,7906,98,940,565,2480,,,,,,,,,36980,2557,15015,1088,4246,2973,2628,1464,1257,68208,
Unincorporate,2046,106252,104204,34573,2048,,8063,12601,6305,5571,12707,16043,11551,10210,9324,13877,21072,70986,2207,7922,99,945,569,2452,,,,,,,,,37082,2576,15161,1081,4261,2983,2670,1466,1277,68557,
Unincorporate,2047,106379,104329,34609,2050,,7963,12688,6470,5721,12338,16028,11897,10242,9360,13672,20522,71641,2234,7939,100,947,571,2424,,,,,,,,,37184,2607,15289,1073,4275,2985,2712,1468,1297,68891,
Unincorporate,2048,106489,104436,34646,2052,,7868,12735,6629,5878,12039,15856,12418,10262,9378,13424,19997,72253,2261,7955,103,950,574,2395,,,,,,,,,37286,2627,15417,1067,4307,2987,2754,1470,1317,69234,
Unincorporate,2049,106590,104536,34683,2054,,7766,12754,6765,6045,11760,15665,13051,10240,9373,13172,19488,72836,2288,7977,106,953,573,2369,,,,,,,,,37388,2646,15563,1059,4327,2989,2793,1472,1337,69574,
Unincorporate,2050,106679,104623,34719,2056,19354,7685,12706,6899,6220,11593,15339,13547,10312,9363,13015,19002,73384,2314,8001,107,956,573,2343,,,,,,,,,37490,2666,15709,1050,4338,2991,2831,1473,1358,69906,
Unincorporate,2051,106750,104693,34756,2057,,7609,12623,7020,6391,11447,15024,14202,10324,9309,12801,,,,,,,,,,,,,,,,,37592,2697,15837,1041,4345,2992,2869,1474,1373,70220,
Unincorporate,2052,106813,104755,34794,2059,,7550,12525,7116,6551,11419,14655,14700,10395,9269,12634,,,,,,,,,,,,,,,,,37694,2705,16002,1032,4357,2987,2906,1475,1393,70551,
Unincorporate,2053,106857,104798,34833,2059,,7513,12389,7197,6704,11426,14141,15360,10537,9115,12475,,,,,,,,,,,,,,,,,37796,2713,16148,1020,4361,2988,2944,1472,1413,70854,
Unincorporate,2054,106886,104826,34871,2060,,7488,12247,7246,6831,11630,13610,15709,10709,9159,12259,,,,,,,,,,,,,,,,,37898,2745,16294,1010,4368,2981,2981,1472,1428,71176,
Unincorporate,2055,106907,104847,34909,2060,18915,7480,12092,7252,6955,11890,13133,15890,10789,9208,12218,16884,75632,2407,8122,116,959,576,2210,,,,,,,,,38001,2753,16422,997,4377,2975,3014,1469,1448,71453,
Unincorporate,2056,106915,104855,34947,2060,,7484,11943,7227,7065,12103,12842,15888,11149,9121,12094,,,,,,,,,,,,,,,,,38052,2760,16568,986,4386,2968,3050,1469,1463,71701,
Unincorporate,2057,106911,104850,34941,2060,,7507,11793,7182,7149,12389,12445,15848,11452,9141,12004,,,,,,,,,,,,,,,,,38205,2780,16732,973,4387,2961,3083,1464,1482,72067,
Unincorporate,2058,106887,104827,34934,2060,,7505,11790,7181,7147,12386,12442,15845,11449,9140,12003,,,,,,,,,,,,,,,,,38307,2788,16878,961,4393,2953,3115,1460,1497,72352,
Unincorporate,2059,106853,104794,34927,2059,,7502,11786,7178,7145,12382,12438,15841,11444,9137,12001,,,,,,,,,,,,,,,,,38409,2795,17024,948,4393,2946,3147,1456,1511,72628,
Unincorporate,2060,106803,104744,34920,2058,18515,7498,11780,7175,7141,12375,12432,15834,11438,9133,11997,16250,76182,2421,8147,118,954,574,2156,,,,,,,,,38511,2791,17189,933,4392,2931,3174,1451,1531,72904,
