; TAZ,COUNTY,CITY,TOTHH,TOTPOP,TOTEMP,EMPEDU,EMPFOO,EMPGOV,EMPIND,EMPMED,EMPOFC,EMPOTH,EMPRET,EMPAGR
101,Fresno,Clovis,397.0,981.0,291.25650668832003,16.0,47.0,0.0,0.0,28.0,26.0,48.0,58.0,68.25650668832
102,Fresno,Clovis,0.0,0.0,368.0,368.0,0.0,0.0,0.0,0.0,0.0,0.0,0.0,0.0
103,Fresno,Clovis,529.0,1545.0,551.9573058677721,0.0,230.0,0.0,6.0,101.0,79.0,13.0,94.0,28.957305867772128
104,Fresno,Clovis,517.0,1336.0,129.0,3.0,14.0,0.0,33.0,13.0,65.0,1.0,0.0,0.0
105,Fresno,Clovis,474.0,1375.0,116.33339031582544,0.0,13.0,0.0,2.0,37.0,10.0,14.0,0.0,40.333390315825454
106,Fresno,Clovis,438.0,1654.0,117.1367579811103,54.0,2.0,0.0,40.0,12.0,2.0,0.0,3.0,4.136757981110304
107,Fresno,Clovis,404.0,1040.0,1061.0,15.0,118.0,0.0,100.0,162.0,44.0,55.0,567.0,0.0
108,Fresno,Clovis,109.0,278.0,1920.4616436599854,0.0,0.0,249.0,897.0,258.0,211.0,22.0,209.0,74.46164365998547
109,Fresno,Clovis,378.0,1058.0,632.1282533441599,0.0,19.0,0.0,64.0,267.0,164.0,23.0,61.0,34.128253344160015
110,Fresno,Clovis,0.0,0.0,311.0,0.0,164.0,0.0,0.0,5.0,5.0,48.0,89.0,0.0
111,Fresno,Clovis,139.0,394.0,28.0,0.0,0.0,0.0,1.0,3.0,24.0,0.0,0.0,0.0
112,Fresno,Clovis,0.0,0.0,910.0,0.0,182.0,0.0,0.0,17.0,1.0,23.0,687.0,0.0
113,Fresno,Clovis,218.0,654.0,13.170947476387877,0.0,0.0,0.0,0.0,4.0,4.0,0.0,0.0,5.170947476387878
114,Fresno,Clovis,139.0,417.0,183.17094747638785,0.0,27.0,0.0,0.0,5.0,23.0,53.0,70.0,5.170947476387878
115,Fresno,Clovis,336.0,1008.0,10.034189495277577,0.0,0.0,0.0,0.0,3.0,6.0,0.0,0.0,1.034189495277576
116,Fresno,Clovis,125.0,375.0,801.4102739433308,0.0,125.0,0.0,21.0,297.0,137.0,105.0,104.0,12.41027394333091
117,Fresno,Clovis,469.0,1636.0,55.0,0.0,0.0,0.0,7.0,14.0,7.0,27.0,0.0,0.0
118,Fresno,Clovis,85.0,289.0,107.06837899055515,47.0,0.0,0.0,7.0,5.0,45.0,1.0,0.0,2.068378990555152
119,Fresno,Clovis,186.0,609.0,58.136757981110314,0.0,26.0,0.0,26.0,0.0,2.0,0.0,0.0,4.136757981110304
120,Fresno,Clovis,197.0,591.0,34.615410914996374,0.0,0.0,0.0,0.0,1.0,15.0,0.0,0.0,18.615410914996367
121,Fresno,Clovis,5.0,15.0,899.5128424291637,0.0,0.0,0.0,30.0,30.0,199.0,611.0,14.0,15.512842429163635
122,Fresno,Clovis,7.0,21.0,44.435958801658195,0.0,0.0,0.0,0.0,1.0,0.0,0.0,0.0,43.435958801658195
123,Fresno,Clovis,65.0,195.0,266.0,0.0,115.0,0.0,14.0,32.0,24.0,6.0,75.0,0.0
124,Fresno,Clovis,24.0,72.0,2.0,0.0,0.0,0.0,0.0,2.0,0.0,0.0,0.0,0.0
125,Fresno,Clovis,7.0,21.0,57.53852728749092,0.0,0.0,0.0,0.0,0.0,11.0,0.0,0.0,46.53852728749092
126,Fresno,Clovis,0.0,0.0,129.17094747638788,0.0,0.0,0.0,1.0,71.0,51.0,0.0,1.0,5.170947476387878
127,Fresno,Clovis,2.0,7.0,2733.0,0.0,144.0,0.0,0.0,2561.0,16.0,12.0,0.0,0.0
128,Fresno,Clovis,469.0,1418.0,145.27351596222059,73.0,0.0,0.0,11.0,17.0,20.0,16.0,0.0,8.273515962220609
129,Fresno,Clovis,180.0,534.0,117.27351596222059,27.0,0.0,0.0,0.0,10.0,2.0,0.0,70.0,8.273515962220609
130,Fresno,Clovis,125.0,239.0,229.8462327449891,9.0,0.0,0.0,9.0,7.0,44.0,51.0,54.0,55.8462327449891
131,Fresno,Clovis,185.0,392.0,189.17094747638785,0.0,0.0,0.0,0.0,181.0,3.0,0.0,0.0,5.170947476387878
132,Fresno,Clovis,0.0,0.0,383.0,234.0,145.0,0.0,0.0,0.0,1.0,0.0,3.0,0.0
133,Fresno,Clovis,0.0,0.0,343.0,0.0,128.0,0.0,0.0,0.0,19.0,12.0,184.0,0.0
134,Fresno,Clovis,458.0,1323.0,138.76521818400184,0.053846206948380014,21.31740921990624,0.034952801001580006,1.0,44.22105284957756,15.05856955843508,7.0,25.25883966147116,24.82054788666182
135,Fresno,Clovis,0.0,0.0,5963.6242574469,3916.0,443.0,4.0,983.0,2.0,69.0,95.0,221.0,230.6242574468994
136,Fresno,Clovis,308.0,833.0,82.0,0.0,24.0,0.0,0.0,5.0,6.0,25.0,22.0,0.0
137,Fresno,Clovis,284.0,764.0,94.78635839138424,39.0,0.0,0.0,0.0,32.0,0.0,0.0,0.0,23.786358391384244
138,Fresno,Clovis,506.0,1494.0,179.401940253857,0.0,2.0,0.0,1.0,7.0,3.0,2.0,1.0,163.401940253857
139,Fresno,Clovis,255.0,767.0,182.71797940082908,42.0,0.0,0.0,1.0,111.0,4.0,3.0,0.0,21.717979400829098
140,Fresno,Clovis,676.0,1836.0,124.0,45.0,0.0,0.0,1.0,31.0,46.0,0.0,1.0,0.0
141,Fresno,Clovis,167.0,453.0,58.820547886661814,0.0,0.0,0.0,4.0,30.0,0.0,0.0,0.0,24.82054788666182
142,Fresno,Clovis,38.0,104.0,122.41027394333089,0.0,0.0,0.0,8.0,90.0,12.0,0.0,0.0,12.41027394333091
143,Fresno,Clovis,26.0,49.0,34.0,0.0,0.0,0.0,0.0,34.0,0.0,0.0,0.0,0.0
144,Fresno,Clovis,525.0,1019.0,73.0,0.0,40.0,0.0,0.0,18.0,8.0,0.0,7.0,0.0
145,Fresno,Clovis,285.0,584.0,146.5928380254182,41.6213442223484,6.0,0.4070875939524001,41.0,28.571079540752002,18.6856212108672,0.0,1.0,9.307705457498184
146,Fresno,Clovis,159.0,340.0,381.0,0.0,156.0,0.0,15.0,84.0,67.0,28.0,31.0,0.0
147,Fresno,Clovis,0.0,0.0,13.0,0.0,13.0,0.0,0.0,0.0,0.0,0.0,0.0,0.0
148,Fresno,Clovis,0.0,0.0,263.9132285564,0.021192614199999998,32.0200964445,0.7444184226,4.0,13.087693576,205.02338495360002,8.0,1.0164425455,0.0
149,Fresno,Clovis,453.0,1066.0,354.9333873,38.736272926800005,36.73267260299999,25.3789374348,0.0,176.28802590400002,45.74347357440001,2.0,30.054004857,0.0
150,Fresno,Clovis,94.0,214.0,796.478652933886,70.0,0.0,703.0,5.0,1.0,3.0,0.0,0.0,14.478652933886064
151,Fresno,Clovis,363.0,800.0,110.41027394333089,0.0,0.0,0.0,33.0,19.0,29.0,6.0,11.0,12.41027394333091
152,Fresno,Clovis,251.0,866.0,175.20530791914186,0.0,3.0,0.0,0.0,22.0,23.0,0.0,0.0,127.20530791914184
153,Fresno,Clovis,522.0,1564.0,111.5812214197188,43.0,0.0,0.0,13.0,34.0,4.0,0.0,0.0,17.58122141971879
154,Fresno,Clovis,482.0,975.0,26.034189495277577,0.0,5.0,0.0,1.0,15.0,1.0,3.0,0.0,1.034189495277576
155,Fresno,Clovis,262.0,788.0,48.0,0.0,0.0,0.0,1.0,39.0,8.0,0.0,0.0,0.0
156,Fresno,Clovis,1304.0,2938.0,71.45748523808001,0.0,0.0,0.0,1.0,39.0,18.0,3.0,10.45748523808,0.0
157,Fresno,Clovis,112.0,235.0,3.0,0.0,0.0,0.0,0.0,3.0,0.0,0.0,0.0,0.0
158,Fresno,Clovis,732.0,1668.0,129.0341894952776,0.0,26.0,0.0,1.0,13.0,19.0,44.0,25.0,1.034189495277576
159,Fresno,Clovis,340.0,995.0,15.0,0.0,0.0,0.0,0.0,15.0,0.0,0.0,0.0,0.0
160,Fresno,Clovis,549.0,1078.0,653.38618517072,34.74649881640001,32.949266119,27.612349771119995,145.0,259.778615792,109.3409642112,17.0,26.958490461,0.0
161,Fresno,Clovis,34.0,91.0,184.8645163,10.4242838908,9.885096792999999,6.829703238799999,0.0,44.13496782399999,12.5026580864,30.0,71.08780646700002,0.0
162,Fresno,Clovis,274.0,661.0,1471.9865680470941,51.50008869205221,359.66185095026566,33.7379817105602,38.0,250.0851544522564,294.81869923222524,309.0,107.2596766372404,27.92311637249455
163,Fresno,Clovis,482.0,2177.0,523.4532426535225,89.72047643628001,0.0,68.64445769728,158.267529883372,42.0,11.0,97.82894137858801,23.0,32.99183725800245
164,Fresno,Clovis,507.0,1474.0,37.273515962220614,0.0,0.0,0.0,0.0,18.0,10.0,1.0,0.0,8.273515962220609
165,Fresno,Clovis,258.0,699.0,344.0683789905552,327.0,11.0,0.0,0.0,4.0,0.0,0.0,0.0,2.068378990555152
166,Fresno,Clovis,534.0,1432.0,49.06837899055515,3.0,4.0,0.0,0.0,16.0,24.0,0.0,0.0,2.068378990555152
167,Fresno,Clovis,576.0,1728.0,151.20513697166547,0.0,3.0,0.0,109.0,25.0,2.0,3.0,3.0,6.205136971665455
168,Fresno,Clovis,0.0,0.0,0.0,0.0,0.0,0.0,0.0,0.0,0.0,0.0,0.0,0.0
169,Fresno,Clovis,0.0,0.0,523.0,0.0,2.0,0.0,0.0,0.0,2.0,78.0,441.0,0.0
170,Fresno,Clovis,530.0,1431.0,54.034189495277566,0.0,0.0,0.0,8.0,30.0,0.0,5.0,10.0,1.034189495277576
171,Fresno,Clovis,0.0,0.0,375.0,0.0,300.0,0.0,3.0,11.0,28.0,23.0,10.0,0.0
172,Fresno,Clovis,345.0,620.0,15.0,0.0,0.0,0.0,0.0,11.0,4.0,0.0,0.0,0.0
173,Fresno,Clovis,474.0,852.0,102.00745731582606,0.08068885505538001,24.475639566642236,0.05237697608858001,0.0,51.331248983911564,5.08776682479708,0.0,6.501083175445159,14.478652933886064
174,Fresno,Clovis,0.0,0.0,565.0,0.0,113.0,0.0,0.0,21.0,12.0,2.0,417.0,0.0
175,Fresno,Clovis,1.0,2.0,125.0,0.0,54.0,0.0,16.0,32.0,0.0,4.0,19.0,0.0
176,Fresno,Clovis,567.0,1428.0,555.8597530978502,76.60255743093752,138.60478654701694,2.8891328212903193,0.0,180.42119063095825,110.11159751760431,2.0,41.093730168932645,4.136757981110304
177,Fresno,Clovis,41.0,104.0,344.0,32.0,109.0,0.0,12.0,47.0,64.0,12.0,68.0,0.0
178,Fresno,Clovis,330.0,802.0,861.8765555565456,4.389313030240051,15.581540688596453,2.9262086868267003,434.0662321844709,56.3553090355493,47.92135097329947,143.885528079059,32.36562905611805,124.38544382238553
179,Fresno,Clovis,0.0,0.0,635.0341894952776,0.0,257.0,0.0,29.0,2.0,33.0,24.0,289.0,1.034189495277576
180,Fresno,Clovis,414.0,954.0,357.6135093224,54.297372951885606,11.0,6.091382278821602,18.0,121.471888076768,85.2591701538048,10.0,51.49369586112,0.0
181,Fresno,Clovis,399.0,1049.0,378.0683789905552,9.0,133.0,27.0,4.0,80.0,17.0,21.0,85.0,2.068378990555152
182,Fresno,Clovis,537.0,1359.0,50.0,0.0,9.0,0.0,6.0,10.0,25.0,0.0,0.0,0.0
183,Fresno,Clovis,480.0,1825.0,97.3077054574982,42.0,4.0,0.0,5.0,28.0,9.0,0.0,0.0,9.307705457498184
184,Fresno,Clovis,0.0,0.0,300.49933759072,0.0,13.0,0.0,0.0,0.0,2.0,0.0,285.49933759072,0.0
185,Fresno,Clovis,318.0,934.0,56.41027394333091,0.0,32.0,0.0,0.0,9.0,3.0,0.0,0.0,12.41027394333091
186,Fresno,Clovis,54.0,158.0,379.89374433797,1.23030932904495,187.12507975016854,0.8202062193633001,0.0,11.1449299214607,13.37943773256555,0.0,166.19378138536698,0.0
187,Fresno,Clovis,572.0,1637.0,103.35861652464001,12.376999396072804,0.0,8.109068569840801,2.0,67.215169914784,13.657378643942403,0.0,0.0,0.0
188,Fresno,Clovis,442.0,1384.0,26.0,0.0,0.0,0.0,0.0,26.0,0.0,0.0,0.0,0.0
189,Fresno,Clovis,745.0,1928.0,539.1018222009802,8.17437301387945,77.02846247851905,2.9890527275463,1.0,97.9110144216777,51.316721257986046,60.0,236.54544032026143,4.136757981110304
190,Fresno,Clovis,235.0,749.0,60.0765395567,42.0765395567,0.0,0.0,0.0,18.0,0.0,0.0,0.0,0.0
191,Fresno,Clovis,217.0,730.0,1342.8795087463127,41.0,313.0,0.0,43.0,112.0,105.0,56.0,669.7769402604799,3.102568485832728
192,Fresno,Clovis,394.0,813.0,58.51284242916364,0.0,7.0,0.0,0.0,14.0,4.0,1.0,17.0,15.512842429163635
193,Fresno,Clovis,0.0,0.0,1205.0,0.0,501.0,0.0,0.0,9.0,80.0,87.0,528.0,0.0
194,Fresno,Clovis,526.0,1221.0,75.0,21.0,48.0,0.0,1.0,5.0,0.0,0.0,0.0,0.0
195,Fresno,Clovis,846.0,1890.0,456.16907065256964,2.8327647424644,63.0,1.8559493140284,0.0,227.721785141232,102.1258093709952,0.0,51.0,7.632762083849712
196,Fresno,Clovis,412.0,1164.0,397.61541091499635,0.0,0.0,0.0,29.0,75.0,63.0,19.0,193.0,18.615410914996364
197,Fresno,Clovis,304.0,859.0,87.5812214197188,0.0,0.0,0.0,13.0,32.0,25.0,0.0,0.0,17.58122141971879
198,Fresno,Clovis,493.0,1824.0,119.64960041027392,39.0,0.0,0.0,11.0,24.0,9.0,8.0,9.0,19.64960041027394
199,Fresno,Clovis,473.0,1544.0,456.32378339867404,19.237756533318,27.0,12.604047383898001,36.0,233.60450979304,107.227869278144,1.0,0.0,19.64960041027394
200,Fresno,Clovis,1203.0,3355.0,225.18145847496055,0.10875272322617999,15.641068684280642,0.07059387297138,3.0,137.44645854798114,18.11829243578988,2.0,40.52277624849076,8.273515962220609
201,Fresno,Clovis,699.0,2229.0,127.16244283943756,0.0,0.0,0.0,0.0,40.0,3.0,39.0,10.0,35.16244283943758
202,Fresno,Clovis,322.0,903.0,7.5741845984,0.0,0.0,0.0,0.0,2.0,0.0,0.0,5.5741845984000005,0.0
203,Fresno,Clovis,399.0,926.0,843.1799649557672,0.0,0.0,0.0,76.0,1.0,382.0,12.0,34.0,338.17996495576733
204,Fresno,Clovis,468.0,1580.0,361.1709474763879,0.0,165.0,0.0,0.0,15.0,1.0,32.0,143.0,5.170947476387878
205,Fresno,Clovis,393.0,1359.0,176.75129234444,42.04282366363308,15.252434227731841,0.027797816744279995,4.0,57.175802408598955,28.04658012535528,7.0,23.205854102376556,0.0
206,Fresno,Clovis,314.0,1101.0,120.64109577332366,0.0,0.0,0.0,26.0,40.0,4.0,1.0,0.0,49.64109577332364
207,Fresno,Clovis,532.0,1968.0,38.17094747638788,15.0,0.0,0.0,2.0,11.0,5.0,0.0,0.0,5.170947476387878
208,Fresno,Clovis,443.0,1332.0,23.27351596222061,0.0,2.0,0.0,0.0,9.0,2.0,0.0,2.0,8.273515962220609
209,Fresno,Clovis,137.0,481.0,28.47865293388606,0.0,0.0,0.0,0.0,14.0,0.0,0.0,0.0,14.478652933886064
210,Fresno,Clovis,67.0,235.0,84.10256848583273,0.0,76.0,0.0,0.0,2.0,0.0,0.0,3.0,3.102568485832728
211,Fresno,Clovis,308.0,833.0,111.37608444805336,45.0,15.0,0.0,0.0,15.0,0.0,0.0,25.0,11.376084448053335
212,Fresno,Clovis,311.0,897.0,839.2223171930425,0.0,0.0,0.0,418.0,109.0,52.0,193.0,0.0,67.22231719304243
213,Fresno,Clovis,401.0,1150.0,20.0677679936,0.0,0.0,0.0,0.0,8.0,0.0,0.0,12.067767993599999,0.0
214,Fresno,Clovis,342.0,873.0,61.538064572159996,0.0,0.0,0.0,0.0,0.0,0.0,0.0,61.538064572159996,0.0
215,Fresno,Clovis,1.0,3.0,940.0374064464777,0.0,44.0,0.0,245.0,0.0,275.0,29.0,311.87496360704,35.162442839437574
216,Fresno,Clovis,0.0,0.0,0.0,0.0,0.0,0.0,0.0,0.0,0.0,0.0,0.0,0.0
217,Fresno,Clovis,0.0,0.0,0.0,0.0,0.0,0.0,0.0,0.0,0.0,0.0,0.0,0.0
218,Fresno,Clovis,0.0,0.0,0.0,0.0,0.0,0.0,0.0,0.0,0.0,0.0,0.0,0.0
219,Fresno,Clovis,0.0,0.0,0.0,0.0,0.0,0.0,0.0,0.0,0.0,0.0,0.0,0.0
220,Fresno,Clovis,0.0,0.0,0.0,0.0,0.0,0.0,0.0,0.0,0.0,0.0,0.0,0.0
221,Fresno,Clovis,0.0,0.0,0.0,0.0,0.0,0.0,0.0,0.0,0.0,0.0,0.0,0.0
222,Fresno,Clovis,0.0,0.0,0.0,0.0,0.0,0.0,0.0,0.0,0.0,0.0,0.0,0.0
223,Fresno,Clovis,0.0,0.0,0.0,0.0,0.0,0.0,0.0,0.0,0.0,0.0,0.0,0.0
224,Fresno,Clovis,0.0,0.0,0.0,0.0,0.0,0.0,0.0,0.0,0.0,0.0,0.0,0.0
225,Fresno,Clovis,0.0,0.0,0.0,0.0,0.0,0.0,0.0,0.0,0.0,0.0,0.0,0.0
226,Fresno,Clovis,0.0,0.0,0.0,0.0,0.0,0.0,0.0,0.0,0.0,0.0,0.0,0.0
227,Fresno,Clovis,0.0,0.0,0.0,0.0,0.0,0.0,0.0,0.0,0.0,0.0,0.0,0.0
228,Fresno,Clovis,0.0,0.0,0.0,0.0,0.0,0.0,0.0,0.0,0.0,0.0,0.0,0.0
229,Fresno,Clovis,0.0,0.0,0.0,0.0,0.0,0.0,0.0,0.0,0.0,0.0,0.0,0.0
230,Fresno,Clovis,0.0,0.0,0.0,0.0,0.0,0.0,0.0,0.0,0.0,0.0,0.0,0.0
231,Fresno,Unincorporated,0.0,0.0,0.0,0.0,0.0,0.0,0.0,0.0,0.0,0.0,0.0,0.0
232,Fresno,Unincorporated,0.0,0.0,0.0,0.0,0.0,0.0,0.0,0.0,0.0,0.0,0.0,0.0
233,Fresno,Unincorporated,0.0,0.0,0.0,0.0,0.0,0.0,0.0,0.0,0.0,0.0,0.0,0.0
234,Fresno,Unincorporated,0.0,0.0,0.0,0.0,0.0,0.0,0.0,0.0,0.0,0.0,0.0,0.0
235,Fresno,Unincorporated,0.0,0.0,0.0,0.0,0.0,0.0,0.0,0.0,0.0,0.0,0.0,0.0
236,Fresno,Unincorporated,0.0,0.0,0.0,0.0,0.0,0.0,0.0,0.0,0.0,0.0,0.0,0.0
237,Fresno,Unincorporated,0.0,0.0,0.0,0.0,0.0,0.0,0.0,0.0,0.0,0.0,0.0,0.0
238,Fresno,Unincorporated,0.0,0.0,0.0,0.0,0.0,0.0,0.0,0.0,0.0,0.0,0.0,0.0
239,Fresno,Unincorporated,0.0,0.0,0.0,0.0,0.0,0.0,0.0,0.0,0.0,0.0,0.0,0.0
240,Fresno,Unincorporated,0.0,0.0,0.0,0.0,0.0,0.0,0.0,0.0,0.0,0.0,0.0,0.0
241,Fresno,Unincorporated,181.0,481.0,0.0,0.0,0.0,0.0,0.0,0.0,0.0,0.0,0.0,0.0
242,Fresno,Unincorporated,508.0,1351.0,85.69259884313516,4.766580531597059,28.097737870466887,3.0940961345454605,0.0,19.56806744550372,5.184701630859959,0.0,22.913036239606924,2.068378990555152
243,Fresno,Unincorporated,68.0,198.0,12.34189495277576,0.0,0.0,0.0,0.0,0.0,2.0,0.0,0.0,10.34189495277576
244,Fresno,Unincorporated,10.0,30.0,25.034189495277577,0.0,0.0,0.0,0.0,0.0,0.0,0.0,24.0,1.034189495277576
245,Fresno,Unincorporated,258.0,692.0,461.12870893440805,2.6458671157016997,15.596690366241601,1.7174926891397004,0.0,10.861980790775402,2.8779607223422,0.0,12.718729643899405,414.709987606308
246,Fresno,Unincorporated,298.0,792.0,42.08435662904,2.3988083278552805,14.140343827357439,1.5571211952744806,0.0,9.847739451195359,2.60923011100048,0.0,11.531113716356963,0.0
247,Fresno,Unincorporated,3.0,9.0,4.0,0.0,0.0,0.0,0.0,0.0,4.0,0.0,0.0,0.0
248,Fresno,Unincorporated,13.0,35.0,0.0,0.0,0.0,0.0,0.0,0.0,0.0,0.0,0.0,0.0
249,Fresno,Unincorporated,337.0,894.0,3.0,0.0,0.0,0.0,0.0,0.0,3.0,0.0,0.0,0.0
250,Fresno,Unincorporated,0.0,0.0,0.0,0.0,0.0,0.0,0.0,0.0,0.0,0.0,0.0,0.0
251,Fresno,Unincorporated,330.0,876.0,25.172503394939998,1.4348326935115798,8.457961140699839,0.9313826256127802,0.0,5.890365794415961,1.5606952104862801,0.0,6.89726593021356,0.0
252,Fresno,Unincorporated,348.0,1028.0,0.0,0.0,0.0,0.0,0.0,0.0,0.0,0.0,0.0,0.0
253,Fresno,Unincorporated,614.0,1531.0,24.0,0.0,0.0,0.0,3.0,19.0,2.0,0.0,0.0,0.0
254,Fresno,Unincorporated,553.0,2052.0,30.0,0.0,0.0,0.0,1.0,16.0,4.0,3.0,6.0,0.0
255,Fresno,Unincorporated,425.0,1329.0,71.30770545749819,39.0,3.0,0.0,1.0,10.0,9.0,0.0,0.0,9.307705457498184
256,Fresno,Unincorporated,403.0,1254.0,35.0,0.0,1.0,0.0,12.0,5.0,14.0,2.0,1.0,0.0
257,Fresno,Unincorporated,190.0,595.0,56.034189495277566,0.0,43.0,0.0,0.0,1.0,9.0,1.0,1.0,1.034189495277576
258,Fresno,Unincorporated,256.0,1024.0,86.4444634386085,0.0,0.0,0.0,65.0,3.0,1.0,4.0,0.0,13.444463438608489
259,Fresno,Unincorporated,221.0,692.0,12.136757981110305,0.0,0.0,0.0,2.0,5.0,1.0,0.0,0.0,4.136757981110304
260,Fresno,Unincorporated,60.0,177.0,10.034189495277577,0.0,0.0,0.0,0.0,0.0,9.0,0.0,0.0,1.034189495277576
261,Fresno,Unincorporated,123.0,345.0,12.17094747638788,0.0,0.0,0.0,0.0,1.0,6.0,0.0,0.0,5.170947476387878
262,Fresno,Unincorporated,57.0,218.0,6.0,0.0,0.0,0.0,0.0,4.0,2.0,0.0,0.0,0.0
263,Fresno,Unincorporated,391.0,1495.0,135.71797940082908,0.0,62.0,0.0,1.0,11.0,6.0,24.0,10.0,21.717979400829098
264,Fresno,Unincorporated,374.0,1227.0,50.0,0.0,0.0,0.0,28.0,3.0,8.0,7.0,4.0,0.0
265,Fresno,Unincorporated,352.0,1116.0,100.37608444805336,0.0,4.0,0.0,1.0,23.0,61.0,0.0,0.0,11.376084448053335
266,Fresno,Unincorporated,212.0,672.0,18.102568485832727,0.0,0.0,0.0,0.0,7.0,4.0,4.0,0.0,3.102568485832728
267,Fresno,Unincorporated,601.0,1554.0,46.516621532145145,0.28705079842252,0.27220334333170004,4.1617344576037185,6.0,17.187796407265598,16.31674570860416,0.0,0.2227118263623,2.068378990555152
268,Fresno,Unincorporated,576.0,1658.0,95.17094747638788,38.0,24.0,0.0,1.0,12.0,15.0,0.0,0.0,5.170947476387878
269,Fresno,Unincorporated,241.0,762.0,22.0,0.0,0.0,0.0,0.0,21.0,0.0,1.0,0.0,0.0
270,Fresno,Unincorporated,236.0,696.0,4.0,0.0,0.0,0.0,3.0,0.0,1.0,0.0,0.0,0.0
271,Fresno,Unincorporated,107.0,339.0,23.0,0.0,2.0,0.0,15.0,4.0,2.0,0.0,0.0,0.0
272,Fresno,Unincorporated,45.0,118.0,67.15393820248728,0.0,0.0,0.0,0.0,2.0,0.0,0.0,0.0,65.15393820248728
273,Fresno,Unincorporated,61.0,157.0,10.0,0.0,0.0,0.0,3.0,4.0,3.0,0.0,0.0,0.0
274,Fresno,Unincorporated,532.0,1757.0,22.068378990555157,1.0,0.0,0.0,0.0,11.0,7.0,0.0,1.0,2.068378990555152
275,Fresno,Unincorporated,364.0,1224.0,38.17094747638788,0.0,19.0,0.0,6.0,4.0,4.0,0.0,0.0,5.170947476387878
276,Fresno,Unincorporated,19.0,62.0,3.068378990555152,0.0,0.0,0.0,0.0,0.0,1.0,0.0,0.0,2.068378990555152
277,Fresno,Unincorporated,585.0,1992.0,17.102568485832727,0.0,0.0,0.0,4.0,7.0,3.0,0.0,0.0,3.102568485832728
278,Fresno,Unincorporated,454.0,1500.0,87.06837899055515,0.0,15.0,0.0,4.0,28.0,18.0,20.0,0.0,2.068378990555152
279,Fresno,Unincorporated,514.0,1755.0,59.0,0.0,39.0,0.0,1.0,5.0,0.0,2.0,12.0,0.0
280,Fresno,Unincorporated,147.0,504.0,12.0,0.0,0.0,0.0,0.0,3.0,9.0,0.0,0.0,0.0
281,Fresno,Unincorporated,174.0,560.0,0.0,0.0,0.0,0.0,0.0,0.0,0.0,0.0,0.0,0.0
282,Fresno,Unincorporated,444.0,1598.0,56.54703192444122,0.0,0.0,0.0,4.0,21.0,11.0,2.0,2.0,16.547031924441217
283,Fresno,Unincorporated,336.0,1152.0,4.0,0.0,0.0,0.0,2.0,1.0,0.0,0.0,1.0,0.0
284,Fresno,Unincorporated,153.0,522.0,5.0,0.0,0.0,0.0,0.0,2.0,1.0,2.0,0.0,0.0
285,Fresno,Unincorporated,347.0,1182.0,16.0,0.0,0.0,0.0,2.0,14.0,0.0,0.0,0.0,0.0
286,Fresno,Unincorporated,346.0,995.0,55.71644597704,1.50935877890952,8.897272801992958,0.9797592073623204,0.0,7.196314987102242,2.6417586717963197,0.0,34.49198152987664,0.0
287,Fresno,Unincorporated,3.0,10.0,0.0,0.0,0.0,0.0,0.0,0.0,0.0,0.0,0.0,0.0
288,Fresno,Unincorporated,499.0,1847.0,79.10256848583273,44.0,0.0,0.0,17.0,12.0,3.0,0.0,0.0,3.102568485832728
289,Fresno,Unincorporated,0.0,0.0,280.0,267.0,0.0,0.0,0.0,0.0,0.0,13.0,0.0,0.0
290,Fresno,Unincorporated,127.0,335.0,0.0,0.0,0.0,0.0,0.0,0.0,0.0,0.0,0.0,0.0
291,Fresno,Unincorporated,78.0,203.0,0.0,0.0,0.0,0.0,0.0,0.0,0.0,0.0,0.0,0.0
292,Fresno,Unincorporated,1.0,3.0,19.64960041027394,0.0,0.0,0.0,0.0,0.0,0.0,0.0,0.0,19.64960041027394
293,Fresno,Unincorporated,3.0,10.0,7.0,0.0,0.0,0.0,7.0,0.0,0.0,0.0,0.0,0.0
294,Fresno,Unincorporated,326.0,981.0,23.0,0.0,0.0,0.0,0.0,5.0,18.0,0.0,0.0,0.0
295,Fresno,Unincorporated,655.0,1968.0,42.0,0.0,10.0,0.0,5.0,20.0,0.0,2.0,5.0,0.0
296,Fresno,Unincorporated,739.0,2516.0,37.10256848583273,0.0,0.0,0.0,19.0,11.0,2.0,2.0,0.0,3.102568485832728
297,Fresno,Unincorporated,112.0,384.0,1.0,0.0,0.0,0.0,0.0,1.0,0.0,0.0,0.0,0.0
298,Fresno,Unincorporated,41.0,124.0,0.0,0.0,0.0,0.0,0.0,0.0,0.0,0.0,0.0,0.0
299,Fresno,Unincorporated,133.0,369.0,0.0,0.0,0.0,0.0,0.0,0.0,0.0,0.0,0.0,0.0
300,Fresno,Unincorporated,20.0,68.0,4.034189495277577,0.0,0.0,0.0,0.0,2.0,1.0,0.0,0.0,1.034189495277576
301,Fresno,Unincorporated,0.0,0.0,0.0,0.0,0.0,0.0,0.0,0.0,0.0,0.0,0.0,0.0
302,Fresno,Unincorporated,0.0,0.0,0.0,0.0,0.0,0.0,0.0,0.0,0.0,0.0,0.0,0.0
303,Fresno,Unincorporated,0.0,0.0,0.0,0.0,0.0,0.0,0.0,0.0,0.0,0.0,0.0,0.0
304,Fresno,Unincorporated,0.0,0.0,0.0,0.0,0.0,0.0,0.0,0.0,0.0,0.0,0.0,0.0
305,Fresno,Unincorporated,0.0,0.0,0.0,0.0,0.0,0.0,0.0,0.0,0.0,0.0,0.0,0.0
306,Fresno,Unincorporated,0.0,0.0,0.0,0.0,0.0,0.0,0.0,0.0,0.0,0.0,0.0,0.0
307,Fresno,Unincorporated,0.0,0.0,0.0,0.0,0.0,0.0,0.0,0.0,0.0,0.0,0.0,0.0
308,Fresno,Unincorporated,0.0,0.0,0.0,0.0,0.0,0.0,0.0,0.0,0.0,0.0,0.0,0.0
309,Fresno,Unincorporated,0.0,0.0,0.0,0.0,0.0,0.0,0.0,0.0,0.0,0.0,0.0,0.0
310,Fresno,Unincorporated,0.0,0.0,0.0,0.0,0.0,0.0,0.0,0.0,0.0,0.0,0.0,0.0
311,Fresno,Unincorporated,0.0,0.0,0.0,0.0,0.0,0.0,0.0,0.0,0.0,0.0,0.0,0.0
312,Fresno,Unincorporated,0.0,0.0,0.0,0.0,0.0,0.0,0.0,0.0,0.0,0.0,0.0,0.0
313,Fresno,Unincorporated,0.0,0.0,0.0,0.0,0.0,0.0,0.0,0.0,0.0,0.0,0.0,0.0
314,Fresno,Unincorporated,0.0,0.0,0.0,0.0,0.0,0.0,0.0,0.0,0.0,0.0,0.0,0.0
315,Fresno,Unincorporated,0.0,0.0,0.0,0.0,0.0,0.0,0.0,0.0,0.0,0.0,0.0,0.0
316,Fresno,Unincorporated,0.0,0.0,0.0,0.0,0.0,0.0,0.0,0.0,0.0,0.0,0.0,0.0
317,Fresno,Unincorporated,0.0,0.0,0.0,0.0,0.0,0.0,0.0,0.0,0.0,0.0,0.0,0.0
318,Fresno,Unincorporated,0.0,0.0,0.0,0.0,0.0,0.0,0.0,0.0,0.0,0.0,0.0,0.0
319,Fresno,Unincorporated,0.0,0.0,0.0,0.0,0.0,0.0,0.0,0.0,0.0,0.0,0.0,0.0
320,Fresno,Unincorporated,0.0,0.0,0.0,0.0,0.0,0.0,0.0,0.0,0.0,0.0,0.0,0.0
321,Fresno,Coalinga,0.0,0.0,139.52042469076997,0.0,0.0,0.0,97.66429728353901,0.0,0.0,41.85612740723099,0.0,0.0
322,Fresno,Coalinga,0.0,0.0,0.0,0.0,0.0,0.0,0.0,0.0,0.0,0.0,0.0,0.0
323,Fresno,Coalinga,549.0,1552.0,235.18718546216,0.40966957134312,2.41489431528576,0.26592586209992003,0.0,229.68180139814544,0.44560549865392,0.0,1.96928881663184,0.0
324,Fresno,Coalinga,354.0,1187.0,6.0,0.0,0.0,0.0,0.0,6.0,0.0,0.0,0.0,0.0
325,Fresno,Coalinga,203.0,602.0,967.0,829.0,36.0,0.0,0.0,89.0,1.0,0.0,12.0,0.0
326,Fresno,Coalinga,253.0,809.0,78.0,0.0,3.0,0.0,0.0,8.0,43.0,1.0,23.0,0.0
327,Fresno,Coalinga,167.0,591.0,289.47049019188853,0.0,0.0,0.0,0.0,3.0,0.0,0.0,0.0,286.47049019188853
328,Fresno,Coalinga,498.0,1424.0,258.0341894952776,106.0,0.0,0.0,6.0,21.0,72.0,52.0,0.0,1.034189495277576
329,Fresno,Coalinga,162.0,434.0,377.02352880896,5.0,114.0,139.02352880896,11.0,28.0,48.0,11.0,21.0,0.0
330,Fresno,Coalinga,236.0,753.0,39.0,0.0,11.0,5.0,0.0,5.0,4.0,0.0,14.0,0.0
331,Fresno,Coalinga,148.0,457.0,237.4786529338861,0.0,24.0,33.0,8.0,30.0,17.0,21.0,90.0,14.478652933886066
332,Fresno,Coalinga,357.0,1096.0,26.034189495277577,0.0,0.0,0.0,6.0,14.0,2.0,0.0,3.0,1.034189495277576
333,Fresno,Coalinga,449.0,952.0,198.0,0.0,39.0,0.0,27.0,53.0,6.0,4.0,69.0,0.0
334,Fresno,Coalinga,297.0,1101.0,58.0,0.0,3.0,0.0,49.0,6.0,0.0,0.0,0.0,0.0
335,Fresno,Coalinga,0.0,0.0,0.0,0.0,0.0,0.0,0.0,0.0,0.0,0.0,0.0,0.0
336,Fresno,Coalinga,679.0,2187.0,133.0,0.0,25.0,0.0,11.0,20.0,5.0,2.0,70.0,0.0
337,Fresno,Coalinga,46.0,122.0,14.0,0.0,0.0,0.0,0.0,0.0,14.0,0.0,0.0,0.0
338,Fresno,Coalinga,0.0,0.0,0.0,0.0,0.0,0.0,0.0,0.0,0.0,0.0,0.0,0.0
339,Fresno,Coalinga,310.0,845.0,235.32488567887515,0.0,10.0,0.0,145.0,8.0,2.0,0.0,0.0,70.32488567887516
340,Fresno,Coalinga,15.0,54.0,3.0,0.0,0.0,0.0,3.0,0.0,0.0,0.0,0.0,0.0
341,Fresno,Coalinga,7.0,15.0,4077.5215180135906,0.0,0.0,1459.0,0.0,2508.0,0.0,4.0,0.0,106.52151801359031
342,Fresno,Coalinga,0.0,0.0,0.0,0.0,0.0,0.0,0.0,0.0,0.0,0.0,0.0,0.0
343,Fresno,Coalinga,0.0,0.0,0.0,0.0,0.0,0.0,0.0,0.0,0.0,0.0,0.0,0.0
344,Fresno,Coalinga,0.0,0.0,0.0,0.0,0.0,0.0,0.0,0.0,0.0,0.0,0.0,0.0
345,Fresno,Coalinga,0.0,0.0,0.0,0.0,0.0,0.0,0.0,0.0,0.0,0.0,0.0,0.0
346,Fresno,Coalinga,0.0,0.0,0.0,0.0,0.0,0.0,0.0,0.0,0.0,0.0,0.0,0.0
347,Fresno,Coalinga,0.0,0.0,0.0,0.0,0.0,0.0,0.0,0.0,0.0,0.0,0.0,0.0
348,Fresno,Coalinga,0.0,0.0,0.0,0.0,0.0,0.0,0.0,0.0,0.0,0.0,0.0,0.0
349,Fresno,Coalinga,0.0,0.0,0.0,0.0,0.0,0.0,0.0,0.0,0.0,0.0,0.0,0.0
350,Fresno,Coalinga,0.0,0.0,0.0,0.0,0.0,0.0,0.0,0.0,0.0,0.0,0.0,0.0
351,Fresno,Unincorporated,0.0,0.0,3.1351302739700664,0.0,3.1351302739700664,0.0,0.0,0.0,0.0,0.0,0.0,0.0
352,Fresno,Unincorporated,0.0,0.0,0.0,0.0,0.0,0.0,0.0,0.0,0.0,0.0,0.0,0.0
353,Fresno,Unincorporated,22.0,67.0,0.25546435840000004,0.0,0.0,0.25546435840000004,0.0,0.0,0.0,0.0,0.0,0.0
354,Fresno,Unincorporated,0.0,0.0,0.0,0.0,0.0,0.0,0.0,0.0,0.0,0.0,0.0,0.0
355,Fresno,Unincorporated,0.0,0.0,0.0,0.0,0.0,0.0,0.0,0.0,0.0,0.0,0.0,0.0
356,Fresno,Unincorporated,0.0,0.0,0.0,0.0,0.0,0.0,0.0,0.0,0.0,0.0,0.0,0.0
357,Fresno,Unincorporated,0.0,0.0,0.0,0.0,0.0,0.0,0.0,0.0,0.0,0.0,0.0,0.0
358,Fresno,Unincorporated,0.0,0.0,0.0,0.0,0.0,0.0,0.0,0.0,0.0,0.0,0.0,0.0
359,Fresno,Unincorporated,0.0,0.0,0.0,0.0,0.0,0.0,0.0,0.0,0.0,0.0,0.0,0.0
360,Fresno,Unincorporated,0.0,0.0,0.0,0.0,0.0,0.0,0.0,0.0,0.0,0.0,0.0,0.0
361,Fresno,Unincorporated,0.0,0.0,0.0,0.0,0.0,0.0,0.0,0.0,0.0,0.0,0.0,0.0
362,Fresno,Unincorporated,0.0,0.0,0.0,0.0,0.0,0.0,0.0,0.0,0.0,0.0,0.0,0.0
363,Fresno,Unincorporated,0.0,0.0,0.0,0.0,0.0,0.0,0.0,0.0,0.0,0.0,0.0,0.0
364,Fresno,Unincorporated,0.0,0.0,0.0,0.0,0.0,0.0,0.0,0.0,0.0,0.0,0.0,0.0
365,Fresno,Unincorporated,0.0,0.0,0.0,0.0,0.0,0.0,0.0,0.0,0.0,0.0,0.0,0.0
366,Fresno,Unincorporated,0.0,0.0,0.0,0.0,0.0,0.0,0.0,0.0,0.0,0.0,0.0,0.0
367,Fresno,Unincorporated,0.0,0.0,0.0,0.0,0.0,0.0,0.0,0.0,0.0,0.0,0.0,0.0
368,Fresno,Unincorporated,0.0,0.0,0.0,0.0,0.0,0.0,0.0,0.0,0.0,0.0,0.0,0.0
369,Fresno,Unincorporated,0.0,0.0,0.0,0.0,0.0,0.0,0.0,0.0,0.0,0.0,0.0,0.0
370,Fresno,Unincorporated,0.0,0.0,0.0,0.0,0.0,0.0,0.0,0.0,0.0,0.0,0.0,0.0
371,Fresno,Firebaugh,124.0,309.0,32.51284242916364,0.0,0.0,0.0,1.0,7.0,0.0,0.0,9.0,15.512842429163635
372,Fresno,Firebaugh,1050.0,3445.0,100.0,2.0,0.0,0.0,6.0,51.0,39.0,0.0,2.0,0.0
373,Fresno,Firebaugh,121.0,351.0,19.0,0.0,2.0,0.0,0.0,9.0,0.0,8.0,0.0,0.0
374,Fresno,Firebaugh,1.0,3.0,91.64960041027392,0.0,0.0,0.0,10.0,0.0,0.0,45.0,17.0,19.64960041027394
375,Fresno,Firebaugh,96.0,279.0,896.0945766913115,59.0,59.0,42.0,254.0,20.0,13.0,0.0,53.0,396.0945766913115
376,Fresno,Firebaugh,95.0,372.0,54.278817501060296,0.0,25.0,0.0,5.699441663965,4.0,4.0,2.442617855985,9.0,4.136757981110304
377,Fresno,Firebaugh,521.0,1997.0,257.7778537544339,153.0,0.0,0.0,13.0,25.0,8.0,0.0,5.0,53.777853754433956
378,Fresno,Firebaugh,4.0,15.0,1111.0,0.0,0.0,0.0,1111.0,0.0,0.0,0.0,0.0,0.0
379,Fresno,Firebaugh,1.0,4.0,11.0,0.0,0.0,11.0,0.0,0.0,0.0,0.0,0.0,0.0
380,Fresno,Firebaugh,184.0,669.0,165.0,123.0,0.0,0.0,36.0,6.0,0.0,0.0,0.0,0.0
381,Fresno,Firebaugh,0.0,0.0,37.0,0.0,0.0,0.0,37.0,0.0,0.0,0.0,0.0,0.0
382,Fresno,Firebaugh,0.0,0.0,0.0,0.0,0.0,0.0,0.0,0.0,0.0,0.0,0.0,0.0
383,Fresno,Firebaugh,0.0,0.0,0.0,0.0,0.0,0.0,0.0,0.0,0.0,0.0,0.0,0.0
384,Fresno,Firebaugh,0.0,0.0,0.0,0.0,0.0,0.0,0.0,0.0,0.0,0.0,0.0,0.0
385,Fresno,Firebaugh,0.0,0.0,0.0,0.0,0.0,0.0,0.0,0.0,0.0,0.0,0.0,0.0
386,Fresno,Firebaugh,0.0,0.0,0.0,0.0,0.0,0.0,0.0,0.0,0.0,0.0,0.0,0.0
387,Fresno,Firebaugh,0.0,0.0,0.0,0.0,0.0,0.0,0.0,0.0,0.0,0.0,0.0,0.0
388,Fresno,Firebaugh,0.0,0.0,0.0,0.0,0.0,0.0,0.0,0.0,0.0,0.0,0.0,0.0
389,Fresno,Firebaugh,0.0,0.0,0.0,0.0,0.0,0.0,0.0,0.0,0.0,0.0,0.0,0.0
390,Fresno,Firebaugh,0.0,0.0,0.0,0.0,0.0,0.0,0.0,0.0,0.0,0.0,0.0,0.0
391,Fresno,Unincorporated,131.0,350.0,18.0,0.0,7.0,0.0,3.0,8.0,0.0,0.0,0.0,0.0
392,Fresno,Unincorporated,2.0,6.0,288.8378003679199,0.0,0.0,0.0,202.18646025754398,0.0,0.0,86.65134011037598,0.0,0.0
393,Fresno,Unincorporated,0.0,0.0,11.0,0.0,0.0,0.0,11.0,0.0,0.0,0.0,0.0,0.0
394,Fresno,Unincorporated,0.0,0.0,0.0,0.0,0.0,0.0,0.0,0.0,0.0,0.0,0.0,0.0
395,Fresno,Unincorporated,0.0,0.0,0.0,0.0,0.0,0.0,0.0,0.0,0.0,0.0,0.0,0.0
396,Fresno,Unincorporated,0.0,0.0,0.0,0.0,0.0,0.0,0.0,0.0,0.0,0.0,0.0,0.0
397,Fresno,Unincorporated,0.0,0.0,0.0,0.0,0.0,0.0,0.0,0.0,0.0,0.0,0.0,0.0
398,Fresno,Unincorporated,0.0,0.0,0.0,0.0,0.0,0.0,0.0,0.0,0.0,0.0,0.0,0.0
399,Fresno,Unincorporated,0.0,0.0,0.0,0.0,0.0,0.0,0.0,0.0,0.0,0.0,0.0,0.0
400,Fresno,Unincorporated,0.0,0.0,0.0,0.0,0.0,0.0,0.0,0.0,0.0,0.0,0.0,0.0
401,Fresno,Unincorporated,0.0,0.0,0.0,0.0,0.0,0.0,0.0,0.0,0.0,0.0,0.0,0.0
402,Fresno,Unincorporated,0.0,0.0,0.0,0.0,0.0,0.0,0.0,0.0,0.0,0.0,0.0,0.0
403,Fresno,Unincorporated,0.0,0.0,0.0,0.0,0.0,0.0,0.0,0.0,0.0,0.0,0.0,0.0
404,Fresno,Unincorporated,0.0,0.0,0.0,0.0,0.0,0.0,0.0,0.0,0.0,0.0,0.0,0.0
405,Fresno,Unincorporated,0.0,0.0,0.0,0.0,0.0,0.0,0.0,0.0,0.0,0.0,0.0,0.0
406,Fresno,Unincorporated,0.0,0.0,0.0,0.0,0.0,0.0,0.0,0.0,0.0,0.0,0.0,0.0
407,Fresno,Unincorporated,0.0,0.0,0.0,0.0,0.0,0.0,0.0,0.0,0.0,0.0,0.0,0.0
408,Fresno,Unincorporated,0.0,0.0,0.0,0.0,0.0,0.0,0.0,0.0,0.0,0.0,0.0,0.0
409,Fresno,Unincorporated,0.0,0.0,0.0,0.0,0.0,0.0,0.0,0.0,0.0,0.0,0.0,0.0
410,Fresno,Unincorporated,0.0,0.0,0.0,0.0,0.0,0.0,0.0,0.0,0.0,0.0,0.0,0.0
411,Fresno,Fowler,131.0,435.0,23.307705457498184,0.0,0.0,0.0,6.0,8.0,0.0,0.0,0.0,9.307705457498184
412,Fresno,Fowler,105.0,352.0,156.47865293388602,119.0,0.0,0.0,8.0,11.0,4.0,0.0,0.0,14.478652933886064
413,Fresno,Fowler,207.0,684.0,26.27351596222061,0.0,0.0,0.0,17.0,1.0,0.0,0.0,0.0,8.273515962220609
414,Fresno,Fowler,83.0,276.0,193.08068973463,0.0,70.0,0.0,64.35648281424099,6.0,0.0,34.724206920388994,18.0,0.0
415,Fresno,Fowler,136.0,276.0,170.20513697166547,44.0,48.0,0.0,11.0,22.0,26.0,1.0,12.0,6.205136971665455
416,Fresno,Fowler,228.0,595.0,223.0,100.0,5.0,37.0,0.0,70.0,0.0,1.0,10.0,0.0
417,Fresno,Fowler,366.0,1180.0,75.10872096256,0.0,6.0,22.10872096256,9.0,24.0,1.0,0.0,13.0,0.0
418,Fresno,Fowler,42.0,137.0,217.39326466943032,0.0,67.0,0.0,56.0,6.0,0.0,13.0,3.0,72.39326466943031
419,Fresno,Fowler,856.0,2671.0,608.5379357774316,70.3402953356034,7.900688294083201,24.1841821328794,0.0,202.5022650619508,3.4578651018843996,0.0,6.442823192198801,293.70981665883164
420,Fresno,Fowler,0.0,0.0,106.0,0.0,0.0,0.0,83.0,0.0,0.0,0.0,23.0,0.0
421,Fresno,Fowler,1.0,3.0,616.9663233471516,0.0,0.0,0.0,173.0,0.0,38.0,25.0,19.0,361.9663233471516
422,Fresno,Fowler,6.0,18.0,0.0,0.0,0.0,0.0,0.0,0.0,0.0,0.0,0.0,0.0
423,Fresno,Fowler,54.0,184.0,174.02585580580364,0.0,0.0,0.0,15.0,2.0,0.0,0.0,5.0,152.02585580580362
424,Fresno,Fowler,0.0,0.0,0.0,0.0,0.0,0.0,0.0,0.0,0.0,0.0,0.0,0.0
425,Fresno,Fowler,0.0,0.0,61.0,0.0,0.0,0.0,61.0,0.0,0.0,0.0,0.0,0.0
426,Fresno,Fowler,0.0,0.0,308.0,0.0,3.0,0.0,253.0,0.0,6.0,0.0,46.0,0.0
427,Fresno,Fowler,0.0,0.0,62.0,0.0,0.0,0.0,62.0,0.0,0.0,0.0,0.0,0.0
428,Fresno,Fowler,0.0,0.0,0.0,0.0,0.0,0.0,0.0,0.0,0.0,0.0,0.0,0.0
429,Fresno,Fowler,0.0,0.0,0.0,0.0,0.0,0.0,0.0,0.0,0.0,0.0,0.0,0.0
430,Fresno,Fowler,0.0,0.0,0.0,0.0,0.0,0.0,0.0,0.0,0.0,0.0,0.0,0.0
431,Fresno,Fowler,0.0,0.0,0.0,0.0,0.0,0.0,0.0,0.0,0.0,0.0,0.0,0.0
432,Fresno,Fowler,0.0,0.0,0.0,0.0,0.0,0.0,0.0,0.0,0.0,0.0,0.0,0.0
433,Fresno,Fowler,0.0,0.0,0.0,0.0,0.0,0.0,0.0,0.0,0.0,0.0,0.0,0.0
434,Fresno,Fowler,0.0,0.0,0.0,0.0,0.0,0.0,0.0,0.0,0.0,0.0,0.0,0.0
435,Fresno,Fowler,0.0,0.0,0.0,0.0,0.0,0.0,0.0,0.0,0.0,0.0,0.0,0.0
436,Fresno,Fowler,0.0,0.0,0.0,0.0,0.0,0.0,0.0,0.0,0.0,0.0,0.0,0.0
437,Fresno,Fowler,0.0,0.0,0.0,0.0,0.0,0.0,0.0,0.0,0.0,0.0,0.0,0.0
438,Fresno,Fowler,0.0,0.0,0.0,0.0,0.0,0.0,0.0,0.0,0.0,0.0,0.0,0.0
439,Fresno,Fowler,0.0,0.0,0.0,0.0,0.0,0.0,0.0,0.0,0.0,0.0,0.0,0.0
440,Fresno,Fowler,0.0,0.0,0.0,0.0,0.0,0.0,0.0,0.0,0.0,0.0,0.0,0.0
441,Fresno,Unincorporated,6.0,17.0,1107.8767058616802,0.0,0.0,0.0,777.6136941031758,0.0,183.0,147.26301175850398,0.0,0.0
442,Fresno,Unincorporated,1.0,3.0,0.0,0.0,0.0,0.0,0.0,0.0,0.0,0.0,0.0,0.0
443,Fresno,Unincorporated,28.0,94.0,129.2503513437985,0.0,0.0,0.0,0.0,1.0450434246566886,0.0,0.0,1.0,127.20530791914184
444,Fresno,Unincorporated,1.0,3.0,0.0,0.0,0.0,0.0,0.0,0.0,0.0,0.0,0.0,0.0
445,Fresno,Unincorporated,0.0,0.0,0.0,0.0,0.0,0.0,0.0,0.0,0.0,0.0,0.0,0.0
446,Fresno,Unincorporated,0.0,0.0,0.0,0.0,0.0,0.0,0.0,0.0,0.0,0.0,0.0,0.0
447,Fresno,Unincorporated,1.0,3.0,0.0,0.0,0.0,0.0,0.0,0.0,0.0,0.0,0.0,0.0
448,Fresno,Unincorporated,0.0,0.0,0.0,0.0,0.0,0.0,0.0,0.0,0.0,0.0,0.0,0.0
449,Fresno,Unincorporated,0.0,0.0,0.0,0.0,0.0,0.0,0.0,0.0,0.0,0.0,0.0,0.0
450,Fresno,Unincorporated,22.0,65.0,11.0,0.0,0.0,0.0,10.0,1.0,0.0,0.0,0.0,0.0
451,Fresno,Unincorporated,5.0,18.0,8.23932646694303,0.0,0.0,0.0,0.0,1.0,0.0,0.0,0.0,7.239326466943032
452,Fresno,Unincorporated,9.0,29.0,0.0,0.0,0.0,0.0,0.0,0.0,0.0,0.0,0.0,0.0
453,Fresno,Unincorporated,7.0,23.0,8.273515962220609,0.0,0.0,0.0,0.0,0.0,0.0,0.0,0.0,8.273515962220609
454,Fresno,Unincorporated,3.0,9.0,0.0,0.0,0.0,0.0,0.0,0.0,0.0,0.0,0.0,0.0
455,Fresno,Unincorporated,3.0,9.0,0.0,0.0,0.0,0.0,0.0,0.0,0.0,0.0,0.0,0.0
456,Fresno,Unincorporated,132.0,396.0,21.0,0.0,0.0,0.0,0.0,10.0,0.0,0.0,11.0,0.0
457,Fresno,Unincorporated,7.0,21.0,0.0,0.0,0.0,0.0,0.0,0.0,0.0,0.0,0.0,0.0
458,Fresno,Unincorporated,1.0,3.0,0.0,0.0,0.0,0.0,0.0,0.0,0.0,0.0,0.0,0.0
459,Fresno,Unincorporated,5.0,15.0,2.0,0.0,0.0,0.0,0.0,0.0,0.0,2.0,0.0,0.0
460,Fresno,Unincorporated,142.0,453.0,9.102568485832727,0.0,0.0,0.0,2.0,3.0,1.0,0.0,0.0,3.102568485832728
461,Fresno,Unincorporated,142.0,457.0,146.40115113679215,0.00336785848278,4.01985263947744,0.00218615375198,1.0,10.01382594535036,0.00366328466548,0.0,0.01618935481196,131.34206590025215
462,Fresno,Unincorporated,0.0,0.0,0.0,0.0,0.0,0.0,0.0,0.0,0.0,0.0,0.0,0.0
463,Fresno,Unincorporated,0.0,0.0,0.0,0.0,0.0,0.0,0.0,0.0,0.0,0.0,0.0,0.0
464,Fresno,Unincorporated,0.0,0.0,0.0,0.0,0.0,0.0,0.0,0.0,0.0,0.0,0.0,0.0
465,Fresno,Unincorporated,0.0,0.0,0.0,0.0,0.0,0.0,0.0,0.0,0.0,0.0,0.0,0.0
466,Fresno,Unincorporated,0.0,0.0,0.0,0.0,0.0,0.0,0.0,0.0,0.0,0.0,0.0,0.0
467,Fresno,Unincorporated,0.0,0.0,0.0,0.0,0.0,0.0,0.0,0.0,0.0,0.0,0.0,0.0
468,Fresno,Unincorporated,0.0,0.0,0.0,0.0,0.0,0.0,0.0,0.0,0.0,0.0,0.0,0.0
469,Fresno,Unincorporated,0.0,0.0,0.0,0.0,0.0,0.0,0.0,0.0,0.0,0.0,0.0,0.0
470,Fresno,Unincorporated,0.0,0.0,0.0,0.0,0.0,0.0,0.0,0.0,0.0,0.0,0.0,0.0
471,Fresno,Fresno,0.0,0.0,0.0,0.0,0.0,0.0,0.0,0.0,0.0,0.0,0.0,0.0
472,Fresno,Fresno,0.0,0.0,0.0,0.0,0.0,0.0,0.0,0.0,0.0,0.0,0.0,0.0
473,Fresno,Fresno,0.0,0.0,0.0,0.0,0.0,0.0,0.0,0.0,0.0,0.0,0.0,0.0
474,Fresno,Fresno,0.0,0.0,0.0,0.0,0.0,0.0,0.0,0.0,0.0,0.0,0.0,0.0
475,Fresno,Fresno,0.0,0.0,0.0,0.0,0.0,0.0,0.0,0.0,0.0,0.0,0.0,0.0
476,Fresno,Fresno,0.0,0.0,0.0,0.0,0.0,0.0,0.0,0.0,0.0,0.0,0.0,0.0
477,Fresno,Fresno,0.0,0.0,0.0,0.0,0.0,0.0,0.0,0.0,0.0,0.0,0.0,0.0
478,Fresno,Fresno,0.0,0.0,0.0,0.0,0.0,0.0,0.0,0.0,0.0,0.0,0.0,0.0
479,Fresno,Fresno,0.0,0.0,0.0,0.0,0.0,0.0,0.0,0.0,0.0,0.0,0.0,0.0
480,Fresno,Fresno,0.0,0.0,0.0,0.0,0.0,0.0,0.0,0.0,0.0,0.0,0.0,0.0
481,Fresno,Fresno,51.0,156.0,126.0,0.0,0.0,0.0,0.0,4.0,120.0,2.0,0.0,0.0
482,Fresno,Fresno,53.0,160.0,51.0,0.0,0.0,0.0,22.0,9.0,0.0,20.0,0.0,0.0
483,Fresno,Fresno,296.0,908.0,77.03418949527757,0.0,0.0,0.0,19.0,21.0,0.0,33.0,3.0,1.034189495277576
484,Fresno,Fresno,138.0,423.0,31.0,0.0,3.0,0.0,19.0,6.0,3.0,0.0,0.0,0.0
485,Fresno,Fresno,437.0,1216.0,233.10256848583276,10.0,28.0,0.0,20.0,13.0,100.0,47.0,12.0,3.102568485832728
486,Fresno,Fresno,95.0,288.0,62.0,0.0,0.0,0.0,0.0,58.0,4.0,0.0,0.0,0.0
487,Fresno,Fresno,380.0,993.0,56.51284242916364,0.0,0.0,0.0,3.0,37.0,1.0,0.0,0.0,15.512842429163635
488,Fresno,Fresno,239.0,686.0,49.16244283943758,0.0,0.0,0.0,1.0,13.0,0.0,0.0,0.0,35.16244283943758
489,Fresno,Fresno,231.0,753.0,50.205136971665446,0.0,1.0,0.0,5.0,22.0,1.0,0.0,15.0,6.205136971665455
490,Fresno,Fresno,242.0,629.0,19.0,0.0,5.0,0.0,0.0,13.0,1.0,0.0,0.0,0.0
491,Fresno,Fresno,199.0,658.0,33.239326466943034,5.0,0.0,0.0,7.0,12.0,0.0,2.0,0.0,7.239326466943032
492,Fresno,Fresno,229.0,686.0,11.034189495277577,0.0,0.0,0.0,2.0,4.0,0.0,2.0,2.0,1.034189495277576
493,Fresno,Fresno,123.0,247.0,53.0,7.0,0.0,0.0,37.0,1.0,8.0,0.0,0.0,0.0
494,Fresno,Fresno,217.0,716.0,16.0,0.0,0.0,0.0,0.0,13.0,3.0,0.0,0.0,0.0
495,Fresno,Fresno,445.0,1159.0,89.37608444805332,54.0,0.0,0.0,0.0,17.0,7.0,0.0,0.0,11.376084448053335
496,Fresno,Fresno,0.0,0.0,273.1367579811103,0.0,0.0,0.0,3.0,103.0,152.0,7.0,4.0,4.136757981110304
497,Fresno,Fresno,154.0,309.0,66.47865293388605,0.0,8.0,0.0,38.0,4.0,2.0,0.0,0.0,14.478652933886064
498,Fresno,Fresno,187.0,374.0,183.0,0.0,0.0,0.0,0.0,2.0,181.0,0.0,0.0,0.0
499,Fresno,Fresno,36.0,74.0,60.0,0.0,0.0,0.0,0.0,0.0,3.0,29.0,28.0,0.0
500,Fresno,Fresno,215.0,430.0,238.55570750886793,0.0,0.0,0.0,0.0,31.0,97.0,3.0,0.0,107.55570750886791
501,Fresno,Fresno,371.0,800.0,126.17094747638788,0.0,0.0,0.0,0.0,11.0,10.0,100.0,0.0,5.170947476387878
502,Fresno,Fresno,326.0,696.0,237.0341894952776,57.0,103.0,0.0,0.0,3.0,28.0,0.0,45.0,1.034189495277576
503,Fresno,Fresno,538.0,1516.0,141.4359588016582,9.0,6.0,0.0,0.0,32.0,11.0,40.0,0.0,43.435958801658195
504,Fresno,Fresno,323.0,742.0,463.3248856788752,0.0,85.0,0.0,1.0,63.0,237.0,5.0,2.0,70.32488567887515
505,Fresno,Fresno,462.0,1067.0,195.5215180135903,2.0,28.0,0.0,0.0,31.0,3.0,2.0,23.0,106.52151801359031
506,Fresno,Fresno,591.0,1459.0,287.2051369716655,0.0,17.0,0.0,3.0,62.0,61.0,31.0,107.0,6.205136971665455
507,Fresno,Fresno,866.0,2039.0,1244.1968032821915,2.0,0.0,0.0,93.0,108.0,399.0,7.0,478.0,157.19680328219152
508,Fresno,Fresno,30.0,86.0,1596.4701482969358,24.0,146.0,0.0,59.0,119.0,850.0,67.0,287.0,44.47014829693576
509,Fresno,Fresno,87.0,244.0,2501.812556092141,0.0,3.0,30.0,358.0,169.0,1402.0,109.0,13.0,417.8125560921407
510,Fresno,Fresno,67.0,188.0,2374.290867131074,0.0,102.0,30.0,153.0,323.0,721.0,115.0,740.0,190.29086713107395
511,Fresno,Fresno,734.0,1430.0,597.7865293388606,0.0,0.0,78.0,4.0,48.0,277.0,35.0,11.0,144.78652933886062
512,Fresno,Fresno,1042.0,2226.0,133.0,0.0,49.0,0.0,2.0,30.0,8.0,9.0,35.0,0.0
513,Fresno,Fresno,500.0,1295.0,2791.3936065643834,4.0,298.0,0.0,385.0,530.0,1016.0,119.0,125.0,314.39360656438305
514,Fresno,Fresno,0.0,0.0,485.0,0.0,122.0,0.0,0.0,0.0,11.0,8.0,344.0,0.0
515,Fresno,Fresno,0.0,0.0,659.0,0.0,175.0,0.0,0.0,0.0,0.0,40.0,444.0,0.0
516,Fresno,Fresno,0.0,0.0,373.0,0.0,139.0,0.0,0.0,0.0,0.0,0.0,234.0,0.0
517,Fresno,Fresno,323.0,826.0,47.20988403627757,0.010014588837,25.059033365776,0.0065006980169999996,1.0,6.041112522594,0.010893061542,14.0,0.048140304233999995,1.034189495277576
518,Fresno,Fresno,408.0,1210.0,28.0,0.0,0.0,0.0,2.0,22.0,0.0,4.0,0.0,0.0
519,Fresno,Fresno,6.0,18.0,60.0,0.0,2.0,0.0,2.0,5.0,3.0,30.0,18.0,0.0
520,Fresno,Fresno,8.0,18.0,0.0,0.0,0.0,0.0,0.0,0.0,0.0,0.0,0.0,0.0
521,Fresno,Fresno,10.0,32.0,1215.2051369716655,136.0,327.0,0.0,8.0,18.0,75.0,28.0,617.0,6.205136971665455
522,Fresno,Fresno,206.0,642.0,56.205136971665446,0.0,5.0,0.0,4.0,17.0,3.0,18.0,3.0,6.205136971665455
523,Fresno,Fresno,0.0,0.0,0.0,0.0,0.0,0.0,0.0,0.0,0.0,0.0,0.0,0.0
524,Fresno,Fresno,203.0,632.0,36.03418949527757,0.0,0.0,0.0,15.0,16.0,4.0,0.0,0.0,1.034189495277576
525,Fresno,Fresno,338.0,1054.0,128.0,2.0,7.0,0.0,52.0,18.0,16.0,13.0,20.0,0.0
526,Fresno,Fresno,1014.0,3673.0,57.136757981110314,0.0,0.0,0.0,2.0,44.0,7.0,0.0,0.0,4.136757981110304
527,Fresno,Fresno,568.0,1326.0,555.0683789905552,9.0,139.0,0.0,10.0,88.0,58.0,147.0,102.0,2.068378990555152
528,Fresno,Fresno,411.0,1105.0,175.06837899055515,0.0,0.0,0.0,3.0,156.0,3.0,0.0,11.0,2.068378990555152
529,Fresno,Fresno,438.0,944.0,161.0341894952776,0.0,81.0,0.0,1.0,12.0,20.0,26.0,20.0,1.034189495277576
530,Fresno,Fresno,355.0,815.0,6.0,0.0,0.0,0.0,0.0,2.0,2.0,1.0,1.0,0.0
531,Fresno,Fresno,474.0,738.0,71.75216889610667,0.0,0.0,0.0,0.0,29.0,10.0,10.0,0.0,22.75216889610667
532,Fresno,Fresno,224.0,591.0,287.50433779221333,0.0,4.0,0.0,0.0,11.0,177.0,50.0,0.0,45.50433779221334
533,Fresno,Fresno,419.0,1469.0,740.1966323347152,52.0,0.0,0.0,0.0,144.0,478.0,26.0,4.0,36.19663233471515
534,Fresno,Fresno,540.0,1101.0,1026.1367579811103,0.0,108.0,5.0,226.0,200.0,439.0,42.0,2.0,4.136757981110304
535,Fresno,Fresno,413.0,856.0,873.0940638488825,58.0,94.0,0.0,43.0,41.0,506.0,7.0,91.0,33.094063848882435
536,Fresno,Fresno,734.0,2115.0,103.23932646694306,0.0,0.0,0.0,0.0,26.0,63.0,7.0,0.0,7.239326466943032
537,Fresno,Fresno,0.0,0.0,310.0,0.0,44.0,0.0,12.0,3.0,5.0,20.0,226.0,0.0
538,Fresno,Fresno,0.0,0.0,38.0,0.0,0.0,0.0,0.0,0.0,0.0,0.0,38.0,0.0
539,Fresno,Fresno,0.0,0.0,2.0,0.0,0.0,0.0,0.0,0.0,2.0,0.0,0.0,0.0
540,Fresno,Fresno,647.0,1528.0,94.17094747638788,57.0,4.0,0.0,1.0,26.0,0.0,1.0,0.0,5.170947476387878
541,Fresno,Fresno,616.0,1849.0,85.17094747638787,0.0,0.0,0.0,3.0,19.0,57.0,0.0,1.0,5.170947476387878
542,Fresno,Fresno,963.0,2730.0,289.5812214197188,0.0,64.0,0.0,18.0,136.0,32.0,10.0,12.0,17.581221419718787
543,Fresno,Fresno,319.0,913.0,258.0341894952776,77.0,32.0,0.0,2.0,96.0,43.0,7.0,0.0,1.034189495277576
544,Fresno,Fresno,3.0,8.0,171.0,3.0,25.0,0.0,0.0,31.0,18.0,28.0,66.0,0.0
545,Fresno,Fresno,135.0,390.0,7.0,0.0,0.0,0.0,0.0,7.0,0.0,0.0,0.0,0.0
546,Fresno,Fresno,566.0,1869.0,52.205136971665446,0.0,0.0,0.0,0.0,39.0,7.0,0.0,0.0,6.205136971665455
547,Fresno,Fresno,35.0,115.0,14.0,0.0,10.0,0.0,0.0,4.0,0.0,0.0,0.0,0.0
548,Fresno,Fresno,392.0,1019.0,756.7353305696823,0.0,11.0,0.0,142.0,212.0,145.0,42.0,1.0,203.73533056968242
549,Fresno,Fresno,385.0,1009.0,62.162442839437574,0.0,0.0,0.0,6.0,9.0,7.0,4.0,1.0,35.162442839437574
550,Fresno,Fresno,210.0,552.0,133.06837899055515,0.0,36.0,0.0,1.0,6.0,0.0,12.0,76.0,2.068378990555152
551,Fresno,Fresno,398.0,955.0,256.7950339758109,0.0,97.0,0.0,20.0,6.0,13.0,0.0,6.0,114.79503397581092
552,Fresno,Fresno,351.0,817.0,273.5812214197188,105.0,0.0,0.0,0.0,86.0,53.0,1.0,11.0,17.58122141971879
553,Fresno,Fresno,828.0,1935.0,128.4444634386085,0.0,35.0,0.0,1.0,49.0,5.0,25.0,0.0,13.444463438608489
554,Fresno,Fresno,623.0,1597.0,48.29707696903758,0.07198458600432,0.42433019118336,0.046726836529120006,0.0,38.29551566885984,4.078299023373121,3.0,1.3460311678102401,1.034189495277576
555,Fresno,Fresno,5.0,11.0,374.03418949527764,0.0,9.0,0.0,0.0,0.0,8.0,81.0,275.0,1.034189495277576
556,Fresno,Fresno,435.0,1305.0,59.0,0.0,0.0,0.0,2.0,51.0,3.0,2.0,1.0,0.0
557,Fresno,Fresno,368.0,1086.0,1949.2910380785504,0.0,43.0,188.0,276.0,148.0,452.0,57.0,474.0,311.2910380785504
558,Fresno,Fresno,906.0,2677.0,183.888926877217,0.0,13.0,0.0,48.0,64.0,18.0,1.0,13.0,26.888926877216967
559,Fresno,Fresno,0.0,0.0,1434.3675798111028,0.0,91.0,0.0,128.0,95.0,355.0,35.0,689.0,41.36757981110304
560,Fresno,Fresno,363.0,743.0,127.5812214197188,0.0,8.0,0.0,1.0,97.0,3.0,0.0,1.0,17.58122141971879
561,Fresno,Fresno,410.0,1230.0,104.0,56.0,0.0,0.0,1.0,14.0,33.0,0.0,0.0,0.0
562,Fresno,Fresno,0.0,0.0,510.0,0.0,46.0,0.0,0.0,0.0,3.0,0.0,461.0,0.0
563,Fresno,Fresno,869.0,1760.0,31.0,0.0,1.0,0.0,4.0,25.0,1.0,0.0,0.0,0.0
564,Fresno,Fresno,988.0,2033.0,79.0,1.0,0.0,0.0,34.0,21.0,23.0,0.0,0.0,0.0
565,Fresno,Fresno,154.0,255.0,383.0,0.0,200.0,0.0,0.0,93.0,26.0,8.0,56.0,0.0
566,Fresno,Fresno,237.0,393.0,276.0,0.0,172.0,0.0,6.0,12.0,69.0,0.0,17.0,0.0
567,Fresno,Fresno,269.0,578.0,21.0,0.0,0.0,0.0,2.0,11.0,0.0,8.0,0.0,0.0
568,Fresno,Fresno,122.0,262.0,408.0,0.0,47.0,0.0,0.0,11.0,24.0,0.0,326.0,0.0
569,Fresno,Fresno,0.0,0.0,481.0,0.0,290.0,0.0,0.0,0.0,4.0,17.0,170.0,0.0
570,Fresno,Fresno,998.0,2612.0,92.0,0.0,0.0,0.0,1.0,49.0,42.0,0.0,0.0,0.0
571,Fresno,Fresno,267.0,656.0,178.17094747638785,0.0,65.0,0.0,0.0,36.0,48.0,12.0,12.0,5.170947476387878
572,Fresno,Fresno,0.0,0.0,107.0,0.0,75.0,0.0,0.0,14.0,4.0,0.0,14.0,0.0
573,Fresno,Fresno,350.0,747.0,185.1367579811103,0.0,0.0,0.0,29.0,124.0,26.0,1.0,1.0,4.136757981110304
574,Fresno,Fresno,275.0,782.0,962.3760844480532,32.0,0.0,0.0,67.0,339.0,476.0,37.0,0.0,11.376084448053335
575,Fresno,Fresno,288.0,619.0,533.5128424291636,57.0,53.0,0.0,10.0,99.0,226.0,66.0,7.0,15.512842429163639
576,Fresno,Fresno,282.0,624.0,263.0,0.0,0.0,0.0,1.0,1.0,261.0,0.0,0.0,0.0
577,Fresno,Fresno,0.0,0.0,102.0,0.0,80.0,0.0,0.0,0.0,13.0,0.0,9.0,0.0
578,Fresno,Fresno,347.0,703.0,151.20513697166544,17.0,82.0,0.0,0.0,26.0,14.0,2.0,4.0,6.205136971665455
579,Fresno,Fresno,396.0,827.0,633.1025684858328,0.0,117.0,40.0,0.0,257.0,133.0,72.0,11.0,3.102568485832728
580,Fresno,Fresno,246.0,762.0,461.2308218299928,255.0,26.0,0.0,24.0,45.0,30.0,1.0,43.0,37.230821829992735
581,Fresno,Fresno,328.0,1020.0,704.3590751741527,25.0,36.0,0.0,82.0,145.0,228.0,50.0,67.0,71.35907517415274
582,Fresno,Fresno,473.0,937.0,711.3505705372023,5.0,0.0,0.0,60.0,456.0,57.0,18.0,14.0,101.35057053720243
583,Fresno,Fresno,0.0,0.0,1998.4102739433306,0.0,439.0,0.0,15.0,16.0,966.0,123.0,427.0,12.41027394333091
584,Fresno,Fresno,553.0,1105.0,588.5940697811102,37.1730481688,35.250304298,24.354755696799998,4.0,184.819509664,271.01853591040003,0.0,28.841158061999998,3.1367579811103035
585,Fresno,Fresno,348.0,882.0,109.0,91.0,0.0,0.0,0.0,9.0,6.0,0.0,3.0,0.0
586,Fresno,Fresno,549.0,1379.0,295.4663442811103,17.742232010800006,15.876254493,10.9690485588,0.0,125.278201424,94.47418704639999,14.0,12.989662767,4.136757981110304
587,Fresno,Fresno,2.0,5.0,321.0,0.0,0.0,0.0,0.0,4.0,3.0,11.0,303.0,0.0
588,Fresno,Fresno,0.0,0.0,430.0,0.0,106.0,0.0,5.0,0.0,23.0,86.0,210.0,0.0
589,Fresno,Fresno,0.0,0.0,2453.3174067267832,0.0,94.0,0.0,621.0,21.0,595.0,155.0,141.0,826.3174067267831
590,Fresno,Fresno,1.0,3.0,229.87191760331643,0.0,0.0,0.0,62.0,0.0,14.0,31.0,36.0,86.87191760331639
591,Fresno,Fresno,0.0,0.0,242.2735159622206,0.0,19.0,0.0,7.0,6.0,13.0,81.0,108.0,8.273515962220609
592,Fresno,Fresno,0.0,0.0,1486.6327620838495,65.0,0.0,0.0,214.0,369.0,524.0,23.0,91.0,200.63276208384968
593,Fresno,Fresno,3.0,10.0,1860.180135903244,0.0,35.0,0.0,324.0,254.0,533.0,47.0,208.0,459.1801359032437
594,Fresno,Fresno,14.0,35.0,328.03418949527764,0.0,39.0,0.0,6.0,183.0,71.0,18.0,10.0,1.034189495277576
595,Fresno,Fresno,0.0,0.0,0.0,0.0,0.0,0.0,0.0,0.0,0.0,0.0,0.0,0.0
596,Fresno,Fresno,0.0,0.0,511.0,0.0,342.0,0.0,0.0,18.0,35.0,27.0,89.0,0.0
597,Fresno,Fresno,316.0,791.0,69.54703192444121,0.0,0.0,0.0,0.0,50.0,2.0,0.0,1.0,16.547031924441217
598,Fresno,Fresno,1186.0,4231.0,268.2735159622206,0.0,0.0,0.0,41.0,119.0,2.0,3.0,95.0,8.273515962220609
599,Fresno,Fresno,998.0,3556.0,268.1025684858328,62.0,66.0,0.0,9.0,104.0,17.0,0.0,7.0,3.102568485832728
600,Fresno,Fresno,405.0,1098.0,207.20513697166547,170.0,0.0,0.0,0.0,30.0,0.0,1.0,0.0,6.205136971665455
601,Fresno,Fresno,60.0,128.0,1261.4106158382838,0.0,366.0,0.0,22.0,272.0,205.0,30.0,112.0,254.4106158382837
602,Fresno,Fresno,436.0,936.0,39.0,0.0,0.0,0.0,0.0,12.0,24.0,0.0,3.0,0.0
603,Fresno,Fresno,626.0,2030.0,100.9914953630497,0.0,4.0,0.0,0.0,56.0,11.0,0.0,0.0,29.991495363049697
604,Fresno,Fresno,384.0,623.0,103.0,13.0,3.0,35.0,1.0,36.0,4.0,6.0,5.0,0.0
605,Fresno,Fresno,381.0,878.0,172.51284242916364,0.0,0.0,0.0,5.0,47.0,69.0,8.0,28.0,15.512842429163639
606,Fresno,Fresno,242.0,516.0,26.10256848583273,0.0,0.0,0.0,0.0,14.0,7.0,2.0,0.0,3.102568485832728
607,Fresno,Fresno,142.0,426.0,8.034189495277577,0.0,0.0,0.0,0.0,7.0,0.0,0.0,0.0,1.034189495277576
608,Fresno,Fresno,436.0,1382.0,468.7521688961067,91.0,11.0,6.0,2.0,42.0,266.0,28.0,0.0,22.75216889610667
609,Fresno,Fresno,196.0,423.0,156.16028626844005,149.16028626844005,0.0,0.0,0.0,6.0,1.0,0.0,0.0,0.0
610,Fresno,Fresno,384.0,1063.0,447.25783104333084,29.214316623600002,27.703231281,19.1404143396,0.0,133.886827408,188.2364873088,13.0,26.666280139,9.41027394333091
611,Fresno,Fresno,255.0,597.0,30.765432332431523,0.0,0.0,1.08164242688,0.0,0.0,1.0,8.0,0.0,20.68378990555152
612,Fresno,Fresno,520.0,1121.0,621.2321684813626,85.3873879736,46.832867906000004,32.3572541896,0.0,220.361605408,79.49642810879998,67.0,44.317801014,45.47882388136246
613,Fresno,Fresno,374.0,794.0,59.19670375166,0.12521211384462,0.73809246055776,0.08127803881142001,1.0,32.51402867788844,0.13619563260292,0.0,24.60189682795484,0.0
614,Fresno,Fresno,2.0,4.0,190.0,0.0,82.0,0.0,7.0,7.0,12.0,18.0,64.0,0.0
615,Fresno,Fresno,0.0,0.0,240.0,0.0,62.0,0.0,0.0,0.0,23.0,113.0,42.0,0.0
616,Fresno,Fresno,0.0,0.0,0.0,0.0,0.0,0.0,0.0,0.0,0.0,0.0,0.0,0.0
617,Fresno,Fresno,0.0,0.0,0.0,0.0,0.0,0.0,0.0,0.0,0.0,0.0,0.0,0.0
618,Fresno,Fresno,0.0,0.0,0.0,0.0,0.0,0.0,0.0,0.0,0.0,0.0,0.0,0.0
619,Fresno,Fresno,0.0,0.0,0.0,0.0,0.0,0.0,0.0,0.0,0.0,0.0,0.0,0.0
620,Fresno,Fresno,0.0,0.0,0.0,0.0,0.0,0.0,0.0,0.0,0.0,0.0,0.0,0.0
621,Fresno,Fresno,0.0,0.0,0.0,0.0,0.0,0.0,0.0,0.0,0.0,0.0,0.0,0.0
622,Fresno,Fresno,0.0,0.0,0.0,0.0,0.0,0.0,0.0,0.0,0.0,0.0,0.0,0.0
623,Fresno,Fresno,0.0,0.0,0.0,0.0,0.0,0.0,0.0,0.0,0.0,0.0,0.0,0.0
624,Fresno,Fresno,0.0,0.0,0.0,0.0,0.0,0.0,0.0,0.0,0.0,0.0,0.0,0.0
625,Fresno,Fresno,0.0,0.0,0.0,0.0,0.0,0.0,0.0,0.0,0.0,0.0,0.0,0.0
626,Fresno,Fresno,0.0,0.0,0.0,0.0,0.0,0.0,0.0,0.0,0.0,0.0,0.0,0.0
627,Fresno,Fresno,0.0,0.0,0.0,0.0,0.0,0.0,0.0,0.0,0.0,0.0,0.0,0.0
628,Fresno,Fresno,0.0,0.0,0.0,0.0,0.0,0.0,0.0,0.0,0.0,0.0,0.0,0.0
629,Fresno,Fresno,0.0,0.0,0.0,0.0,0.0,0.0,0.0,0.0,0.0,0.0,0.0,0.0
630,Fresno,Fresno,0.0,0.0,0.0,0.0,0.0,0.0,0.0,0.0,0.0,0.0,0.0,0.0
631,Fresno,Fresno,0.0,0.0,138.0,0.0,0.0,105.0,22.0,0.0,9.0,0.0,2.0,0.0
632,Fresno,Fresno,0.0,0.0,0.0,0.0,0.0,0.0,0.0,0.0,0.0,0.0,0.0,0.0
633,Fresno,Fresno,52.0,95.0,18.0,0.0,9.0,0.0,0.0,4.0,0.0,5.0,0.0,0.0
634,Fresno,Fresno,123.0,257.0,376.0,0.0,0.0,0.0,28.0,247.0,86.0,13.0,2.0,0.0
635,Fresno,Fresno,112.0,238.0,130.62669983363,11.32469718070108,10.7389369816993,7.41962918735588,0.0,68.8608159201424,23.496217578704638,0.0,8.786402985026701,0.0
636,Fresno,Fresno,556.0,1361.0,185.62448670702003,58.47489966283264,8.106849066584399,5.60109571873104,0.0,84.37534138145921,16.43342436838912,0.0,12.6328765090236,0.0
637,Fresno,Fresno,23.0,50.0,69.54492825573999,5.167211677665839,22.8999421081314,3.38541454743624,0.0,21.381565562755195,5.70175081673472,0.0,11.0090435430166,0.0
638,Fresno,Fresno,657.0,1713.0,195.77747969901006,10.2754295443851,10.852697864487938,6.7320449668314986,0.0,111.51830054752115,14.338059187130838,32.0,10.06094758865346,0.0
639,Fresno,Fresno,0.0,0.0,13.0,0.0,0.0,0.0,0.0,0.0,0.0,0.0,13.0,0.0
640,Fresno,Fresno,21.0,45.0,198.3565727933309,3.2417706666000004,124.0740928735,2.1239187126,20.0,16.414223447999998,7.577126252799999,0.0,12.5151668965,12.41027394333091
641,Fresno,Fresno,282.0,769.0,306.04567570608987,25.409298381906442,24.095024327669893,16.647471353662837,37.0,145.1419243389232,28.037846490379515,6.0,23.714110813548093,0.0
642,Fresno,Fresno,596.0,1575.0,4429.9809334068295,104.10516062239228,52.92730748675131,27.586139718119078,1.0,3995.6334452192773,203.06108332567425,0.0,45.667797034614686,0.0
643,Fresno,Fresno,98.0,263.0,239.69593800837,65.56472880897091,10.966553180920704,7.576891288636119,0.0,55.8540502440176,12.761080065071358,78.0,8.9726344207533,0.0
644,Fresno,Fresno,412.0,1029.0,948.21336716791,86.74475059147754,25.7234703884701,12.936215904761154,0.0,765.7024162405968,27.78731099749248,0.0,29.319203045111895,0.0
645,Fresno,Fresno,0.0,0.0,95.0,9.0,0.0,65.0,14.0,0.0,7.0,0.0,0.0,0.0
646,Fresno,Fresno,0.0,0.0,930.0,0.0,0.0,0.0,345.0,1.0,584.0,0.0,0.0,0.0
647,Fresno,Fresno,0.0,0.0,21.0,0.0,0.0,0.0,21.0,0.0,0.0,0.0,0.0,0.0
648,Fresno,Fresno,0.0,0.0,0.0,0.0,0.0,0.0,0.0,0.0,0.0,0.0,0.0,0.0
649,Fresno,Fresno,52.0,85.0,60.273515962220614,0.0,4.0,0.0,0.0,11.0,0.0,37.0,0.0,8.273515962220609
650,Fresno,Fresno,234.0,486.0,247.94934343606425,7.176669266312522,42.30457672773696,4.6585396991853205,17.0,29.462115935388237,8.80620165809432,12.0,34.498375069642634,92.04286507970427
651,Fresno,Fresno,254.0,493.0,269.05733189796,9.30426791818372,46.26726351771457,3.443121280224521,0.0,163.77541566412262,13.769554577673519,7.0,25.497708940041047,0.0
652,Fresno,Fresno,271.0,323.0,350.03541630884,62.51501872960388,3.0358998797702403,37.334310403427075,1.0,174.11428741626858,46.560195811148084,19.0,6.47570406862216,0.0
653,Fresno,Fresno,41.0,78.0,37.96793056488,0.85317204219816,8.02922466979968,0.55381343090056,0.0,22.50249575218192,1.92801169502256,0.0,4.101212974777121,0.0
654,Fresno,Fresno,233.0,473.0,201.07909921378,48.78750865518546,52.01057733583008,4.40592667090986,0.0,27.864509216024523,20.38290415125436,6.0,41.62767318457572,0.0
655,Fresno,Fresno,614.0,1352.0,512.3353672195776,4.5821671302851,15.221195715364802,1.6761435757991001,0.0,367.6004755874862,31.808673018906607,29.0,61.412522696458204,1.034189495277576
656,Fresno,Fresno,0.0,0.0,29.0,0.0,0.0,0.0,6.0,0.0,0.0,0.0,23.0,0.0
657,Fresno,Fresno,4.0,12.0,332.42745416470785,0.0,30.0,0.0,94.0,27.0,84.0,16.0,8.0,73.42745416470787
658,Fresno,Fresno,0.0,0.0,8.0,0.0,0.0,0.0,0.0,0.0,0.0,8.0,0.0,0.0
659,Fresno,Fresno,0.0,0.0,0.0,0.0,0.0,0.0,0.0,0.0,0.0,0.0,0.0,0.0
660,Fresno,Fresno,18.0,20.0,1.0,0.0,0.0,0.0,1.0,0.0,0.0,0.0,0.0,0.0
661,Fresno,Fresno,0.0,0.0,0.0,0.0,0.0,0.0,0.0,0.0,0.0,0.0,0.0,0.0
662,Fresno,Fresno,0.0,0.0,489.0,0.0,8.0,0.0,5.0,69.0,375.0,32.0,0.0,0.0
663,Fresno,Fresno,203.0,229.0,1030.1367579811103,0.0,38.0,530.0,0.0,139.0,282.0,23.0,14.0,4.136757981110304
664,Fresno,Fresno,0.0,0.0,97.0,0.0,0.0,0.0,0.0,0.0,95.0,2.0,0.0,0.0
665,Fresno,Fresno,94.0,188.0,755.6602363296699,378.87291146239005,38.39531693047522,78.17452775559364,0.0,180.0661967576397,54.33002528710944,10.0,15.821258136461983,0.0
666,Fresno,Fresno,0.0,0.0,27.0,0.0,0.0,0.0,0.0,0.0,0.0,27.0,0.0,0.0
667,Fresno,Fresno,79.0,173.0,437.9980711465,204.8238900553505,44.751351905224,1.1839286324205,0.0,125.487548648281,15.983880411083,37.0,8.767471494140999,0.0
668,Fresno,Fresno,0.0,0.0,67.0,67.0,0.0,0.0,0.0,0.0,0.0,0.0,0.0,0.0
669,Fresno,Fresno,80.0,176.0,232.75297658357758,2.206970864033096,13.009512461668796,1.4325951222671003,0.0,90.06019617866221,114.40056479947461,0.0,10.608947662194199,1.034189495277576
670,Fresno,Fresno,95.0,209.0,114.17593947878001,2.6320285502904595,23.515115664870077,1.70850976071486,2.0,19.80516983803452,44.86290824768435,7.0,12.652207417185721,0.0
671,Fresno,Fresno,0.0,0.0,439.36934529999996,0.0,0.0,0.0,0.0,421.79457148800003,17.574773812,0.0,0.0,0.0
672,Fresno,Fresno,0.0,0.0,7767.427468699999,0.0,242.0,0.0,0.0,7470.690369952,51.737098748,3.0,0.0,0.0
673,Fresno,Fresno,37.0,191.0,98.06837899055515,0.0,2.0,14.0,18.0,1.0,0.0,57.0,4.0,2.068378990555152
674,Fresno,Fresno,0.0,0.0,75.0,0.0,0.0,43.0,0.0,0.0,32.0,0.0,0.0,0.0
675,Fresno,Fresno,18.0,20.0,2210.5470319244414,547.0,53.0,646.0,10.0,26.0,222.0,651.0,39.0,16.547031924441217
676,Fresno,Fresno,0.0,0.0,5100.0,0.0,0.0,5100.0,0.0,0.0,0.0,0.0,0.0,0.0
677,Fresno,Fresno,0.0,0.0,3795.0,2588.0,0.0,1200.0,0.0,5.0,0.0,2.0,0.0,0.0
678,Fresno,Fresno,0.0,0.0,74.0,0.0,0.0,74.0,0.0,0.0,0.0,0.0,0.0,0.0
679,Fresno,Fresno,0.0,0.0,330.0,0.0,0.0,330.0,0.0,0.0,0.0,0.0,0.0,0.0
680,Fresno,Fresno,0.0,0.0,0.0,0.0,0.0,0.0,0.0,0.0,0.0,0.0,0.0,0.0
681,Fresno,Fresno,0.0,0.0,4233.453139023035,0.0,1.0,2610.0,944.0,0.0,103.0,471.0,0.0,104.45313902303516
682,Fresno,Fresno,3.0,7.0,117.0400716138,0.11628408198660001,0.6854640622368,0.07548264971060001,0.0,111.4773767576292,4.1264844400556,0.0,0.5589796221811999,0.0
683,Fresno,Fresno,440.0,994.0,610.35778190546,12.731393568611221,105.04821472023457,8.264237930502022,0.0,79.26572096587763,340.8481824781385,3.0,61.20003224209604,0.0
684,Fresno,Fresno,0.0,0.0,56.0,0.0,38.0,0.0,0.0,7.0,0.0,0.0,11.0,0.0
685,Fresno,Fresno,24.0,123.0,377.0,0.0,25.0,0.0,288.0,3.0,7.0,4.0,50.0,0.0
686,Fresno,Fresno,0.0,0.0,97.0,0.0,0.0,50.0,5.0,0.0,0.0,0.0,42.0,0.0
687,Fresno,Fresno,257.0,566.0,302.3124466871733,0.22288912269288,1.31387272324224,0.14468241297608,2.0,0.9150185036865601,0.24244080012208,12.0,1.0714319231201601,284.4021112013333
688,Fresno,Fresno,213.0,241.0,1573.0,3.0,2.0,0.0,16.0,1252.0,84.0,205.0,11.0,0.0
689,Fresno,Fresno,7.0,14.0,57.887791749319994,0.22160412971124,1.30629802777152,0.14384829472484,39.0,0.90974326934088,0.24104308845783995,0.0,16.06525493931368,0.0
690,Fresno,Fresno,25.0,29.0,1486.4958331552634,0.0,5.0,1135.0,31.0,52.0,185.0,0.0,3.0,75.49583315526304
691,Fresno,Fresno,2.0,4.0,1069.0,252.0,126.0,0.0,1.0,1.0,684.0,1.0,4.0,0.0
692,Fresno,Fresno,0.0,0.0,498.4102739433308,25.0,97.0,36.0,0.0,5.0,290.0,29.0,4.0,12.41027394333091
693,Fresno,Fresno,0.0,0.0,5574.0,0.0,1.0,5573.0,0.0,0.0,0.0,0.0,0.0,0.0
694,Fresno,Fresno,0.0,0.0,100.0,0.0,26.0,74.0,0.0,0.0,0.0,0.0,0.0,0.0
695,Fresno,Fresno,0.0,0.0,691.0,0.0,28.0,0.0,15.0,29.0,559.0,14.0,46.0,0.0
696,Fresno,Fresno,0.0,0.0,192.30770545749817,0.0,0.0,48.0,13.0,0.0,121.0,0.0,1.0,9.307705457498184
697,Fresno,Fresno,253.0,644.0,83.69192810215999,2.14843990182312,32.66448784232576,1.3946013397799202,0.0,25.819911175905442,2.33689954233392,0.0,19.327588299991838,0.0
698,Fresno,Fresno,74.0,176.0,8.33850339016,0.13329469323912002,0.78573713909376,0.08652462543592003,0.0,1.5472097932974398,0.14498721018992,5.0,0.6407499289038401,0.0
699,Fresno,Fresno,51.0,132.0,13.0,0.0,5.0,0.0,0.0,8.0,0.0,0.0,0.0,0.0
700,Fresno,Fresno,114.0,307.0,222.0,0.0,0.0,0.0,0.0,222.0,0.0,0.0,0.0,0.0
701,Fresno,Fresno,3.0,7.0,0.0,0.0,0.0,0.0,0.0,0.0,0.0,0.0,0.0,0.0
702,Fresno,Fresno,0.0,0.0,2.0,0.0,0.0,0.0,0.0,0.0,2.0,0.0,0.0,0.0
703,Fresno,Fresno,75.0,164.0,52.20991124422,2.46296494092054,14.51853017805792,1.59876671603614,9.0,10.111119231147477,2.6790144971416394,0.0,11.839515680916278,0.0
704,Fresno,Fresno,0.0,0.0,157.0,0.0,0.0,0.0,5.0,0.0,0.0,0.0,152.0,0.0
705,Fresno,Fresno,0.0,0.0,139.0341894952776,16.0,1.0,100.0,21.0,0.0,0.0,0.0,0.0,1.034189495277576
706,Fresno,Fresno,0.0,0.0,53.0,0.0,0.0,0.0,52.0,0.0,1.0,0.0,0.0,0.0
707,Fresno,Fresno,0.0,0.0,23.82297497984,0.0,0.0,0.0,14.576082485887998,3.0,0.0,6.246892493951999,0.0,0.0
708,Fresno,Fresno,29.0,102.0,4.0,0.0,0.0,0.0,0.0,4.0,0.0,0.0,0.0,0.0
709,Fresno,Fresno,0.0,0.0,0.0,0.0,0.0,0.0,0.0,0.0,0.0,0.0,0.0,0.0
710,Fresno,Fresno,0.0,0.0,0.0,0.0,0.0,0.0,0.0,0.0,0.0,0.0,0.0,0.0
711,Fresno,Fresno,0.0,0.0,0.0,0.0,0.0,0.0,0.0,0.0,0.0,0.0,0.0,0.0
712,Fresno,Fresno,0.0,0.0,0.0,0.0,0.0,0.0,0.0,0.0,0.0,0.0,0.0,0.0
713,Fresno,Fresno,0.0,0.0,0.0,0.0,0.0,0.0,0.0,0.0,0.0,0.0,0.0,0.0
714,Fresno,Fresno,0.0,0.0,0.0,0.0,0.0,0.0,0.0,0.0,0.0,0.0,0.0,0.0
715,Fresno,Fresno,0.0,0.0,0.0,0.0,0.0,0.0,0.0,0.0,0.0,0.0,0.0,0.0
716,Fresno,Fresno,0.0,0.0,0.0,0.0,0.0,0.0,0.0,0.0,0.0,0.0,0.0,0.0
717,Fresno,Fresno,0.0,0.0,0.0,0.0,0.0,0.0,0.0,0.0,0.0,0.0,0.0,0.0
718,Fresno,Fresno,0.0,0.0,0.0,0.0,0.0,0.0,0.0,0.0,0.0,0.0,0.0,0.0
719,Fresno,Fresno,0.0,0.0,0.0,0.0,0.0,0.0,0.0,0.0,0.0,0.0,0.0,0.0
720,Fresno,Fresno,0.0,0.0,0.0,0.0,0.0,0.0,0.0,0.0,0.0,0.0,0.0,0.0
721,Fresno,Fresno,7.0,26.0,101.87191760331639,3.0,0.0,0.0,0.0,2.0,0.0,10.0,0.0,86.87191760331639
722,Fresno,Fresno,1.0,4.0,171.0,0.0,0.0,0.0,111.0,60.0,0.0,0.0,0.0,0.0
723,Fresno,Fresno,0.0,0.0,0.0,0.0,0.0,0.0,0.0,0.0,0.0,0.0,0.0,0.0
724,Fresno,Fresno,0.0,0.0,226.0,0.0,0.0,0.0,15.0,0.0,14.0,197.0,0.0,0.0
725,Fresno,Fresno,59.0,148.0,35.0,0.0,4.0,0.0,31.0,0.0,0.0,0.0,0.0,0.0
726,Fresno,Fresno,3.0,11.0,10.0,0.0,0.0,0.0,0.0,0.0,10.0,0.0,0.0,0.0
727,Fresno,Fresno,7.0,26.0,46.06837899055515,0.0,0.0,0.0,8.0,2.0,0.0,34.0,0.0,2.068378990555152
728,Fresno,Fresno,3.0,12.0,0.0,0.0,0.0,0.0,0.0,0.0,0.0,0.0,0.0,0.0
729,Fresno,Fresno,32.0,106.0,42.0,1.0,0.0,0.0,34.0,7.0,0.0,0.0,0.0,0.0
730,Fresno,Fresno,1.0,3.0,29.0,0.0,0.0,0.0,17.0,0.0,0.0,12.0,0.0,0.0
731,Fresno,Fresno,4.0,15.0,574.0,0.0,0.0,0.0,418.0,0.0,112.0,44.0,0.0,0.0
732,Fresno,Fresno,16.0,50.0,376.8292234710885,0.0,0.0,0.0,127.0,1.0,0.0,133.0,0.0,115.82922347108853
733,Fresno,Fresno,0.0,0.0,11.0,0.0,0.0,0.0,11.0,0.0,0.0,0.0,0.0,0.0
734,Fresno,Fresno,0.0,0.0,25.0,0.0,0.0,0.0,25.0,0.0,0.0,0.0,0.0,0.0
735,Fresno,Fresno,0.0,0.0,19.64960041027394,0.0,0.0,0.0,0.0,0.0,0.0,0.0,0.0,19.64960041027394
736,Fresno,Fresno,128.0,421.0,115.53002265054062,0.0,0.0,0.0,18.0,11.0,10.0,0.0,0.0,76.53002265054063
737,Fresno,Fresno,228.0,719.0,36.0,0.0,0.0,0.0,0.0,33.0,0.0,0.0,3.0,0.0
738,Fresno,Fresno,33.0,110.0,12.0,0.0,0.0,0.0,0.0,12.0,0.0,0.0,0.0,0.0
739,Fresno,Fresno,181.0,590.0,39.0,0.0,0.0,0.0,0.0,39.0,0.0,0.0,0.0,0.0
740,Fresno,Fresno,8.0,24.0,36.0,1.0,0.0,0.0,33.0,0.0,0.0,2.0,0.0,0.0
741,Fresno,Fresno,52.0,172.0,8.0,0.0,0.0,0.0,0.0,8.0,0.0,0.0,0.0,0.0
742,Fresno,Fresno,52.0,157.0,5.0,0.0,0.0,0.0,0.0,5.0,0.0,0.0,0.0,0.0
743,Fresno,Fresno,455.0,1420.0,349.75685186294237,49.0304684761843,0.17960364908639995,66.01977778278629,4.0,162.12508111275665,0.0331411495338,0.0,1.1464624995526,67.22231719304243
744,Fresno,Fresno,134.0,375.0,5.94574584214,0.05390751300198,0.31777060295903997,0.03499259615918,0.0,5.221304527060759,0.058636242212680004,0.0,0.25913436074636,0.0
745,Fresno,Fresno,125.0,368.0,20.83403046012,0.04753973622684,0.28023423460032004,0.030859127024440006,0.0,14.19516312766808,6.051709888527441,0.0,0.22852434607288,0.0
746,Fresno,Fresno,0.0,0.0,293.0,0.0,73.0,125.0,0.0,4.0,3.0,3.0,85.0,0.0
747,Fresno,Fresno,115.0,353.0,70.0,49.0,0.0,0.0,0.0,19.0,0.0,2.0,0.0,0.0
748,Fresno,Fresno,714.0,2198.0,156.0,3.0,0.0,0.0,19.0,126.0,0.0,4.0,4.0,0.0
749,Fresno,Fresno,284.0,928.0,76.0,2.0,0.0,0.0,0.0,74.0,0.0,0.0,0.0,0.0
750,Fresno,Fresno,674.0,2407.0,211.0,2.0,8.0,2.0,0.0,96.0,5.0,90.0,8.0,0.0
751,Fresno,Fresno,139.0,594.0,159.0,61.0,52.0,0.0,0.0,28.0,0.0,1.0,17.0,0.0
752,Fresno,Fresno,119.0,272.0,1624.8547373819395,0.0,0.0,0.0,1561.0,21.0,17.0,0.0,0.0,25.854737381939398
753,Fresno,Fresno,313.0,835.0,74.23932646694304,0.0,0.0,0.0,0.0,38.0,0.0,0.0,29.0,7.239326466943032
754,Fresno,Fresno,615.0,1890.0,360.0,230.0,0.0,0.0,0.0,121.0,9.0,0.0,0.0,0.0
755,Fresno,Fresno,809.0,2691.0,250.0,115.0,0.0,0.0,0.0,128.0,7.0,0.0,0.0,0.0
756,Fresno,Fresno,78.0,201.0,63.0,5.0,0.0,0.0,0.0,6.0,0.0,25.0,27.0,0.0
757,Fresno,Fresno,321.0,1216.0,136.0,59.0,0.0,0.0,0.0,73.0,1.0,0.0,3.0,0.0
758,Fresno,Fresno,4.0,15.0,1.0,0.0,0.0,0.0,0.0,1.0,0.0,0.0,0.0,0.0
759,Fresno,Fresno,73.0,287.0,40.068378990555146,0.0,0.0,0.0,25.0,6.0,0.0,3.0,4.0,2.068378990555152
760,Fresno,Fresno,0.0,0.0,32.0,0.0,0.0,0.0,32.0,0.0,0.0,0.0,0.0,0.0
761,Fresno,Fresno,3.0,12.0,63.0,0.0,0.0,0.0,0.0,20.0,0.0,19.0,24.0,0.0
762,Fresno,Fresno,1.0,2.0,0.0,0.0,0.0,0.0,0.0,0.0,0.0,0.0,0.0,0.0
763,Fresno,Fresno,212.0,780.0,31.0,0.0,2.0,0.0,0.0,29.0,0.0,0.0,0.0,0.0
764,Fresno,Fresno,54.0,205.0,12.0,0.0,0.0,0.0,0.0,10.0,0.0,0.0,2.0,0.0
765,Fresno,Fresno,413.0,1565.0,169.0,78.0,0.0,0.0,0.0,78.0,8.0,0.0,5.0,0.0
766,Fresno,Fresno,318.0,1196.0,119.1367579811103,0.0,0.0,0.0,3.0,54.0,49.0,1.0,8.0,4.136757981110304
767,Fresno,Fresno,23.0,84.0,292.41027394333094,0.0,0.0,0.0,251.0,2.0,0.0,0.0,27.0,12.41027394333091
768,Fresno,Fresno,0.0,0.0,461.88892687721705,0.0,44.0,0.0,257.0,0.0,51.0,57.0,26.0,26.888926877216967
769,Fresno,Fresno,0.0,0.0,616.9916663105259,0.0,83.0,86.0,146.0,21.0,95.0,10.0,25.0,150.99166631052609
770,Fresno,Fresno,0.0,0.0,242.0,0.0,0.0,0.0,242.0,0.0,0.0,0.0,0.0,0.0
771,Fresno,Fresno,284.0,618.0,0.0,0.0,0.0,0.0,0.0,0.0,0.0,0.0,0.0,0.0
772,Fresno,Fresno,3.0,6.0,1.0,0.0,0.0,0.0,0.0,1.0,0.0,0.0,0.0,0.0
773,Fresno,Fresno,571.0,1282.0,2.19878974808,0.01133101564056,0.06679335535488001,0.007355220678960002,0.0,2.04651680105072,0.012324964380960002,0.0,0.05446839097392001,0.0
774,Fresno,Fresno,492.0,1198.0,146.0,31.0,0.0,0.0,0.0,109.0,0.0,0.0,6.0,0.0
775,Fresno,Fresno,601.0,2080.0,248.0,0.0,0.0,0.0,21.0,222.0,5.0,0.0,0.0,0.0
776,Fresno,Fresno,22.0,81.0,420.0,0.0,0.0,0.0,85.0,7.0,309.0,0.0,19.0,0.0
777,Fresno,Fresno,3.0,11.0,643.7179794008291,0.0,0.0,0.0,577.0,0.0,36.0,8.0,1.0,21.717979400829098
778,Fresno,Fresno,2.0,7.0,795.8635839138423,0.0,0.0,0.0,274.0,1.0,206.0,34.0,43.0,237.86358391384243
779,Fresno,Fresno,0.0,0.0,0.0,0.0,0.0,0.0,0.0,0.0,0.0,0.0,0.0,0.0
780,Fresno,Fresno,7.0,15.0,18.615410914996367,0.0,0.0,0.0,0.0,0.0,0.0,0.0,0.0,18.615410914996367
781,Fresno,Fresno,28.0,110.0,3.0,0.0,0.0,0.0,0.0,3.0,0.0,0.0,0.0,0.0
782,Fresno,Fresno,38.0,149.0,9.136757981110305,0.0,0.0,0.0,0.0,5.0,0.0,0.0,0.0,4.136757981110304
783,Fresno,Fresno,228.0,910.0,177.20513697166547,118.0,0.0,0.0,5.0,33.0,6.0,5.0,4.0,6.205136971665455
784,Fresno,Fresno,4.0,11.0,342.0,0.0,0.0,0.0,228.0,0.0,111.0,0.0,3.0,0.0
785,Fresno,Fresno,0.0,0.0,1983.0,0.0,0.0,0.0,1914.0,3.0,0.0,34.0,32.0,0.0
786,Fresno,Fresno,0.0,0.0,1751.2394974144195,60.0,0.0,0.0,1152.0,0.0,67.0,148.0,196.0,128.23949741441942
787,Fresno,Fresno,246.0,764.0,862.7291308070993,47.1596786503938,220.14532296751685,30.671791386949806,68.0,213.9234806797652,51.45085041583321,26.0,179.52326932470123,25.854737381939398
788,Fresno,Fresno,15.0,44.0,185.55655717628,17.18443478217564,7.774833850197121,11.250788517129244,40.0,74.06491886180328,18.941389275230645,10.0,6.340191889744082,0.0
789,Fresno,Fresno,10.0,32.0,260.95115642067003,0.0,0.0,0.0,178.965809494469,0.0,0.0,81.985346926201,0.0,0.0
790,Fresno,Fresno,18.0,56.0,743.0,0.0,0.0,17.0,543.0,1.0,182.0,0.0,0.0,0.0
791,Fresno,Fresno,0.0,0.0,0.0,0.0,0.0,0.0,0.0,0.0,0.0,0.0,0.0,0.0
792,Fresno,Fresno,0.0,0.0,0.0,0.0,0.0,0.0,0.0,0.0,0.0,0.0,0.0,0.0
793,Fresno,Fresno,0.0,0.0,0.0,0.0,0.0,0.0,0.0,0.0,0.0,0.0,0.0,0.0
794,Fresno,Fresno,0.0,0.0,0.0,0.0,0.0,0.0,0.0,0.0,0.0,0.0,0.0,0.0
795,Fresno,Fresno,0.0,0.0,0.0,0.0,0.0,0.0,0.0,0.0,0.0,0.0,0.0,0.0
796,Fresno,Fresno,0.0,0.0,0.0,0.0,0.0,0.0,0.0,0.0,0.0,0.0,0.0,0.0
797,Fresno,Fresno,0.0,0.0,0.0,0.0,0.0,0.0,0.0,0.0,0.0,0.0,0.0,0.0
798,Fresno,Fresno,0.0,0.0,0.0,0.0,0.0,0.0,0.0,0.0,0.0,0.0,0.0,0.0
799,Fresno,Fresno,0.0,0.0,0.0,0.0,0.0,0.0,0.0,0.0,0.0,0.0,0.0,0.0
800,Fresno,Fresno,0.0,0.0,0.0,0.0,0.0,0.0,0.0,0.0,0.0,0.0,0.0,0.0
801,Fresno,Fresno,1.0,4.0,269.0,0.0,0.0,0.0,250.0,0.0,11.0,8.0,0.0,0.0
802,Fresno,Fresno,25.0,73.0,1.32066342912,0.0,0.0,0.3206634291199999,0.0,1.0,0.0,0.0,0.0,0.0
803,Fresno,Fresno,11.0,45.0,53.0,53.0,0.0,0.0,0.0,0.0,0.0,0.0,0.0,0.0
804,Fresno,Fresno,75.0,294.0,6.068378990555153,0.0,0.0,0.0,0.0,4.0,0.0,0.0,0.0,2.068378990555152
805,Fresno,Fresno,42.0,166.0,1.0,0.0,0.0,0.0,0.0,1.0,0.0,0.0,0.0,0.0
806,Fresno,Fresno,59.0,237.0,21.136757981110307,0.0,0.0,0.0,0.0,8.0,0.0,8.0,1.0,4.136757981110304
807,Fresno,Fresno,3.0,9.0,0.0,0.0,0.0,0.0,0.0,0.0,0.0,0.0,0.0,0.0
808,Fresno,Fresno,5.0,11.0,407.0,0.0,0.0,42.0,0.0,365.0,0.0,0.0,0.0,0.0
809,Fresno,Fresno,877.0,1919.0,0.0,0.0,0.0,0.0,0.0,0.0,0.0,0.0,0.0,0.0
810,Fresno,Fresno,16.0,37.0,19.0,0.0,0.0,0.0,15.0,4.0,0.0,0.0,0.0,0.0
811,Fresno,Fresno,94.0,207.0,31.854737381939398,0.0,0.0,0.0,0.0,5.0,0.0,0.0,1.0,25.854737381939398
812,Fresno,Fresno,6.0,13.0,1.0,0.0,0.0,0.0,0.0,1.0,0.0,0.0,0.0,0.0
813,Fresno,Fresno,3.0,7.0,0.0,0.0,0.0,0.0,0.0,0.0,0.0,0.0,0.0,0.0
814,Fresno,Fresno,4.0,11.0,9.0,0.0,0.0,0.0,0.0,0.0,0.0,0.0,9.0,0.0
815,Fresno,Fresno,19.0,59.0,230.4874994657891,0.0,0.0,0.0,2.0,0.0,2.0,0.0,0.0,226.4874994657891
816,Fresno,Fresno,12.0,36.0,0.0,0.0,0.0,0.0,0.0,0.0,0.0,0.0,0.0,0.0
817,Fresno,Fresno,43.0,134.0,1356.0,43.0,0.0,0.0,1297.0,12.0,3.0,0.0,1.0,0.0
818,Fresno,Fresno,0.0,0.0,0.0,0.0,0.0,0.0,0.0,0.0,0.0,0.0,0.0,0.0
819,Fresno,Fresno,0.0,0.0,0.0,0.0,0.0,0.0,0.0,0.0,0.0,0.0,0.0,0.0
820,Fresno,Fresno,0.0,0.0,0.0,0.0,0.0,0.0,0.0,0.0,0.0,0.0,0.0,0.0
821,Fresno,Fresno,0.0,0.0,0.0,0.0,0.0,0.0,0.0,0.0,0.0,0.0,0.0,0.0
822,Fresno,Fresno,0.0,0.0,0.0,0.0,0.0,0.0,0.0,0.0,0.0,0.0,0.0,0.0
823,Fresno,Fresno,0.0,0.0,0.0,0.0,0.0,0.0,0.0,0.0,0.0,0.0,0.0,0.0
824,Fresno,Fresno,0.0,0.0,0.0,0.0,0.0,0.0,0.0,0.0,0.0,0.0,0.0,0.0
825,Fresno,Fresno,0.0,0.0,0.0,0.0,0.0,0.0,0.0,0.0,0.0,0.0,0.0,0.0
826,Fresno,Fresno,0.0,0.0,0.0,0.0,0.0,0.0,0.0,0.0,0.0,0.0,0.0,0.0
827,Fresno,Fresno,0.0,0.0,0.0,0.0,0.0,0.0,0.0,0.0,0.0,0.0,0.0,0.0
828,Fresno,Fresno,0.0,0.0,0.0,0.0,0.0,0.0,0.0,0.0,0.0,0.0,0.0,0.0
829,Fresno,Fresno,0.0,0.0,0.0,0.0,0.0,0.0,0.0,0.0,0.0,0.0,0.0,0.0
830,Fresno,Fresno,0.0,0.0,0.0,0.0,0.0,0.0,0.0,0.0,0.0,0.0,0.0,0.0
831,Fresno,Fresno,0.0,0.0,89.01718022137699,0.0,0.0,0.0,1.0,0.0,8.0,0.0,19.0,61.017180221376975
832,Fresno,Fresno,409.0,1220.0,700.0428650797041,0.0,20.0,0.0,258.0,40.0,268.0,11.0,11.0,92.04286507970427
833,Fresno,Fresno,625.0,2171.0,199.0,132.0,0.0,0.0,2.0,64.0,0.0,1.0,0.0,0.0
834,Fresno,Fresno,606.0,1985.0,116.03418949527756,0.0,15.0,0.0,1.0,99.0,0.0,0.0,0.0,1.034189495277576
835,Fresno,Fresno,830.0,2519.0,463.0,60.0,159.0,0.0,0.0,124.0,16.0,17.0,87.0,0.0
836,Fresno,Fresno,383.0,1301.0,24.49680894506,0.08531810986841999,0.5029278055401599,0.055381930967220015,0.0,23.35025329314404,0.09280215459372,0.0,0.4101256509464401,0.0
837,Fresno,Fresno,631.0,1323.0,72.0,0.0,0.0,0.0,0.0,56.0,16.0,0.0,0.0,0.0
838,Fresno,Fresno,266.0,627.0,10.0,1.0,0.0,0.0,1.0,4.0,0.0,4.0,0.0,0.0
839,Fresno,Fresno,673.0,1510.0,158.0,65.0,0.0,0.0,0.0,45.0,48.0,0.0,0.0,0.0
840,Fresno,Fresno,27.0,58.0,250.0,0.0,51.0,0.0,91.0,9.0,52.0,22.0,25.0,0.0
841,Fresno,Fresno,0.0,0.0,60.71803870382719,0.0,0.0,0.0,36.00004151209867,0.0,0.0,3.00001779089943,0.0,21.717979400829098
842,Fresno,Fresno,3.0,8.0,318.37608444805335,0.0,0.0,0.0,299.0,0.0,8.0,0.0,0.0,11.376084448053335
843,Fresno,Fresno,665.0,2203.0,411.27368690969695,21.0,11.0,0.0,126.0,97.0,10.0,9.0,8.0,129.27368690969698
844,Fresno,Fresno,847.0,1976.0,104.0,0.0,20.0,0.0,3.0,64.0,0.0,1.0,16.0,0.0
845,Fresno,Fresno,714.0,2181.0,191.0,73.0,31.0,0.0,3.0,52.0,1.0,2.0,29.0,0.0
846,Fresno,Fresno,650.0,1693.0,382.4397277657728,23.07621807895658,4.449285518059839,0.049474893357780006,1.0,35.31289527150596,288.08290387535635,2.0,25.36638164270356,3.102568485832728
847,Fresno,Fresno,344.0,813.0,10.068378990555154,0.0,0.0,0.0,0.0,8.0,0.0,0.0,0.0,2.068378990555152
848,Fresno,Fresno,240.0,759.0,137.0,0.0,44.0,0.0,0.0,12.0,46.0,0.0,35.0,0.0
849,Fresno,Fresno,655.0,1532.0,205.57522409432,77.92055526135718,3.0118381488518398,2.7985275982393807,0.0,83.67774182172695,12.71047896418808,0.0,25.456082299956567,0.0
850,Fresno,Fresno,283.0,900.0,76.03418949527757,0.0,20.0,0.0,4.0,43.0,0.0,0.0,8.0,1.034189495277576
851,Fresno,Fresno,647.0,1862.0,310.1367579811103,61.0,40.0,0.0,1.0,135.0,6.0,11.0,52.0,4.136757981110304
852,Fresno,Fresno,631.0,2101.0,106.41027394333089,0.0,0.0,0.0,1.0,57.0,10.0,0.0,26.0,12.41027394333091
853,Fresno,Fresno,574.0,1346.0,203.51284242916364,24.0,1.0,0.0,8.0,53.0,99.0,0.0,3.0,15.512842429163639
854,Fresno,Fresno,702.0,1301.0,131.0,0.0,0.0,0.0,4.0,16.0,50.0,36.0,25.0,0.0
855,Fresno,Fresno,699.0,1743.0,666.8285918155183,6.186611479632541,131.5605427386159,4.105406927974442,14.0,259.79873614621016,59.90713902319982,12.0,169.96245004238708,9.307705457498184
856,Fresno,Fresno,403.0,1223.0,350.03418949527764,0.0,104.0,0.0,18.0,75.0,0.0,0.0,152.0,1.034189495277576
857,Fresno,Fresno,757.0,1757.0,195.2735159622206,49.0,1.0,0.0,0.0,102.0,0.0,0.0,35.0,8.273515962220609
858,Fresno,Fresno,577.0,1317.0,153.0,88.0,21.0,0.0,0.0,42.0,2.0,0.0,0.0,0.0
859,Fresno,Fresno,600.0,1389.0,345.03418949527764,234.0,45.0,0.0,5.0,34.0,9.0,2.0,15.0,1.034189495277576
860,Fresno,Fresno,16.0,40.0,1623.0,1597.0,19.0,0.0,0.0,7.0,0.0,0.0,0.0,0.0
861,Fresno,Fresno,107.0,269.0,13.0,0.0,0.0,0.0,0.0,13.0,0.0,0.0,0.0,0.0
862,Fresno,Fresno,230.0,427.0,78.0,0.0,31.0,0.0,0.0,44.0,0.0,0.0,3.0,0.0
863,Fresno,Fresno,47.0,102.0,67.2750867849,7.397110759796639,19.086625975974396,3.51439612885504,0.0,22.196186076979195,5.91898295386112,0.0,9.1617848894336,0.0
864,Fresno,Fresno,706.0,2230.0,339.26667818514983,0.0010645396254600002,0.00627518095008,0.00069101694986,0.0,197.00437021530448,32.00115792029436,2.0,10.00511726065572,98.24800205136971
865,Fresno,Fresno,702.0,1902.0,101.0,0.0,15.0,0.0,2.0,35.0,26.0,0.0,23.0,0.0
866,Fresno,Fresno,934.0,2005.0,534.2393264669431,0.0,245.0,0.0,45.0,56.0,30.0,15.0,136.0,7.239326466943032
867,Fresno,Fresno,714.0,1887.0,244.1367579811103,77.0,1.0,0.0,0.0,80.0,15.0,25.0,42.0,4.136757981110304
868,Fresno,Fresno,24.0,69.0,397.7395164080397,1.7970156653737202,40.704066579233704,1.17735509110692,149.0,9.4359268912016,5.98291383765376,12.0,79.3942362921003,98.24800205136972
869,Fresno,Fresno,250.0,935.0,685.8512264892438,5.8451735217545995,19.0231473499013,20.882987020513703,255.73020609857602,109.39077984119619,18.5323593518625,171.02723118510403,33.521739658691715,51.897602461643636
870,Fresno,Fresno,148.0,527.0,796.6024769331585,42.76764333596046,8.235020307568051,3.1784288906403004,97.0,91.93741758674368,7.345539497895051,526.0,6.693963875742451,13.444463438608489
871,Fresno,Fresno,19.0,62.0,47.0,0.0,0.0,45.0,0.0,1.0,1.0,0.0,0.0,0.0
872,Fresno,Fresno,524.0,1627.0,116.0,0.0,14.0,0.0,1.0,68.0,6.0,10.0,17.0,0.0
873,Fresno,Fresno,451.0,1253.0,216.0,61.0,43.0,0.0,4.0,78.0,0.0,29.0,1.0,0.0
874,Fresno,Fresno,245.0,590.0,140.61541091499635,3.0,40.0,0.0,0.0,35.0,11.0,30.0,3.0,18.615410914996367
875,Fresno,Fresno,134.0,258.0,146.06837899055515,0.0,34.0,0.0,0.0,65.0,38.0,0.0,7.0,2.068378990555152
876,Fresno,Fresno,306.0,596.0,105.18421282656,0.01050013111392,15.06189550972416,0.006815874582720001,0.0,24.043105801415038,64.01142119524673,2.0,0.05047431447744,0.0
877,Fresno,Fresno,197.0,400.0,138.91255668033997,68.03070500824754,0.18099794335392003,8.393803646263141,4.0,7.12605213912148,48.03339843002364,3.0,0.14759951333027999,0.0
878,Fresno,Fresno,13.0,34.0,64.10901234060546,2.07684954279704,1.9694262905834,1.3606945280394398,0.0,36.5938601770912,2.29169604722432,5.0,8.6113487832046,6.205136971665455
879,Fresno,Fresno,443.0,1240.0,271.88397302365,115.05751332934136,11.28115938704415,2.0383422195609,9.0,81.78596483179109,35.42812100562515,12.0,5.292872250287352,0.0
880,Fresno,Fresno,130.0,388.0,82.0,50.0,5.0,0.0,0.0,16.0,3.0,5.0,3.0,0.0
881,Fresno,Fresno,6.0,21.0,267.0,0.0,0.0,0.0,231.0,1.0,26.0,0.0,9.0,0.0
882,Fresno,Fresno,210.0,615.0,190.8976024616437,0.0,1.0,0.0,0.0,39.0,9.0,3.0,21.0,117.89760246164364
883,Fresno,Fresno,41.0,121.0,24.0,0.0,0.0,0.0,0.0,5.0,15.0,4.0,0.0,0.0
884,Fresno,Fresno,1.0,3.0,7.0,0.0,5.0,0.0,0.0,0.0,0.0,2.0,0.0,0.0
885,Fresno,Fresno,0.0,0.0,0.0,0.0,0.0,0.0,0.0,0.0,0.0,0.0,0.0,0.0
886,Fresno,Fresno,0.0,0.0,0.0,0.0,0.0,0.0,0.0,0.0,0.0,0.0,0.0,0.0
887,Fresno,Fresno,0.0,0.0,0.0,0.0,0.0,0.0,0.0,0.0,0.0,0.0,0.0,0.0
888,Fresno,Fresno,0.0,0.0,0.0,0.0,0.0,0.0,0.0,0.0,0.0,0.0,0.0,0.0
889,Fresno,Fresno,0.0,0.0,0.0,0.0,0.0,0.0,0.0,0.0,0.0,0.0,0.0,0.0
890,Fresno,Fresno,0.0,0.0,0.0,0.0,0.0,0.0,0.0,0.0,0.0,0.0,0.0,0.0
891,Fresno,Fresno,0.0,0.0,0.0,0.0,0.0,0.0,0.0,0.0,0.0,0.0,0.0,0.0
892,Fresno,Fresno,0.0,0.0,0.0,0.0,0.0,0.0,0.0,0.0,0.0,0.0,0.0,0.0
893,Fresno,Fresno,0.0,0.0,0.0,0.0,0.0,0.0,0.0,0.0,0.0,0.0,0.0,0.0
894,Fresno,Fresno,0.0,0.0,0.0,0.0,0.0,0.0,0.0,0.0,0.0,0.0,0.0,0.0
895,Fresno,Fresno,0.0,0.0,0.0,0.0,0.0,0.0,0.0,0.0,0.0,0.0,0.0,0.0
896,Fresno,Fresno,0.0,0.0,0.0,0.0,0.0,0.0,0.0,0.0,0.0,0.0,0.0,0.0
897,Fresno,Fresno,0.0,0.0,0.0,0.0,0.0,0.0,0.0,0.0,0.0,0.0,0.0,0.0
898,Fresno,Fresno,0.0,0.0,0.0,0.0,0.0,0.0,0.0,0.0,0.0,0.0,0.0,0.0
899,Fresno,Fresno,0.0,0.0,0.0,0.0,0.0,0.0,0.0,0.0,0.0,0.0,0.0,0.0
900,Fresno,Fresno,0.0,0.0,0.0,0.0,0.0,0.0,0.0,0.0,0.0,0.0,0.0,0.0
901,Fresno,Fresno,222.0,460.0,712.1367579811102,0.0,171.0,54.0,2.0,14.0,69.0,69.0,329.0,4.136757981110304
902,Fresno,Fresno,295.0,625.0,50.0,0.0,0.0,0.0,0.0,35.0,15.0,0.0,0.0,0.0
903,Fresno,Fresno,526.0,1316.0,187.30770545749817,9.0,95.0,0.0,3.0,33.0,4.0,17.0,17.0,9.307705457498184
904,Fresno,Fresno,323.0,868.0,3850.0,0.0,106.0,0.0,9.0,3655.0,65.0,11.0,4.0,0.0
905,Fresno,Fresno,603.0,1809.0,185.37608444805332,0.0,107.0,0.0,3.0,31.0,3.0,4.0,26.0,11.376084448053335
906,Fresno,Fresno,437.0,1224.0,299.1367579811103,31.0,93.0,0.0,0.0,30.0,36.0,0.0,105.0,4.136757981110304
907,Fresno,Fresno,803.0,2135.0,43.06837899055515,0.0,0.0,0.0,0.0,22.0,18.0,1.0,0.0,2.068378990555152
908,Fresno,Fresno,337.0,974.0,387.10256848583265,11.0,34.0,0.0,10.0,164.0,21.0,17.0,127.0,3.102568485832728
909,Fresno,Fresno,201.0,416.0,643.4102739433308,0.0,98.0,0.0,11.0,17.0,79.0,103.0,323.0,12.41027394333091
910,Fresno,Fresno,0.0,0.0,1787.0,80.0,94.0,0.0,10.0,1191.0,406.0,0.0,6.0,0.0
911,Fresno,Fresno,694.0,1622.0,718.0341894952776,64.0,0.0,0.0,2.0,434.0,197.0,8.0,12.0,1.034189495277576
912,Fresno,Fresno,465.0,1396.0,280.1367579811103,69.0,31.0,0.0,0.0,47.0,24.0,0.0,105.0,4.136757981110304
913,Fresno,Fresno,452.0,1537.0,465.0,71.0,0.0,22.0,10.0,169.0,158.0,2.0,33.0,0.0
914,Fresno,Fresno,17.0,34.0,122.0,47.0,0.0,75.0,0.0,0.0,0.0,0.0,0.0,0.0
915,Fresno,Fresno,198.0,577.0,77.22231719304244,0.0,0.0,0.0,0.0,5.0,0.0,0.0,5.0,67.22231719304243
916,Fresno,Fresno,0.0,0.0,1078.0,25.0,298.0,0.0,8.0,0.0,55.0,56.0,636.0,0.0
917,Fresno,Fresno,739.0,1073.0,443.2662501671352,0.0286913206041,4.0,0.018797761775099998,4.0,386.118722705948,11.031659388252802,36.0,0.0,2.068378990555152
918,Fresno,Fresno,735.0,1989.0,344.0,60.0,67.0,10.0,7.0,154.0,3.0,12.0,31.0,0.0
919,Fresno,Fresno,360.0,975.0,395.03418949527764,185.0,92.0,0.0,0.0,23.0,17.0,19.0,58.0,1.034189495277576
920,Fresno,Fresno,1096.0,2650.0,240.0,0.0,55.0,0.0,3.0,102.0,24.0,24.0,32.0,0.0
921,Fresno,Fresno,0.0,0.0,0.0,0.0,0.0,0.0,0.0,0.0,0.0,0.0,0.0,0.0
922,Fresno,Fresno,0.0,0.0,4.0,0.0,0.0,0.0,0.0,0.0,0.0,4.0,0.0,0.0
923,Fresno,Fresno,0.0,0.0,540.0,3.0,68.0,0.0,0.0,83.0,66.0,24.0,296.0,0.0
924,Fresno,Fresno,845.0,2025.0,459.0,24.0,149.0,0.0,2.0,158.0,90.0,17.0,19.0,0.0
925,Fresno,Fresno,429.0,1176.0,1492.2735159622207,1.0,232.0,20.0,5.0,213.0,875.0,46.0,92.0,8.273515962220609
926,Fresno,Fresno,572.0,1793.0,93.03418949527756,0.0,7.0,0.0,0.0,71.0,0.0,14.0,0.0,1.034189495277576
927,Fresno,Fresno,97.0,232.0,1263.2651822727464,82.0,35.0,442.0,39.0,228.0,257.0,19.0,2.0,159.2651822727467
928,Fresno,Fresno,175.0,634.0,310.0,0.0,7.0,0.0,0.0,16.0,5.0,282.0,0.0,0.0
929,Fresno,Fresno,704.0,1776.0,1149.170947476388,0.0,339.0,0.0,11.0,291.0,288.0,156.0,59.0,5.170947476387878
930,Fresno,Fresno,0.0,0.0,0.0,0.0,0.0,0.0,0.0,0.0,0.0,0.0,0.0,0.0
931,Fresno,Fresno,0.0,0.0,0.0,0.0,0.0,0.0,0.0,0.0,0.0,0.0,0.0,0.0
932,Fresno,Fresno,0.0,0.0,4256.0,3197.0,24.0,0.0,0.0,0.0,210.0,823.0,2.0,0.0
933,Fresno,Fresno,0.0,0.0,0.0,0.0,0.0,0.0,0.0,0.0,0.0,0.0,0.0,0.0
934,Fresno,Fresno,0.0,0.0,20.0,0.0,0.0,0.0,16.0,0.0,1.0,3.0,0.0,0.0
935,Fresno,Fresno,0.0,0.0,213.0,0.0,0.0,0.0,0.0,0.0,103.0,110.0,0.0,0.0
936,Fresno,Fresno,0.0,0.0,43.0,0.0,29.0,0.0,0.0,1.0,13.0,0.0,0.0,0.0
937,Fresno,Fresno,1.0,2.0,292.0,0.0,227.0,0.0,0.0,4.0,61.0,0.0,0.0,0.0
938,Fresno,Fresno,146.0,459.0,1321.7521688961067,36.0,75.0,0.0,17.0,86.0,870.0,31.0,184.0,22.75216889610667
939,Fresno,Fresno,173.0,541.0,237.14107772577117,4.07727719816895,96.33402097298016,2.6801968761765003,0.0,38.905387124223104,15.512784008469948,17.0,46.08437962131135,16.547031924441217
940,Fresno,Fresno,0.0,0.0,2188.1025684858328,0.0,461.0,8.0,18.0,3.0,90.0,50.0,1555.0,3.102568485832728
941,Fresno,Fresno,229.0,624.0,1855.0,115.0,0.0,0.0,0.0,1663.0,76.0,1.0,0.0,0.0
942,Fresno,Fresno,0.0,0.0,201.0,0.0,85.0,0.0,0.0,0.0,8.0,8.0,100.0,0.0
943,Fresno,Fresno,792.0,2165.0,806.9914953630496,351.0,3.0,0.0,2.0,215.0,153.0,13.0,40.0,29.991495363049697
944,Fresno,Fresno,995.0,2732.0,1041.0,23.0,70.0,0.0,5.0,130.0,794.0,0.0,19.0,0.0
945,Fresno,Fresno,608.0,1300.0,201.9914953630497,0.0,71.0,16.0,0.0,53.0,0.0,7.0,25.0,29.991495363049697
946,Fresno,Fresno,1150.0,2998.0,1068.1367579811103,65.0,237.0,0.0,24.0,98.0,40.0,599.0,1.0,4.136757981110304
947,Fresno,Fresno,400.0,918.0,72.12119569663031,0.0,0.0,0.0,0.0,46.0,10.0,1.0,10.98443771552,4.136757981110304
948,Fresno,Fresno,210.0,647.0,836.7009701269286,0.0,110.0,388.0,67.0,30.0,13.0,47.0,100.0,81.7009701269285
949,Fresno,Fresno,227.0,679.0,171.40729837181,2.48405258743947,5.883942625437809,1.63500129423252,4.0,58.30507844018814,83.75099841178677,2.0,13.348225012725289,0.0
950,Fresno,Fresno,687.0,2952.0,162.37608444805338,0.0,27.0,0.0,18.0,88.0,1.0,1.0,16.0,11.376084448053335
951,Fresno,Fresno,701.0,1534.0,389.2393264669431,0.0,75.0,0.0,1.0,173.0,19.0,9.0,105.0,7.239326466943032
952,Fresno,Fresno,640.0,1936.0,392.10256848583265,77.0,53.0,0.0,15.0,80.0,0.0,48.0,116.0,3.102568485832728
953,Fresno,Fresno,547.0,1641.0,106.1025684858327,0.0,0.0,0.0,1.0,100.0,2.0,0.0,0.0,3.102568485832728
954,Fresno,Fresno,91.0,318.0,3.0,0.0,0.0,0.0,0.0,3.0,0.0,0.0,0.0,0.0
955,Fresno,Fresno,0.0,0.0,0.0,0.0,0.0,0.0,0.0,0.0,0.0,0.0,0.0,0.0
956,Fresno,Fresno,262.0,915.0,13.0,0.0,0.0,0.0,0.0,13.0,0.0,0.0,0.0,0.0
957,Fresno,Fresno,182.0,633.0,98.0,65.0,0.0,0.0,0.0,23.0,0.0,10.0,0.0,0.0
958,Fresno,Fresno,0.0,0.0,0.0,0.0,0.0,0.0,0.0,0.0,0.0,0.0,0.0,0.0
959,Fresno,Fresno,0.0,0.0,0.0,0.0,0.0,0.0,0.0,0.0,0.0,0.0,0.0,0.0
960,Fresno,Fresno,0.0,0.0,0.0,0.0,0.0,0.0,0.0,0.0,0.0,0.0,0.0,0.0
961,Fresno,Fresno,0.0,0.0,0.0,0.0,0.0,0.0,0.0,0.0,0.0,0.0,0.0,0.0
962,Fresno,Fresno,0.0,0.0,0.0,0.0,0.0,0.0,0.0,0.0,0.0,0.0,0.0,0.0
963,Fresno,Fresno,0.0,0.0,0.0,0.0,0.0,0.0,0.0,0.0,0.0,0.0,0.0,0.0
964,Fresno,Fresno,0.0,0.0,0.0,0.0,0.0,0.0,0.0,0.0,0.0,0.0,0.0,0.0
965,Fresno,Fresno,0.0,0.0,0.0,0.0,0.0,0.0,0.0,0.0,0.0,0.0,0.0,0.0
966,Fresno,Fresno,0.0,0.0,0.0,0.0,0.0,0.0,0.0,0.0,0.0,0.0,0.0,0.0
967,Fresno,Fresno,0.0,0.0,0.0,0.0,0.0,0.0,0.0,0.0,0.0,0.0,0.0,0.0
968,Fresno,Fresno,0.0,0.0,0.0,0.0,0.0,0.0,0.0,0.0,0.0,0.0,0.0,0.0
969,Fresno,Fresno,0.0,0.0,0.0,0.0,0.0,0.0,0.0,0.0,0.0,0.0,0.0,0.0
970,Fresno,Fresno,0.0,0.0,0.0,0.0,0.0,0.0,0.0,0.0,0.0,0.0,0.0,0.0
971,Fresno,Fresno,974.0,2309.0,501.35863880128,11.249442411672963,122.31250263723007,19.30226963564736,4.0,188.18192147949955,16.236235605679358,36.0,104.07626703155071,0.0
972,Fresno,Fresno,143.0,599.0,349.76892814181997,50.4146976458383,2.2214064780432,0.9245911028583,74.0,173.84161054293781,41.5551182799286,0.0,6.8115040922138,0.0
973,Fresno,Fresno,484.0,1855.0,164.1367579811103,91.0,4.0,0.0,1.0,49.0,8.0,1.0,6.0,4.136757981110304
974,Fresno,Fresno,715.0,2164.0,564.0341894952776,50.0,0.0,17.0,0.0,131.0,48.0,294.0,23.0,1.034189495277576
975,Fresno,Fresno,858.0,2338.0,233.23932646694303,55.0,0.0,0.0,0.0,165.0,2.0,4.0,0.0,7.239326466943032
976,Fresno,Fresno,57.0,154.0,704.0940638488825,2.0,155.0,0.0,20.0,91.0,145.0,113.0,145.0,33.094063848882435
977,Fresno,Fresno,8.0,22.0,40.0,0.0,0.0,0.0,0.0,0.0,36.0,4.0,0.0,0.0
978,Fresno,Fresno,0.0,0.0,316.2735159622206,0.0,45.0,0.0,0.0,31.0,54.0,8.0,170.0,8.273515962220609
979,Fresno,Fresno,830.0,2130.0,735.76952006496,0.0,0.0,30.0,76.0,211.0,83.0,87.0,44.0,204.7695200649601
980,Fresno,Fresno,196.0,750.0,1007.1430067464399,397.0081513845471,129.04805026680384,208.00529124961827,0.0,82.03346357866695,45.00886641827928,0.0,146.03918384852454,0.0
981,Fresno,Fresno,176.0,386.0,31.0,0.0,0.0,0.0,0.0,30.0,1.0,0.0,0.0,0.0
982,Fresno,Fresno,514.0,1264.0,294.0,0.0,48.0,2.0,2.0,75.0,37.0,17.0,113.0,0.0
983,Fresno,Fresno,861.0,2244.0,588.9914953630498,45.0,10.0,35.0,4.0,278.0,9.0,1.0,177.0,29.991495363049697
984,Fresno,Fresno,784.0,2476.0,422.10256848583265,0.0,140.0,0.0,0.0,215.0,13.0,0.0,51.0,3.102568485832728
985,Fresno,Fresno,437.0,1346.0,732.3077054574983,97.0,34.0,0.0,0.0,51.0,530.0,0.0,11.0,9.307705457498184
986,Fresno,Fresno,370.0,1239.0,53.0,0.0,0.0,0.0,0.0,34.0,19.0,0.0,0.0,0.0
987,Fresno,Fresno,349.0,983.0,230.1624428394376,107.0,0.0,0.0,0.0,39.0,15.0,24.0,10.0,35.16244283943758
988,Fresno,Fresno,0.0,0.0,1257.0,32.0,72.0,300.0,658.0,0.0,146.0,22.0,27.0,0.0
989,Fresno,Fresno,0.0,0.0,0.0,0.0,0.0,0.0,0.0,0.0,0.0,0.0,0.0,0.0
990,Fresno,Fresno,0.0,0.0,1461.0,0.0,0.0,0.0,1457.0,0.0,0.0,0.0,4.0,0.0
991,Fresno,Fresno,0.0,0.0,157.0,0.0,0.0,0.0,86.0,41.0,0.0,24.0,6.0,0.0
992,Fresno,Fresno,331.0,837.0,198.2735159622206,16.0,76.0,0.0,0.0,36.0,6.0,0.0,56.0,8.273515962220609
993,Fresno,Fresno,171.0,390.0,44.040991387279995,1.85500860588504,2.6007456832291203,2.7629397804276405,5.0,23.66148468004828,2.0399664555328405,4.0,2.1208461821570803,0.0
994,Fresno,Fresno,534.0,1450.0,2313.0,79.0,11.0,187.0,58.0,1919.0,23.0,0.0,36.0,0.0
995,Fresno,Fresno,736.0,2033.0,550.7024933532557,1.07755410882736,0.45716106256128003,54.050342140817754,5.0,452.31838002571226,18.08435710082976,2.0,7.3728039617315195,10.34189495277576
996,Fresno,Fresno,364.0,1092.0,658.1367579811102,400.0,16.0,0.0,20.0,46.0,2.0,0.0,170.0,4.136757981110304
997,Fresno,Fresno,245.0,675.0,113.0,0.0,25.0,0.0,0.0,14.0,25.0,0.0,49.0,0.0
998,Fresno,Fresno,139.0,378.0,18.136757981110307,0.0,0.0,0.0,3.0,11.0,0.0,0.0,0.0,4.136757981110304
999,Fresno,Fresno,882.0,2759.0,104.91011895161999,2.27487678024234,13.409799967744322,1.4766744012099402,1.0,63.33896783467908,2.47442737500044,10.0,10.935372592743883,0.0
1000,Fresno,Fresno,203.0,627.0,30.0,0.0,0.0,0.0,0.0,18.0,12.0,0.0,0.0,0.0
1001,Fresno,Fresno,0.0,0.0,584.846232744989,0.0,0.0,0.0,13.0,75.0,439.0,2.0,0.0,55.8462327449891
1002,Fresno,Fresno,0.0,0.0,155.0431583938376,0.0,97.0,0.008968898559999999,29.0,0.0,1.0,0.0,27.0,1.034189495277576
1003,Fresno,Fresno,0.0,0.0,0.33303367864,0.33303367864,0.0,0.0,0.0,0.0,0.0,0.0,0.0,0.0
1004,Fresno,Fresno,309.0,1175.0,204.83083635921002,48.536094856034424,25.681290772484736,1.00626674492102,20.0,41.355497336194155,45.694636623174,4.0,18.55705002640166,0.0
1005,Fresno,Fresno,40.0,177.0,54.553197128479994,3.83022101425392,0.07633526488896002,2.5093768064807205,0.0,31.84876736354824,10.22624708829752,0.0,6.06224959101064,0.0
1006,Fresno,Fresno,1038.0,3343.0,319.0683789905552,0.0,5.0,0.0,0.0,290.0,2.0,15.0,7.0,0.06837899055515173
1007,Fresno,Fresno,846.0,2794.0,269.888926877217,0.0,51.0,0.0,0.0,127.0,17.0,7.0,41.0,26.888926877216967
1008,Fresno,Fresno,634.0,2026.0,55.47865293388607,0.0,0.0,0.0,0.0,36.0,1.0,0.0,4.0,14.478652933886066
1009,Fresno,Fresno,307.0,849.0,115.84440939679514,31.215233733155678,2.2687462164966403,0.13971312503088004,0.0,21.883591115060156,36.23411388518688,0.0,22.034632331309762,2.068378990555152
1010,Fresno,Fresno,269.0,917.0,48.92104455692,1.1485514607534,0.0,0.7524992329074001,0.0,45.752626734152,1.2673671291072,0.0,0.0,0.0
1011,Fresno,Fresno,483.0,1823.0,337.0683789905552,159.0,25.0,0.0,3.0,80.0,0.0,0.0,68.0,2.068378990555152
1012,Fresno,Fresno,577.0,1686.0,331.05987435360487,0.0,159.0,0.0,2.0,101.0,13.0,22.0,2.0,32.05987435360485
1013,Fresno,Fresno,0.0,0.0,3878.8811060301723,144.0,161.0,53.0,124.0,657.0,1958.0,168.0,73.0,540.8811060301721
1014,Fresno,Fresno,434.0,1492.0,28.0,0.0,0.0,0.0,0.0,28.0,0.0,0.0,0.0,0.0
1015,Fresno,Fresno,397.0,1319.0,279.1966323347151,0.0,0.0,0.0,38.0,48.0,14.0,2.0,141.0,36.19663233471515
1016,Fresno,Fresno,308.0,1048.0,34.205136971665446,0.0,0.0,0.0,5.0,18.0,5.0,0.0,0.0,6.205136971665455
1017,Fresno,Fresno,338.0,1149.0,32.0,0.0,0.0,0.0,5.0,14.0,9.0,4.0,0.0,0.0
1018,Fresno,Fresno,535.0,1821.0,80.06837899055515,0.0,33.0,0.0,4.0,17.0,13.0,1.0,10.0,2.068378990555152
1019,Fresno,Fresno,617.0,2020.0,90.13675798111029,47.0,0.0,0.0,7.0,19.0,13.0,0.0,0.0,4.136757981110304
1020,Fresno,Fresno,970.0,3307.0,149.7094747638788,0.0,0.0,0.0,52.0,29.0,13.0,0.0,4.0,51.709474763878795
1021,Fresno,Fresno,68.0,240.0,2294.548741399205,15.0,29.0,59.0,570.0,0.0,302.0,40.0,53.0,1226.548741399205
1022,Fresno,Fresno,141.0,502.0,2469.5142100089747,0.0,1.0,8.0,950.0,0.0,399.0,79.0,49.0,983.5142100089747
1023,Fresno,Fresno,494.0,1591.0,274.4616436599855,0.0,110.0,0.0,13.0,11.0,45.0,0.0,21.0,74.46164365998547
1024,Fresno,Fresno,450.0,1455.0,64.0,0.0,0.0,0.0,1.0,21.0,27.0,15.0,0.0,0.0
1025,Fresno,Fresno,217.0,593.0,48.0,0.0,12.0,0.0,33.0,0.0,1.0,2.0,0.0,0.0
1026,Fresno,Fresno,0.0,0.0,371.7863583913842,0.0,13.0,0.0,3.0,166.0,118.0,11.0,37.0,23.786358391384244
1027,Fresno,Fresno,1.0,3.0,0.0,0.0,0.0,0.0,0.0,0.0,0.0,0.0,0.0,0.0
1028,Fresno,Fresno,193.0,621.0,3.0,0.0,0.0,0.0,2.0,0.0,0.0,1.0,0.0,0.0
1029,Fresno,Fresno,158.0,510.0,17.0,0.0,0.0,0.0,0.0,2.0,15.0,0.0,0.0,0.0
1030,Fresno,Fresno,280.0,769.0,60.0,43.0,0.0,0.0,4.0,12.0,1.0,0.0,0.0,0.0
1031,Fresno,Fresno,0.0,0.0,0.0,0.0,0.0,0.0,0.0,0.0,0.0,0.0,0.0,0.0
1032,Fresno,Fresno,1.0,3.0,0.0,0.0,0.0,0.0,0.0,0.0,0.0,0.0,0.0,0.0
1033,Fresno,Fresno,6.0,18.0,6.0,0.0,0.0,0.0,0.0,0.0,0.0,6.0,0.0,0.0
1034,Fresno,Fresno,323.0,828.0,252.01018985418426,0.012758393379600002,0.07520737150080001,0.008281764123600002,0.0,6.0523765622952,222.0138775506936,0.0,0.061329820807200015,23.786358391384244
1035,Fresno,Fresno,1.0,3.0,527.0,0.0,0.0,0.0,527.0,0.0,0.0,0.0,0.0,0.0
1036,Fresno,Fresno,5.0,15.0,10.078712974630001,0.0,0.0,0.0,2.8550990822409994,1.0,0.0,6.223613892388999,0.0,0.0
1037,Fresno,Fresno,48.0,170.0,50.04931215113364,0.0,0.0,0.0,0.28575146446699995,0.0,0.0,0.12246491334299997,0.0,49.64109577332364
1038,Fresno,Fresno,3.0,9.0,8.0,0.0,0.0,0.0,0.0,0.0,0.0,0.0,8.0,0.0
1039,Fresno,Fresno,8.0,25.0,1.0,0.0,0.0,0.0,0.0,0.0,0.0,1.0,0.0,0.0
1040,Fresno,Fresno,3.0,9.0,2.0,0.0,0.0,0.0,0.0,2.0,0.0,0.0,0.0,0.0
1041,Fresno,Fresno,1.0,3.0,41.36757981110304,0.0,0.0,0.0,0.0,0.0,0.0,0.0,0.0,41.36757981110304
1042,Fresno,Fresno,64.0,190.0,46.0,40.0,0.0,0.0,0.0,0.0,6.0,0.0,0.0,0.0
1043,Fresno,Fresno,0.0,0.0,0.0,0.0,0.0,0.0,0.0,0.0,0.0,0.0,0.0,0.0
1044,Fresno,Fresno,0.0,0.0,0.0,0.0,0.0,0.0,0.0,0.0,0.0,0.0,0.0,0.0
1045,Fresno,Fresno,0.0,0.0,0.0,0.0,0.0,0.0,0.0,0.0,0.0,0.0,0.0,0.0
1046,Fresno,Fresno,0.0,0.0,0.0,0.0,0.0,0.0,0.0,0.0,0.0,0.0,0.0,0.0
1047,Fresno,Fresno,0.0,0.0,0.0,0.0,0.0,0.0,0.0,0.0,0.0,0.0,0.0,0.0
1048,Fresno,Fresno,0.0,0.0,0.0,0.0,0.0,0.0,0.0,0.0,0.0,0.0,0.0,0.0
1049,Fresno,Fresno,0.0,0.0,0.0,0.0,0.0,0.0,0.0,0.0,0.0,0.0,0.0,0.0
1050,Fresno,Fresno,0.0,0.0,0.0,0.0,0.0,0.0,0.0,0.0,0.0,0.0,0.0,0.0
1051,Fresno,Fresno,0.0,0.0,0.0,0.0,0.0,0.0,0.0,0.0,0.0,0.0,0.0,0.0
1052,Fresno,Fresno,0.0,0.0,0.0,0.0,0.0,0.0,0.0,0.0,0.0,0.0,0.0,0.0
1053,Fresno,Fresno,0.0,0.0,0.0,0.0,0.0,0.0,0.0,0.0,0.0,0.0,0.0,0.0
1054,Fresno,Fresno,0.0,0.0,0.0,0.0,0.0,0.0,0.0,0.0,0.0,0.0,0.0,0.0
1055,Fresno,Fresno,0.0,0.0,0.0,0.0,0.0,0.0,0.0,0.0,0.0,0.0,0.0,0.0
1056,Fresno,Fresno,0.0,0.0,0.0,0.0,0.0,0.0,0.0,0.0,0.0,0.0,0.0,0.0
1057,Fresno,Fresno,0.0,0.0,0.0,0.0,0.0,0.0,0.0,0.0,0.0,0.0,0.0,0.0
1058,Fresno,Fresno,0.0,0.0,0.0,0.0,0.0,0.0,0.0,0.0,0.0,0.0,0.0,0.0
1059,Fresno,Fresno,0.0,0.0,0.0,0.0,0.0,0.0,0.0,0.0,0.0,0.0,0.0,0.0
1060,Fresno,Fresno,0.0,0.0,0.0,0.0,0.0,0.0,0.0,0.0,0.0,0.0,0.0,0.0
1061,Fresno,Fresno,152.0,512.0,58.205136971665446,0.0,0.0,0.0,13.0,24.0,7.0,0.0,8.0,6.205136971665455
1062,Fresno,Fresno,558.0,2038.0,269.4444634386085,54.0,33.0,0.0,16.0,51.0,0.0,3.0,99.0,13.444463438608489
1063,Fresno,Fresno,832.0,2786.0,218.0341894952776,66.0,0.0,0.0,0.0,125.0,6.0,0.0,20.0,1.034189495277576
1064,Fresno,Fresno,370.0,1100.0,104.16684679594,0.009510267368580001,51.05606052343584,0.0061733314497799995,0.0,48.039042150249955,0.010344501348280001,0.0,5.04571602208756,0.0
1065,Fresno,Fresno,30.0,85.0,356.84640369246546,0.0,0.0,13.0,103.0,2.0,32.0,8.0,22.0,176.84640369246551
1066,Fresno,Fresno,193.0,773.0,1192.2994263509695,0.0,4.0,0.0,416.00551280099296,29.0,35.0,9.002362628997,25.0,674.2915509209795
1067,Fresno,Fresno,559.0,1506.0,204.17094747638785,87.0,1.0,0.0,0.0,83.0,0.0,0.0,28.0,5.170947476387878
1068,Fresno,Fresno,991.0,3231.0,254.06837899055515,0.0,135.0,0.0,0.0,117.0,0.0,0.0,0.0,2.068378990555152
1069,Fresno,Fresno,163.0,652.0,984.2483439463223,0.0,7.0,0.0,318.0,37.0,189.0,55.0,38.0,340.24834394632245
1070,Fresno,Fresno,165.0,683.0,1218.4704901918885,19.0,30.0,78.0,565.0,31.0,105.0,64.0,40.0,286.47049019188853
1071,Fresno,Fresno,12.0,36.0,13.0,0.0,0.0,0.0,0.0,13.0,0.0,0.0,0.0,0.0
1072,Fresno,Fresno,319.0,962.0,70.0,0.0,0.0,0.0,0.0,68.0,0.0,0.0,2.0,0.0
1073,Fresno,Fresno,125.0,505.0,24.0,0.0,4.0,0.0,0.0,17.0,0.0,0.0,3.0,0.0
1074,Fresno,Fresno,90.0,366.0,11.0,0.0,0.0,0.0,0.0,11.0,0.0,0.0,0.0,0.0
1075,Fresno,Fresno,72.0,226.0,11.0,0.0,0.0,0.0,0.0,11.0,0.0,0.0,0.0,0.0
1076,Fresno,Fresno,28.0,81.0,22.0,0.0,0.0,0.0,0.0,2.0,0.0,20.0,0.0,0.0
1077,Fresno,Fresno,149.0,616.0,254.0515406641309,0.0,8.0,0.0,4.0,26.0,14.0,19.0,0.0,183.0515406641309
1078,Fresno,Fresno,113.0,323.0,21.90785346762,0.05174764765434,0.30503876512032,0.033590578301940004,0.0,19.212437711423078,2.05628691499244,0.0,0.24875185012788,0.0
1079,Fresno,Fresno,623.0,1925.0,56.06837899055515,0.0,0.0,0.0,0.0,48.0,4.0,0.0,2.0,2.068378990555152
1080,Fresno,Fresno,357.0,1075.0,139.0341894952776,70.0,0.0,0.0,2.0,66.0,0.0,0.0,0.0,1.034189495277576
1081,Fresno,Fresno,1.0,4.0,15.0,0.0,0.0,0.0,0.0,0.0,0.0,0.0,15.0,0.0
1082,Fresno,Fresno,53.0,158.0,189.0,0.0,0.0,0.0,0.0,8.0,180.0,1.0,0.0,0.0
1083,Fresno,Fresno,427.0,1295.0,142.0,70.0,0.0,0.0,0.0,59.0,3.0,3.0,7.0,0.0
1084,Fresno,Fresno,361.0,1393.0,72.03418949527757,0.0,0.0,0.0,0.0,41.0,8.0,16.0,6.0,1.034189495277576
1085,Fresno,Fresno,300.0,890.0,149.24189393529576,73.05129994200364,0.30239965812672004,0.03329996235324,3.0,32.21059976190968,0.055799936916239995,13.0,17.24659972121048,10.34189495277576
1086,Fresno,Fresno,231.0,895.0,130.7521688961067,0.0,51.0,0.0,11.0,36.0,0.0,1.0,30.0,1.75216889610667
1087,Fresno,Fresno,136.0,406.0,53.20342607282001,1.10048494509426,0.33986337177408005,0.7206585853616599,1.0,22.55184732800952,5.21342135488376,0.0,22.27715048769672,0.0
1088,Fresno,Fresno,99.0,302.0,213.52645557792127,64.9270164297546,0.0,3.2280452470806003,23.0,29.387654192088004,41.4367077845568,2.0,33.0,16.547031924441217
1089,Fresno,Fresno,120.0,354.0,6.0,0.0,0.0,0.0,0.0,6.0,0.0,0.0,0.0,0.0
1090,Fresno,Fresno,253.0,1047.0,35.0,0.0,15.0,0.0,0.0,15.0,5.0,0.0,0.0,0.0
1091,Fresno,Fresno,317.0,975.0,768.0,0.0,48.0,0.0,0.0,652.0,29.0,16.0,23.0,0.0
1092,Fresno,Fresno,703.0,2560.0,289.51751970273085,66.0631130082858,21.3720345751584,0.0409680930978,24.0,79.2590955076996,54.068649237082795,2.0,30.3033853380756,12.41027394333091
1093,Fresno,Fresno,755.0,2517.0,238.4951784368116,1.46856970662578,58.47648338315192,0.96206377995178,1.0,105.07628623571509,10.62022400389916,7.0,33.20776142191628,20.68378990555152
1094,Fresno,Fresno,634.0,2389.0,203.08279129759998,0.0047191039632,28.0278178759936,0.0030632780111999997,16.0,105.0193731636384,19.0051330604512,5.0,30.022684815542398,0.0
1095,Fresno,Fresno,568.0,2125.0,188.94780653253997,71.94780653254,21.0,0.0,1.0,51.0,3.0,7.0,34.0,0.0
1096,Fresno,Fresno,452.0,2077.0,61.41027394333091,0.0,0.0,0.0,0.0,41.0,2.0,0.0,6.0,12.41027394333091
1097,Fresno,Fresno,345.0,1169.0,111.27133033472,76.0,0.0,4.271330334719999,0.0,30.0,0.0,0.0,1.0,0.0
1098,Fresno,Fresno,388.0,1292.0,90.82277881856,63.0,0.0,0.8227788185600001,0.0,24.0,0.0,0.0,3.0,0.0
1099,Fresno,Fresno,410.0,1192.0,73.0,0.0,12.0,0.0,1.0,32.0,0.0,22.0,6.0,0.0
1100,Fresno,Fresno,258.0,825.0,28.10256848583273,0.0,0.0,0.0,0.0,25.0,0.0,0.0,0.0,3.102568485832728
1101,Fresno,Fresno,182.0,769.0,8.0,0.0,0.0,0.0,0.0,8.0,0.0,0.0,0.0,0.0
1102,Fresno,Fresno,463.0,2027.0,34.0,0.0,0.0,0.0,0.0,29.0,3.0,2.0,0.0,0.0
1103,Fresno,Fresno,123.0,455.0,0.0,0.0,0.0,0.0,0.0,0.0,0.0,0.0,0.0,0.0
1104,Fresno,Fresno,266.0,984.0,439.94029659387155,0.0,0.0,63.0,185.0,2.0,101.0,0.0,0.0,88.94029659387152
1105,Fresno,Fresno,67.0,250.0,106.7009701269285,0.0,0.0,0.0,16.0,0.0,9.0,0.0,0.0,81.7009701269285
1106,Fresno,Fresno,21.0,71.0,37.0,0.0,0.0,0.0,0.0,8.0,25.0,0.0,4.0,0.0
1107,Fresno,Fresno,378.0,1212.0,104.22942794685,6.058613641834599,5.7452370741535,3.9694365239605993,0.0,61.070125414488004,9.685366777196801,13.0,4.7006485152165,0.0
1108,Fresno,Fresno,162.0,498.0,15.456425746819999,0.08301626756874,0.4893590509315201,0.05388775263234001,0.0,14.34080362475588,0.09029839630284,0.0,0.39906065462867996,0.0
1109,Fresno,Fresno,257.0,710.0,289.01955891547766,24.3583028527432,54.098390636222,15.9588880759352,1.0,117.792977321696,30.878127285785602,4.0,39.898683247818006,1.034189495277576
1110,Fresno,Fresno,241.0,871.0,84.41077947452,6.08340237045406,6.30515284357684,3.9850213774360603,0.0,47.16915686042716,6.71101415906132,0.0,14.157031863564555,0.0
1111,Fresno,Fresno,300.0,774.0,107.8037399032009,47.29364205134492,7.1232812555857015,2.15790341295012,1.0,26.6288636607376,8.634363642863361,0.0,2.5554119363883,12.41027394333091
1112,Fresno,Fresno,400.0,1058.0,273.41465266933,20.696099709642283,37.6256117936263,13.55951360286908,1.0,113.6390332812784,22.83707554167424,0.0,64.05731874023971,0.0
1113,Fresno,Fresno,307.0,1087.0,612.2928566003601,204.28197136564174,87.1122142260396,75.15025710162736,1.0,232.5805711681728,3.62148564484608,5.0,3.5463570940324,0.0
1114,Fresno,Fresno,1180.0,3785.0,244.16841189929002,7.86065137457562,14.678116422442178,5.149807917499619,0.0,121.52535357924332,43.67310976075364,0.0,51.28137284477562,0.0
1115,Fresno,Fresno,687.0,1614.0,260.21103699841217,62.02901461575848,0.17103352447104,5.763536832825682,0.0,103.11911263311377,9.03155975749168,0.0,51.13947376697936,28.957305867772128
1116,Fresno,Fresno,111.0,276.0,468.0,0.0,43.0,0.0,0.0,217.0,6.0,108.0,94.0,0.0
1117,Fresno,Fresno,459.0,1281.0,747.6371343784564,1.5972382374172198,115.41529908372256,1.0368037681480202,0.0,136.55708329044964,1.73734685473452,28.0,444.67795222898803,18.615410914996367
1118,Fresno,Fresno,590.0,2321.0,462.2735159622206,0.0,11.0,0.0,2.0,421.0,7.0,0.0,13.0,8.273515962220609
1119,Fresno,Fresno,945.0,2603.0,1030.80054178296,87.33924015747921,213.7535249695,57.2222607928312,1.0,480.403752375776,98.37433396687359,8.0,84.7074295205,0.0
1120,Fresno,Fresno,756.0,2552.0,246.888926877217,0.0,55.0,0.0,27.0,120.0,9.0,3.0,6.0,26.888926877216967
1121,Fresno,Fresno,0.0,0.0,407.0,0.0,235.0,0.0,0.0,10.0,14.0,3.0,145.0,0.0
1122,Fresno,Fresno,215.0,838.0,100.4017693063806,50.0,0.0,0.0,1.0,7.0,0.0,0.0,0.0,42.401769306380615
1123,Fresno,Fresno,388.0,1498.0,31.0,0.0,0.0,0.0,8.0,15.0,4.0,4.0,0.0,0.0
1124,Fresno,Fresno,0.0,0.0,24.0,0.0,0.0,0.0,0.0,0.0,0.0,0.0,24.0,0.0
1125,Fresno,Fresno,259.0,958.0,19.0,0.0,0.0,0.0,16.0,3.0,0.0,0.0,0.0,0.0
1126,Fresno,Fresno,129.0,477.0,26.51284242916364,0.0,0.0,0.0,0.0,11.0,0.0,0.0,0.0,15.512842429163635
1127,Fresno,Fresno,334.0,1236.0,55.41027394333091,0.0,0.0,0.0,1.0,41.0,1.0,0.0,0.0,12.41027394333091
1128,Fresno,Fresno,31.0,117.0,317.0,0.0,0.0,0.0,0.0,317.0,0.0,0.0,0.0,0.0
1129,Fresno,Fresno,4.0,15.0,1.0,0.0,0.0,0.0,0.0,1.0,0.0,0.0,0.0,0.0
1130,Fresno,Fresno,59.0,129.0,167.82433994943,2.00562468933564,11.82262974766272,1.30189672816524,98.54655932363701,8.23361714569368,2.18155667962824,34.091382567272994,9.641073068034482,0.0
1131,Fresno,Fresno,123.0,509.0,107.23082182999272,0.0,6.0,0.0,41.0,7.0,0.0,16.0,0.0,37.230821829992735
1132,Fresno,Fresno,50.0,194.0,36.263042708629996,4.09051295420108,3.8789346979492993,2.67999124585588,0.0,17.926260500142398,4.51366946670464,0.0,3.1736738437767,0.0
1133,Fresno,Fresno,547.0,1829.0,293.8857319422197,16.69173144318372,15.828366023708696,10.93596198001692,0.0,133.0692335580016,23.41846228213376,8.0,55.9504812921253,29.991495363049697
1134,Fresno,Fresno,881.0,2560.0,994.1455443101132,162.65703258822467,129.96797020331854,56.45434315227389,0.0,428.55403438666167,108.08071083152929,0.0,67.06387333700185,41.36757981110304
1135,Fresno,Fresno,280.0,632.0,204.6314801809,3.89068302520392,31.40296317119372,2.54697252162232,1.0,50.088061431882885,6.287718741095682,100.0,9.415081289901481,0.0
1136,Fresno,Fresno,575.0,2750.0,570.5560494038207,67.0,18.0,0.0,3.0,76.0,11.0,2.0,44.0,349.5560494038206
1137,Fresno,Fresno,135.0,501.0,910.0,36.0,259.0,0.0,0.0,38.0,30.0,62.0,485.0,0.0
1138,Fresno,Fresno,922.0,2509.0,375.0,0.0,7.0,0.0,0.0,135.0,21.0,0.0,212.0,0.0
1139,Fresno,Fresno,514.0,1710.0,504.0,76.0,113.0,0.0,2.0,67.0,12.0,5.0,229.0,0.0
1140,Fresno,Fresno,107.0,339.0,548.0,0.0,0.0,500.0,0.0,13.0,32.0,3.0,0.0,0.0
1141,Fresno,Fresno,264.0,875.0,309.03418949527764,278.0,0.0,0.0,1.0,25.0,4.0,0.0,0.0,1.034189495277576
1142,Fresno,Fresno,276.0,825.0,452.9389313574982,29.53722220440001,28.009434849,19.3519731684,0.0,129.222988432,212.5927969152,0.0,24.916810331000004,9.307705457498184
1143,Fresno,Fresno,80.0,213.0,281.10256848583265,6.0,64.0,0.0,0.0,5.0,27.0,16.0,160.0,3.102568485832728
1144,Fresno,Fresno,209.0,579.0,74.0,0.0,17.0,12.0,0.0,45.0,0.0,0.0,0.0,0.0
1145,Fresno,Fresno,278.0,762.0,43.06837899055515,0.0,0.0,0.0,0.0,40.0,1.0,0.0,0.0,2.068378990555152
1146,Fresno,Fresno,263.0,867.0,218.94880123082183,45.0,31.0,0.0,2.0,17.0,21.0,32.0,12.0,58.94880123082183
1147,Fresno,Fresno,418.0,1461.0,47.06837899055515,0.0,0.0,0.0,14.0,28.0,3.0,0.0,0.0,2.068378990555152
1148,Fresno,Fresno,0.0,0.0,318.0855592119321,0.0,80.0,0.0,128.0,0.0,44.0,3.0,0.0,63.085559211932136
1149,Fresno,Fresno,25.0,55.0,68.54892313257335,0.8429204831662801,4.96879442708544,0.54715891012548,25.0,4.4604104045773605,0.9168608764264808,1.0,27.051933550658962,3.7608444805333514
1150,Fresno,Fresno,11.0,26.0,12.034189495277573,0.0,0.0,0.0,11.0,0.0,0.0,0.0,0.0,1.034189495277576
1151,Fresno,Fresno,34.0,78.0,42.42608528618,0.93153814991544,5.49117225213312,0.6046826587170401,18.658317508382,5.8242092470212805,1.01325202271504,5.424993217878,4.47792022941808,0.0
1152,Fresno,Fresno,6.0,15.0,1011.0967130125383,0.0,0.0,0.0,892.1625279476161,0.0,13.0,43.498226263264,19.0,43.435958801658195
1153,Fresno,Fresno,500.0,1698.0,708.8485796661099,0.0,3.0,0.0,616.5940057662771,52.0,1.0,4.254573899833,32.0,0.0
1154,Fresno,Fresno,568.0,2193.0,273.2735159622206,146.0,22.0,0.0,11.0,81.0,0.0,0.0,5.0,8.273515962220609
1155,Fresno,Fresno,695.0,2721.0,347.5645779122085,0.006846524995199999,0.040358463129599995,90.00444423552321,0.0,238.0281067868224,0.0074470973631999985,3.0,3.0329113657664,13.444463438608489
1156,Fresno,Fresno,726.0,2747.0,152.0,49.0,0.0,0.0,0.0,103.0,0.0,0.0,0.0,0.0
1157,Fresno,Fresno,628.0,716.0,1161.0,752.0,15.0,0.0,0.0,364.0,20.0,7.0,3.0,0.0
1158,Fresno,Fresno,257.0,788.0,68.34189495277576,0.0,0.0,0.0,5.0,52.0,1.0,0.0,0.0,10.34189495277576
1159,Fresno,Fresno,641.0,2530.0,292.58156331467154,0.0,0.0,0.0,3.0,25.0,0.0,2.0,3.0,259.58156331467154
1160,Fresno,Fresno,178.0,635.0,16.307705457498187,0.0,0.0,0.0,0.0,1.0,0.0,6.0,0.0,9.307705457498184
1161,Fresno,Fresno,99.0,277.0,12.0,0.0,0.0,0.0,5.0,5.0,2.0,0.0,0.0,0.0
1162,Fresno,Fresno,154.0,430.0,106.0,0.0,0.0,0.0,21.0,6.0,6.0,73.0,0.0,0.0
1163,Fresno,Fresno,458.0,1511.0,159.0,2.0,0.0,0.0,103.0,34.0,5.0,6.0,9.0,0.0
1164,Fresno,Fresno,737.0,2594.0,112.1367579811103,0.0,3.0,0.0,43.0,37.0,20.0,0.0,5.0,4.136757981110304
1165,Fresno,Fresno,30.0,122.0,250.1367579811103,0.0,0.0,0.0,242.0,0.0,0.0,0.0,4.0,4.136757981110304
1166,Fresno,Fresno,1.0,4.0,191.0,0.0,0.0,0.0,144.0,0.0,47.0,0.0,0.0,0.0
1167,Fresno,Fresno,23.0,96.0,592.09926715677,0.0,0.0,0.0,477.669487009739,1.0,0.0,113.429780147031,0.0,0.0
1168,Fresno,Fresno,94.0,392.0,956.5442397237323,0.0,0.0,0.0,695.766236407835,19.0,21.0,17.042672746214993,0.0,203.73533056968242
1169,Fresno,Fresno,533.0,1340.0,141.0,65.0,0.0,0.0,0.0,61.0,5.0,0.0,10.0,0.0
1170,Fresno,Fresno,548.0,2204.0,133.06837899055515,79.0,0.0,0.0,2.0,46.0,4.0,0.0,0.0,2.068378990555152
1171,Fresno,Fresno,244.0,874.0,38.0,0.0,0.0,0.0,0.0,27.0,11.0,0.0,0.0,0.0
1172,Fresno,Fresno,289.0,1192.0,67.13675798111029,0.0,0.0,0.0,24.0,36.0,0.0,3.0,0.0,4.136757981110304
1173,Fresno,Fresno,412.0,1816.0,48.034189495277566,0.0,0.0,0.0,12.0,32.0,3.0,0.0,0.0,1.034189495277576
1174,Fresno,Fresno,409.0,1615.0,72.64960041027393,0.0,0.0,0.0,10.0,43.0,0.0,0.0,0.0,19.64960041027394
1175,Fresno,Fresno,445.0,1744.0,174.0,0.0,10.0,0.0,14.0,26.0,117.0,3.0,4.0,0.0
1176,Fresno,Fresno,22.0,78.0,40.02568485832728,0.0,0.0,0.0,7.0,2.0,0.0,0.0,0.0,31.025684858327274
1177,Fresno,Fresno,407.0,1421.0,37.0,0.0,0.0,0.0,8.0,29.0,0.0,0.0,0.0,0.0
1178,Fresno,Fresno,0.0,0.0,252.888926877217,0.0,32.0,0.0,152.0,0.0,2.0,40.0,0.0,26.888926877216967
1179,Fresno,Fresno,659.0,2381.0,848.0449993829162,28.76765281202388,185.57774289193017,19.385284532807077,66.825888736732,170.09878522830857,57.291131128868095,16.068238030028,301.2866117630621,2.7436642591563714
1180,Fresno,Fresno,662.0,2803.0,180.1025684858327,61.0,0.0,0.0,0.0,85.0,7.0,0.0,24.0,3.102568485832728
1181,Fresno,Fresno,646.0,2738.0,140.20513697166547,50.0,0.0,0.0,0.0,64.0,10.0,0.0,10.0,6.205136971665455
1182,Fresno,Fresno,340.0,1125.0,65.54703192444121,0.0,0.0,0.0,0.0,45.0,2.0,0.0,2.0,16.547031924441217
1183,Fresno,Fresno,224.0,810.0,110.1025684858327,90.0,0.0,0.0,0.0,13.0,4.0,0.0,0.0,3.102568485832728
1184,Fresno,Fresno,510.0,2170.0,169.1367579811103,70.0,0.0,0.0,18.0,75.0,0.0,0.0,2.0,4.136757981110304
1185,Fresno,Fresno,409.0,1801.0,93.1367579811103,0.0,5.0,0.0,13.0,39.0,32.0,0.0,0.0,4.136757981110304
1186,Fresno,Fresno,487.0,1644.0,150.92311637249458,0.0,14.0,0.0,20.0,48.0,13.0,5.0,23.0,27.92311637249455
1187,Fresno,Fresno,677.0,2294.0,96.03418949527756,0.0,8.0,0.0,29.0,53.0,1.0,4.0,0.0,1.034189495277576
1188,Fresno,Fresno,2.0,6.0,0.0,0.0,0.0,0.0,0.0,0.0,0.0,0.0,0.0,0.0
1189,Fresno,Fresno,8.0,27.0,0.0,0.0,0.0,0.0,0.0,0.0,0.0,0.0,0.0,0.0
1190,Fresno,Fresno,0.0,0.0,1385.3505705372024,30.0,0.0,0.0,1119.0,0.0,4.0,131.0,0.0,101.35057053720243
1191,Fresno,Fresno,1.0,3.0,610.4102739433308,0.0,298.0,0.0,262.0,0.0,38.0,0.0,0.0,12.41027394333091
1192,Fresno,Fresno,175.0,422.0,163.54884174627,0.9201560107446,5.4240775370208,0.5972942525886,114.08402768692899,22.7774825704252,1.0008714502835998,14.321726151541,4.4232060867372,0.0
1193,Fresno,Fresno,0.0,0.0,136.18812769776486,0.0,0.0,0.0,60.0,0.0,0.0,10.0,0.0,66.18812769776487
1194,Fresno,Fresno,0.0,0.0,107.0,0.0,71.0,0.0,32.0,0.0,0.0,0.0,4.0,0.0
1195,Fresno,Fresno,1.0,2.0,402.0,3.0,0.0,0.0,399.0,0.0,0.0,0.0,0.0,0.0
1196,Fresno,Fresno,0.0,0.0,435.28053049524004,0.0,0.0,0.0,307.296371346668,0.0,40.0,87.98415914857199,0.0,0.0
1197,Fresno,Fresno,0.0,0.0,892.3811765678323,0.0,0.0,5.0,713.0112015623531,0.0,30.0,83.14765781243698,8.0,53.22231719304243
1198,Fresno,Fresno,0.0,0.0,578.1963958463323,0.0,0.0,0.0,332.508253621344,0.0,51.0,29.217822980576006,0.0,165.4703192444121
1199,Fresno,Fresno,5.0,16.0,233.0,0.0,0.0,0.0,140.0,0.0,2.0,54.0,37.0,0.0
1200,Fresno,Fresno,17.0,55.0,273.51284242916364,0.0,0.0,0.0,244.0,0.0,3.0,11.0,0.0,15.512842429163635
1201,Fresno,Fresno,58.0,212.0,428.0,0.0,1.0,0.0,126.0,7.0,294.0,0.0,0.0,0.0
1202,Fresno,Fresno,9.0,29.0,21.0,0.0,0.0,0.0,20.0,1.0,0.0,0.0,0.0,0.0
1203,Fresno,Fresno,24.0,105.0,64.47865293388605,0.0,0.0,0.0,30.0,1.0,0.0,5.0,14.0,14.478652933886064
1204,Fresno,Fresno,17.0,53.0,208.36016753414597,0.0,0.0,0.0,135.36016753414594,73.0,0.0,0.0,0.0,0.0
1205,Fresno,Fresno,0.0,0.0,611.2051369716653,0.0,0.0,145.0,427.0,0.0,0.0,0.0,33.0,6.205136971665455
1206,Fresno,Fresno,1.0,3.0,343.8976024616436,0.0,0.0,0.0,105.0,0.0,95.0,10.0,16.0,117.89760246164364
1207,Fresno,Fresno,0.0,0.0,0.0,0.0,0.0,0.0,0.0,0.0,0.0,0.0,0.0,0.0
1208,Fresno,Fresno,0.0,0.0,191.0,0.0,0.0,0.0,43.0,0.0,148.0,0.0,0.0,0.0
1209,Fresno,Fresno,1.0,3.0,2544.0,0.0,0.0,0.0,2366.0,0.0,150.0,0.0,28.0,0.0
1210,Fresno,Fresno,2.0,9.0,0.0,0.0,0.0,0.0,0.0,0.0,0.0,0.0,0.0,0.0
1211,Fresno,Fresno,0.0,0.0,164.0,0.0,0.0,0.0,164.0,0.0,0.0,0.0,0.0,0.0
1212,Fresno,Fresno,31.0,111.0,55.0,3.0,0.0,0.0,51.0,1.0,0.0,0.0,0.0,0.0
1213,Fresno,Fresno,3.0,9.0,228.37608444805332,0.0,0.0,0.0,208.0,0.0,0.0,9.0,0.0,11.376084448053335
1214,Fresno,Fresno,0.0,0.0,0.0,0.0,0.0,0.0,0.0,0.0,0.0,0.0,0.0,0.0
1215,Fresno,Fresno,22.0,81.0,0.0,0.0,0.0,0.0,0.0,0.0,0.0,0.0,0.0,0.0
1216,Fresno,Fresno,18.0,66.0,24.82054788666182,0.0,0.0,0.0,0.0,0.0,0.0,0.0,0.0,24.82054788666182
1217,Fresno,Fresno,0.0,0.0,0.0,0.0,0.0,0.0,0.0,0.0,0.0,0.0,0.0,0.0
1218,Fresno,Fresno,0.0,0.0,0.0,0.0,0.0,0.0,0.0,0.0,0.0,0.0,0.0,0.0
1219,Fresno,Fresno,0.0,0.0,0.0,0.0,0.0,0.0,0.0,0.0,0.0,0.0,0.0,0.0
1220,Fresno,Fresno,0.0,0.0,0.0,0.0,0.0,0.0,0.0,0.0,0.0,0.0,0.0,0.0
1221,Fresno,Fresno,0.0,0.0,0.0,0.0,0.0,0.0,0.0,0.0,0.0,0.0,0.0,0.0
1222,Fresno,Fresno,0.0,0.0,0.0,0.0,0.0,0.0,0.0,0.0,0.0,0.0,0.0,0.0
1223,Fresno,Fresno,0.0,0.0,0.0,0.0,0.0,0.0,0.0,0.0,0.0,0.0,0.0,0.0
1224,Fresno,Fresno,0.0,0.0,0.0,0.0,0.0,0.0,0.0,0.0,0.0,0.0,0.0,0.0
1225,Fresno,Fresno,0.0,0.0,0.0,0.0,0.0,0.0,0.0,0.0,0.0,0.0,0.0,0.0
1226,Fresno,Fresno,0.0,0.0,0.0,0.0,0.0,0.0,0.0,0.0,0.0,0.0,0.0,0.0
1227,Fresno,Fresno,0.0,0.0,0.0,0.0,0.0,0.0,0.0,0.0,0.0,0.0,0.0,0.0
1228,Fresno,Fresno,0.0,0.0,0.0,0.0,0.0,0.0,0.0,0.0,0.0,0.0,0.0,0.0
1229,Fresno,Fresno,0.0,0.0,0.0,0.0,0.0,0.0,0.0,0.0,0.0,0.0,0.0,0.0
1230,Fresno,Fresno,0.0,0.0,0.0,0.0,0.0,0.0,0.0,0.0,0.0,0.0,0.0,0.0
1231,Fresno,Fresno,142.0,385.0,47.17094747638788,35.0,0.0,0.0,1.0,5.0,0.0,1.0,0.0,5.170947476387878
1232,Fresno,Fresno,8.0,23.0,1.0,0.0,0.0,0.0,0.0,0.0,1.0,0.0,0.0,0.0
1233,Fresno,Fresno,10.0,27.0,2.0,0.0,0.0,0.0,1.0,0.0,1.0,0.0,0.0,0.0
1234,Fresno,Fresno,10.0,26.0,0.0,0.0,0.0,0.0,0.0,0.0,0.0,0.0,0.0,0.0
1235,Fresno,Fresno,21.0,55.0,6.102568485832727,0.0,0.0,0.0,2.0,1.0,0.0,0.0,0.0,3.102568485832728
1236,Fresno,Fresno,7.0,19.0,0.0,0.0,0.0,0.0,0.0,0.0,0.0,0.0,0.0,0.0
1237,Fresno,Fresno,13.0,34.0,19.23932646694303,0.0,0.0,0.0,0.0,0.0,12.0,0.0,0.0,7.239326466943032
1238,Fresno,Fresno,0.0,0.0,0.0,0.0,0.0,0.0,0.0,0.0,0.0,0.0,0.0,0.0
1239,Fresno,Fresno,3.0,10.0,0.0,0.0,0.0,0.0,0.0,0.0,0.0,0.0,0.0,0.0
1240,Fresno,Fresno,6.0,20.0,0.0,0.0,0.0,0.0,0.0,0.0,0.0,0.0,0.0,0.0
1241,Fresno,Fresno,4.0,10.0,0.0,0.0,0.0,0.0,0.0,0.0,0.0,0.0,0.0,0.0
1242,Fresno,Fresno,18.0,47.0,58.034189495277566,0.0,0.0,0.0,0.0,0.0,57.0,0.0,0.0,1.034189495277576
1243,Fresno,Fresno,6.0,16.0,14.0,0.0,0.0,0.0,0.0,0.0,14.0,0.0,0.0,0.0
1244,Fresno,Fresno,19.0,51.0,1.0,0.0,0.0,0.0,1.0,0.0,0.0,0.0,0.0,0.0
1245,Fresno,Fresno,27.0,72.0,0.0,0.0,0.0,0.0,0.0,0.0,0.0,0.0,0.0,0.0
1246,Fresno,Fresno,43.0,114.0,14.444463438608489,0.0,0.0,0.0,0.0,1.0,0.0,0.0,0.0,13.444463438608489
1247,Fresno,Fresno,32.0,89.0,3.068378990555152,0.0,0.0,0.0,0.0,1.0,0.0,0.0,0.0,2.068378990555152
1248,Fresno,Fresno,58.0,156.0,7.0,0.0,6.0,0.0,0.0,1.0,0.0,0.0,0.0,0.0
1249,Fresno,Fresno,38.0,100.0,4.136757981110304,0.0,0.0,0.0,0.0,0.0,0.0,0.0,0.0,4.136757981110304
1250,Fresno,Fresno,55.0,147.0,4.0,0.0,3.0,0.0,0.0,0.0,0.0,0.0,1.0,0.0
1251,Fresno,Fresno,81.0,223.0,73.39326466943031,0.0,0.0,0.0,0.0,1.0,0.0,0.0,0.0,72.39326466943031
1252,Fresno,Fresno,60.0,164.0,158.05136971665456,0.0,0.0,0.0,0.0,3.0,93.0,0.0,0.0,62.05136971665455
1253,Fresno,Fresno,44.0,119.0,9.0,0.0,0.0,0.0,0.0,3.0,0.0,0.0,6.0,0.0
1254,Fresno,Fresno,76.0,282.0,44.230821829992735,0.0,0.0,0.0,6.0,1.0,0.0,0.0,0.0,37.230821829992735
1255,Fresno,Fresno,34.0,125.0,2.0,0.0,0.0,0.0,2.0,0.0,0.0,0.0,0.0,0.0
1256,Fresno,Fresno,39.0,107.0,63.0,0.0,0.0,0.0,0.0,19.0,0.0,44.0,0.0,0.0
1257,Fresno,Fresno,58.0,158.0,38.41027394333091,0.0,0.0,0.0,0.0,6.0,20.0,0.0,0.0,12.41027394333091
1258,Fresno,Fresno,28.0,103.0,5.068378990555153,0.0,0.0,0.0,0.0,1.0,2.0,0.0,0.0,2.068378990555152
1259,Fresno,Fresno,33.0,123.0,10.34189495277576,0.0,0.0,0.0,0.0,0.0,0.0,0.0,0.0,10.34189495277576
1260,Fresno,Fresno,8.0,17.0,0.0,0.0,0.0,0.0,0.0,0.0,0.0,0.0,0.0,0.0
1261,Fresno,Fresno,4.0,11.0,0.0,0.0,0.0,0.0,0.0,0.0,0.0,0.0,0.0,0.0
1262,Fresno,Fresno,10.0,33.0,0.0,0.0,0.0,0.0,0.0,0.0,0.0,0.0,0.0,0.0
1263,Fresno,Fresno,3.0,10.0,0.0,0.0,0.0,0.0,0.0,0.0,0.0,0.0,0.0,0.0
1264,Fresno,Fresno,4.0,14.0,0.0,0.0,0.0,0.0,0.0,0.0,0.0,0.0,0.0,0.0
1265,Fresno,Fresno,2.0,6.0,0.0,0.0,0.0,0.0,0.0,0.0,0.0,0.0,0.0,0.0
1266,Fresno,Fresno,4.0,16.0,8.273515962220609,0.0,0.0,0.0,0.0,0.0,0.0,0.0,0.0,8.273515962220609
1267,Fresno,Fresno,1.0,4.0,0.0,0.0,0.0,0.0,0.0,0.0,0.0,0.0,0.0,0.0
1268,Fresno,Fresno,6.0,23.0,0.0,0.0,0.0,0.0,0.0,0.0,0.0,0.0,0.0,0.0
1269,Fresno,Fresno,7.0,23.0,174.0,0.0,0.0,0.0,173.0,1.0,0.0,0.0,0.0,0.0
1270,Fresno,Fresno,4.0,14.0,0.0,0.0,0.0,0.0,0.0,0.0,0.0,0.0,0.0,0.0
1271,Fresno,Fresno,5.0,17.0,0.0,0.0,0.0,0.0,0.0,0.0,0.0,0.0,0.0,0.0
1272,Fresno,Fresno,4.0,16.0,0.0,0.0,0.0,0.0,0.0,0.0,0.0,0.0,0.0,0.0
1273,Fresno,Fresno,1.0,4.0,0.0,0.0,0.0,0.0,0.0,0.0,0.0,0.0,0.0,0.0
1274,Fresno,Fresno,1.0,4.0,0.0,0.0,0.0,0.0,0.0,0.0,0.0,0.0,0.0,0.0
1275,Fresno,Fresno,12.0,39.0,0.0,0.0,0.0,0.0,0.0,0.0,0.0,0.0,0.0,0.0
1276,Fresno,Fresno,10.0,34.0,0.0,0.0,0.0,0.0,0.0,0.0,0.0,0.0,0.0,0.0
1277,Fresno,Fresno,14.0,48.0,12.0,0.0,0.0,0.0,0.0,0.0,12.0,0.0,0.0,0.0
1278,Fresno,Fresno,3.0,12.0,0.0,0.0,0.0,0.0,0.0,0.0,0.0,0.0,0.0,0.0
1279,Fresno,Fresno,0.0,0.0,0.0,0.0,0.0,0.0,0.0,0.0,0.0,0.0,0.0,0.0
1280,Fresno,Fresno,6.0,23.0,0.0,0.0,0.0,0.0,0.0,0.0,0.0,0.0,0.0,0.0
1281,Fresno,Fresno,6.0,23.0,2.068378990555152,0.0,0.0,0.0,0.0,0.0,0.0,0.0,0.0,2.068378990555152
1282,Fresno,Fresno,10.0,39.0,0.0,0.0,0.0,0.0,0.0,0.0,0.0,0.0,0.0,0.0
1283,Fresno,Fresno,7.0,27.0,0.0,0.0,0.0,0.0,0.0,0.0,0.0,0.0,0.0,0.0
1284,Fresno,Fresno,5.0,20.0,0.0,0.0,0.0,0.0,0.0,0.0,0.0,0.0,0.0,0.0
1285,Fresno,Fresno,148.0,328.0,0.0,0.0,0.0,0.0,0.0,0.0,0.0,0.0,0.0,0.0
1286,Fresno,Fresno,0.0,0.0,0.0,0.0,0.0,0.0,0.0,0.0,0.0,0.0,0.0,0.0
1287,Fresno,Fresno,2.0,6.0,10.0,0.0,0.0,0.0,0.0,0.0,0.0,0.0,10.0,0.0
1288,Fresno,Fresno,36.0,81.0,0.0,0.0,0.0,0.0,0.0,0.0,0.0,0.0,0.0,0.0
1289,Fresno,Fresno,4.0,14.0,0.0,0.0,0.0,0.0,0.0,0.0,0.0,0.0,0.0,0.0
1290,Fresno,Fresno,10.0,33.0,64.0,0.0,0.0,0.0,63.0,0.0,1.0,0.0,0.0,0.0
1291,Fresno,Fresno,7.0,24.0,2.0,0.0,0.0,0.0,0.0,2.0,0.0,0.0,0.0,0.0
1292,Fresno,Fresno,0.0,0.0,0.0,0.0,0.0,0.0,0.0,0.0,0.0,0.0,0.0,0.0
1293,Fresno,Fresno,0.0,0.0,0.0,0.0,0.0,0.0,0.0,0.0,0.0,0.0,0.0,0.0
1294,Fresno,Fresno,0.0,0.0,0.0,0.0,0.0,0.0,0.0,0.0,0.0,0.0,0.0,0.0
1295,Fresno,Fresno,0.0,0.0,0.0,0.0,0.0,0.0,0.0,0.0,0.0,0.0,0.0,0.0
1296,Fresno,Fresno,3.0,9.0,45.0,45.0,0.0,0.0,0.0,0.0,0.0,0.0,0.0,0.0
1297,Fresno,Fresno,7.0,23.0,0.0,0.0,0.0,0.0,0.0,0.0,0.0,0.0,0.0,0.0
1298,Fresno,Fresno,5.0,15.0,1.0,0.0,0.0,0.0,0.0,1.0,0.0,0.0,0.0,0.0
1299,Fresno,Fresno,0.0,0.0,0.0,0.0,0.0,0.0,0.0,0.0,0.0,0.0,0.0,0.0
1300,Fresno,Fresno,0.0,0.0,0.0,0.0,0.0,0.0,0.0,0.0,0.0,0.0,0.0,0.0
1301,Fresno,Fresno,0.0,0.0,0.0,0.0,0.0,0.0,0.0,0.0,0.0,0.0,0.0,0.0
1302,Fresno,Fresno,0.0,0.0,0.0,0.0,0.0,0.0,0.0,0.0,0.0,0.0,0.0,0.0
1303,Fresno,Fresno,0.0,0.0,0.0,0.0,0.0,0.0,0.0,0.0,0.0,0.0,0.0,0.0
1304,Fresno,Fresno,0.0,0.0,0.0,0.0,0.0,0.0,0.0,0.0,0.0,0.0,0.0,0.0
1305,Fresno,Fresno,0.0,0.0,0.0,0.0,0.0,0.0,0.0,0.0,0.0,0.0,0.0,0.0
1306,Fresno,Fresno,0.0,0.0,0.0,0.0,0.0,0.0,0.0,0.0,0.0,0.0,0.0,0.0
1307,Fresno,Fresno,0.0,0.0,0.0,0.0,0.0,0.0,0.0,0.0,0.0,0.0,0.0,0.0
1308,Fresno,Fresno,0.0,0.0,0.0,0.0,0.0,0.0,0.0,0.0,0.0,0.0,0.0,0.0
1309,Fresno,Fresno,0.0,0.0,0.0,0.0,0.0,0.0,0.0,0.0,0.0,0.0,0.0,0.0
1310,Fresno,Fresno,0.0,0.0,0.0,0.0,0.0,0.0,0.0,0.0,0.0,0.0,0.0,0.0
1311,Fresno,Fresno,0.0,0.0,68.0,0.0,68.0,0.0,0.0,0.0,0.0,0.0,0.0,0.0
1312,Fresno,Fresno,0.0,0.0,0.0,0.0,0.0,0.0,0.0,0.0,0.0,0.0,0.0,0.0
1313,Fresno,Fresno,265.0,745.0,141.0,0.0,2.0,0.0,105.0,10.0,12.0,12.0,0.0,0.0
1314,Fresno,Fresno,0.0,0.0,0.0,0.0,0.0,0.0,0.0,0.0,0.0,0.0,0.0,0.0
1315,Fresno,Fresno,426.0,1619.0,202.30770545749817,0.0,0.0,0.0,82.0,99.0,12.0,0.0,0.0,9.307705457498184
1316,Fresno,Fresno,21.0,80.0,14.444463438608489,0.0,0.0,0.0,0.0,1.0,0.0,0.0,0.0,13.444463438608489
1317,Fresno,Fresno,160.0,607.0,51.0,0.0,0.0,0.0,12.0,6.0,0.0,0.0,33.0,0.0
1318,Fresno,Fresno,171.0,699.0,842.5388691824437,30.0,0.0,0.0,242.0,0.0,150.0,89.0,43.0,288.5388691824436
1319,Fresno,Fresno,6.0,23.0,16.0,0.0,0.0,0.0,16.0,0.0,0.0,0.0,0.0,0.0
1320,Fresno,Fresno,3.0,12.0,0.0,0.0,0.0,0.0,0.0,0.0,0.0,0.0,0.0,0.0
1321,Fresno,Fresno,238.0,979.0,85.19663233471516,0.0,0.0,0.0,15.0,33.0,0.0,1.0,0.0,36.19663233471515
1322,Fresno,Fresno,14.0,70.0,29.0,0.0,0.0,0.0,0.0,1.0,0.0,17.0,11.0,0.0
1323,Fresno,Fresno,81.0,254.0,13.034189495277573,0.0,0.0,0.0,0.0,11.0,0.0,1.0,0.0,1.034189495277576
1324,Fresno,Fresno,30.0,93.0,215.0,0.0,191.0,0.0,0.0,4.0,0.0,0.0,20.0,0.0
1325,Fresno,Fresno,386.0,1930.0,890.8205478866619,811.0,0.0,0.0,0.0,33.0,11.0,11.0,0.0,24.82054788666182
1326,Fresno,Fresno,17.0,52.0,5.136757981110304,0.0,0.0,0.0,0.0,1.0,0.0,0.0,0.0,4.136757981110304
1327,Fresno,Fresno,476.0,1490.0,63.0,0.0,0.0,0.0,4.0,44.0,7.0,8.0,0.0,0.0
1328,Fresno,Fresno,11.0,33.0,205.0,0.0,50.0,0.0,0.0,1.0,79.0,0.0,75.0,0.0
1329,Fresno,Fresno,10.0,32.0,13.0,0.0,0.0,0.0,2.0,0.0,11.0,0.0,0.0,0.0
1330,Fresno,Fresno,557.0,2020.0,102.03418949527756,0.0,0.0,0.0,18.0,74.0,9.0,0.0,0.0,1.034189495277576
1331,Fresno,Fresno,597.0,1793.0,76.30770545749819,0.0,4.0,0.0,4.0,51.0,6.0,0.0,2.0,9.307705457498184
1332,Fresno,Fresno,941.0,2784.0,262.0,0.0,122.0,0.0,4.0,109.0,14.0,1.0,12.0,0.0
1333,Fresno,Fresno,0.0,0.0,667.8386847675588,12.0,21.0,0.0,263.000669661664,138.0,35.0,18.000286997855998,95.0,85.8377281080388
1334,Fresno,Fresno,146.0,558.0,15.034189495277573,2.0,0.0,0.0,5.0,4.0,0.0,3.0,0.0,1.034189495277576
1335,Fresno,Fresno,353.0,1237.0,214.1367579811103,163.0,2.0,0.0,4.0,36.0,5.0,0.0,0.0,4.136757981110304
1336,Fresno,Fresno,228.0,633.0,180.37608444805332,56.0,32.0,0.0,2.0,25.0,7.0,3.0,44.0,11.376084448053335
1337,Fresno,Fresno,291.0,783.0,70.0,0.0,0.0,0.0,23.0,13.0,0.0,7.0,27.0,0.0
1338,Fresno,Fresno,0.0,0.0,7.0,0.0,0.0,0.0,4.0,0.0,3.0,0.0,0.0,0.0
1339,Fresno,Fresno,174.0,487.0,25.0,0.0,0.0,0.0,9.0,12.0,4.0,0.0,0.0,0.0
1340,Fresno,Fresno,315.0,1134.0,89.4017693063806,0.0,27.0,0.0,5.0,11.0,3.0,0.0,1.0,42.40176930638061
1341,Fresno,Fresno,339.0,1221.0,172.1367579811103,0.0,26.0,0.0,6.0,26.0,92.0,17.0,1.0,4.136757981110304
1342,Fresno,Fresno,326.0,866.0,8.102568485832727,0.0,0.0,0.0,0.0,5.0,0.0,0.0,0.0,3.102568485832728
1343,Fresno,Fresno,462.0,1718.0,58.41027394333091,0.0,0.0,0.0,11.0,33.0,0.0,2.0,0.0,12.41027394333091
1344,Fresno,Fresno,610.0,1833.0,310.1367579811103,3.0,139.0,0.0,10.0,77.0,5.0,13.0,59.0,4.136757981110304
1345,Fresno,Fresno,249.0,867.0,25.0,0.0,1.0,0.0,0.0,24.0,0.0,0.0,0.0,0.0
1346,Fresno,Fresno,22.0,74.0,46.92311637249455,0.0,0.0,0.0,0.0,0.0,19.0,0.0,0.0,27.92311637249455
1347,Fresno,Fresno,532.0,1806.0,74.27351596222061,0.0,0.0,0.0,48.0,15.0,3.0,0.0,0.0,8.273515962220609
1348,Fresno,Fresno,528.0,2039.0,102.75216889610668,0.0,0.0,0.0,33.0,47.0,0.0,0.0,0.0,22.75216889610667
1349,Fresno,Fresno,642.0,2449.0,192.9317919569212,0.0,0.0,0.0,1.0,61.0,9.0,0.0,3.0,118.93179195692123
1350,Fresno,Fresno,785.0,2366.0,153.8841721359176,3.0,0.0,2.84998264064,17.0,42.0,20.0,1.0,67.0,1.034189495277576
1351,Fresno,Fresno,617.0,2017.0,112.1025684858327,0.0,35.0,0.0,1.0,70.0,3.0,0.0,0.0,3.102568485832728
1352,Fresno,Fresno,167.0,314.0,237.0,0.0,11.0,0.0,14.0,186.0,10.0,0.0,16.0,0.0
1353,Fresno,Fresno,145.0,490.0,103.51284242916364,59.0,0.0,0.0,0.0,20.0,9.0,0.0,0.0,15.512842429163635
1354,Fresno,Fresno,228.0,766.0,74.4102739433309,6.0,7.0,0.0,9.0,25.0,15.0,0.0,0.0,12.41027394333091
1355,Fresno,Fresno,510.0,1587.0,154.27351596222059,122.0,0.0,0.0,1.0,18.0,5.0,0.0,0.0,8.273515962220609
1356,Fresno,Fresno,525.0,1621.0,259.5812214197188,0.0,67.0,0.0,5.0,72.0,3.0,8.0,87.0,17.58122141971879
1357,Fresno,Fresno,390.0,1226.0,37.41363801327273,0.5877309630640799,3.46451936121984,0.3815095725152801,2.0,24.412790269420963,0.6392863107012801,0.0,2.82523305051856,3.102568485832728
1358,Fresno,Fresno,266.0,902.0,120.27351596222059,60.0,0.0,0.0,2.0,36.0,0.0,3.0,11.0,8.273515962220609
1359,Fresno,Fresno,448.0,838.0,227.1966323347152,0.0,14.0,0.0,106.0,32.0,10.0,4.0,25.0,36.19663233471515
1360,Fresno,Fresno,60.0,114.0,101.0,0.0,0.0,0.0,0.0,4.0,86.0,11.0,0.0,0.0
1361,Fresno,Fresno,317.0,1049.0,88.94880123082181,0.0,0.0,0.0,2.0,26.0,0.0,0.0,2.0,58.94880123082183
1362,Fresno,Fresno,445.0,1471.0,76.37608444805333,0.0,2.0,0.0,33.0,25.0,5.0,0.0,0.0,11.376084448053335
1363,Fresno,Fresno,261.0,816.0,44.06837899055515,0.0,0.0,0.0,9.0,30.0,3.0,0.0,0.0,2.068378990555152
1364,Fresno,Fresno,40.0,121.0,25.23932646694303,0.0,0.0,0.0,0.0,11.0,7.0,0.0,0.0,7.239326466943032
1365,Fresno,Fresno,137.0,317.0,27.765648852858185,0.026102773535520003,0.15386898084095998,0.016943905628320002,5.0,13.107158754514241,0.02839249051232,0.0,0.12547649032864,9.307705457498184
1366,Fresno,Fresno,326.0,771.0,64.41027394333089,0.0,0.0,0.0,6.0,41.0,0.0,0.0,5.0,12.41027394333091
1367,Fresno,Fresno,573.0,1988.0,235.87191760331643,73.0,0.0,0.0,0.0,64.0,4.0,0.0,8.0,86.87191760331639
1368,Fresno,Fresno,67.0,232.0,495.94897217829816,0.0,99.0,0.0,84.0,13.0,69.0,21.0,30.0,179.9489721782982
1369,Fresno,Fresno,50.0,115.0,2759.149584885625,15.2404743718584,5.0,1463.9851383815626,807.0,66.06403188355199,270.81707516894716,64.0,0.0,67.04286507970426
1370,Fresno,Fresno,218.0,494.0,190.39283412045276,0.044303378704859994,2.2611567586812797,0.028758333545260008,27.0,13.181877028367321,0.04818963999476,2.0,6.21296711868652,139.61558186247277
1371,Fresno,Fresno,394.0,1270.0,118.14294925976697,0.4780455825294601,2.8179529075420806,0.31031029041386005,17.307080443739,46.96250291775252,13.51997940555836,1.5601773330309998,8.29797350198372,26.888926877216967
1372,Fresno,Fresno,279.0,1117.0,269.0,60.0,69.0,0.0,0.0,63.0,4.0,17.0,56.0,0.0
1373,Fresno,Fresno,22.0,53.0,340.0,0.0,62.0,0.0,0.0,12.0,0.0,256.0,10.0,0.0
1374,Fresno,Fresno,2.0,4.0,28.170947476387877,0.0,0.0,0.0,23.0,0.0,0.0,0.0,0.0,5.170947476387878
1375,Fresno,Fresno,0.0,0.0,66.0597864832,0.0,0.0,0.059786483200000004,8.0,0.0,0.0,17.0,41.0,0.0
1376,Fresno,Fresno,32.0,58.0,30.0,0.0,7.0,0.0,0.0,1.0,0.0,14.0,8.0,0.0
1377,Fresno,Fresno,46.0,85.0,3.0,0.0,0.0,0.0,0.0,3.0,0.0,0.0,0.0,0.0
1378,Fresno,Fresno,205.0,381.0,156.23082182999275,2.0,0.0,0.0,96.0,20.0,1.0,0.0,0.0,37.230821829992735
1379,Fresno,Fresno,0.0,0.0,41.0,0.0,0.0,0.0,26.0,0.0,0.0,0.0,15.0,0.0
1380,Fresno,Fresno,0.0,0.0,0.0,0.0,0.0,0.0,0.0,0.0,0.0,0.0,0.0,0.0
1381,Fresno,Fresno,0.0,0.0,0.0,0.0,0.0,0.0,0.0,0.0,0.0,0.0,0.0,0.0
1382,Fresno,Fresno,0.0,0.0,0.0,0.0,0.0,0.0,0.0,0.0,0.0,0.0,0.0,0.0
1383,Fresno,Fresno,0.0,0.0,0.0,0.0,0.0,0.0,0.0,0.0,0.0,0.0,0.0,0.0
1384,Fresno,Fresno,0.0,0.0,0.0,0.0,0.0,0.0,0.0,0.0,0.0,0.0,0.0,0.0
1385,Fresno,Fresno,0.0,0.0,0.0,0.0,0.0,0.0,0.0,0.0,0.0,0.0,0.0,0.0
1386,Fresno,Fresno,0.0,0.0,0.0,0.0,0.0,0.0,0.0,0.0,0.0,0.0,0.0,0.0
1387,Fresno,Fresno,0.0,0.0,0.0,0.0,0.0,0.0,0.0,0.0,0.0,0.0,0.0,0.0
1388,Fresno,Fresno,0.0,0.0,0.0,0.0,0.0,0.0,0.0,0.0,0.0,0.0,0.0,0.0
1389,Fresno,Fresno,0.0,0.0,0.0,0.0,0.0,0.0,0.0,0.0,0.0,0.0,0.0,0.0
1390,Fresno,Fresno,0.0,0.0,0.0,0.0,0.0,0.0,0.0,0.0,0.0,0.0,0.0,0.0
1391,Fresno,Fresno,29.0,81.0,29.0,0.0,0.0,0.0,0.0,0.0,5.0,0.0,24.0,0.0
1392,Fresno,Fresno,53.0,149.0,61.0,59.0,2.0,0.0,0.0,0.0,0.0,0.0,0.0,0.0
1393,Fresno,Fresno,404.0,1534.0,127.20513697166544,0.0,10.0,0.0,35.0,16.0,2.0,58.0,0.0,6.205136971665455
1394,Fresno,Fresno,504.0,2063.0,20.0,0.0,0.0,0.0,10.0,7.0,1.0,2.0,0.0,0.0
1395,Fresno,Fresno,66.0,269.0,15.41027394333091,0.0,0.0,0.0,2.0,0.0,0.0,1.0,0.0,12.41027394333091
1396,Fresno,Fresno,0.0,0.0,0.0,0.0,0.0,0.0,0.0,0.0,0.0,0.0,0.0,0.0
1397,Fresno,Fresno,131.0,539.0,27.307705457498184,0.0,0.0,0.0,4.0,8.0,6.0,0.0,0.0,9.307705457498184
1398,Fresno,Fresno,217.0,887.0,34.0,0.0,0.0,0.0,26.0,8.0,0.0,0.0,0.0,0.0
1399,Fresno,Fresno,0.0,0.0,0.0,0.0,0.0,0.0,0.0,0.0,0.0,0.0,0.0,0.0
1400,Fresno,Fresno,1.0,4.0,140.0,140.0,0.0,0.0,0.0,0.0,0.0,0.0,0.0,0.0
1401,Fresno,Fresno,530.0,2279.0,52.0,0.0,0.0,0.0,46.0,6.0,0.0,0.0,0.0,0.0
1402,Fresno,Fresno,1.0,3.0,0.0,0.0,0.0,0.0,0.0,0.0,0.0,0.0,0.0,0.0
1403,Fresno,Fresno,42.0,183.0,5.0,0.0,0.0,0.0,5.0,0.0,0.0,0.0,0.0,0.0
1404,Fresno,Fresno,20.0,87.0,11.0,0.0,0.0,0.0,0.0,1.0,0.0,0.0,10.0,0.0
1405,Fresno,Fresno,0.0,0.0,0.0,0.0,0.0,0.0,0.0,0.0,0.0,0.0,0.0,0.0
1406,Fresno,Fresno,38.0,164.0,24.68378990555152,0.0,0.0,0.0,0.0,4.0,0.0,0.0,0.0,20.68378990555152
1407,Fresno,Fresno,37.0,160.0,4.034189495277577,0.0,0.0,0.0,1.0,2.0,0.0,0.0,0.0,1.034189495277576
1408,Fresno,Fresno,26.0,112.0,20.0,0.0,8.0,0.0,0.0,1.0,0.0,7.0,4.0,0.0
1409,Fresno,Fresno,32.0,138.0,1.0,0.0,0.0,0.0,0.0,1.0,0.0,0.0,0.0,0.0
1410,Fresno,Fresno,79.0,342.0,16.34189495277576,0.0,0.0,0.0,0.0,4.0,2.0,0.0,0.0,10.34189495277576
1411,Fresno,Fresno,75.0,324.0,6.0,0.0,0.0,0.0,0.0,4.0,1.0,1.0,0.0,0.0
1412,Fresno,Fresno,26.0,99.0,26.0,0.0,0.0,0.0,21.0,5.0,0.0,0.0,0.0,0.0
1413,Fresno,Fresno,18.0,72.0,1.0,0.0,0.0,0.0,0.0,1.0,0.0,0.0,0.0,0.0
1414,Fresno,Fresno,33.0,125.0,0.0,0.0,0.0,0.0,0.0,0.0,0.0,0.0,0.0,0.0
1415,Fresno,Fresno,46.0,178.0,19.068378990555154,0.0,0.0,0.0,0.0,9.0,6.0,2.0,0.0,2.068378990555152
1416,Fresno,Fresno,37.0,122.0,17.0,0.0,0.0,0.0,0.0,1.0,16.0,0.0,0.0,0.0
1417,Fresno,Fresno,27.0,91.0,0.0,0.0,0.0,0.0,0.0,0.0,0.0,0.0,0.0,0.0
1418,Fresno,Fresno,38.0,117.0,3.0,0.0,0.0,0.0,0.0,3.0,0.0,0.0,0.0,0.0
1419,Fresno,Fresno,102.0,312.0,21.44446343860849,0.0,0.0,0.0,0.0,8.0,0.0,0.0,0.0,13.444463438608489
1420,Fresno,Fresno,79.0,186.0,14.0,0.0,0.0,0.0,8.0,6.0,0.0,0.0,0.0,0.0
1421,Fresno,Fresno,30.0,95.0,30.854737381939398,0.0,0.0,0.0,0.0,2.0,0.0,3.0,0.0,25.854737381939398
1422,Fresno,Fresno,25.0,60.0,128.0,0.0,0.0,0.0,112.0,1.0,10.0,2.0,3.0,0.0
1423,Fresno,Fresno,0.0,0.0,0.0,0.0,0.0,0.0,0.0,0.0,0.0,0.0,0.0,0.0
1424,Fresno,Fresno,0.0,0.0,0.0,0.0,0.0,0.0,0.0,0.0,0.0,0.0,0.0,0.0
1425,Fresno,Fresno,0.0,0.0,0.0,0.0,0.0,0.0,0.0,0.0,0.0,0.0,0.0,0.0
1426,Fresno,Fresno,0.0,0.0,0.0,0.0,0.0,0.0,0.0,0.0,0.0,0.0,0.0,0.0
1427,Fresno,Fresno,0.0,0.0,0.0,0.0,0.0,0.0,0.0,0.0,0.0,0.0,0.0,0.0
1428,Fresno,Fresno,0.0,0.0,0.0,0.0,0.0,0.0,0.0,0.0,0.0,0.0,0.0,0.0
1429,Fresno,Fresno,0.0,0.0,0.0,0.0,0.0,0.0,0.0,0.0,0.0,0.0,0.0,0.0
1430,Fresno,Fresno,0.0,0.0,0.0,0.0,0.0,0.0,0.0,0.0,0.0,0.0,0.0,0.0
1431,Fresno,Fresno,0.0,0.0,0.0,0.0,0.0,0.0,0.0,0.0,0.0,0.0,0.0,0.0
1432,Fresno,Fresno,0.0,0.0,0.0,0.0,0.0,0.0,0.0,0.0,0.0,0.0,0.0,0.0
1433,Fresno,Fresno,0.0,0.0,0.0,0.0,0.0,0.0,0.0,0.0,0.0,0.0,0.0,0.0
1434,Fresno,Fresno,0.0,0.0,0.0,0.0,0.0,0.0,0.0,0.0,0.0,0.0,0.0,0.0
1435,Fresno,Fresno,0.0,0.0,0.0,0.0,0.0,0.0,0.0,0.0,0.0,0.0,0.0,0.0
1436,Fresno,Fresno,0.0,0.0,0.0,0.0,0.0,0.0,0.0,0.0,0.0,0.0,0.0,0.0
1437,Fresno,Fresno,0.0,0.0,0.0,0.0,0.0,0.0,0.0,0.0,0.0,0.0,0.0,0.0
1438,Fresno,Fresno,0.0,0.0,0.0,0.0,0.0,0.0,0.0,0.0,0.0,0.0,0.0,0.0
1439,Fresno,Fresno,0.0,0.0,0.0,0.0,0.0,0.0,0.0,0.0,0.0,0.0,0.0,0.0
1440,Fresno,Fresno,0.0,0.0,0.0,0.0,0.0,0.0,0.0,0.0,0.0,0.0,0.0,0.0
1441,Fresno,Fresno,55.0,133.0,0.0,0.0,0.0,0.0,0.0,0.0,0.0,0.0,0.0,0.0
1442,Fresno,Fresno,562.0,1294.0,124.95730586777212,0.0,0.0,0.0,4.0,86.0,3.0,3.0,0.0,28.957305867772128
1443,Fresno,Fresno,494.0,988.0,48.0,0.0,0.0,0.0,0.0,41.0,7.0,0.0,0.0,0.0
1444,Fresno,Fresno,185.0,530.0,17.17094747638788,0.0,0.0,0.0,0.0,10.0,2.0,0.0,0.0,5.170947476387878
1445,Fresno,Fresno,28.0,82.0,46.0,45.0,0.0,0.0,0.0,0.0,0.0,1.0,0.0,0.0
1446,Fresno,Fresno,216.0,619.0,177.12825334416002,0.0,10.0,0.0,51.0,8.0,12.0,62.0,0.0,34.12825334416
1447,Fresno,Fresno,357.0,1295.0,114.06837899055515,0.0,13.0,0.0,9.0,75.0,10.0,0.0,5.0,2.068378990555152
1448,Fresno,Fresno,660.0,1738.0,332.25650668832003,33.0,3.0,0.0,19.0,33.0,15.0,151.0,10.0,68.25650668832
1449,Fresno,Fresno,215.0,560.0,230.06837899055515,226.0,0.0,0.0,0.0,0.0,0.0,2.0,0.0,2.068378990555152
1450,Fresno,Fresno,135.0,351.0,42.41027394333091,0.0,13.0,0.0,0.0,6.0,9.0,2.0,0.0,12.41027394333091
1451,Fresno,Fresno,191.0,540.0,50.64960041027393,0.0,0.0,0.0,0.0,15.0,16.0,0.0,0.0,19.64960041027394
1452,Fresno,Fresno,178.0,463.0,38.95730586777213,0.0,0.0,0.0,1.0,5.0,3.0,1.0,0.0,28.957305867772128
1453,Fresno,Fresno,291.0,854.0,160.30770545749814,0.0,56.0,0.0,2.0,16.0,68.0,7.0,2.0,9.307705457498184
1454,Fresno,Fresno,620.0,1736.0,68.27351596222061,0.0,4.0,0.0,0.0,33.0,18.0,5.0,0.0,8.273515962220609
1455,Fresno,Fresno,0.0,0.0,513.0,477.0,6.0,30.0,0.0,0.0,0.0,0.0,0.0,0.0
1456,Fresno,Fresno,0.0,0.0,6.0,0.0,0.0,0.0,0.0,0.0,0.0,6.0,0.0,0.0
1457,Fresno,Fresno,52.0,102.0,516.0,41.0,96.0,0.0,1.0,145.0,131.0,59.0,43.0,0.0
1458,Fresno,Fresno,913.0,1815.0,156.06837899055515,7.0,0.0,0.0,0.0,50.0,73.0,5.0,19.0,2.068378990555152
1459,Fresno,Fresno,556.0,1001.0,350.1367579811103,20.0,160.0,0.0,7.0,31.0,26.0,16.0,86.0,4.136757981110304
1460,Fresno,Fresno,527.0,1366.0,114.0,40.0,7.0,0.0,0.0,22.0,37.0,8.0,0.0,0.0
1461,Fresno,Fresno,616.0,1572.0,128.5812214197188,45.0,0.0,0.0,25.0,18.0,17.0,6.0,0.0,17.58122141971879
1462,Fresno,Fresno,877.0,1953.0,668.0341894952776,13.0,283.0,0.0,56.0,39.0,7.0,169.0,100.0,1.034189495277576
1463,Fresno,Fresno,382.0,1145.0,46.0,0.0,4.0,0.0,0.0,25.0,14.0,3.0,0.0,0.0
1464,Fresno,Fresno,83.0,249.0,154.06837899055515,0.0,45.0,0.0,0.0,8.0,11.0,88.0,0.0,2.068378990555152
1465,Fresno,Fresno,548.0,1644.0,60.0,0.0,20.0,0.0,0.0,25.0,9.0,6.0,0.0,0.0
1466,Fresno,Fresno,551.0,1684.0,159.23932646694303,37.0,0.0,0.0,3.0,96.0,12.0,2.0,2.0,7.239326466943032
1467,Fresno,Fresno,488.0,1418.0,150.71797940082908,14.0,11.0,0.0,6.0,64.0,21.0,1.0,12.0,21.717979400829098
1468,Fresno,Fresno,303.0,901.0,11.0,0.0,0.0,0.0,3.0,3.0,1.0,4.0,0.0,0.0
1469,Fresno,Fresno,74.0,148.0,1650.6325911363733,77.0,29.0,143.0,1.0,168.0,1142.0,11.0,0.0,79.63259113637335
1470,Fresno,Fresno,0.0,0.0,1171.3760844480532,44.0,176.0,0.0,227.0,68.0,612.0,33.0,0.0,11.376084448053335
1471,Fresno,Fresno,0.0,0.0,31.729757375075145,0.03769856791764,0.22222313719872003,0.024471000227240004,27.0,0.15476254197768,2.04100545984024,0.0,0.18121767735848,2.068378990555152
1472,Fresno,Fresno,9.0,24.0,602.0,0.0,467.0,0.0,0.0,0.0,20.0,24.0,91.0,0.0
1473,Fresno,Fresno,390.0,1041.0,47.136757981110314,0.0,17.0,0.0,0.0,7.0,2.0,5.0,12.0,4.136757981110304
1474,Fresno,Fresno,82.0,164.0,1.0,0.0,0.0,0.0,0.0,1.0,0.0,0.0,0.0,0.0
1475,Fresno,Fresno,356.0,858.0,667.9231163724945,197.0,37.0,0.0,1.0,44.0,59.0,143.0,159.0,27.92311637249455
1476,Fresno,Fresno,781.0,1956.0,110.5812214197188,0.0,0.0,0.0,2.0,31.0,44.0,16.0,0.0,17.58122141971879
1477,Fresno,Fresno,524.0,1695.0,221.2735159622206,0.0,16.0,0.0,0.0,35.0,3.0,36.0,123.0,8.273515962220609
1478,Fresno,Fresno,494.0,891.0,44.51284242916364,0.0,7.0,0.0,0.0,22.0,0.0,0.0,0.0,15.512842429163635
1479,Fresno,Fresno,0.0,0.0,0.0,0.0,0.0,0.0,0.0,0.0,0.0,0.0,0.0,0.0
1480,Fresno,Fresno,438.0,1111.0,78.03418949527757,0.0,0.0,0.0,74.0,3.0,0.0,0.0,0.0,1.034189495277576
1481,Fresno,Fresno,633.0,1278.0,384.73515962220614,36.0,144.0,0.0,3.0,45.0,20.0,21.0,33.0,82.73515962220606
1482,Fresno,Fresno,738.0,1367.0,91.0,0.0,43.0,0.0,3.0,9.0,11.0,1.0,24.0,0.0
1483,Fresno,Fresno,467.0,1401.0,238.68378990555152,0.0,86.0,0.0,48.0,20.0,38.0,11.0,15.0,20.68378990555152
1484,Fresno,Fresno,405.0,1129.0,176.0341894952776,35.0,0.0,0.0,19.0,11.0,2.0,108.0,0.0,1.034189495277576
1485,Fresno,Fresno,612.0,1966.0,291.1282533441601,11.0,137.0,0.0,37.0,22.0,11.0,26.0,13.0,34.12825334416
1486,Fresno,Fresno,0.0,0.0,1761.0,0.0,1023.0,0.0,0.0,7.0,107.0,56.0,568.0,0.0
1487,Fresno,Fresno,2.0,6.0,743.5731093300002,0.08966723181,63.52856473488001,0.05820504521000001,0.0,0.36810758322,27.097532778460003,9.0,643.4310319564199,0.0
1488,Fresno,Fresno,0.0,0.0,275.0,0.0,0.0,0.0,0.0,164.0,111.0,0.0,0.0,0.0
1489,Fresno,Fresno,278.0,722.0,143.0,0.0,0.0,0.0,0.0,133.0,10.0,0.0,0.0,0.0
1490,Fresno,Fresno,1170.0,3593.0,455.03418949527764,0.0,107.0,0.0,7.0,81.0,162.0,26.0,71.0,1.034189495277576
1491,Fresno,Fresno,315.0,633.0,576.2393264669431,218.0,128.0,0.0,122.0,13.0,20.0,13.0,55.0,7.239326466943032
1492,Fresno,Fresno,490.0,1231.0,321.47865293388605,0.0,3.0,0.0,2.0,262.0,40.0,0.0,0.0,14.478652933886066
1493,Fresno,Fresno,632.0,1582.0,63.99149536304971,0.0,0.0,0.0,1.0,23.0,10.0,0.0,0.0,29.991495363049697
1494,Fresno,Fresno,525.0,1564.0,363.2651822727466,42.0,0.0,0.0,28.0,18.0,109.0,3.0,4.0,159.2651822727467
1495,Fresno,Fresno,382.0,1130.0,95.1367579811103,0.0,12.0,0.0,0.0,47.0,3.0,9.0,20.0,4.136757981110304
1496,Fresno,Fresno,3.0,9.0,897.0,0.0,102.0,0.0,0.0,3.0,36.0,17.0,739.0,0.0
1497,Fresno,Fresno,8.0,29.0,484.0,0.0,125.0,0.0,3.0,256.0,100.0,0.0,0.0,0.0
1498,Fresno,Fresno,72.0,187.0,2821.008675584427,6.0,123.0,39.0,204.0,1575.0,767.0,1.0,15.0,91.00867558442668
1499,Fresno,Fresno,277.0,722.0,59.37608444805334,0.0,0.0,0.0,14.0,25.0,0.0,4.0,5.0,11.376084448053335
1500,Fresno,Fresno,419.0,1032.0,778.0,0.0,0.0,0.0,73.0,304.0,314.0,10.0,77.0,0.0
1501,Fresno,Fresno,3.0,4.0,2524.0,0.0,11.0,0.0,0.0,2065.0,443.0,3.0,2.0,0.0
1502,Fresno,Fresno,630.0,1386.0,1649.0,4.0,415.0,0.0,1.0,643.0,540.0,7.0,39.0,0.0
1503,Fresno,Fresno,789.0,2060.0,1696.427454164708,0.0,44.0,0.0,51.0,580.0,902.0,25.0,21.0,73.42745416470791
1504,Fresno,Fresno,369.0,690.0,514.0,4.0,0.0,0.0,0.0,472.0,30.0,4.0,4.0,0.0
1505,Fresno,Fresno,0.0,0.0,0.0,0.0,0.0,0.0,0.0,0.0,0.0,0.0,0.0,0.0
1506,Fresno,Fresno,0.0,0.0,0.0,0.0,0.0,0.0,0.0,0.0,0.0,0.0,0.0,0.0
1507,Fresno,Fresno,0.0,0.0,0.0,0.0,0.0,0.0,0.0,0.0,0.0,0.0,0.0,0.0
1508,Fresno,Fresno,0.0,0.0,0.0,0.0,0.0,0.0,0.0,0.0,0.0,0.0,0.0,0.0
1509,Fresno,Fresno,0.0,0.0,0.0,0.0,0.0,0.0,0.0,0.0,0.0,0.0,0.0,0.0
1510,Fresno,Fresno,0.0,0.0,0.0,0.0,0.0,0.0,0.0,0.0,0.0,0.0,0.0,0.0
1511,Fresno,Fresno,0.0,0.0,0.0,0.0,0.0,0.0,0.0,0.0,0.0,0.0,0.0,0.0
1512,Fresno,Fresno,0.0,0.0,0.0,0.0,0.0,0.0,0.0,0.0,0.0,0.0,0.0,0.0
1513,Fresno,Fresno,0.0,0.0,0.0,0.0,0.0,0.0,0.0,0.0,0.0,0.0,0.0,0.0
1514,Fresno,Fresno,0.0,0.0,0.0,0.0,0.0,0.0,0.0,0.0,0.0,0.0,0.0,0.0
1515,Fresno,Fresno,0.0,0.0,0.0,0.0,0.0,0.0,0.0,0.0,0.0,0.0,0.0,0.0
1516,Fresno,Fresno,0.0,0.0,0.0,0.0,0.0,0.0,0.0,0.0,0.0,0.0,0.0,0.0
1517,Fresno,Fresno,0.0,0.0,0.0,0.0,0.0,0.0,0.0,0.0,0.0,0.0,0.0,0.0
1518,Fresno,Fresno,0.0,0.0,0.0,0.0,0.0,0.0,0.0,0.0,0.0,0.0,0.0,0.0
1519,Fresno,Fresno,0.0,0.0,0.0,0.0,0.0,0.0,0.0,0.0,0.0,0.0,0.0,0.0
1520,Fresno,Fresno,0.0,0.0,0.0,0.0,0.0,0.0,0.0,0.0,0.0,0.0,0.0,0.0
1521,Fresno,Fresno,266.0,684.0,33.068378990555146,0.0,0.0,0.0,0.0,27.0,4.0,0.0,0.0,2.068378990555152
1522,Fresno,Fresno,83.0,212.0,6.0,0.0,0.0,0.0,3.0,2.0,1.0,0.0,0.0,0.0
1523,Fresno,Fresno,665.0,1710.0,58.02568485832728,0.0,0.0,0.0,0.0,14.0,8.0,4.0,1.0,31.025684858327278
1524,Fresno,Fresno,237.0,612.0,19.0,0.0,3.0,0.0,0.0,4.0,6.0,4.0,2.0,0.0
1525,Fresno,Fresno,0.0,0.0,0.0,0.0,0.0,0.0,0.0,0.0,0.0,0.0,0.0,0.0
1526,Fresno,Fresno,19.0,48.0,154.0,0.0,46.0,0.0,0.0,12.0,64.0,13.0,19.0,0.0
1527,Fresno,Fresno,42.0,108.0,1.0,0.0,0.0,0.0,0.0,0.0,0.0,1.0,0.0,0.0
1528,Fresno,Fresno,5.0,12.0,7.0,0.0,0.0,0.0,0.0,0.0,7.0,0.0,0.0,0.0
1529,Fresno,Fresno,0.0,0.0,0.0,0.0,0.0,0.0,0.0,0.0,0.0,0.0,0.0,0.0
1530,Fresno,Fresno,0.0,0.0,0.0,0.0,0.0,0.0,0.0,0.0,0.0,0.0,0.0,0.0
1531,Fresno,Fresno,6.0,24.0,298.34189495277576,0.0,0.0,200.0,82.0,0.0,4.0,0.0,2.0,10.34189495277576
1532,Fresno,Fresno,0.0,0.0,0.0,0.0,0.0,0.0,0.0,0.0,0.0,0.0,0.0,0.0
1533,Fresno,Fresno,0.0,0.0,0.0,0.0,0.0,0.0,0.0,0.0,0.0,0.0,0.0,0.0
1534,Fresno,Fresno,0.0,0.0,0.0,0.0,0.0,0.0,0.0,0.0,0.0,0.0,0.0,0.0
1535,Fresno,Fresno,0.0,0.0,0.0,0.0,0.0,0.0,0.0,0.0,0.0,0.0,0.0,0.0
1536,Fresno,Fresno,0.0,0.0,0.0,0.0,0.0,0.0,0.0,0.0,0.0,0.0,0.0,0.0
1537,Fresno,Fresno,0.0,0.0,0.0,0.0,0.0,0.0,0.0,0.0,0.0,0.0,0.0,0.0
1538,Fresno,Fresno,0.0,0.0,0.0,0.0,0.0,0.0,0.0,0.0,0.0,0.0,0.0,0.0
1539,Fresno,Fresno,0.0,0.0,0.0,0.0,0.0,0.0,0.0,0.0,0.0,0.0,0.0,0.0
1540,Fresno,Fresno,0.0,0.0,0.0,0.0,0.0,0.0,0.0,0.0,0.0,0.0,0.0,0.0
1541,Fresno,Huron,162.0,595.0,3.0,0.0,0.0,0.0,1.0,0.0,2.0,0.0,0.0,0.0
1542,Fresno,Huron,79.0,291.0,76.0,0.0,0.0,60.0,0.0,0.0,0.0,0.0,16.0,0.0
1543,Fresno,Huron,298.0,1360.0,57.205136971665446,5.0,0.0,0.0,7.0,1.0,2.0,7.0,29.0,6.205136971665455
1544,Fresno,Huron,245.0,1124.0,1.0,0.0,0.0,0.0,0.0,1.0,0.0,0.0,0.0,0.0
1545,Fresno,Huron,330.0,1355.0,44.0,0.0,5.0,0.0,8.0,4.0,1.0,9.0,17.0,0.0
1546,Fresno,Huron,49.0,150.0,38.02541171712,0.0,5.0,0.025411717120000003,0.0,14.0,5.0,1.0,13.0,0.0
1547,Fresno,Huron,125.0,463.0,357.1799649557673,0.0,0.0,0.0,0.0,0.0,0.0,2.0,17.0,338.17996495576733
1548,Fresno,Huron,96.0,356.0,0.0,0.0,0.0,0.0,0.0,0.0,0.0,0.0,0.0,0.0
1549,Fresno,Huron,185.0,558.0,51.0,4.0,0.0,0.0,3.0,42.0,2.0,0.0,0.0,0.0
1550,Fresno,Huron,44.0,130.0,0.0,0.0,0.0,0.0,0.0,0.0,0.0,0.0,0.0,0.0
1551,Fresno,Huron,0.0,0.0,0.0,0.0,0.0,0.0,0.0,0.0,0.0,0.0,0.0,0.0
1552,Fresno,Huron,0.0,0.0,0.0,0.0,0.0,0.0,0.0,0.0,0.0,0.0,0.0,0.0
1553,Fresno,Huron,0.0,0.0,0.0,0.0,0.0,0.0,0.0,0.0,0.0,0.0,0.0,0.0
1554,Fresno,Huron,0.0,0.0,0.0,0.0,0.0,0.0,0.0,0.0,0.0,0.0,0.0,0.0
1555,Fresno,Huron,0.0,0.0,0.0,0.0,0.0,0.0,0.0,0.0,0.0,0.0,0.0,0.0
1556,Fresno,Huron,0.0,0.0,0.0,0.0,0.0,0.0,0.0,0.0,0.0,0.0,0.0,0.0
1557,Fresno,Huron,0.0,0.0,0.0,0.0,0.0,0.0,0.0,0.0,0.0,0.0,0.0,0.0
1558,Fresno,Huron,0.0,0.0,0.0,0.0,0.0,0.0,0.0,0.0,0.0,0.0,0.0,0.0
1559,Fresno,Huron,0.0,0.0,0.0,0.0,0.0,0.0,0.0,0.0,0.0,0.0,0.0,0.0
1560,Fresno,Huron,0.0,0.0,0.0,0.0,0.0,0.0,0.0,0.0,0.0,0.0,0.0,0.0
1561,Fresno,Unincorporated,144.0,476.0,15.470812974720001,0.0,0.0,0.0,0.0,3.0,0.0,0.23540648736000006,12.23540648736,0.0
1562,Fresno,Unincorporated,0.0,0.0,93.47854195712,0.0,0.0,20.35471096064,0.0,0.0,0.0,36.56191549824001,36.56191549824001,0.0
1563,Fresno,Unincorporated,0.0,0.0,0.0,0.0,0.0,0.0,0.0,0.0,0.0,0.0,0.0,0.0
1564,Fresno,Unincorporated,0.0,0.0,0.0,0.0,0.0,0.0,0.0,0.0,0.0,0.0,0.0,0.0
1565,Fresno,Unincorporated,0.0,0.0,0.0,0.0,0.0,0.0,0.0,0.0,0.0,0.0,0.0,0.0
1566,Fresno,Unincorporated,0.0,0.0,0.0,0.0,0.0,0.0,0.0,0.0,0.0,0.0,0.0,0.0
1567,Fresno,Unincorporated,0.0,0.0,0.0,0.0,0.0,0.0,0.0,0.0,0.0,0.0,0.0,0.0
1568,Fresno,Unincorporated,0.0,0.0,0.0,0.0,0.0,0.0,0.0,0.0,0.0,0.0,0.0,0.0
1569,Fresno,Unincorporated,0.0,0.0,0.0,0.0,0.0,0.0,0.0,0.0,0.0,0.0,0.0,0.0
1570,Fresno,Unincorporated,0.0,0.0,0.0,0.0,0.0,0.0,0.0,0.0,0.0,0.0,0.0,0.0
1571,Fresno,Unincorporated,0.0,0.0,0.0,0.0,0.0,0.0,0.0,0.0,0.0,0.0,0.0,0.0
1572,Fresno,Unincorporated,0.0,0.0,0.0,0.0,0.0,0.0,0.0,0.0,0.0,0.0,0.0,0.0
1573,Fresno,Unincorporated,0.0,0.0,0.0,0.0,0.0,0.0,0.0,0.0,0.0,0.0,0.0,0.0
1574,Fresno,Unincorporated,0.0,0.0,0.0,0.0,0.0,0.0,0.0,0.0,0.0,0.0,0.0,0.0
1575,Fresno,Unincorporated,0.0,0.0,0.0,0.0,0.0,0.0,0.0,0.0,0.0,0.0,0.0,0.0
1576,Fresno,Unincorporated,0.0,0.0,0.0,0.0,0.0,0.0,0.0,0.0,0.0,0.0,0.0,0.0
1577,Fresno,Unincorporated,0.0,0.0,0.0,0.0,0.0,0.0,0.0,0.0,0.0,0.0,0.0,0.0
1578,Fresno,Unincorporated,0.0,0.0,0.0,0.0,0.0,0.0,0.0,0.0,0.0,0.0,0.0,0.0
1579,Fresno,Unincorporated,0.0,0.0,0.0,0.0,0.0,0.0,0.0,0.0,0.0,0.0,0.0,0.0
1580,Fresno,Unincorporated,0.0,0.0,0.0,0.0,0.0,0.0,0.0,0.0,0.0,0.0,0.0,0.0
1581,Fresno,Kerman,4.0,11.0,211.07087662846,0.00403996782222,108.02381454716257,0.00262243525302,0.0,1.01658513105964,0.00439435096452,2.0,100.01942019619804,0.0
1582,Fresno,Kerman,550.0,1918.0,205.32404664683997,6.654208798632118,61.22480976035777,4.319398693848922,0.0,27.31727822596345,12.237911324827914,0.29177070384,93.27866913936985,0.0
1583,Fresno,Kerman,819.0,3298.0,220.906107098594,0.0,0.0,73.0,38.0,22.0,0.0,0.0,0.0,87.90610709859396
1584,Fresno,Kerman,340.0,783.0,684.4703192444123,281.0,70.0,0.0,28.0,58.0,12.0,17.0,53.0,165.4703192444121
1585,Fresno,Kerman,649.0,1969.0,298.68378990555146,10.0,37.0,0.0,8.0,143.0,28.0,7.0,45.0,20.68378990555152
1586,Fresno,Kerman,297.0,885.0,544.0,73.0,61.0,0.0,17.0,28.0,4.0,22.0,339.0,0.0
1587,Fresno,Kerman,476.0,1576.0,163.31063970028973,0.0035703459884400004,0.021046250037119997,0.0023175930100400003,13.0,11.014657209847279,41.00388353423304,0.0,0.01716271580408,98.24800205136972
1588,Fresno,Kerman,388.0,1434.0,626.912774144906,80.15158776941999,14.0,0.0,5.0,68.0,85.0,15.0,4.0,355.76118637548615
1589,Fresno,Kerman,499.0,1006.0,444.53002265054056,147.0,2.0,95.0,36.0,50.0,10.0,0.0,28.0,76.53002265054063
1590,Fresno,Kerman,691.0,2837.0,145.81204324971154,0.0,0.0,0.0,36.0,47.0,4.0,1.0,3.0,54.81204324971152
1591,Fresno,Kerman,9.0,32.0,469.27385785717337,0.0,0.0,0.0,210.0,2.0,0.0,7.0,0.0,250.2738578571734
1592,Fresno,Kerman,3.0,12.0,84.0,0.0,0.0,0.0,38.0,18.0,0.0,0.0,28.0,0.0
1593,Fresno,Kerman,12.0,48.0,1.0,0.0,0.0,0.0,0.0,1.0,0.0,0.0,0.0,0.0
1594,Fresno,Kerman,2.0,8.0,61.0,0.0,0.0,0.0,0.0,0.0,54.0,0.0,7.0,0.0
1595,Fresno,Kerman,0.0,0.0,0.0,0.0,0.0,0.0,0.0,0.0,0.0,0.0,0.0,0.0
1596,Fresno,Kerman,0.0,0.0,0.0,0.0,0.0,0.0,0.0,0.0,0.0,0.0,0.0,0.0
1597,Fresno,Kerman,0.0,0.0,0.0,0.0,0.0,0.0,0.0,0.0,0.0,0.0,0.0,0.0
1598,Fresno,Kerman,0.0,0.0,0.0,0.0,0.0,0.0,0.0,0.0,0.0,0.0,0.0,0.0
1599,Fresno,Kerman,0.0,0.0,0.0,0.0,0.0,0.0,0.0,0.0,0.0,0.0,0.0,0.0
1600,Fresno,Kerman,0.0,0.0,0.0,0.0,0.0,0.0,0.0,0.0,0.0,0.0,0.0,0.0
1601,Fresno,Unincorporated,0.0,0.0,0.0,0.0,0.0,0.0,0.0,0.0,0.0,0.0,0.0,0.0
1602,Fresno,Unincorporated,0.0,0.0,0.0,0.0,0.0,0.0,0.0,0.0,0.0,0.0,0.0,0.0
1603,Fresno,Unincorporated,0.0,0.0,0.0,0.0,0.0,0.0,0.0,0.0,0.0,0.0,0.0,0.0
1604,Fresno,Unincorporated,0.0,0.0,0.0,0.0,0.0,0.0,0.0,0.0,0.0,0.0,0.0,0.0
1605,Fresno,Unincorporated,0.0,0.0,0.0,0.0,0.0,0.0,0.0,0.0,0.0,0.0,0.0,0.0
1606,Fresno,Unincorporated,0.0,0.0,0.0,0.0,0.0,0.0,0.0,0.0,0.0,0.0,0.0,0.0
1607,Fresno,Unincorporated,0.0,0.0,0.0,0.0,0.0,0.0,0.0,0.0,0.0,0.0,0.0,0.0
1608,Fresno,Unincorporated,0.0,0.0,0.0,0.0,0.0,0.0,0.0,0.0,0.0,0.0,0.0,0.0
1609,Fresno,Unincorporated,0.0,0.0,0.0,0.0,0.0,0.0,0.0,0.0,0.0,0.0,0.0,0.0
1610,Fresno,Unincorporated,0.0,0.0,0.0,0.0,0.0,0.0,0.0,0.0,0.0,0.0,0.0,0.0
1611,Fresno,Unincorporated,307.0,963.0,87.53925035474,4.989737270220179,29.413188119192643,3.2389522631253804,0.0,20.484184583009164,5.427433521993879,0.0,23.985754597198767,0.0
1612,Fresno,Unincorporated,4.0,12.0,1.0,0.0,0.0,0.0,0.0,1.0,0.0,0.0,0.0,0.0
1613,Fresno,Unincorporated,304.0,1170.0,80.10256848583273,51.0,0.0,0.0,6.0,15.0,5.0,0.0,0.0,3.102568485832728
1614,Fresno,Unincorporated,3.0,11.0,16.590657767659998,0.0,0.0,0.0,6.737650534705999,0.0,0.0,6.370285873914,3.4827213590400006,0.0
1615,Fresno,Unincorporated,2.0,7.0,471.25481576353,0.0,0.0,0.0,195.890126145511,0.0,0.0,179.6588004116191,95.70588920640002,0.0
1616,Fresno,Unincorporated,5.0,20.0,14.478652933886064,0.0,0.0,0.0,0.0,0.0,0.0,0.0,0.0,14.478652933886064
1617,Fresno,Unincorporated,4.0,16.0,0.0,0.0,0.0,0.0,0.0,0.0,0.0,0.0,0.0,0.0
1618,Fresno,Unincorporated,0.0,0.0,0.0,0.0,0.0,0.0,0.0,0.0,0.0,0.0,0.0,0.0
1619,Fresno,Unincorporated,0.0,0.0,0.0,0.0,0.0,0.0,0.0,0.0,0.0,0.0,0.0,0.0
1620,Fresno,Unincorporated,0.0,0.0,0.0,0.0,0.0,0.0,0.0,0.0,0.0,0.0,0.0,0.0
1621,Fresno,Unincorporated,0.0,0.0,0.0,0.0,0.0,0.0,0.0,0.0,0.0,0.0,0.0,0.0
1622,Fresno,Unincorporated,0.0,0.0,0.0,0.0,0.0,0.0,0.0,0.0,0.0,0.0,0.0,0.0
1623,Fresno,Unincorporated,0.0,0.0,0.0,0.0,0.0,0.0,0.0,0.0,0.0,0.0,0.0,0.0
1624,Fresno,Unincorporated,0.0,0.0,0.0,0.0,0.0,0.0,0.0,0.0,0.0,0.0,0.0,0.0
1625,Fresno,Unincorporated,0.0,0.0,0.0,0.0,0.0,0.0,0.0,0.0,0.0,0.0,0.0,0.0
1626,Fresno,Unincorporated,0.0,0.0,0.0,0.0,0.0,0.0,0.0,0.0,0.0,0.0,0.0,0.0
1627,Fresno,Unincorporated,0.0,0.0,0.0,0.0,0.0,0.0,0.0,0.0,0.0,0.0,0.0,0.0
1628,Fresno,Unincorporated,0.0,0.0,0.0,0.0,0.0,0.0,0.0,0.0,0.0,0.0,0.0,0.0
1629,Fresno,Unincorporated,0.0,0.0,0.0,0.0,0.0,0.0,0.0,0.0,0.0,0.0,0.0,0.0
1630,Fresno,Unincorporated,0.0,0.0,0.0,0.0,0.0,0.0,0.0,0.0,0.0,0.0,0.0,0.0
1631,Fresno,Kingsburg,2.0,4.0,282.3248856788752,0.0,2.0,0.0,191.0,0.0,0.0,10.0,9.0,70.32488567887516
1632,Fresno,Kingsburg,256.0,708.0,48.79092995644545,0.03339020013246,0.19682644288608,0.021674340436860003,22.0,12.13707555843852,2.03631916505636,6.0,0.16050727782972002,6.205136971665455
1633,Fresno,Kingsburg,406.0,1107.0,163.20513697166547,5.0,0.0,0.0,7.0,109.0,29.0,4.0,3.0,6.205136971665455
1634,Fresno,Kingsburg,431.0,1423.0,39.17094747638788,0.0,0.0,0.0,5.0,18.0,8.0,0.0,3.0,5.170947476387878
1635,Fresno,Kingsburg,5.0,17.0,152.17730225535516,7.625898185476481,21.689505093335036,0.40628478706368,8.0,2.56947676142976,59.68080153507968,10.0,6.00870355825536,36.19663233471515
1636,Fresno,Kingsburg,0.0,0.0,459.0,0.0,91.0,0.0,0.0,0.0,0.0,0.0,368.0,0.0
1637,Fresno,Kingsburg,8.0,24.0,541.8841656809078,0.0,63.0,0.0,287.09925274316396,0.0,16.0,48.613965461355974,122.0,5.170947476387878
1638,Fresno,Kingsburg,424.0,982.0,107.34189495277576,64.0,11.0,0.0,0.0,19.0,1.0,2.0,0.0,10.34189495277576
1639,Fresno,Kingsburg,127.0,346.0,2.0,0.0,0.0,0.0,0.0,2.0,0.0,0.0,0.0,0.0
1640,Fresno,Kingsburg,268.0,887.0,161.20513697166547,116.0,1.0,0.0,0.0,16.0,5.0,5.0,12.0,6.205136971665455
1641,Fresno,Kingsburg,550.0,1982.0,154.8462327449891,55.0,17.0,0.0,17.0,8.0,1.0,1.0,0.0,55.8462327449891
1642,Fresno,Kingsburg,452.0,1386.0,212.59840164109573,0.0,32.0,0.0,1.0,50.0,13.0,3.0,35.0,78.59840164109576
1643,Fresno,Kingsburg,257.0,730.0,447.2378821899625,54.41970962748884,61.76839701027632,4.20396107696644,0.0,59.553215592112075,7.07847302361944,0.0,22.350541945656875,237.86358391384246
1644,Fresno,Kingsburg,13.0,27.0,285.9914953630497,0.0,42.0,0.0,146.0,26.0,6.0,9.0,27.0,29.991495363049697
1645,Fresno,Kingsburg,230.0,483.0,1901.480020513697,26.0,141.0,116.0,45.0,194.0,175.0,33.0,189.0,982.4800205136972
1646,Fresno,Kingsburg,216.0,561.0,160.23932646694303,104.0,0.0,0.0,32.0,1.0,16.0,0.0,0.0,7.239326466943032
1647,Fresno,Kingsburg,177.0,463.0,19.102568485832727,9.0,0.0,0.0,0.0,6.0,1.0,0.0,0.0,3.102568485832728
1648,Fresno,Kingsburg,282.0,771.0,29.959411121497574,0.6227376326945401,3.67087446640992,0.4042332001701401,7.0,8.55650186053548,0.67736374082564,5.0,2.9935107255842803,1.034189495277576
1649,Fresno,Kingsburg,245.0,645.0,134.28219154664728,0.0,0.0,13.0,5.0,6.0,11.0,0.0,0.0,99.28219154664728
1650,Fresno,Kingsburg,0.0,0.0,0.0,0.0,0.0,0.0,0.0,0.0,0.0,0.0,0.0,0.0
1651,Fresno,Kingsburg,0.0,0.0,0.0,0.0,0.0,0.0,0.0,0.0,0.0,0.0,0.0,0.0
1652,Fresno,Kingsburg,0.0,0.0,0.0,0.0,0.0,0.0,0.0,0.0,0.0,0.0,0.0,0.0
1653,Fresno,Kingsburg,0.0,0.0,0.0,0.0,0.0,0.0,0.0,0.0,0.0,0.0,0.0,0.0
1654,Fresno,Kingsburg,0.0,0.0,0.0,0.0,0.0,0.0,0.0,0.0,0.0,0.0,0.0,0.0
1655,Fresno,Kingsburg,0.0,0.0,0.0,0.0,0.0,0.0,0.0,0.0,0.0,0.0,0.0,0.0
1656,Fresno,Kingsburg,0.0,0.0,0.0,0.0,0.0,0.0,0.0,0.0,0.0,0.0,0.0,0.0
1657,Fresno,Kingsburg,0.0,0.0,0.0,0.0,0.0,0.0,0.0,0.0,0.0,0.0,0.0,0.0
1658,Fresno,Kingsburg,0.0,0.0,0.0,0.0,0.0,0.0,0.0,0.0,0.0,0.0,0.0,0.0
1659,Fresno,Kingsburg,0.0,0.0,0.0,0.0,0.0,0.0,0.0,0.0,0.0,0.0,0.0,0.0
1660,Fresno,Kingsburg,0.0,0.0,0.0,0.0,0.0,0.0,0.0,0.0,0.0,0.0,0.0,0.0
1661,Fresno,Unincorporated,160.0,442.0,130.37788664425716,9.67034470716435,22.138371112917813,6.424016435925879,0.0,40.33978316588574,10.798827634166932,0.0,41.00654358819644,0.0
1662,Fresno,Unincorporated,27.0,98.0,30.888926877216967,0.0,0.0,0.0,1.0,1.0,2.0,0.0,0.0,26.888926877216967
1663,Fresno,Unincorporated,1.0,3.0,768.0,0.0,0.0,0.0,742.0,0.0,26.0,0.0,0.0,0.0
1664,Fresno,Unincorporated,238.0,649.0,545.2008276536927,2.8212384738232203,16.63045837201056,1.83133023739402,374.032215801568,11.58192636622164,3.0687155329305202,84.44237820067201,13.561742839080038,37.230821829992735
1665,Fresno,Unincorporated,1142.0,2682.0,47.273515962220614,0.0,30.0,0.0,3.0,3.0,3.0,0.0,0.0,8.273515962220609
1666,Fresno,Unincorporated,134.0,304.0,18.51284242916364,0.0,0.0,0.0,0.0,0.0,0.0,3.0,0.0,15.512842429163635
1667,Fresno,Unincorporated,50.0,135.0,0.0,0.0,0.0,0.0,0.0,0.0,0.0,0.0,0.0,0.0
1668,Fresno,Unincorporated,0.0,0.0,0.0,0.0,0.0,0.0,0.0,0.0,0.0,0.0,0.0,0.0
1669,Fresno,Unincorporated,0.0,0.0,0.0,0.0,0.0,0.0,0.0,0.0,0.0,0.0,0.0,0.0
1670,Fresno,Unincorporated,0.0,0.0,0.0,0.0,0.0,0.0,0.0,0.0,0.0,0.0,0.0,0.0
1671,Fresno,Unincorporated,0.0,0.0,0.0,0.0,0.0,0.0,0.0,0.0,0.0,0.0,0.0,0.0
1672,Fresno,Unincorporated,0.0,0.0,0.0,0.0,0.0,0.0,0.0,0.0,0.0,0.0,0.0,0.0
1673,Fresno,Unincorporated,0.0,0.0,0.0,0.0,0.0,0.0,0.0,0.0,0.0,0.0,0.0,0.0
1674,Fresno,Unincorporated,0.0,0.0,0.0,0.0,0.0,0.0,0.0,0.0,0.0,0.0,0.0,0.0
1675,Fresno,Unincorporated,0.0,0.0,0.0,0.0,0.0,0.0,0.0,0.0,0.0,0.0,0.0,0.0
1676,Fresno,Unincorporated,0.0,0.0,0.0,0.0,0.0,0.0,0.0,0.0,0.0,0.0,0.0,0.0
1677,Fresno,Unincorporated,0.0,0.0,0.0,0.0,0.0,0.0,0.0,0.0,0.0,0.0,0.0,0.0
1678,Fresno,Unincorporated,0.0,0.0,0.0,0.0,0.0,0.0,0.0,0.0,0.0,0.0,0.0,0.0
1679,Fresno,Unincorporated,0.0,0.0,0.0,0.0,0.0,0.0,0.0,0.0,0.0,0.0,0.0,0.0
1680,Fresno,Unincorporated,0.0,0.0,0.0,0.0,0.0,0.0,0.0,0.0,0.0,0.0,0.0,0.0
1681,Fresno,Mendota,619.0,2355.0,140.0,58.0,2.0,0.0,20.0,54.0,4.0,0.0,2.0,0.0
1682,Fresno,Mendota,358.0,1320.0,393.0,242.0,50.0,0.0,18.0,34.0,0.0,2.0,47.0,0.0
1683,Fresno,Mendota,159.0,604.0,2.0,0.0,0.0,0.0,0.0,2.0,0.0,0.0,0.0,0.0
1684,Fresno,Mendota,587.0,2428.0,161.0,0.0,0.0,0.0,111.0,50.0,0.0,0.0,0.0,0.0
1685,Fresno,Mendota,42.0,106.0,2.0,0.0,0.0,0.0,2.0,0.0,0.0,0.0,0.0,0.0
1686,Fresno,Mendota,261.0,811.0,558.3579105765576,42.0,41.0,57.0,47.2083860296,5.0,5.0,8.089308298399999,79.0,274.0602162485576
1687,Fresno,Mendota,237.0,593.0,9.0,0.0,2.0,0.0,1.0,6.0,0.0,0.0,0.0,0.0
1688,Fresno,Mendota,381.0,1131.0,188.12825334416002,6.0,32.0,0.0,28.0,24.0,11.0,0.0,53.0,34.12825334416
1689,Fresno,Mendota,0.0,0.0,5.170947476387878,0.0,0.0,0.0,0.0,0.0,0.0,0.0,0.0,5.170947476387878
1690,Fresno,Mendota,5.0,16.0,0.0,0.0,0.0,0.0,0.0,0.0,0.0,0.0,0.0,0.0
1691,Fresno,Mendota,0.0,0.0,3.0,3.0,0.0,0.0,0.0,0.0,0.0,0.0,0.0,0.0
1692,Fresno,Mendota,0.0,0.0,108.80644199272,74.0,0.0,0.0,24.964509394904,0.0,0.0,9.841932597816,0.0,0.0
1693,Fresno,Mendota,0.0,0.0,0.0,0.0,0.0,0.0,0.0,0.0,0.0,0.0,0.0,0.0
1694,Fresno,Mendota,0.0,0.0,0.0,0.0,0.0,0.0,0.0,0.0,0.0,0.0,0.0,0.0
1695,Fresno,Mendota,0.0,0.0,0.0,0.0,0.0,0.0,0.0,0.0,0.0,0.0,0.0,0.0
1696,Fresno,Mendota,0.0,0.0,0.0,0.0,0.0,0.0,0.0,0.0,0.0,0.0,0.0,0.0
1697,Fresno,Mendota,0.0,0.0,0.0,0.0,0.0,0.0,0.0,0.0,0.0,0.0,0.0,0.0
1698,Fresno,Mendota,0.0,0.0,0.0,0.0,0.0,0.0,0.0,0.0,0.0,0.0,0.0,0.0
1699,Fresno,Mendota,0.0,0.0,0.0,0.0,0.0,0.0,0.0,0.0,0.0,0.0,0.0,0.0
1700,Fresno,Mendota,0.0,0.0,0.0,0.0,0.0,0.0,0.0,0.0,0.0,0.0,0.0,0.0
1701,Fresno,Unincorporated,590.0,2891.0,336.84987484224,0.0,0.0,88.09336398335998,123.0,0.0,0.0,0.0,125.75651085888002,0.0
1702,Fresno,Unincorporated,0.0,0.0,0.0,0.0,0.0,0.0,0.0,0.0,0.0,0.0,0.0,0.0
1703,Fresno,Unincorporated,0.0,0.0,0.0,0.0,0.0,0.0,0.0,0.0,0.0,0.0,0.0,0.0
1704,Fresno,Unincorporated,0.0,0.0,0.0,0.0,0.0,0.0,0.0,0.0,0.0,0.0,0.0,0.0
1705,Fresno,Unincorporated,0.0,0.0,0.0,0.0,0.0,0.0,0.0,0.0,0.0,0.0,0.0,0.0
1706,Fresno,Unincorporated,0.0,0.0,0.0,0.0,0.0,0.0,0.0,0.0,0.0,0.0,0.0,0.0
1707,Fresno,Unincorporated,0.0,0.0,0.0,0.0,0.0,0.0,0.0,0.0,0.0,0.0,0.0,0.0
1708,Fresno,Unincorporated,0.0,0.0,0.0,0.0,0.0,0.0,0.0,0.0,0.0,0.0,0.0,0.0
1709,Fresno,Unincorporated,0.0,0.0,0.0,0.0,0.0,0.0,0.0,0.0,0.0,0.0,0.0,0.0
1710,Fresno,Unincorporated,0.0,0.0,0.0,0.0,0.0,0.0,0.0,0.0,0.0,0.0,0.0,0.0
1711,Fresno,Unincorporated,0.0,0.0,0.0,0.0,0.0,0.0,0.0,0.0,0.0,0.0,0.0,0.0
1712,Fresno,Unincorporated,0.0,0.0,0.0,0.0,0.0,0.0,0.0,0.0,0.0,0.0,0.0,0.0
1713,Fresno,Unincorporated,0.0,0.0,0.0,0.0,0.0,0.0,0.0,0.0,0.0,0.0,0.0,0.0
1714,Fresno,Unincorporated,0.0,0.0,0.0,0.0,0.0,0.0,0.0,0.0,0.0,0.0,0.0,0.0
1715,Fresno,Unincorporated,0.0,0.0,0.0,0.0,0.0,0.0,0.0,0.0,0.0,0.0,0.0,0.0
1716,Fresno,Unincorporated,0.0,0.0,0.0,0.0,0.0,0.0,0.0,0.0,0.0,0.0,0.0,0.0
1717,Fresno,Unincorporated,0.0,0.0,0.0,0.0,0.0,0.0,0.0,0.0,0.0,0.0,0.0,0.0
1718,Fresno,Unincorporated,0.0,0.0,0.0,0.0,0.0,0.0,0.0,0.0,0.0,0.0,0.0,0.0
1719,Fresno,Unincorporated,0.0,0.0,0.0,0.0,0.0,0.0,0.0,0.0,0.0,0.0,0.0,0.0
1720,Fresno,Unincorporated,0.0,0.0,0.0,0.0,0.0,0.0,0.0,0.0,0.0,0.0,0.0,0.0
1721,Fresno,Orange Cove,325.0,1180.0,56.0,0.0,0.0,0.0,0.0,54.0,2.0,0.0,0.0,0.0
1722,Fresno,Orange Cove,262.0,1014.0,59.0,38.0,0.0,0.0,1.0,20.0,0.0,0.0,0.0,0.0
1723,Fresno,Orange Cove,128.0,495.0,77.26501132527031,35.0,0.0,0.0,0.0,3.0,1.0,0.0,0.0,38.265011325270315
1724,Fresno,Orange Cove,0.0,0.0,60.0,0.0,1.0,0.0,13.0,29.0,0.0,0.0,17.0,0.0
1725,Fresno,Orange Cove,98.0,392.0,713.0,0.0,700.0,0.0,0.0,13.0,0.0,0.0,0.0,0.0
1726,Fresno,Orange Cove,131.0,524.0,87.0,0.0,2.0,26.0,16.0,30.0,4.0,0.0,9.0,0.0
1727,Fresno,Orange Cove,477.0,2010.0,41.0,0.0,0.0,0.0,0.0,20.0,4.0,0.0,17.0,0.0
1728,Fresno,Orange Cove,237.0,786.0,78.0,0.0,0.0,0.0,0.0,16.0,2.0,0.0,60.0,0.0
1729,Fresno,Orange Cove,232.0,902.0,172.56421214581817,37.0,13.0,0.0,0.0,33.0,5.0,0.0,7.0,77.56421214581819
1730,Fresno,Orange Cove,176.0,705.0,134.1367579811103,0.0,5.0,42.0,19.0,55.0,9.0,0.0,0.0,4.136757981110304
1731,Fresno,Orange Cove,365.0,1317.0,13.0,0.0,0.0,0.0,0.0,13.0,0.0,0.0,0.0,0.0
1732,Fresno,Orange Cove,5.0,18.0,0.0,0.0,0.0,0.0,0.0,0.0,0.0,0.0,0.0,0.0
1733,Fresno,Orange Cove,0.0,0.0,0.0,0.0,0.0,0.0,0.0,0.0,0.0,0.0,0.0,0.0
1734,Fresno,Orange Cove,0.0,0.0,0.0,0.0,0.0,0.0,0.0,0.0,0.0,0.0,0.0,0.0
1735,Fresno,Orange Cove,0.0,0.0,0.0,0.0,0.0,0.0,0.0,0.0,0.0,0.0,0.0,0.0
1736,Fresno,Orange Cove,0.0,0.0,0.0,0.0,0.0,0.0,0.0,0.0,0.0,0.0,0.0,0.0
1737,Fresno,Orange Cove,0.0,0.0,0.0,0.0,0.0,0.0,0.0,0.0,0.0,0.0,0.0,0.0
1738,Fresno,Orange Cove,0.0,0.0,0.0,0.0,0.0,0.0,0.0,0.0,0.0,0.0,0.0,0.0
1739,Fresno,Orange Cove,0.0,0.0,0.0,0.0,0.0,0.0,0.0,0.0,0.0,0.0,0.0,0.0
1740,Fresno,Orange Cove,0.0,0.0,0.0,0.0,0.0,0.0,0.0,0.0,0.0,0.0,0.0,0.0
1741,Fresno,Orange Cove,0.0,0.0,0.0,0.0,0.0,0.0,0.0,0.0,0.0,0.0,0.0,0.0
1742,Fresno,Orange Cove,26.0,67.0,70.25111819047,0.0,0.0,0.0,35.175782733329,0.0,0.0,15.075335457141,20.0,0.0
1743,Fresno,Orange Cove,2.0,7.0,112.0,109.0,0.0,0.0,0.0,3.0,0.0,0.0,0.0,0.0
1744,Fresno,Orange Cove,3.0,11.0,0.6864313762800001,0.0,0.0,0.0,0.4805019633959999,0.0,0.0,0.20592941288400002,0.0,0.0
1745,Fresno,Orange Cove,0.0,0.0,0.0,0.0,0.0,0.0,0.0,0.0,0.0,0.0,0.0,0.0
1746,Fresno,Orange Cove,0.0,0.0,0.0,0.0,0.0,0.0,0.0,0.0,0.0,0.0,0.0,0.0
1747,Fresno,Orange Cove,0.0,0.0,0.0,0.0,0.0,0.0,0.0,0.0,0.0,0.0,0.0,0.0
1748,Fresno,Orange Cove,0.0,0.0,0.0,0.0,0.0,0.0,0.0,0.0,0.0,0.0,0.0,0.0
1749,Fresno,Orange Cove,0.0,0.0,0.0,0.0,0.0,0.0,0.0,0.0,0.0,0.0,0.0,0.0
1750,Fresno,Orange Cove,0.0,0.0,0.0,0.0,0.0,0.0,0.0,0.0,0.0,0.0,0.0,0.0
1751,Fresno,Parlier,382.0,1872.0,58.136757981110314,0.0,0.0,0.0,2.0,24.0,21.0,7.0,0.0,4.136757981110304
1752,Fresno,Parlier,211.0,728.0,774.0,288.0,0.0,0.0,456.0,27.0,2.0,0.0,1.0,0.0
1753,Fresno,Parlier,96.0,333.0,46.33339031582546,0.0,0.0,0.0,0.0,6.0,0.0,0.0,0.0,40.33339031582546
1754,Fresno,Parlier,696.0,3107.0,108.51345615136,0.0,0.0,0.0,0.0,73.0,1.0,24.0,10.51345615136,0.0
1755,Fresno,Parlier,488.0,1926.0,147.0,48.0,24.0,0.0,0.0,36.0,8.0,0.0,31.0,0.0
1756,Fresno,Parlier,581.0,1841.0,425.73821164668124,45.0,49.0,97.19117972224001,14.0,75.0,53.0,0.0,76.0,16.547031924441217
1757,Fresno,Parlier,306.0,651.0,1240.6678063165089,58.0,14.0,0.0,1.0,323.0,17.0,5.0,16.0,806.6678063165092
1758,Fresno,Parlier,56.0,222.0,0.0,0.0,0.0,0.0,0.0,0.0,0.0,0.0,0.0,0.0
1759,Fresno,Parlier,3.0,11.0,0.0,0.0,0.0,0.0,0.0,0.0,0.0,0.0,0.0,0.0
1760,Fresno,Parlier,0.0,0.0,0.0,0.0,0.0,0.0,0.0,0.0,0.0,0.0,0.0,0.0
1761,Fresno,Parlier,0.0,0.0,0.0,0.0,0.0,0.0,0.0,0.0,0.0,0.0,0.0,0.0
1762,Fresno,Parlier,0.0,0.0,0.0,0.0,0.0,0.0,0.0,0.0,0.0,0.0,0.0,0.0
1763,Fresno,Parlier,0.0,0.0,0.0,0.0,0.0,0.0,0.0,0.0,0.0,0.0,0.0,0.0
1764,Fresno,Parlier,0.0,0.0,0.0,0.0,0.0,0.0,0.0,0.0,0.0,0.0,0.0,0.0
1765,Fresno,Parlier,0.0,0.0,0.0,0.0,0.0,0.0,0.0,0.0,0.0,0.0,0.0,0.0
1766,Fresno,Parlier,0.0,0.0,0.0,0.0,0.0,0.0,0.0,0.0,0.0,0.0,0.0,0.0
1767,Fresno,Parlier,0.0,0.0,0.0,0.0,0.0,0.0,0.0,0.0,0.0,0.0,0.0,0.0
1768,Fresno,Parlier,0.0,0.0,0.0,0.0,0.0,0.0,0.0,0.0,0.0,0.0,0.0,0.0
1769,Fresno,Parlier,0.0,0.0,0.0,0.0,0.0,0.0,0.0,0.0,0.0,0.0,0.0,0.0
1770,Fresno,Parlier,0.0,0.0,0.0,0.0,0.0,0.0,0.0,0.0,0.0,0.0,0.0,0.0
1771,Fresno,Parlier,310.0,1478.0,47.0,38.0,0.0,0.0,0.0,6.0,3.0,0.0,0.0,0.0
1772,Fresno,Parlier,144.0,694.0,16.0,0.0,0.0,0.0,1.0,3.0,1.0,11.0,0.0,0.0
1773,Fresno,Parlier,0.0,0.0,0.0,0.0,0.0,0.0,0.0,0.0,0.0,0.0,0.0,0.0
1774,Fresno,Parlier,32.0,123.0,0.0,0.0,0.0,0.0,0.0,0.0,0.0,0.0,0.0,0.0
1775,Fresno,Parlier,2.0,7.0,225.0,0.0,0.0,0.0,219.0,6.0,0.0,0.0,0.0,0.0
1776,Fresno,Parlier,135.0,533.0,82.0,0.0,28.0,0.0,0.0,8.0,3.0,0.0,43.0,0.0
1777,Fresno,Parlier,2.0,8.0,21.0,0.0,0.0,0.0,0.0,0.0,21.0,0.0,0.0,0.0
1778,Fresno,Parlier,87.0,177.0,157.26976355138,7.6273421287288174,44.96117465355936,4.951081732683621,0.0,31.31224663372885,8.29640722774012,0.0,60.12151117493925,0.0
1779,Fresno,Parlier,3.0,11.0,26.126085616417214,26.126085616417214,0.0,0.0,0.0,0.0,0.0,0.0,0.0,0.0
1780,Fresno,Parlier,2.0,8.0,0.0,0.0,0.0,0.0,0.0,0.0,0.0,0.0,0.0,0.0
1781,Fresno,Unincorporated,0.0,0.0,0.0,0.0,0.0,0.0,0.0,0.0,0.0,0.0,0.0,0.0
1782,Fresno,Unincorporated,0.0,0.0,0.0,0.0,0.0,0.0,0.0,0.0,0.0,0.0,0.0,0.0
1783,Fresno,Unincorporated,0.0,0.0,0.0,0.0,0.0,0.0,0.0,0.0,0.0,0.0,0.0,0.0
1784,Fresno,Unincorporated,0.0,0.0,0.0,0.0,0.0,0.0,0.0,0.0,0.0,0.0,0.0,0.0
1785,Fresno,Unincorporated,0.0,0.0,0.0,0.0,0.0,0.0,0.0,0.0,0.0,0.0,0.0,0.0
1786,Fresno,Unincorporated,0.0,0.0,0.0,0.0,0.0,0.0,0.0,0.0,0.0,0.0,0.0,0.0
1787,Fresno,Unincorporated,0.0,0.0,0.0,0.0,0.0,0.0,0.0,0.0,0.0,0.0,0.0,0.0
1788,Fresno,Unincorporated,0.0,0.0,0.0,0.0,0.0,0.0,0.0,0.0,0.0,0.0,0.0,0.0
1789,Fresno,Unincorporated,0.0,0.0,0.0,0.0,0.0,0.0,0.0,0.0,0.0,0.0,0.0,0.0
1790,Fresno,Unincorporated,0.0,0.0,0.0,0.0,0.0,0.0,0.0,0.0,0.0,0.0,0.0,0.0
1791,Fresno,Reedley,245.0,832.0,2.0,0.0,0.0,0.0,0.0,2.0,0.0,0.0,0.0,0.0
1792,Fresno,Reedley,299.0,1015.0,61.47865293388605,0.0,23.0,0.0,0.0,16.0,5.0,0.0,3.0,14.478652933886066
1793,Fresno,Reedley,0.0,0.0,880.34277915136,644.0,0.0,183.34277915136002,53.0,0.0,0.0,0.0,0.0,0.0
1794,Fresno,Reedley,297.0,934.0,31.652201052160002,0.0,1.0,14.65220105216,0.0,4.0,8.0,2.0,2.0,0.0
1795,Fresno,Reedley,248.0,815.0,509.0683789905552,0.0,20.0,0.0,7.0,464.0,13.0,3.0,0.0,2.068378990555152
1796,Fresno,Reedley,340.0,1365.0,112.17094747638788,52.0,20.0,0.0,0.0,20.0,0.0,0.0,15.0,5.170947476387878
1797,Fresno,Reedley,581.0,2215.0,718.0688918329843,0.0,65.0,0.0,0.0,159.0,13.0,11.0,105.0,365.06889183298426
1798,Fresno,Reedley,397.0,998.0,146.1367579811103,0.0,70.0,0.0,0.0,8.0,5.0,17.0,42.0,4.136757981110304
1799,Fresno,Reedley,0.0,0.0,211.0,0.0,133.0,0.0,2.0,13.0,6.0,4.0,53.0,0.0
1800,Fresno,Reedley,96.0,289.0,736.94502135808,657.0,23.0,1.94502135808,55.0,0.0,0.0,0.0,0.0,0.0
1801,Fresno,Reedley,126.0,510.0,35.0,35.0,0.0,0.0,0.0,0.0,0.0,0.0,0.0,0.0
1802,Fresno,Reedley,54.0,218.0,51.06837899055515,0.0,0.0,0.0,0.0,39.0,0.0,2.0,8.0,2.068378990555152
1803,Fresno,Reedley,343.0,1273.0,204.0,0.0,72.0,0.0,0.0,35.0,0.0,14.0,83.0,0.0
1804,Fresno,Reedley,318.0,1273.0,511.7355015171588,30.0,17.0,0.0,1.0,33.0,24.0,35.0,47.0,324.7355015171588
1805,Fresno,Reedley,455.0,1195.0,2104.007170372519,68.36366991825639,55.0068731105,244.73490528870042,576.0,673.0565651789921,179.81508404773118,52.0,110.55107799950001,144.47899482883884
1806,Fresno,Reedley,476.0,2179.0,400.7666913002764,51.0,0.0,28.125253632000003,2.0,26.0,2.0,0.0,0.0,291.64143766827635
1807,Fresno,Reedley,310.0,1121.0,53.41027394333091,0.0,0.0,0.0,0.0,26.0,15.0,0.0,0.0,12.41027394333091
1808,Fresno,Reedley,343.0,1042.0,159.0,0.0,0.0,0.0,0.0,157.0,2.0,0.0,0.0,0.0
1809,Fresno,Reedley,414.0,1502.0,325.0,201.0,0.0,18.0,0.0,93.0,4.0,0.0,9.0,0.0
1810,Fresno,Reedley,171.0,415.0,10.0,0.0,0.0,0.0,0.0,7.0,3.0,0.0,0.0,0.0
1811,Fresno,Reedley,86.0,237.0,3.0,0.0,0.0,0.0,0.0,3.0,0.0,0.0,0.0,0.0
1812,Fresno,Reedley,0.0,0.0,6.0,0.0,0.0,0.0,0.0,0.0,0.0,6.0,0.0,0.0
1813,Fresno,Reedley,450.0,1513.0,149.06837899055515,135.0,0.0,0.0,0.0,12.0,0.0,0.0,0.0,2.068378990555152
1814,Fresno,Reedley,358.0,1086.0,210.0,0.0,0.0,0.0,0.0,207.0,3.0,0.0,0.0,0.0
1815,Fresno,Reedley,463.0,1535.0,15.170429713352725,0.0,0.0,0.06786122752000001,3.0,6.0,2.0,0.0,1.0,3.102568485832728
1816,Fresno,Reedley,8.0,27.0,612.2827043890762,0.0,0.0,0.0,128.0,0.0,2.0,2.0,18.0,462.2827043890764
1817,Fresno,Reedley,8.0,24.0,201.83772810803882,0.0,0.0,0.0,116.0,0.0,0.0,0.0,0.0,85.8377281080388
1818,Fresno,Reedley,287.0,734.0,222.96489843911667,0.0,35.0,0.0,44.846780410924225,6.225217123283442,30.30625931504397,6.270260547940133,0.0,100.31638104192486
1819,Fresno,Reedley,0.0,0.0,0.0,0.0,0.0,0.0,0.0,0.0,0.0,0.0,0.0,0.0
1820,Fresno,Reedley,0.0,0.0,0.0,0.0,0.0,0.0,0.0,0.0,0.0,0.0,0.0,0.0
1821,Fresno,Reedley,0.0,0.0,0.0,0.0,0.0,0.0,0.0,0.0,0.0,0.0,0.0,0.0
1822,Fresno,Reedley,0.0,0.0,0.0,0.0,0.0,0.0,0.0,0.0,0.0,0.0,0.0,0.0
1823,Fresno,Reedley,0.0,0.0,0.0,0.0,0.0,0.0,0.0,0.0,0.0,0.0,0.0,0.0
1824,Fresno,Reedley,0.0,0.0,0.0,0.0,0.0,0.0,0.0,0.0,0.0,0.0,0.0,0.0
1825,Fresno,Reedley,0.0,0.0,0.0,0.0,0.0,0.0,0.0,0.0,0.0,0.0,0.0,0.0
1826,Fresno,Reedley,0.0,0.0,0.0,0.0,0.0,0.0,0.0,0.0,0.0,0.0,0.0,0.0
1827,Fresno,Reedley,0.0,0.0,0.0,0.0,0.0,0.0,0.0,0.0,0.0,0.0,0.0,0.0
1828,Fresno,Reedley,0.0,0.0,0.0,0.0,0.0,0.0,0.0,0.0,0.0,0.0,0.0,0.0
1829,Fresno,Reedley,0.0,0.0,0.0,0.0,0.0,0.0,0.0,0.0,0.0,0.0,0.0,0.0
1830,Fresno,Reedley,0.0,0.0,0.0,0.0,0.0,0.0,0.0,0.0,0.0,0.0,0.0,0.0
1831,Fresno,Reedley,0.0,0.0,0.0,0.0,0.0,0.0,0.0,0.0,0.0,0.0,0.0,0.0
1832,Fresno,Reedley,0.0,0.0,0.0,0.0,0.0,0.0,0.0,0.0,0.0,0.0,0.0,0.0
1833,Fresno,Reedley,124.0,384.0,26.288313212479995,1.49843385311136,8.83287323939328,0.9726675888617602,0.0,6.151465291720321,1.62987541917376,0.0,7.2029978202195215,0.0
1834,Fresno,Reedley,633.0,1939.0,288.2054788666182,0.0,20.0,0.0,3.0,11.0,0.0,0.0,6.0,248.2054788666182
1835,Fresno,Reedley,9.0,36.0,0.0,0.0,0.0,0.0,0.0,0.0,0.0,0.0,0.0,0.0
1836,Fresno,Reedley,0.0,0.0,0.0,0.0,0.0,0.0,0.0,0.0,0.0,0.0,0.0,0.0
1837,Fresno,Reedley,0.0,0.0,0.0,0.0,0.0,0.0,0.0,0.0,0.0,0.0,0.0,0.0
1838,Fresno,Reedley,0.0,0.0,0.0,0.0,0.0,0.0,0.0,0.0,0.0,0.0,0.0,0.0
1839,Fresno,Reedley,0.0,0.0,0.0,0.0,0.0,0.0,0.0,0.0,0.0,0.0,0.0,0.0
1840,Fresno,Reedley,0.0,0.0,0.0,0.0,0.0,0.0,0.0,0.0,0.0,0.0,0.0,0.0
1841,Fresno,Unincorporated,0.0,0.0,0.0,0.0,0.0,0.0,0.0,0.0,0.0,0.0,0.0,0.0
1842,Fresno,Unincorporated,0.0,0.0,0.0,0.0,0.0,0.0,0.0,0.0,0.0,0.0,0.0,0.0
1843,Fresno,Unincorporated,0.0,0.0,0.0,0.0,0.0,0.0,0.0,0.0,0.0,0.0,0.0,0.0
1844,Fresno,Unincorporated,0.0,0.0,0.0,0.0,0.0,0.0,0.0,0.0,0.0,0.0,0.0,0.0
1845,Fresno,Unincorporated,0.0,0.0,0.0,0.0,0.0,0.0,0.0,0.0,0.0,0.0,0.0,0.0
1846,Fresno,Unincorporated,0.0,0.0,0.0,0.0,0.0,0.0,0.0,0.0,0.0,0.0,0.0,0.0
1847,Fresno,Unincorporated,0.0,0.0,0.0,0.0,0.0,0.0,0.0,0.0,0.0,0.0,0.0,0.0
1848,Fresno,Unincorporated,0.0,0.0,0.0,0.0,0.0,0.0,0.0,0.0,0.0,0.0,0.0,0.0
1849,Fresno,Unincorporated,0.0,0.0,0.0,0.0,0.0,0.0,0.0,0.0,0.0,0.0,0.0,0.0
1850,Fresno,Unincorporated,0.0,0.0,0.0,0.0,0.0,0.0,0.0,0.0,0.0,0.0,0.0,0.0
1851,Fresno,Sanger,266.0,1027.0,40.535248000423024,10.29592153348,0.0,0.0,1.0,7.0,3.0,11.0,1.0,7.239326466943032
1852,Fresno,Sanger,684.0,1924.0,82.23932646694304,0.0,2.0,0.0,41.0,24.0,8.0,0.0,0.0,7.239326466943032
1853,Fresno,Sanger,2.0,5.0,28.034189495277577,0.0,0.0,0.0,19.0,0.0,0.0,0.0,8.0,1.034189495277576
1854,Fresno,Sanger,236.0,1064.0,288.8822681081049,29.05287368954,0.0,0.0,0.0,21.0,0.0,0.0,2.0,236.82939441856487
1855,Fresno,Sanger,280.0,1079.0,16.17094747638788,0.0,0.0,0.0,0.0,11.0,0.0,0.0,0.0,5.170947476387878
1856,Fresno,Sanger,268.0,714.0,9.0,0.0,0.0,0.0,0.0,6.0,3.0,0.0,0.0,0.0
1857,Fresno,Sanger,0.0,0.0,110.0,0.0,41.0,0.0,0.0,5.0,0.0,0.0,64.0,0.0
1858,Fresno,Sanger,547.0,1409.0,126.07786472505516,0.0005406868665000001,26.003187206792003,0.0003509721765,0.0,96.002219661873,2.000588115539,0.0,0.0025990912530000003,2.068378990555152
1859,Fresno,Sanger,447.0,1235.0,522.0598743536049,44.0,270.0,0.0,0.0,67.0,17.0,9.0,83.0,32.05987435360485
1860,Fresno,Sanger,256.0,973.0,27.0,0.0,0.0,0.0,1.0,24.0,1.0,1.0,0.0,0.0
1861,Fresno,Sanger,174.0,634.0,19.0,0.0,2.0,0.0,0.0,17.0,0.0,0.0,0.0,0.0
1862,Fresno,Sanger,504.0,1722.0,1783.4946569404865,223.8199318879863,100.51749323444544,2.4796049097454813,8.0,50.681825645417355,4.155013632546481,0.0,184.873267650859,1208.9675199794865
1863,Fresno,Sanger,255.0,753.0,305.0683789905552,0.0,27.0,0.0,0.0,236.0,20.0,0.0,20.0,2.068378990555152
1864,Fresno,Sanger,193.0,760.0,1317.2568485832728,395.0,33.0,122.0,202.0,153.0,45.0,13.0,44.0,310.2568485832728
1865,Fresno,Sanger,249.0,775.0,225.40094322878062,11.0,121.0,0.0,2.0,27.0,0.0,16.0,40.12742726656,8.273515962220609
1866,Fresno,Sanger,129.0,317.0,86.0,75.0,0.0,0.0,0.0,11.0,0.0,0.0,0.0,0.0
1867,Fresno,Sanger,334.0,1236.0,276.0341894952776,243.0,0.0,0.0,0.0,11.0,0.0,21.0,0.0,1.034189495277576
1868,Fresno,Sanger,227.0,748.0,440.0,368.0,8.0,0.0,1.0,20.0,0.0,11.0,32.0,0.0
1869,Fresno,Sanger,189.0,707.0,45.0,0.0,0.0,0.0,28.0,15.0,0.0,1.0,1.0,0.0
1870,Fresno,Sanger,176.0,776.0,11.0,0.0,0.0,0.0,0.0,9.0,1.0,1.0,0.0,0.0
1871,Fresno,Sanger,254.0,1148.0,56.06837899055515,40.0,0.0,0.0,9.0,5.0,0.0,0.0,0.0,2.068378990555152
1872,Fresno,Sanger,256.0,768.0,60.12088552371515,48.05250653316,0.0,0.0,0.0,9.0,1.0,0.0,0.0,2.068378990555152
1873,Fresno,Sanger,139.0,431.0,40.0,37.0,0.0,0.0,0.0,3.0,0.0,0.0,0.0,0.0
1874,Fresno,Sanger,364.0,1385.0,1622.0,0.0,38.0,0.0,33.0,27.0,1512.0,5.0,7.0,0.0
1875,Fresno,Sanger,378.0,1613.0,271.0,0.0,0.0,0.0,234.0,28.0,7.0,2.0,0.0,0.0
1876,Fresno,Sanger,254.0,803.0,69.29920082054788,0.0,0.0,0.0,0.0,16.0,0.0,14.0,0.0,39.29920082054788
1877,Fresno,Sanger,263.0,1205.0,562.2589856183099,0.054023248248419996,44.31845283178016,0.035067722547220015,251.3281296270989,30.22177965070404,6.0587621296737195,112.712055554471,117.53071485378644,0.0
1878,Fresno,Sanger,0.0,0.0,291.9231163724945,0.0,0.0,0.0,254.0,0.0,2.0,8.0,0.0,27.92311637249455
1879,Fresno,Sanger,0.0,0.0,2146.2741997521257,0.0,0.0,0.0,1654.0,0.0,0.0,0.0,0.0,492.27419975212615
1880,Fresno,Sanger,6.0,20.0,14.034189495277573,0.0,2.0,0.0,11.0,0.0,0.0,0.0,0.0,1.034189495277576
1881,Fresno,Sanger,0.0,0.0,0.0,0.0,0.0,0.0,0.0,0.0,0.0,0.0,0.0,0.0
1882,Fresno,Sanger,0.0,0.0,0.0,0.0,0.0,0.0,0.0,0.0,0.0,0.0,0.0,0.0
1883,Fresno,Sanger,0.0,0.0,0.0,0.0,0.0,0.0,0.0,0.0,0.0,0.0,0.0,0.0
1884,Fresno,Sanger,0.0,0.0,0.0,0.0,0.0,0.0,0.0,0.0,0.0,0.0,0.0,0.0
1885,Fresno,Sanger,0.0,0.0,0.0,0.0,0.0,0.0,0.0,0.0,0.0,0.0,0.0,0.0
1886,Fresno,Sanger,0.0,0.0,0.0,0.0,0.0,0.0,0.0,0.0,0.0,0.0,0.0,0.0
1887,Fresno,Sanger,0.0,0.0,0.0,0.0,0.0,0.0,0.0,0.0,0.0,0.0,0.0,0.0
1888,Fresno,Sanger,0.0,0.0,0.0,0.0,0.0,0.0,0.0,0.0,0.0,0.0,0.0,0.0
1889,Fresno,Sanger,0.0,0.0,0.0,0.0,0.0,0.0,0.0,0.0,0.0,0.0,0.0,0.0
1890,Fresno,Sanger,0.0,0.0,0.0,0.0,0.0,0.0,0.0,0.0,0.0,0.0,0.0,0.0
1891,Fresno,Sanger,5.0,18.0,0.0,0.0,0.0,0.0,0.0,0.0,0.0,0.0,0.0,0.0
1892,Fresno,Sanger,2.0,7.0,0.0,0.0,0.0,0.0,0.0,0.0,0.0,0.0,0.0,0.0
1893,Fresno,Sanger,3.0,8.0,2.0,0.0,0.0,0.0,0.0,2.0,0.0,0.0,0.0,0.0
1894,Fresno,Sanger,12.0,46.0,1.0,0.0,0.0,0.0,0.0,1.0,0.0,0.0,0.0,0.0
1895,Fresno,Sanger,10.0,29.0,29.0,0.0,0.0,0.0,21.0,0.0,0.0,8.0,0.0,0.0
1896,Fresno,Sanger,10.0,25.0,431.0,0.0,0.0,374.0,0.0,0.0,47.0,0.0,10.0,0.0
1897,Fresno,Sanger,16.0,40.0,0.0,0.0,0.0,0.0,0.0,0.0,0.0,0.0,0.0,0.0
1898,Fresno,Sanger,16.0,39.0,0.0,0.0,0.0,0.0,0.0,0.0,0.0,0.0,0.0,0.0
1899,Fresno,Sanger,40.0,98.0,6.0,0.0,0.0,0.0,0.0,6.0,0.0,0.0,0.0,0.0
1900,Fresno,Sanger,7.0,23.0,0.0,0.0,0.0,0.0,0.0,0.0,0.0,0.0,0.0,0.0
1901,Fresno,Unincorporated,0.0,0.0,0.0,0.0,0.0,0.0,0.0,0.0,0.0,0.0,0.0,0.0
1902,Fresno,Unincorporated,2.0,5.0,2.0,0.0,0.0,0.0,0.0,0.0,0.0,2.0,0.0,0.0
1903,Fresno,Unincorporated,3.0,14.0,75.0,67.0,0.0,0.0,4.0,0.0,0.0,0.0,4.0,0.0
1904,Fresno,Unincorporated,3.0,14.0,0.0,0.0,0.0,0.0,0.0,0.0,0.0,0.0,0.0,0.0
1905,Fresno,Unincorporated,5.0,23.0,0.0,0.0,0.0,0.0,0.0,0.0,0.0,0.0,0.0,0.0
1906,Fresno,Unincorporated,15.0,69.0,67.61541091499636,0.0,0.0,0.0,46.0,3.0,0.0,0.0,0.0,18.615410914996367
1907,Fresno,Unincorporated,316.0,1420.0,25.67117218608,0.6652568146065599,3.9215138545228796,0.4318333708849601,1.0,11.731054291542721,0.72361267553696,4.0,3.1979011789859206,0.0
1908,Fresno,Unincorporated,193.0,739.0,430.1367579811104,41.0,0.0,0.0,8.0,6.0,0.0,0.0,371.0,4.136757981110304
1909,Fresno,Unincorporated,0.0,0.0,0.0,0.0,0.0,0.0,0.0,0.0,0.0,0.0,0.0,0.0
1910,Fresno,Unincorporated,0.0,0.0,0.0,0.0,0.0,0.0,0.0,0.0,0.0,0.0,0.0,0.0
1911,Fresno,Unincorporated,0.0,0.0,0.0,0.0,0.0,0.0,0.0,0.0,0.0,0.0,0.0,0.0
1912,Fresno,Unincorporated,0.0,0.0,0.0,0.0,0.0,0.0,0.0,0.0,0.0,0.0,0.0,0.0
1913,Fresno,Unincorporated,0.0,0.0,0.0,0.0,0.0,0.0,0.0,0.0,0.0,0.0,0.0,0.0
1914,Fresno,Unincorporated,0.0,0.0,0.0,0.0,0.0,0.0,0.0,0.0,0.0,0.0,0.0,0.0
1915,Fresno,Unincorporated,0.0,0.0,0.0,0.0,0.0,0.0,0.0,0.0,0.0,0.0,0.0,0.0
1916,Fresno,Unincorporated,0.0,0.0,0.0,0.0,0.0,0.0,0.0,0.0,0.0,0.0,0.0,0.0
1917,Fresno,Unincorporated,0.0,0.0,0.0,0.0,0.0,0.0,0.0,0.0,0.0,0.0,0.0,0.0
1918,Fresno,Unincorporated,0.0,0.0,0.0,0.0,0.0,0.0,0.0,0.0,0.0,0.0,0.0,0.0
1919,Fresno,Unincorporated,0.0,0.0,0.0,0.0,0.0,0.0,0.0,0.0,0.0,0.0,0.0,0.0
1920,Fresno,Unincorporated,0.0,0.0,0.0,0.0,0.0,0.0,0.0,0.0,0.0,0.0,0.0,0.0
1921,Fresno,San Joaquin,389.0,1647.0,154.0,116.0,7.0,0.0,9.0,3.0,0.0,0.0,19.0,0.0
1922,Fresno,San Joaquin,150.0,689.0,42.0,0.0,0.0,0.0,36.0,1.0,0.0,0.0,5.0,0.0
1923,Fresno,San Joaquin,11.0,48.0,9.307705457498184,0.0,0.0,0.0,0.0,0.0,0.0,0.0,0.0,9.307705457498184
1924,Fresno,San Joaquin,183.0,842.0,392.0,0.0,0.0,19.0,3.0,301.0,42.0,5.0,22.0,0.0
1925,Fresno,San Joaquin,206.0,809.0,8.0,1.0,0.0,0.0,0.0,0.0,0.0,7.0,0.0,0.0
1926,Fresno,San Joaquin,0.0,0.0,11.376084448053335,0.0,0.0,0.0,0.0,0.0,0.0,0.0,0.0,11.376084448053335
1927,Fresno,San Joaquin,18.0,39.0,44.47014829693576,0.0,0.0,0.0,0.0,0.0,0.0,0.0,0.0,44.47014829693576
1928,Fresno,San Joaquin,0.0,0.0,0.0,0.0,0.0,0.0,0.0,0.0,0.0,0.0,0.0,0.0
1929,Fresno,San Joaquin,0.0,0.0,0.0,0.0,0.0,0.0,0.0,0.0,0.0,0.0,0.0,0.0
1930,Fresno,San Joaquin,0.0,0.0,0.0,0.0,0.0,0.0,0.0,0.0,0.0,0.0,0.0,0.0
1931,Fresno,Unincorporated,0.0,0.0,0.0,0.0,0.0,0.0,0.0,0.0,0.0,0.0,0.0,0.0
1932,Fresno,Unincorporated,0.0,0.0,0.0,0.0,0.0,0.0,0.0,0.0,0.0,0.0,0.0,0.0
1933,Fresno,Unincorporated,0.0,0.0,0.0,0.0,0.0,0.0,0.0,0.0,0.0,0.0,0.0,0.0
1934,Fresno,Unincorporated,0.0,0.0,0.0,0.0,0.0,0.0,0.0,0.0,0.0,0.0,0.0,0.0
1935,Fresno,Unincorporated,0.0,0.0,0.0,0.0,0.0,0.0,0.0,0.0,0.0,0.0,0.0,0.0
1936,Fresno,Unincorporated,0.0,0.0,0.0,0.0,0.0,0.0,0.0,0.0,0.0,0.0,0.0,0.0
1937,Fresno,Unincorporated,0.0,0.0,0.0,0.0,0.0,0.0,0.0,0.0,0.0,0.0,0.0,0.0
1938,Fresno,Unincorporated,0.0,0.0,0.0,0.0,0.0,0.0,0.0,0.0,0.0,0.0,0.0,0.0
1939,Fresno,Unincorporated,0.0,0.0,0.0,0.0,0.0,0.0,0.0,0.0,0.0,0.0,0.0,0.0
1940,Fresno,Unincorporated,0.0,0.0,0.0,0.0,0.0,0.0,0.0,0.0,0.0,0.0,0.0,0.0
1941,Fresno,Unincorporated,1.0,2.0,1.0,0.0,0.0,0.0,0.0,1.0,0.0,0.0,0.0,0.0
1942,Fresno,Unincorporated,0.0,0.0,0.0,0.0,0.0,0.0,0.0,0.0,0.0,0.0,0.0,0.0
1943,Fresno,Unincorporated,0.0,0.0,0.0,0.0,0.0,0.0,0.0,0.0,0.0,0.0,0.0,0.0
1944,Fresno,Unincorporated,0.0,0.0,0.0,0.0,0.0,0.0,0.0,0.0,0.0,0.0,0.0,0.0
1945,Fresno,Unincorporated,0.0,0.0,0.0,0.0,0.0,0.0,0.0,0.0,0.0,0.0,0.0,0.0
1946,Fresno,Unincorporated,0.0,0.0,0.0,0.0,0.0,0.0,0.0,0.0,0.0,0.0,0.0,0.0
1947,Fresno,Unincorporated,0.0,0.0,0.0,0.0,0.0,0.0,0.0,0.0,0.0,0.0,0.0,0.0
1948,Fresno,Unincorporated,0.0,0.0,0.0,0.0,0.0,0.0,0.0,0.0,0.0,0.0,0.0,0.0
1949,Fresno,Unincorporated,0.0,0.0,0.0,0.0,0.0,0.0,0.0,0.0,0.0,0.0,0.0,0.0
1950,Fresno,Unincorporated,0.0,0.0,0.0,0.0,0.0,0.0,0.0,0.0,0.0,0.0,0.0,0.0
1951,Fresno,Unincorporated,28.0,70.0,10.25890220886,0.0,0.0,0.0,9.581231546202,0.0,0.0,0.6776706626579999,0.0,0.0
1952,Fresno,Unincorporated,320.0,1249.0,28.058615059437575,0.0,0.0,0.0,4.0,15.0,0.0,3.0,5.02442556416,1.034189495277576
1953,Fresno,Unincorporated,2.0,4.0,757.1529391998599,0.0,88.0,0.0,237.907057439902,0.0,0.0,16.245881759958,415.0,0.0
1954,Fresno,Unincorporated,257.0,1009.0,35.369289499725156,0.0,0.0,0.0,11.410637356419,17.0,0.0,4.890273152751001,0.0,2.068378990555152
1955,Fresno,Unincorporated,14.0,37.0,142.0,0.0,109.0,0.0,0.0,0.0,0.0,1.0,32.0,0.0
1956,Fresno,Unincorporated,477.0,1631.0,131.1112440702594,0.0,0.0,0.0,0.0,36.0,1.0,0.0,0.0,94.1112440702594
1957,Fresno,Unincorporated,298.0,953.0,38.03418949527757,0.0,0.0,0.0,15.0,22.0,0.0,0.0,0.0,1.034189495277576
1958,Fresno,Unincorporated,502.0,1677.0,100.99283167724062,61.554300778677906,0.0,1.0183349929269,3.0,24.431589429012,2.7150905144032,0.0,0.0,8.273515962220609
1959,Fresno,Unincorporated,647.0,1772.0,141.1025684858327,1.0,0.0,0.0,30.0,32.0,23.0,0.0,52.0,3.102568485832728
1960,Fresno,Unincorporated,480.0,1467.0,247.32316469184,108.0,0.0,30.64800358656,0.0,0.0,0.0,0.0,108.67516110528,0.0
1961,Fresno,Unincorporated,869.0,2618.0,232.78635839138423,0.0,24.0,0.0,2.0,149.0,18.0,4.0,12.0,23.786358391384244
1962,Fresno,Unincorporated,336.0,672.0,443.0,346.0,27.0,0.0,27.0,33.0,1.0,9.0,0.0,0.0
1963,Fresno,Unincorporated,204.0,626.0,1266.4550424660115,16.56778495226238,308.66273235017826,10.86288573539558,0.0,177.01511717244557,40.021099421759075,0.0,692.6416329284192,20.68378990555152
1964,Fresno,Unincorporated,116.0,339.0,370.1709474763879,0.0,84.0,0.0,0.0,5.0,9.0,0.0,267.0,5.170947476387878
1965,Fresno,Unincorporated,227.0,583.0,309.1025684858328,0.0,122.0,0.0,0.0,59.0,40.0,32.0,53.0,3.102568485832728
1966,Fresno,Unincorporated,0.0,0.0,0.0,0.0,0.0,0.0,0.0,0.0,0.0,0.0,0.0,0.0
1967,Fresno,Unincorporated,553.0,1992.0,1792.9420060686352,0.0,33.0,38.0,95.0,134.0,90.0,18.0,86.0,1298.9420060686352
1968,Fresno,Unincorporated,416.0,1131.0,400.19680328219164,77.0,92.0,0.0,5.0,35.0,7.0,7.0,20.0,157.19680328219152
1969,Fresno,Unincorporated,101.0,333.0,39.30770545749819,0.0,0.0,0.0,0.0,21.0,7.0,2.0,0.0,9.307705457498184
1970,Fresno,Unincorporated,420.0,1387.0,210.20513697166547,86.0,4.0,0.0,3.0,33.0,0.0,2.0,76.0,6.205136971665455
1971,Fresno,Unincorporated,107.0,488.0,17.0,0.0,0.0,0.0,0.0,11.0,6.0,0.0,0.0,0.0
1972,Fresno,Unincorporated,166.0,428.0,202.09406384888246,22.0,11.0,0.0,0.0,12.0,11.0,6.0,107.0,33.094063848882435
1973,Fresno,Unincorporated,408.0,1189.0,285.8185261881443,0.00183356441532,21.01080837971136,141.00119020848012,18.0,55.00752726444184,13.00199440339912,7.0,7.008813976312241,23.786358391384244
1974,Fresno,Unincorporated,190.0,609.0,196.0,0.0,18.0,0.0,0.0,171.0,5.0,2.0,0.0,0.0
1975,Fresno,Unincorporated,290.0,1031.0,23.0,0.0,0.0,0.0,1.0,17.0,0.0,0.0,5.0,0.0
1976,Fresno,Unincorporated,366.0,1686.0,121.05287810658001,7.003014052075059,53.017767043810885,0.0019564899434600003,0.0,20.012373476939718,0.00327844260796,0.0,41.01448860120292,0.0
1977,Fresno,Unincorporated,142.0,472.0,18.0,0.0,0.0,0.0,0.0,8.0,6.0,0.0,4.0,0.0
1978,Fresno,Unincorporated,107.0,273.0,684.7613573229625,0.0,13.0,0.0,133.0,16.0,29.0,14.0,3.0,476.7613573229625
1979,Fresno,Unincorporated,0.0,0.0,0.0,0.0,0.0,0.0,0.0,0.0,0.0,0.0,0.0,0.0
1980,Fresno,Unincorporated,0.0,0.0,0.0,0.0,0.0,0.0,0.0,0.0,0.0,0.0,0.0,0.0
1981,Fresno,Unincorporated,0.0,0.0,0.0,0.0,0.0,0.0,0.0,0.0,0.0,0.0,0.0,0.0
1982,Fresno,Unincorporated,0.0,0.0,0.0,0.0,0.0,0.0,0.0,0.0,0.0,0.0,0.0,0.0
1983,Fresno,Unincorporated,0.0,0.0,0.0,0.0,0.0,0.0,0.0,0.0,0.0,0.0,0.0,0.0
1984,Fresno,Unincorporated,0.0,0.0,0.0,0.0,0.0,0.0,0.0,0.0,0.0,0.0,0.0,0.0
1985,Fresno,Unincorporated,0.0,0.0,0.0,0.0,0.0,0.0,0.0,0.0,0.0,0.0,0.0,0.0
1986,Fresno,Unincorporated,0.0,0.0,0.0,0.0,0.0,0.0,0.0,0.0,0.0,0.0,0.0,0.0
1987,Fresno,Unincorporated,0.0,0.0,0.0,0.0,0.0,0.0,0.0,0.0,0.0,0.0,0.0,0.0
1988,Fresno,Unincorporated,0.0,0.0,0.0,0.0,0.0,0.0,0.0,0.0,0.0,0.0,0.0,0.0
1989,Fresno,Unincorporated,0.0,0.0,0.0,0.0,0.0,0.0,0.0,0.0,0.0,0.0,0.0,0.0
1990,Fresno,Unincorporated,0.0,0.0,0.0,0.0,0.0,0.0,0.0,0.0,0.0,0.0,0.0,0.0
1991,Fresno,Unincorporated,2.0,5.0,0.0,0.0,0.0,0.0,0.0,0.0,0.0,0.0,0.0,0.0
1992,Fresno,Unincorporated,2.0,5.0,59.13215970812999,0.0,0.0,0.0,41.39251179569099,0.0,0.0,17.739647912438997,0.0,0.0
1993,Fresno,Unincorporated,67.0,262.0,2304.796862707834,0.0,0.0,0.0,1116.189367871403,5.0,9.0,283.36687194488695,321.4022109936,569.8384118979443
1994,Fresno,Unincorporated,75.0,239.0,6.102568485832727,0.0,0.0,0.0,0.0,3.0,0.0,0.0,0.0,3.102568485832728
1995,Fresno,Unincorporated,72.0,187.0,10.17094747638788,0.0,0.0,0.0,0.0,5.0,0.0,0.0,0.0,5.170947476387878
1996,Fresno,Unincorporated,5.0,12.0,0.0,0.0,0.0,0.0,0.0,0.0,0.0,0.0,0.0,0.0
1997,Fresno,Unincorporated,7.0,18.0,10.307705457498184,0.0,0.0,0.0,0.0,1.0,0.0,0.0,0.0,9.307705457498184
1998,Fresno,Unincorporated,6.0,24.0,1.0,0.0,0.0,0.0,0.0,1.0,0.0,0.0,0.0,0.0
1999,Fresno,Unincorporated,3.0,11.0,29.0,0.0,0.0,0.0,0.0,0.0,0.0,0.0,29.0,0.0
2000,Fresno,Unincorporated,8.0,24.0,171.09406384888246,0.0,0.0,0.0,123.0,0.0,2.0,13.0,0.0,33.094063848882435
2001,Fresno,Unincorporated,12.0,39.0,12.27019060819,0.0,0.0,0.0,8.889133425733,0.0,0.0,3.381057182457,0.0,0.0
2002,Fresno,Unincorporated,3.0,11.0,58.26501132527031,0.0,0.0,0.0,2.0,0.0,0.0,0.0,18.0,38.265011325270315
2003,Fresno,Unincorporated,3.0,9.0,14.034189495277573,0.0,0.0,0.0,0.0,0.0,0.0,0.0,13.0,1.034189495277576
2004,Fresno,Unincorporated,0.0,0.0,0.0,0.0,0.0,0.0,0.0,0.0,0.0,0.0,0.0,0.0
2005,Fresno,Unincorporated,0.0,0.0,0.0,0.0,0.0,0.0,0.0,0.0,0.0,0.0,0.0,0.0
2006,Fresno,Unincorporated,0.0,0.0,0.0,0.0,0.0,0.0,0.0,0.0,0.0,0.0,0.0,0.0
2007,Fresno,Unincorporated,0.0,0.0,0.0,0.0,0.0,0.0,0.0,0.0,0.0,0.0,0.0,0.0
2008,Fresno,Unincorporated,0.0,0.0,0.0,0.0,0.0,0.0,0.0,0.0,0.0,0.0,0.0,0.0
2009,Fresno,Unincorporated,0.0,0.0,0.0,0.0,0.0,0.0,0.0,0.0,0.0,0.0,0.0,0.0
2010,Fresno,Unincorporated,0.0,0.0,0.0,0.0,0.0,0.0,0.0,0.0,0.0,0.0,0.0,0.0
2011,Fresno,Unincorporated,0.0,0.0,0.0,0.0,0.0,0.0,0.0,0.0,0.0,0.0,0.0,0.0
2012,Fresno,Unincorporated,0.0,0.0,0.0,0.0,0.0,0.0,0.0,0.0,0.0,0.0,0.0,0.0
2013,Fresno,Unincorporated,0.0,0.0,0.0,0.0,0.0,0.0,0.0,0.0,0.0,0.0,0.0,0.0
2014,Fresno,Unincorporated,0.0,0.0,0.0,0.0,0.0,0.0,0.0,0.0,0.0,0.0,0.0,0.0
2015,Fresno,Unincorporated,0.0,0.0,0.0,0.0,0.0,0.0,0.0,0.0,0.0,0.0,0.0,0.0
2016,Fresno,Unincorporated,0.0,0.0,0.0,0.0,0.0,0.0,0.0,0.0,0.0,0.0,0.0,0.0
2017,Fresno,Unincorporated,0.0,0.0,0.0,0.0,0.0,0.0,0.0,0.0,0.0,0.0,0.0,0.0
2018,Fresno,Unincorporated,0.0,0.0,0.0,0.0,0.0,0.0,0.0,0.0,0.0,0.0,0.0,0.0
2019,Fresno,Unincorporated,0.0,0.0,0.0,0.0,0.0,0.0,0.0,0.0,0.0,0.0,0.0,0.0
2020,Fresno,Unincorporated,714.0,1856.0,364.9829773277252,92.7338988527387,4.3261406056176,0.4763904833567,80.937648566737,26.0128479217694,106.79827594508421,6.973277957173001,10.527864660533401,36.196632334715154
2021,Fresno,Unincorporated,282.0,819.0,1675.4220467681707,158.8466005478167,2.0900868493133773,264.39598643814224,13.0,42.75669356161086,3.1351302739700664,1133.8721157525074,42.846780410924225,14.47865293388606
2022,Fresno,Unincorporated,0.0,0.0,0.0,0.0,0.0,0.0,0.0,0.0,0.0,0.0,0.0,0.0
2023,Fresno,Unincorporated,0.0,0.0,0.0,0.0,0.0,0.0,0.0,0.0,0.0,0.0,0.0,0.0
2024,Fresno,Unincorporated,0.0,0.0,0.0,0.0,0.0,0.0,0.0,0.0,0.0,0.0,0.0,0.0
2025,Fresno,Unincorporated,0.0,0.0,0.0,0.0,0.0,0.0,0.0,0.0,0.0,0.0,0.0,0.0
2026,Fresno,Unincorporated,0.0,0.0,0.0,0.0,0.0,0.0,0.0,0.0,0.0,0.0,0.0,0.0
2027,Fresno,Unincorporated,0.0,0.0,0.0,0.0,0.0,0.0,0.0,0.0,0.0,0.0,0.0,0.0
2028,Fresno,Unincorporated,0.0,0.0,0.0,0.0,0.0,0.0,0.0,0.0,0.0,0.0,0.0,0.0
2029,Fresno,Unincorporated,0.0,0.0,0.0,0.0,0.0,0.0,0.0,0.0,0.0,0.0,0.0,0.0
2030,Fresno,Unincorporated,0.0,0.0,0.0,0.0,0.0,0.0,0.0,0.0,0.0,0.0,0.0,0.0
2031,Fresno,Unincorporated,308.0,1197.0,376.0246920890933,30.103067028714538,0.6075530113699201,0.06690315899014,58.57007118107799,21.423117275775482,6.11210799614564,6.244316220461999,10.495445015224279,242.40211120133333
2032,Fresno,Unincorporated,32.0,117.0,155.50053174012066,0.0,0.0,0.0,20.0,2.0900868493133773,0.0,0.0,0.0,133.4104448908073
2033,Fresno,Unincorporated,87.0,326.0,101.63277270105937,0.0,0.0,0.0,22.990955342447148,3.1351302739700664,1.0450434246566886,0.0,0.0,74.46164365998547
2034,Fresno,Unincorporated,0.0,0.0,0.0,0.0,0.0,0.0,0.0,0.0,0.0,0.0,0.0,0.0
2035,Fresno,Unincorporated,0.0,0.0,0.0,0.0,0.0,0.0,0.0,0.0,0.0,0.0,0.0,0.0
2036,Fresno,Unincorporated,0.0,0.0,0.0,0.0,0.0,0.0,0.0,0.0,0.0,0.0,0.0,0.0
2037,Fresno,Unincorporated,0.0,0.0,0.0,0.0,0.0,0.0,0.0,0.0,0.0,0.0,0.0,0.0
2038,Fresno,Unincorporated,0.0,0.0,0.0,0.0,0.0,0.0,0.0,0.0,0.0,0.0,0.0,0.0
2039,Fresno,Unincorporated,0.0,0.0,0.0,0.0,0.0,0.0,0.0,0.0,0.0,0.0,0.0,0.0
2040,Fresno,Unincorporated,0.0,0.0,0.0,0.0,0.0,0.0,0.0,0.0,0.0,0.0,0.0,0.0
2041,Fresno,Unincorporated,123.0,349.0,818.363069473349,0.36631792801428004,2.1593477861894397,0.23778532169348,5.225217123283444,4.638961767923426,1.4434945042511689,0.0,1.76089670659496,802.5310483353987
2042,Fresno,Unincorporated,253.0,968.0,2209.7467627124925,55.0,0.0,0.0,3.779472381258,102.67565136985031,1.0450434246566886,1.619773877682,0.0,2045.6268216590447
2043,Fresno,Unincorporated,0.0,0.0,0.0,0.0,0.0,0.0,0.0,0.0,0.0,0.0,0.0,0.0
2044,Fresno,Unincorporated,0.0,0.0,0.0,0.0,0.0,0.0,0.0,0.0,0.0,0.0,0.0,0.0
2045,Fresno,Unincorporated,0.0,0.0,0.0,0.0,0.0,0.0,0.0,0.0,0.0,0.0,0.0,0.0
2046,Fresno,Unincorporated,0.0,0.0,0.0,0.0,0.0,0.0,0.0,0.0,0.0,0.0,0.0,0.0
2047,Fresno,Unincorporated,0.0,0.0,0.0,0.0,0.0,0.0,0.0,0.0,0.0,0.0,0.0,0.0
2048,Fresno,Unincorporated,0.0,0.0,0.0,0.0,0.0,0.0,0.0,0.0,0.0,0.0,0.0,0.0
2049,Fresno,Unincorporated,0.0,0.0,0.0,0.0,0.0,0.0,0.0,0.0,0.0,0.0,0.0,0.0
2050,Fresno,Unincorporated,0.0,0.0,0.0,0.0,0.0,0.0,0.0,0.0,0.0,0.0,0.0,0.0
2051,Fresno,Unincorporated,214.0,722.0,225.40792679600003,35.0,0.0,0.0,148.4855487572,28.0,3.0,4.922378038800002,6.0,0.0
2052,Fresno,Unincorporated,0.0,0.0,0.0,0.0,0.0,0.0,0.0,0.0,0.0,0.0,0.0,0.0
2053,Fresno,Unincorporated,0.0,0.0,0.0,0.0,0.0,0.0,0.0,0.0,0.0,0.0,0.0,0.0
2054,Fresno,Unincorporated,0.0,0.0,0.0,0.0,0.0,0.0,0.0,0.0,0.0,0.0,0.0,0.0
2055,Fresno,Unincorporated,0.0,0.0,0.0,0.0,0.0,0.0,0.0,0.0,0.0,0.0,0.0,0.0
2056,Fresno,Unincorporated,0.0,0.0,0.0,0.0,0.0,0.0,0.0,0.0,0.0,0.0,0.0,0.0
2057,Fresno,Unincorporated,0.0,0.0,0.0,0.0,0.0,0.0,0.0,0.0,0.0,0.0,0.0,0.0
2058,Fresno,Unincorporated,0.0,0.0,0.0,0.0,0.0,0.0,0.0,0.0,0.0,0.0,0.0,0.0
2059,Fresno,Unincorporated,0.0,0.0,0.0,0.0,0.0,0.0,0.0,0.0,0.0,0.0,0.0,0.0
2060,Fresno,Unincorporated,0.0,0.0,0.0,0.0,0.0,0.0,0.0,0.0,0.0,0.0,0.0,0.0
2061,Fresno,Unincorporated,88.0,294.0,41.47865293388606,27.0,0.0,0.0,0.0,0.0,0.0,0.0,0.0,14.478652933886066
2062,Fresno,Unincorporated,82.0,269.0,521.7738512782701,0.0,0.0,0.0,168.2069479450702,0.0,0.0,4.0,1.0450434246566886,348.5218599085431
2063,Fresno,Unincorporated,0.0,0.0,0.0,0.0,0.0,0.0,0.0,0.0,0.0,0.0,0.0,0.0
2064,Fresno,Unincorporated,0.0,0.0,0.0,0.0,0.0,0.0,0.0,0.0,0.0,0.0,0.0,0.0
2065,Fresno,Unincorporated,0.0,0.0,0.0,0.0,0.0,0.0,0.0,0.0,0.0,0.0,0.0,0.0
2066,Fresno,Unincorporated,0.0,0.0,0.0,0.0,0.0,0.0,0.0,0.0,0.0,0.0,0.0,0.0
2067,Fresno,Unincorporated,0.0,0.0,0.0,0.0,0.0,0.0,0.0,0.0,0.0,0.0,0.0,0.0
2068,Fresno,Unincorporated,0.0,0.0,0.0,0.0,0.0,0.0,0.0,0.0,0.0,0.0,0.0,0.0
2069,Fresno,Unincorporated,0.0,0.0,0.0,0.0,0.0,0.0,0.0,0.0,0.0,0.0,0.0,0.0
2070,Fresno,Unincorporated,0.0,0.0,0.0,0.0,0.0,0.0,0.0,0.0,0.0,0.0,0.0,0.0
2071,Fresno,Unincorporated,67.0,223.0,40.05987435360485,0.0,0.0,0.0,0.0,8.0,0.0,0.0,0.0,32.05987435360485
2072,Fresno,Unincorporated,241.0,808.0,109.71797940082908,69.0,0.0,0.0,6.0,9.0,4.0,0.0,0.0,21.717979400829098
2073,Fresno,Unincorporated,234.0,916.0,178.4692933392103,33.0189545154117,12.111731880321601,0.0123038082497,6.0,34.0778132737954,43.0206171922022,4.0,42.091114688119404,4.136757981110304
2074,Fresno,Unincorporated,89.0,350.0,239.5925419957573,0.03365175508398,0.19836824049504004,0.02184412172118001,33.524423464855,0.13814931034476002,8.03660366342468,11.939038627795,34.16176457707036,151.53869823496728
2075,Fresno,Unincorporated,0.0,0.0,0.0,0.0,0.0,0.0,0.0,0.0,0.0,0.0,0.0,0.0
2076,Fresno,Unincorporated,0.0,0.0,0.0,0.0,0.0,0.0,0.0,0.0,0.0,0.0,0.0,0.0
2077,Fresno,Unincorporated,0.0,0.0,0.0,0.0,0.0,0.0,0.0,0.0,0.0,0.0,0.0,0.0
2078,Fresno,Unincorporated,0.0,0.0,0.0,0.0,0.0,0.0,0.0,0.0,0.0,0.0,0.0,0.0
2079,Fresno,Unincorporated,0.0,0.0,0.0,0.0,0.0,0.0,0.0,0.0,0.0,0.0,0.0,0.0
2080,Fresno,Unincorporated,0.0,0.0,0.0,0.0,0.0,0.0,0.0,0.0,0.0,0.0,0.0,0.0
2081,Fresno,Unincorporated,124.0,459.0,143.81236565784968,45.09647916618648,0.5687192954150401,0.06262682717368001,26.0,6.3960723664497605,0.10494225093968,0.0,1.4637770444753602,64.11974870720971
2082,Fresno,Unincorporated,204.0,775.0,5.0,0.0,0.0,0.0,0.0,5.0,0.0,0.0,0.0,0.0
2083,Fresno,Unincorporated,0.0,0.0,284.0771701914701,0.0,5.0,0.0,273.354019134029,0.0,0.0,5.723151057441,0.0,0.0
2084,Fresno,Unincorporated,0.0,0.0,0.0,0.0,0.0,0.0,0.0,0.0,0.0,0.0,0.0,0.0
2085,Fresno,Unincorporated,0.0,0.0,0.0,0.0,0.0,0.0,0.0,0.0,0.0,0.0,0.0,0.0
2086,Fresno,Unincorporated,0.0,0.0,0.0,0.0,0.0,0.0,0.0,0.0,0.0,0.0,0.0,0.0
2087,Fresno,Unincorporated,0.0,0.0,0.0,0.0,0.0,0.0,0.0,0.0,0.0,0.0,0.0,0.0
2088,Fresno,Unincorporated,0.0,0.0,0.0,0.0,0.0,0.0,0.0,0.0,0.0,0.0,0.0,0.0
2089,Fresno,Unincorporated,0.0,0.0,0.0,0.0,0.0,0.0,0.0,0.0,0.0,0.0,0.0,0.0
2090,Fresno,Unincorporated,0.0,0.0,0.0,0.0,0.0,0.0,0.0,0.0,0.0,0.0,0.0,0.0
2091,Fresno,Unincorporated,52.0,166.0,33.205136971665446,0.0,0.0,0.0,24.0,3.0,0.0,0.0,0.0,6.205136971665455
2092,Fresno,Unincorporated,122.0,386.0,97.3362718547606,6.00357708587478,2.02108597989344,0.00232196802398,44.0,6.014684878854361,5.00389086533748,9.0,17.01719511455596,8.273515962220609
2093,Fresno,Unincorporated,98.0,312.0,104.0,100.0,0.0,0.0,0.0,4.0,0.0,0.0,0.0,0.0
2094,Fresno,Unincorporated,16.0,67.0,24.20735780923,0.0,0.0,0.0,16.945150466460998,0.0,0.0,7.262207342768999,0.0,0.0
2095,Fresno,Unincorporated,90.0,291.0,132.36755980590547,70.00194766093456,0.011480948666880002,0.0012642711329600006,0.0,15.00799566067872,6.002118508384959,0.0,1.00936244028192,40.333390315825454
2096,Fresno,Unincorporated,48.0,160.0,9.49039173306,0.14195232878442002,0.8367716223081599,0.09214449412322,0.0,1.58275166553604,0.15440428744971996,2.0,4.68236733485844,0.0
2097,Fresno,Unincorporated,26.0,104.0,0.0,0.0,0.0,0.0,0.0,0.0,0.0,0.0,0.0,0.0
2098,Fresno,Unincorporated,6.0,24.0,1.0,0.0,0.0,0.0,0.0,1.0,0.0,0.0,0.0,0.0
2099,Fresno,Unincorporated,173.0,696.0,25.0,0.0,0.0,0.0,11.0,11.0,3.0,0.0,0.0,0.0
2100,Fresno,Unincorporated,0.0,0.0,0.0,0.0,0.0,0.0,0.0,0.0,0.0,0.0,0.0,0.0
2101,Fresno,Unincorporated,0.0,0.0,0.0,0.0,0.0,0.0,0.0,0.0,0.0,0.0,0.0,0.0
2102,Fresno,Unincorporated,0.0,0.0,0.0,0.0,0.0,0.0,0.0,0.0,0.0,0.0,0.0,0.0
2103,Fresno,Unincorporated,0.0,0.0,0.0,0.0,0.0,0.0,0.0,0.0,0.0,0.0,0.0,0.0
2104,Fresno,Unincorporated,0.0,0.0,0.0,0.0,0.0,0.0,0.0,0.0,0.0,0.0,0.0,0.0
2105,Fresno,Unincorporated,0.0,0.0,0.0,0.0,0.0,0.0,0.0,0.0,0.0,0.0,0.0,0.0
2106,Fresno,Unincorporated,0.0,0.0,0.0,0.0,0.0,0.0,0.0,0.0,0.0,0.0,0.0,0.0
2107,Fresno,Unincorporated,0.0,0.0,0.0,0.0,0.0,0.0,0.0,0.0,0.0,0.0,0.0,0.0
2108,Fresno,Unincorporated,0.0,0.0,0.0,0.0,0.0,0.0,0.0,0.0,0.0,0.0,0.0,0.0
2109,Fresno,Unincorporated,0.0,0.0,0.0,0.0,0.0,0.0,0.0,0.0,0.0,0.0,0.0,0.0
2110,Fresno,Unincorporated,0.0,0.0,0.0,0.0,0.0,0.0,0.0,0.0,0.0,0.0,0.0,0.0
2111,Fresno,Unincorporated,77.0,226.0,3.47287730006,0.02695400610342,0.15888677282015998,0.01749646010222,3.0,0.11065328821403998,0.02931839260372,0.0,0.12956838021644,0.0
2112,Fresno,Unincorporated,153.0,455.0,45.56526725662,0.03222023362734,8.18992979822432,4.02091488849494,14.0,2.13227253804908,4.03504656991044,0.0,13.15488322831388,0.0
2113,Fresno,Unincorporated,0.0,0.0,0.0,0.0,0.0,0.0,0.0,0.0,0.0,0.0,0.0,0.0
2114,Fresno,Unincorporated,0.0,0.0,0.0,0.0,0.0,0.0,0.0,0.0,0.0,0.0,0.0,0.0
2115,Fresno,Unincorporated,0.0,0.0,0.0,0.0,0.0,0.0,0.0,0.0,0.0,0.0,0.0,0.0
2116,Fresno,Unincorporated,0.0,0.0,0.0,0.0,0.0,0.0,0.0,0.0,0.0,0.0,0.0,0.0
2117,Fresno,Unincorporated,0.0,0.0,0.0,0.0,0.0,0.0,0.0,0.0,0.0,0.0,0.0,0.0
2118,Fresno,Unincorporated,0.0,0.0,0.0,0.0,0.0,0.0,0.0,0.0,0.0,0.0,0.0,0.0
2119,Fresno,Unincorporated,0.0,0.0,0.0,0.0,0.0,0.0,0.0,0.0,0.0,0.0,0.0,0.0
2120,Fresno,Unincorporated,0.0,0.0,0.0,0.0,0.0,0.0,0.0,0.0,0.0,0.0,0.0,0.0
2121,Fresno,Unincorporated,170.0,576.0,394.1508401465965,0.0,0.0,0.0,33.67565136985033,11.090086849313376,5.0,0.0,0.0,344.3851019274328
2122,Fresno,Unincorporated,0.0,0.0,0.0,0.0,0.0,0.0,0.0,0.0,0.0,0.0,0.0,0.0
2123,Fresno,Unincorporated,0.0,0.0,0.0,0.0,0.0,0.0,0.0,0.0,0.0,0.0,0.0,0.0
2124,Fresno,Unincorporated,0.0,0.0,0.0,0.0,0.0,0.0,0.0,0.0,0.0,0.0,0.0,0.0
2125,Fresno,Unincorporated,0.0,0.0,0.0,0.0,0.0,0.0,0.0,0.0,0.0,0.0,0.0,0.0
2126,Fresno,Unincorporated,0.0,0.0,0.0,0.0,0.0,0.0,0.0,0.0,0.0,0.0,0.0,0.0
2127,Fresno,Unincorporated,0.0,0.0,0.0,0.0,0.0,0.0,0.0,0.0,0.0,0.0,0.0,0.0
2128,Fresno,Unincorporated,0.0,0.0,0.0,0.0,0.0,0.0,0.0,0.0,0.0,0.0,0.0,0.0
2129,Fresno,Unincorporated,0.0,0.0,0.0,0.0,0.0,0.0,0.0,0.0,0.0,0.0,0.0,0.0
2130,Fresno,Unincorporated,0.0,0.0,0.0,0.0,0.0,0.0,0.0,0.0,0.0,0.0,0.0,0.0
2131,Fresno,Unincorporated,427.0,1194.0,251.88932577028,141.29563591978467,16.03299240153396,0.19489167176578,21.289376741562,20.22670028379484,2.32727259764608,3.552590032098,12.841612777934639,34.12825334416
2132,Fresno,Unincorporated,0.0,0.0,0.0,0.0,0.0,0.0,0.0,0.0,0.0,0.0,0.0,0.0
2133,Fresno,Unincorporated,0.0,0.0,0.0,0.0,0.0,0.0,0.0,0.0,0.0,0.0,0.0,0.0
2134,Fresno,Unincorporated,0.0,0.0,0.0,0.0,0.0,0.0,0.0,0.0,0.0,0.0,0.0,0.0
2135,Fresno,Unincorporated,0.0,0.0,0.0,0.0,0.0,0.0,0.0,0.0,0.0,0.0,0.0,0.0
2136,Fresno,Unincorporated,0.0,0.0,0.0,0.0,0.0,0.0,0.0,0.0,0.0,0.0,0.0,0.0
2137,Fresno,Unincorporated,0.0,0.0,0.0,0.0,0.0,0.0,0.0,0.0,0.0,0.0,0.0,0.0
2138,Fresno,Unincorporated,0.0,0.0,0.0,0.0,0.0,0.0,0.0,0.0,0.0,0.0,0.0,0.0
2139,Fresno,Unincorporated,0.0,0.0,0.0,0.0,0.0,0.0,0.0,0.0,0.0,0.0,0.0,0.0
2140,Fresno,Unincorporated,0.0,0.0,0.0,0.0,0.0,0.0,0.0,0.0,0.0,0.0,0.0,0.0
2141,Fresno,Unincorporated,283.0,849.0,334.29284735037663,8.36034739725351,1.0450434246566886,0.0,7.315303972596821,6.270260547940131,0.0,1.0450434246566886,0.0,310.2568485832728
2142,Fresno,Unincorporated,301.0,971.0,480.9346647089888,58.0,0.0,0.0,17.585564520536952,19.630607945193642,0.0,0.0,1.0,384.7184922432581
2143,Fresno,Unincorporated,67.0,210.0,5.124276344590953,0.0,0.0,0.0,0.0,2.0900868493133773,0.0,0.0,2.0,1.034189495277576
2144,Fresno,Unincorporated,0.0,0.0,0.0,0.0,0.0,0.0,0.0,0.0,0.0,0.0,0.0,0.0
2145,Fresno,Unincorporated,0.0,0.0,0.0,0.0,0.0,0.0,0.0,0.0,0.0,0.0,0.0,0.0
2146,Fresno,Unincorporated,0.0,0.0,0.0,0.0,0.0,0.0,0.0,0.0,0.0,0.0,0.0,0.0
2147,Fresno,Unincorporated,0.0,0.0,0.0,0.0,0.0,0.0,0.0,0.0,0.0,0.0,0.0,0.0
2148,Fresno,Unincorporated,0.0,0.0,0.0,0.0,0.0,0.0,0.0,0.0,0.0,0.0,0.0,0.0
2149,Fresno,Unincorporated,0.0,0.0,0.0,0.0,0.0,0.0,0.0,0.0,0.0,0.0,0.0,0.0
2150,Fresno,Unincorporated,0.0,0.0,0.0,0.0,0.0,0.0,0.0,0.0,0.0,0.0,0.0,0.0
2151,Fresno,Unincorporated,142.0,535.0,257.0871733299857,0.0,0.0,0.0,22.315303972596826,1.0450434246566886,0.0,0.0,0.0,233.7268259327321
2152,Fresno,Unincorporated,413.0,1452.0,383.55636095832125,264.3352213143141,10.97604143174592,0.21759980051964006,10.0,4.3761717113944805,2.36462669276264,16.0,24.61141473898328,50.675285268601215
2153,Fresno,Unincorporated,69.0,261.0,87.58022600649849,0.0,0.0,0.0,26.605256456611,2.0,0.0,11.402252767118995,0.0,47.57271678276849
2154,Fresno,Unincorporated,183.0,774.0,301.80609782632,54.0,3.0,0.0,28.015381773864004,19.0,4.0,7.149449331655999,16.0,170.64126672080005
2155,Fresno,Unincorporated,189.0,850.0,37.0,0.0,0.0,0.0,0.0,15.0,0.0,0.0,22.0,0.0
2156,Fresno,Unincorporated,0.0,0.0,0.0,0.0,0.0,0.0,0.0,0.0,0.0,0.0,0.0,0.0
2157,Fresno,Unincorporated,0.0,0.0,0.0,0.0,0.0,0.0,0.0,0.0,0.0,0.0,0.0,0.0
2158,Fresno,Unincorporated,0.0,0.0,0.0,0.0,0.0,0.0,0.0,0.0,0.0,0.0,0.0,0.0
2159,Fresno,Unincorporated,0.0,0.0,0.0,0.0,0.0,0.0,0.0,0.0,0.0,0.0,0.0,0.0
2160,Fresno,Unincorporated,0.0,0.0,0.0,0.0,0.0,0.0,0.0,0.0,0.0,0.0,0.0,0.0
2161,Fresno,Unincorporated,58.0,7.0,51.34189495277575,0.0,36.0,3.0,0.0,2.0,0.0,0.0,0.0,10.34189495277576
2162,Fresno,Unincorporated,61.0,47.0,136.26766043254332,0.10884247609422,22.64159775381856,0.07065213360502001,59.887441202020995,0.44682700712364,9.11839006171652,18.094617658009,14.523207692102039,11.376084448053335
2163,Fresno,Unincorporated,16.0,0.0,0.0,0.0,0.0,0.0,0.0,0.0,0.0,0.0,0.0,0.0
2164,Fresno,Unincorporated,93.0,46.0,9.0,0.0,0.0,0.0,1.0,0.0,6.0,2.0,0.0,0.0
2165,Fresno,Unincorporated,0.0,0.0,0.0,0.0,0.0,0.0,0.0,0.0,0.0,0.0,0.0,0.0
2166,Fresno,Unincorporated,0.0,0.0,0.0,0.0,0.0,0.0,0.0,0.0,0.0,0.0,0.0,0.0
2167,Fresno,Unincorporated,0.0,0.0,0.0,0.0,0.0,0.0,0.0,0.0,0.0,0.0,0.0,0.0
2168,Fresno,Unincorporated,0.0,0.0,0.0,0.0,0.0,0.0,0.0,0.0,0.0,0.0,0.0,0.0
2169,Fresno,Unincorporated,0.0,0.0,0.0,0.0,0.0,0.0,0.0,0.0,0.0,0.0,0.0,0.0
2170,Fresno,Unincorporated,0.0,0.0,0.0,0.0,0.0,0.0,0.0,0.0,0.0,0.0,0.0,0.0
2171,Fresno,Unincorporated,430.0,988.0,235.68701463895152,0.03525248795244,0.20780413950912,0.02288319393404,0.0,16.14472074001528,78.03834481145704,4.0,14.16945932805208,123.06854993803152
2172,Fresno,Unincorporated,919.0,2758.0,83.55625814668008,0.0,5.0,9.0,5.045043424656688,24.0,16.135130273970066,13.0,0.0,11.376084448053335
2173,Fresno,Unincorporated,0.0,0.0,0.0,0.0,0.0,0.0,0.0,0.0,0.0,0.0,0.0,0.0
2174,Fresno,Unincorporated,0.0,0.0,0.0,0.0,0.0,0.0,0.0,0.0,0.0,0.0,0.0,0.0
2175,Fresno,Unincorporated,0.0,0.0,0.0,0.0,0.0,0.0,0.0,0.0,0.0,0.0,0.0,0.0
2176,Fresno,Unincorporated,0.0,0.0,0.0,0.0,0.0,0.0,0.0,0.0,0.0,0.0,0.0,0.0
2177,Fresno,Unincorporated,0.0,0.0,0.0,0.0,0.0,0.0,0.0,0.0,0.0,0.0,0.0,0.0
2178,Fresno,Unincorporated,0.0,0.0,0.0,0.0,0.0,0.0,0.0,0.0,0.0,0.0,0.0,0.0
2179,Fresno,Unincorporated,0.0,0.0,0.0,0.0,0.0,0.0,0.0,0.0,0.0,0.0,0.0,0.0
2180,Fresno,Unincorporated,0.0,0.0,0.0,0.0,0.0,0.0,0.0,0.0,0.0,0.0,0.0,0.0
2181,Fresno,Unincorporated,231.0,650.0,103.30672126929001,79.09097631004133,0.53628140655936,0.05905479774612001,14.297451958171001,2.373481693853841,0.09895668811511998,1.413193696359,5.43732471844424,0.0
2182,Fresno,Unincorporated,46.0,85.0,23.806438543002233,0.0,0.0,0.0,5.225217123283444,1.0,0.0,0.0,0.0,17.58122141971879
2183,Fresno,Unincorporated,0.0,0.0,0.0,0.0,0.0,0.0,0.0,0.0,0.0,0.0,0.0,0.0
2184,Fresno,Unincorporated,0.0,0.0,0.0,0.0,0.0,0.0,0.0,0.0,0.0,0.0,0.0,0.0
2185,Fresno,Unincorporated,0.0,0.0,0.0,0.0,0.0,0.0,0.0,0.0,0.0,0.0,0.0,0.0
2186,Fresno,Unincorporated,0.0,0.0,0.0,0.0,0.0,0.0,0.0,0.0,0.0,0.0,0.0,0.0
2187,Fresno,Unincorporated,0.0,0.0,0.0,0.0,0.0,0.0,0.0,0.0,0.0,0.0,0.0,0.0
2188,Fresno,Unincorporated,0.0,0.0,0.0,0.0,0.0,0.0,0.0,0.0,0.0,0.0,0.0,0.0
2189,Fresno,Unincorporated,0.0,0.0,0.0,0.0,0.0,0.0,0.0,0.0,0.0,0.0,0.0,0.0
2190,Fresno,Unincorporated,0.0,0.0,0.0,0.0,0.0,0.0,0.0,0.0,0.0,0.0,0.0,0.0
2191,Fresno,Unincorporated,0.0,0.0,0.0,0.0,0.0,0.0,0.0,0.0,0.0,0.0,0.0,0.0
2192,Fresno,Unincorporated,0.0,0.0,0.0,0.0,0.0,0.0,0.0,0.0,0.0,0.0,0.0,0.0
2193,Fresno,Unincorporated,0.0,0.0,0.0,0.0,0.0,0.0,0.0,0.0,0.0,0.0,0.0,0.0
2194,Fresno,Unincorporated,0.0,0.0,0.0,0.0,0.0,0.0,0.0,0.0,0.0,0.0,0.0,0.0
2195,Fresno,Unincorporated,0.0,0.0,0.0,0.0,0.0,0.0,0.0,0.0,0.0,0.0,0.0,0.0
2196,Fresno,Unincorporated,0.0,0.0,0.0,0.0,0.0,0.0,0.0,0.0,0.0,0.0,0.0,0.0
2197,Fresno,Unincorporated,0.0,0.0,0.0,0.0,0.0,0.0,0.0,0.0,0.0,0.0,0.0,0.0
2198,Fresno,Unincorporated,0.0,0.0,0.0,0.0,0.0,0.0,0.0,0.0,0.0,0.0,0.0,0.0
2199,Fresno,Unincorporated,0.0,0.0,0.0,0.0,0.0,0.0,0.0,0.0,0.0,0.0,0.0,0.0
2200,Fresno,Unincorporated,0.0,0.0,0.0,0.0,0.0,0.0,0.0,0.0,0.0,0.0,0.0,0.0
2201,Fresno,Unincorporated,11.0,57.0,3.1351302739700664,0.0,3.1351302739700664,0.0,0.0,0.0,0.0,0.0,0.0,0.0
2202,Fresno,Unincorporated,8.0,25.0,192.4864270699166,0.0,64.79269232871471,0.0,0.0,0.0,6.270260547940133,0.0,40.75669356161086,80.66678063165094
2203,Fresno,Unincorporated,8.0,30.0,51.709474763878795,0.0,0.0,0.0,0.0,0.0,0.0,0.0,0.0,51.709474763878795
2204,Fresno,Unincorporated,32.0,81.0,126.19282628262249,0.0,0.0,0.0,0.0,2.0900868493133773,0.0,0.0,0.0,124.1027394333091
2205,Fresno,Unincorporated,32.0,88.0,0.0,0.0,0.0,0.0,0.0,0.0,0.0,0.0,0.0,0.0
2206,Fresno,Unincorporated,41.0,113.0,34.225938708572016,0.0,0.0,0.0,9.405390821910196,0.0,0.0,0.0,0.0,24.82054788666182
2207,Fresno,Unincorporated,40.0,102.0,101.35057053720243,0.0,0.0,0.0,0.0,0.0,0.0,0.0,0.0,101.35057053720243
2208,Fresno,Unincorporated,0.0,0.0,0.0,0.0,0.0,0.0,0.0,0.0,0.0,0.0,0.0,0.0
2209,Fresno,Unincorporated,0.0,0.0,0.0,0.0,0.0,0.0,0.0,0.0,0.0,0.0,0.0,0.0
2210,Fresno,Unincorporated,0.0,0.0,0.0,0.0,0.0,0.0,0.0,0.0,0.0,0.0,0.0,0.0
2211,Fresno,Unincorporated,0.0,0.0,0.0,0.0,0.0,0.0,0.0,0.0,0.0,0.0,0.0,0.0
2212,Fresno,Unincorporated,0.0,0.0,0.0,0.0,0.0,0.0,0.0,0.0,0.0,0.0,0.0,0.0
2213,Fresno,Unincorporated,0.0,0.0,0.0,0.0,0.0,0.0,0.0,0.0,0.0,0.0,0.0,0.0
2214,Fresno,Unincorporated,0.0,0.0,0.0,0.0,0.0,0.0,0.0,0.0,0.0,0.0,0.0,0.0
2215,Fresno,Unincorporated,0.0,0.0,0.0,0.0,0.0,0.0,0.0,0.0,0.0,0.0,0.0,0.0
2216,Fresno,Unincorporated,0.0,0.0,0.0,0.0,0.0,0.0,0.0,0.0,0.0,0.0,0.0,0.0
2217,Fresno,Unincorporated,0.0,0.0,0.0,0.0,0.0,0.0,0.0,0.0,0.0,0.0,0.0,0.0
2218,Fresno,Unincorporated,0.0,0.0,0.0,0.0,0.0,0.0,0.0,0.0,0.0,0.0,0.0,0.0
2219,Fresno,Unincorporated,0.0,0.0,0.0,0.0,0.0,0.0,0.0,0.0,0.0,0.0,0.0,0.0
2220,Fresno,Unincorporated,0.0,0.0,0.0,0.0,0.0,0.0,0.0,0.0,0.0,0.0,0.0,0.0
2221,Fresno,Unincorporated,245.0,749.0,91.05209130194315,0.0,0.0,0.0,0.0,4.180173698626755,0.0,0.0,0.0,86.87191760331639
2222,Fresno,Unincorporated,2.0,12.0,12.41027394333091,0.0,0.0,0.0,0.0,0.0,0.0,0.0,0.0,12.41027394333091
2223,Fresno,Unincorporated,65.0,335.0,185.57578468860882,0.0,0.0,0.0,36.5765198629841,3.1351302739700664,0.0,2.0900868493133773,2.0900868493133773,141.68396085302788
2224,Fresno,Unincorporated,4.0,15.0,317.4961750502158,0.0,0.0,0.0,0.0,0.0,0.0,0.0,0.0,317.4961750502158
2225,Fresno,Unincorporated,5.0,16.0,4.147611910489417,0.0,0.0,0.0,0.0,1.0450434246566886,0.0,0.0,0.0,3.102568485832728
2226,Fresno,Unincorporated,2.0,6.0,46.59279693438647,0.0,0.0,0.0,5.225217123283444,0.0,0.0,0.0,0.0,41.36757981110304
2227,Fresno,Unincorporated,11.0,35.0,1.034189495277576,0.0,0.0,0.0,0.0,0.0,0.0,0.0,0.0,1.034189495277576
2228,Fresno,Unincorporated,2.0,6.0,0.0,0.0,0.0,0.0,0.0,0.0,0.0,0.0,0.0,0.0
2229,Fresno,Unincorporated,12.0,37.0,34.12825334416,0.0,0.0,0.0,0.0,0.0,0.0,0.0,0.0,34.12825334416
2230,Fresno,Unincorporated,8.0,24.0,1.034189495277576,0.0,0.0,0.0,0.0,0.0,0.0,0.0,0.0,1.034189495277576
2231,Fresno,Unincorporated,2.0,12.0,66.18812769776487,0.0,0.0,0.0,0.0,0.0,0.0,0.0,0.0,66.18812769776487
2232,Fresno,Unincorporated,11.0,63.0,344.3851019274328,0.0,0.0,0.0,0.0,0.0,0.0,0.0,0.0,344.3851019274328
2233,Fresno,Unincorporated,16.0,92.0,752.3722745850648,0.0,0.0,0.0,546.5577110954481,0.0,1.0450434246566886,0.0,0.0,204.76952006496003
2234,Fresno,Unincorporated,107.0,340.0,334.4773641498215,0.0,0.0,0.0,39.71165013695418,0.0,2.0900868493133773,0.0,0.0,292.67562716355394
2235,Fresno,Unincorporated,5.0,15.0,4.135130273970066,0.0,0.0,0.0,0.0,0.0,0.0,1.0,3.1351302739700664,0.0
2236,Fresno,Unincorporated,1.0,4.0,1.0450434246566886,0.0,0.0,0.0,0.0,0.0,0.0,1.0450434246566886,0.0,0.0
2237,Fresno,Unincorporated,15.0,55.0,0.0,0.0,0.0,0.0,0.0,0.0,0.0,0.0,0.0,0.0
2238,Fresno,Unincorporated,1.0,4.0,0.0,0.0,0.0,0.0,0.0,0.0,0.0,0.0,0.0,0.0
2239,Fresno,Unincorporated,0.0,0.0,22.75216889610667,0.0,0.0,0.0,0.0,0.0,0.0,0.0,0.0,22.75216889610667
2240,Fresno,Unincorporated,0.0,0.0,0.0,0.0,0.0,0.0,0.0,0.0,0.0,0.0,0.0,0.0
2241,Fresno,Unincorporated,9.0,29.0,37.230821829992735,0.0,0.0,0.0,0.0,0.0,0.0,0.0,0.0,37.230821829992735
2242,Fresno,Unincorporated,17.0,62.0,63.08555921193214,0.0,0.0,0.0,0.0,0.0,0.0,0.0,0.0,63.08555921193214
2243,Fresno,Unincorporated,5.0,20.0,15.512842429163635,0.0,0.0,0.0,0.0,0.0,0.0,0.0,0.0,15.512842429163635
2244,Fresno,Unincorporated,4.0,16.0,131.34206590025212,0.0,0.0,0.0,0.0,0.0,0.0,0.0,0.0,131.34206590025212
2245,Fresno,Unincorporated,1.0,3.0,143.75233984358306,0.0,0.0,0.0,0.0,0.0,0.0,0.0,0.0,143.75233984358306
2246,Fresno,Unincorporated,36.0,130.0,343.3509124321552,0.0,0.0,0.0,0.0,0.0,0.0,0.0,0.0,343.3509124321552
2247,Fresno,Unincorporated,26.0,97.0,72.39326466943031,0.0,0.0,0.0,0.0,0.0,0.0,0.0,0.0,72.39326466943031
2248,Fresno,Unincorporated,19.0,71.0,27.92311637249455,0.0,0.0,0.0,0.0,0.0,0.0,0.0,0.0,27.92311637249455
2249,Fresno,Unincorporated,1.0,3.0,20.68378990555152,0.0,0.0,0.0,0.0,0.0,0.0,0.0,0.0,20.68378990555152
2250,Fresno,Unincorporated,3.0,13.0,0.0,0.0,0.0,0.0,0.0,0.0,0.0,0.0,0.0,0.0
2251,Fresno,Unincorporated,0.0,0.0,0.0,0.0,0.0,0.0,0.0,0.0,0.0,0.0,0.0,0.0
2252,Fresno,Unincorporated,11.0,43.0,0.0,0.0,0.0,0.0,0.0,0.0,0.0,0.0,0.0,0.0
2253,Fresno,Unincorporated,6.0,23.0,0.0,0.0,0.0,0.0,0.0,0.0,0.0,0.0,0.0,0.0
2254,Fresno,Unincorporated,10.0,35.0,874.020370662101,0.0,0.0,0.0,10.450434246566887,0.0,2.0900868493133773,0.0,0.0,861.4798495662207
2255,Fresno,Unincorporated,5.0,20.0,15.512842429163639,0.0,0.0,0.0,0.0,0.0,0.0,0.0,0.0,15.512842429163639
2256,Fresno,Unincorporated,7.0,26.0,176.97665084501483,0.0,0.0,0.0,12.540521095880266,0.0,0.0,0.0,0.0,164.4361297491346
2257,Fresno,Unincorporated,20.0,77.0,60.1566535961652,0.0,0.0,0.0,6.270260547940133,2.0900868493133773,8.36034739725351,0.0,0.0,43.435958801658195
2258,Fresno,Unincorporated,9.0,33.0,0.0,0.0,0.0,0.0,0.0,0.0,0.0,0.0,0.0,0.0
2259,Fresno,Unincorporated,0.0,0.0,0.0,0.0,0.0,0.0,0.0,0.0,0.0,0.0,0.0,0.0
2260,Fresno,Unincorporated,0.0,0.0,0.0,0.0,0.0,0.0,0.0,0.0,0.0,0.0,0.0,0.0
2261,Fresno,Unincorporated,0.0,0.0,0.0,0.0,0.0,0.0,0.0,0.0,0.0,0.0,0.0,0.0
2262,Fresno,Unincorporated,35.0,111.0,123.06854993803152,0.0,0.0,0.0,0.0,0.0,0.0,0.0,0.0,123.06854993803152
2263,Fresno,Unincorporated,64.0,118.0,264.01137738901787,0.0,0.0,0.0,21.94591191779046,0.0,0.0,0.0,6.270260547940133,235.79520492328732
2264,Fresno,Unincorporated,8.0,15.0,21.717979400829098,0.0,0.0,0.0,0.0,0.0,0.0,0.0,0.0,21.717979400829098
2265,Fresno,Unincorporated,7.0,14.0,5.170947476387878,0.0,0.0,0.0,0.0,0.0,0.0,0.0,0.0,5.170947476387878
2266,Fresno,Unincorporated,2.0,4.0,0.0,0.0,0.0,0.0,0.0,0.0,0.0,0.0,0.0,0.0
2267,Fresno,Unincorporated,29.0,64.0,78.62010949985398,0.0,0.0,0.0,0.0,2.0900868493133773,0.0,0.0,0.0,76.53002265054063
2268,Fresno,Unincorporated,6.0,22.0,72.39326466943031,0.0,0.0,0.0,0.0,0.0,0.0,0.0,0.0,72.39326466943031
2269,Fresno,Unincorporated,25.0,96.0,5.170947476387878,0.0,0.0,0.0,0.0,0.0,0.0,0.0,0.0,5.170947476387878
2270,Fresno,Unincorporated,79.0,301.0,149.92328731997094,0.0,0.0,0.0,0.0,0.0,0.0,0.0,1.0,148.92328731997094
2271,Fresno,Unincorporated,24.0,45.0,0.0,0.0,0.0,0.0,0.0,0.0,0.0,0.0,0.0,0.0
2272,Fresno,Unincorporated,22.0,41.0,4.180173698626755,0.0,0.0,0.0,1.0450434246566886,0.0,0.0,3.1351302739700664,0.0,0.0
2273,Fresno,Unincorporated,6.0,18.0,20.68378990555152,0.0,0.0,0.0,0.0,0.0,0.0,0.0,0.0,20.68378990555152
2274,Fresno,Unincorporated,20.0,45.0,36.22919412285249,0.0,0.0,0.0,0.0,0.0,2.0900868493133773,1.0450434246566886,0.0,33.094063848882435
2275,Fresno,Unincorporated,1.0,3.0,13.444463438608489,0.0,0.0,0.0,0.0,0.0,0.0,0.0,0.0,13.444463438608489
2276,Fresno,Unincorporated,2.0,6.0,0.0,0.0,0.0,0.0,0.0,0.0,0.0,0.0,0.0,0.0
2277,Fresno,Unincorporated,0.0,0.0,0.0,0.0,0.0,0.0,0.0,0.0,0.0,0.0,0.0,0.0
2278,Fresno,Unincorporated,0.0,0.0,0.0,0.0,0.0,0.0,0.0,0.0,0.0,0.0,0.0,0.0
2279,Fresno,Unincorporated,0.0,0.0,0.0,0.0,0.0,0.0,0.0,0.0,0.0,0.0,0.0,0.0
2280,Fresno,Unincorporated,2.0,4.0,0.0,0.0,0.0,0.0,0.0,0.0,0.0,0.0,0.0,0.0
2281,Fresno,Unincorporated,2.0,6.0,0.0,0.0,0.0,0.0,0.0,0.0,0.0,0.0,0.0,0.0
2282,Fresno,Unincorporated,2.0,7.0,0.0,0.0,0.0,0.0,0.0,0.0,0.0,0.0,0.0,0.0
2283,Fresno,Unincorporated,0.0,0.0,0.0,0.0,0.0,0.0,0.0,0.0,0.0,0.0,0.0,0.0
2284,Fresno,Unincorporated,12.0,27.0,8.36034739725351,0.0,0.0,0.0,8.36034739725351,0.0,0.0,0.0,0.0,0.0
2285,Fresno,Unincorporated,30.0,63.0,101.30408861542412,0.0,0.0,0.0,95.09895164375868,0.0,0.0,0.0,0.0,6.205136971665455
2286,Fresno,Unincorporated,2.0,6.0,0.0,0.0,0.0,0.0,0.0,0.0,0.0,0.0,0.0,0.0
2287,Fresno,Unincorporated,46.0,153.0,307.5667294138463,0.0,0.0,0.0,34.486433013670734,0.0,0.0,0.0,5.225217123283444,267.85507927689207
2288,Fresno,Unincorporated,0.0,0.0,42.40176930638061,0.0,0.0,0.0,0.0,0.0,0.0,0.0,0.0,42.40176930638061
2289,Fresno,Unincorporated,13.0,47.0,40.33339031582546,0.0,0.0,0.0,0.0,0.0,0.0,0.0,0.0,40.33339031582546
2290,Fresno,Unincorporated,18.0,62.0,213.04303602718062,0.0,0.0,0.0,0.0,0.0,0.0,0.0,0.0,213.04303602718062
2291,Fresno,Unincorporated,62.0,221.0,408.8521763747741,0.0,0.0,0.0,0.0,2.0900868493133773,31.35130273970066,0.0,0.0,375.41078678576
2292,Fresno,Unincorporated,34.0,112.0,296.13330911463555,64.79269232871471,0.0,0.0,66.88277917802807,0.0,0.0,0.0,2.0900868493133773,162.3677507585794
2293,Fresno,Unincorporated,27.0,91.0,700.7618960732665,0.0,0.0,0.0,158.84660054781662,0.0,0.0,0.0,0.0,541.9152955254498
2294,Fresno,Unincorporated,35.0,117.0,227.82253277942002,0.0,0.0,0.0,45.981910684894295,0.0,82.5584305478784,0.0,0.0,99.28219154664728
2295,Fresno,Unincorporated,14.0,44.0,14.47865293388606,0.0,0.0,0.0,0.0,0.0,0.0,0.0,0.0,14.47865293388606
2296,Fresno,Unincorporated,15.0,53.0,110.65827599470062,0.0,0.0,0.0,0.0,0.0,0.0,0.0,0.0,110.65827599470062
2297,Fresno,Unincorporated,25.0,83.0,16.547031924441217,0.0,0.0,0.0,0.0,0.0,0.0,0.0,0.0,16.547031924441217
2298,Fresno,Unincorporated,0.0,0.0,0.0,0.0,0.0,0.0,0.0,0.0,0.0,0.0,0.0,0.0
2299,Fresno,Unincorporated,20.0,67.0,88.95115052325066,0.0,0.0,0.0,0.0,1.0450434246566886,0.0,0.0,0.0,87.90610709859396
2300,Fresno,Unincorporated,12.0,42.0,59.982990726099395,0.0,0.0,0.0,0.0,0.0,0.0,0.0,0.0,59.982990726099395
2301,Fresno,Unincorporated,7.0,25.0,167.53869823496728,0.0,0.0,0.0,0.0,0.0,0.0,0.0,0.0,167.53869823496728
2302,Fresno,Unincorporated,0.0,0.0,0.0,0.0,0.0,0.0,0.0,0.0,0.0,0.0,0.0,0.0
2303,Fresno,Unincorporated,0.0,0.0,20.68378990555152,0.0,0.0,0.0,0.0,0.0,0.0,0.0,0.0,20.68378990555152
2304,Fresno,Unincorporated,29.0,101.0,410.5732296251976,0.0,0.0,0.0,0.0,0.0,0.0,0.0,0.0,410.5732296251976
2305,Fresno,Unincorporated,24.0,86.0,178.9147826830206,0.0,0.0,0.0,0.0,0.0,0.0,0.0,0.0,178.9147826830206
2306,Fresno,Unincorporated,2.0,6.0,241.40503109569508,0.0,216.32398890393452,0.0,0.0,0.0,0.0,0.0,25.081042191760524,0.0
2307,Fresno,Unincorporated,0.0,0.0,282.16172465730585,0.0,282.16172465730585,0.0,0.0,0.0,0.0,0.0,0.0,0.0
2308,Fresno,Unincorporated,0.0,0.0,0.0,0.0,0.0,0.0,0.0,0.0,0.0,0.0,0.0,0.0
2309,Fresno,Unincorporated,8.0,28.0,43.435958801658195,0.0,0.0,0.0,0.0,0.0,0.0,0.0,0.0,43.435958801658195
2310,Fresno,Unincorporated,3.0,7.0,0.0,0.0,0.0,0.0,0.0,0.0,0.0,0.0,0.0,0.0
2311,Fresno,Unincorporated,3.0,7.0,0.0,0.0,0.0,0.0,0.0,0.0,0.0,0.0,0.0,0.0
2312,Fresno,Unincorporated,0.0,0.0,0.0,0.0,0.0,0.0,0.0,0.0,0.0,0.0,0.0,0.0
2313,Fresno,Unincorporated,0.0,0.0,23.786358391384244,0.0,0.0,0.0,0.0,0.0,0.0,0.0,0.0,23.786358391384244
2314,Fresno,Unincorporated,3.0,11.0,93.17473993939385,0.0,0.0,0.0,9.405390821910196,0.0,0.0,0.0,0.0,83.76934911748364
2315,Fresno,Unincorporated,6.0,22.0,234.76101542800967,0.0,0.0,0.0,0.0,0.0,0.0,0.0,0.0,234.76101542800967
2316,Fresno,Unincorporated,0.0,0.0,0.0,0.0,0.0,0.0,0.0,0.0,0.0,0.0,0.0,0.0
2317,Fresno,Unincorporated,0.0,0.0,0.0,0.0,0.0,0.0,0.0,0.0,0.0,0.0,0.0,0.0
2318,Fresno,Unincorporated,1.0,4.0,0.0,0.0,0.0,0.0,0.0,0.0,0.0,0.0,0.0,0.0
2319,Fresno,Unincorporated,11.0,34.0,92.04286507970427,0.0,0.0,0.0,0.0,0.0,0.0,0.0,0.0,92.04286507970427
2320,Fresno,Unincorporated,0.0,0.0,0.0,0.0,0.0,0.0,0.0,0.0,0.0,0.0,0.0,0.0
2321,Fresno,Unincorporated,0.0,0.0,0.0,0.0,0.0,0.0,0.0,0.0,0.0,0.0,0.0,0.0
2322,Fresno,Unincorporated,1.0,3.0,0.0,0.0,0.0,0.0,0.0,0.0,0.0,0.0,0.0,0.0
2323,Fresno,Unincorporated,0.0,0.0,88.94029659387152,0.0,0.0,0.0,0.0,0.0,0.0,0.0,0.0,88.94029659387152
2324,Fresno,Unincorporated,13.0,43.0,8.273515962220609,0.0,0.0,0.0,0.0,0.0,0.0,0.0,0.0,8.273515962220609
2325,Fresno,Unincorporated,13.0,41.0,16.547031924441217,0.0,0.0,0.0,0.0,0.0,0.0,0.0,0.0,16.547031924441217
2326,Fresno,Unincorporated,3.0,11.0,31.025684858327274,0.0,0.0,0.0,0.0,0.0,0.0,0.0,0.0,31.025684858327274
2327,Fresno,Unincorporated,94.0,288.0,106.84713589496369,0.0,18.810781643820395,0.0,0.0,0.0,12.540521095880266,0.0,0.0,75.49583315526303
2328,Fresno,Unincorporated,0.0,0.0,0.0,0.0,0.0,0.0,0.0,0.0,0.0,0.0,0.0,0.0
2329,Fresno,Unincorporated,0.0,0.0,0.0,0.0,0.0,0.0,0.0,0.0,0.0,0.0,0.0,0.0
2330,Fresno,Unincorporated,0.0,0.0,0.0,0.0,0.0,0.0,0.0,0.0,0.0,0.0,0.0,0.0
2331,Fresno,Unincorporated,0.0,0.0,0.0,0.0,0.0,0.0,0.0,0.0,0.0,0.0,0.0,0.0
2332,Fresno,Unincorporated,0.0,0.0,0.0,0.0,0.0,0.0,0.0,0.0,0.0,0.0,0.0,0.0
2333,Fresno,Unincorporated,0.0,0.0,0.0,0.0,0.0,0.0,0.0,0.0,0.0,0.0,0.0,0.0
2334,Fresno,Unincorporated,0.0,0.0,0.0,0.0,0.0,0.0,0.0,0.0,0.0,0.0,0.0,0.0
2335,Fresno,Unincorporated,0.0,0.0,0.0,0.0,0.0,0.0,0.0,0.0,0.0,0.0,0.0,0.0
2336,Fresno,Unincorporated,0.0,0.0,0.0,0.0,0.0,0.0,0.0,0.0,0.0,0.0,0.0,0.0
2337,Fresno,Unincorporated,0.0,0.0,0.0,0.0,0.0,0.0,0.0,0.0,0.0,0.0,0.0,0.0
2338,Fresno,Unincorporated,0.0,0.0,0.0,0.0,0.0,0.0,0.0,0.0,0.0,0.0,0.0,0.0
2339,Fresno,Unincorporated,0.0,0.0,0.0,0.0,0.0,0.0,0.0,0.0,0.0,0.0,0.0,0.0
2340,Fresno,Unincorporated,0.0,0.0,0.0,0.0,0.0,0.0,0.0,0.0,0.0,0.0,0.0,0.0
2341,Fresno,Unincorporated,0.0,0.0,0.0,0.0,0.0,0.0,0.0,0.0,0.0,0.0,0.0,0.0
2342,Fresno,Unincorporated,0.0,0.0,0.0,0.0,0.0,0.0,0.0,0.0,0.0,0.0,0.0,0.0
2343,Fresno,Unincorporated,0.0,0.0,0.0,0.0,0.0,0.0,0.0,0.0,0.0,0.0,0.0,0.0
2344,Fresno,Unincorporated,0.0,0.0,0.0,0.0,0.0,0.0,0.0,0.0,0.0,0.0,0.0,0.0
2345,Fresno,Unincorporated,0.0,0.0,0.0,0.0,0.0,0.0,0.0,0.0,0.0,0.0,0.0,0.0
2346,Fresno,Unincorporated,0.0,0.0,0.0,0.0,0.0,0.0,0.0,0.0,0.0,0.0,0.0,0.0
2347,Fresno,Unincorporated,0.0,0.0,0.0,0.0,0.0,0.0,0.0,0.0,0.0,0.0,0.0,0.0
2348,Fresno,Unincorporated,0.0,0.0,0.0,0.0,0.0,0.0,0.0,0.0,0.0,0.0,0.0,0.0
2349,Fresno,Unincorporated,0.0,0.0,0.0,0.0,0.0,0.0,0.0,0.0,0.0,0.0,0.0,0.0
2350,Fresno,Unincorporated,0.0,0.0,0.0,0.0,0.0,0.0,0.0,0.0,0.0,0.0,0.0,0.0
2351,Fresno,Unincorporated,0.0,0.0,0.0,0.0,0.0,0.0,0.0,0.0,0.0,0.0,0.0,0.0
2352,Fresno,Unincorporated,0.0,0.0,0.0,0.0,0.0,0.0,0.0,0.0,0.0,0.0,0.0,0.0
2353,Fresno,Unincorporated,0.0,0.0,0.0,0.0,0.0,0.0,0.0,0.0,0.0,0.0,0.0,0.0
2354,Fresno,Unincorporated,0.0,0.0,0.0,0.0,0.0,0.0,0.0,0.0,0.0,0.0,0.0,0.0
2355,Fresno,Unincorporated,0.0,0.0,0.0,0.0,0.0,0.0,0.0,0.0,0.0,0.0,0.0,0.0
2356,Fresno,Unincorporated,0.0,0.0,0.0,0.0,0.0,0.0,0.0,0.0,0.0,0.0,0.0,0.0
2357,Fresno,Unincorporated,0.0,0.0,0.0,0.0,0.0,0.0,0.0,0.0,0.0,0.0,0.0,0.0
2358,Fresno,Unincorporated,0.0,0.0,0.0,0.0,0.0,0.0,0.0,0.0,0.0,0.0,0.0,0.0
2359,Fresno,Unincorporated,0.0,0.0,0.0,0.0,0.0,0.0,0.0,0.0,0.0,0.0,0.0,0.0
2360,Fresno,Unincorporated,0.0,0.0,0.0,0.0,0.0,0.0,0.0,0.0,0.0,0.0,0.0,0.0
2361,Fresno,Unincorporated,66.0,202.0,217.2340636551865,0.0,0.0,0.0,4.180173698626755,1.0450434246566886,0.0,0.0,0.0,212.00884653190303
2362,Fresno,Unincorporated,74.0,229.0,63.13982885882768,0.0,0.0,0.0,2.0900868493133773,1.0450434246566886,2.0900868493133773,0.0,0.0,57.91461173554424
2363,Fresno,Unincorporated,270.0,842.0,328.79321578835345,53.29721465749112,0.0,0.0,27.171129041073904,6.270260547940131,0.0,5.225217123283444,0.0,236.82939441856487
2364,Fresno,Unincorporated,24.0,89.0,83.76934911748366,0.0,0.0,0.0,0.0,0.0,0.0,0.0,0.0,83.76934911748366
2365,Fresno,Unincorporated,98.0,363.0,133.63837740776864,0.0,0.0,0.0,21.94591191779046,0.0,0.0,0.0,0.0,111.6924654899782
2366,Fresno,Unincorporated,66.0,239.0,37.27423754750918,0.0,0.0,0.0,0.0,0.0,4.180173698626755,0.0,0.0,33.094063848882435
2367,Fresno,Unincorporated,31.0,101.0,24.83140181604093,0.0,0.0,0.0,0.0,0.0,1.0450434246566886,0.0,0.0,23.786358391384244
2368,Fresno,Unincorporated,6.0,17.0,0.0,0.0,0.0,0.0,0.0,0.0,0.0,0.0,0.0,0.0
2369,Fresno,Unincorporated,4.0,16.0,0.0,0.0,0.0,0.0,0.0,0.0,0.0,0.0,0.0,0.0
2370,Fresno,Unincorporated,132.0,403.0,51.81801405766993,0.0,0.0,0.0,0.0,10.450434246566887,0.0,0.0,0.0,41.36757981110304
2371,Fresno,Unincorporated,45.0,147.0,990.7535364759177,0.0,0.0,0.0,0.0,0.0,0.0,0.0,0.0,990.7535364759177
2372,Fresno,Unincorporated,57.0,208.0,172.78562321700898,0.0,0.0,0.0,6.270260547940133,1.0450434246566886,0.0,0.0,0.0,165.4703192444121
2373,Fresno,Unincorporated,79.0,288.0,100.50089784136978,0.0,0.0,0.0,0.0,12.540521095880266,0.0,0.0,5.225217123283444,82.73515962220606
2374,Fresno,Unincorporated,103.0,380.0,60.058968231753184,0.0,0.0,0.0,6.270260547940133,0.0,0.0,1.0450434246566886,0.0,52.74366425915637
2375,Fresno,Unincorporated,4.0,16.0,0.0,0.0,0.0,0.0,0.0,0.0,0.0,0.0,0.0,0.0
2376,Fresno,Unincorporated,8.0,30.0,0.0,0.0,0.0,0.0,0.0,0.0,0.0,0.0,0.0,0.0
2377,Fresno,Unincorporated,50.0,195.0,73.1530397259682,71.06295287665482,0.0,0.0,1.0450434246566886,1.0450434246566886,0.0,0.0,0.0,0.0
2378,Fresno,Unincorporated,40.0,143.0,10.39616459967132,0.0,0.0,0.0,1.0450434246566886,4.180173698626755,0.0,0.0,0.0,5.170947476387878
2379,Fresno,Unincorporated,37.0,137.0,97.18903849307205,94.05390821910194,0.0,0.0,3.1351302739700664,0.0,0.0,0.0,0.0,0.0
2380,Fresno,Unincorporated,29.0,86.0,42.46689288265529,0.0,4.180173698626755,0.0,0.0,2.0900868493133773,0.0,0.0,0.0,36.19663233471515
2381,Fresno,Unincorporated,68.0,222.0,57.11920868660716,0.0,0.0,0.0,22.990955342447148,0.0,0.0,0.0,0.0,34.128253344160015
2382,Fresno,Unincorporated,47.0,159.0,16.56873978319944,0.0,0.0,0.0,2.0900868493133773,0.0,0.0,0.0,0.0,14.478652933886066
2383,Fresno,Unincorporated,53.0,205.0,66.68740844920403,0.0,0.0,0.0,44.936867260237605,1.0450434246566886,0.0,0.0,2.0900868493133773,18.615410914996367
2384,Fresno,Unincorporated,49.0,199.0,20.68378990555152,0.0,0.0,0.0,0.0,0.0,0.0,0.0,0.0,20.68378990555152
2385,Fresno,Unincorporated,9.0,22.0,5.136757981110304,0.0,0.0,0.0,0.0,1.0,0.0,0.0,0.0,4.136757981110304
2386,Fresno,Unincorporated,18.0,52.0,38.61541091499637,0.0,0.0,0.0,5.0,0.0,15.0,0.0,0.0,18.615410914996367
2387,Fresno,Unincorporated,11.0,32.0,0.0,0.0,0.0,0.0,0.0,0.0,0.0,0.0,0.0,0.0
2388,Fresno,Unincorporated,6.0,18.0,3.102568485832728,0.0,0.0,0.0,0.0,0.0,0.0,0.0,0.0,3.102568485832728
2389,Fresno,Unincorporated,34.0,114.0,37.36106898254208,0.0,0.0,0.0,0.0,3.1351302739700664,0.0,9.405390821910196,0.0,24.82054788666182
2390,Fresno,Unincorporated,46.0,150.0,49.67365756146097,0.0,0.0,0.0,0.0,0.0,1.0450434246566886,0.0,2.0900868493133773,46.53852728749092
2391,Fresno,Unincorporated,5.0,20.0,1.0450434246566886,0.0,0.0,0.0,0.0,0.0,1.0450434246566886,0.0,0.0,0.0
2392,Fresno,Unincorporated,3.0,13.0,0.0,0.0,0.0,0.0,0.0,0.0,0.0,0.0,0.0,0.0
2393,Fresno,Unincorporated,22.0,74.0,1.0450434246566886,0.0,0.0,0.0,0.0,1.0450434246566886,0.0,0.0,0.0,0.0
2394,Fresno,Unincorporated,4.0,11.0,0.0,0.0,0.0,0.0,0.0,0.0,0.0,0.0,0.0,0.0
2395,Fresno,Unincorporated,302.0,1374.0,307.26281939123123,0.0,0.0,0.0,0.0,10.450434246566887,0.0,0.0,0.0,296.8123851446643
2396,Fresno,Unincorporated,1.0,4.0,43.29920082054789,0.0,0.0,0.0,0.0,0.0,0.0,0.0,4.0,39.29920082054788
2397,Fresno,Unincorporated,18.0,68.0,0.0,0.0,0.0,0.0,0.0,0.0,0.0,0.0,0.0,0.0
2398,Fresno,Unincorporated,10.0,44.0,0.0,0.0,0.0,0.0,0.0,0.0,0.0,0.0,0.0,0.0
2399,Fresno,Unincorporated,0.0,0.0,0.0,0.0,0.0,0.0,0.0,0.0,0.0,0.0,0.0,0.0
2400,Fresno,Unincorporated,37.0,116.0,18.72395020878749,0.0,0.0,0.0,0.0,8.36034739725351,0.0,0.0,2.0900868493133773,8.273515962220609
2401,Fresno,Unincorporated,17.0,75.0,24.71797940082909,0.0,0.0,0.0,0.0,3.0,0.0,0.0,0.0,21.717979400829098
2402,Fresno,Unincorporated,12.0,53.0,25.61541091499637,0.0,0.0,0.0,5.0,2.0,0.0,0.0,0.0,18.615410914996367
2403,Fresno,Unincorporated,16.0,72.0,0.0,0.0,0.0,0.0,0.0,0.0,0.0,0.0,0.0,0.0
2404,Fresno,Unincorporated,20.0,61.0,1.034189495277576,0.0,0.0,0.0,0.0,0.0,0.0,0.0,0.0,1.034189495277576
2405,Fresno,Unincorporated,42.0,135.0,20.69464383493063,0.0,0.0,0.0,0.0,1.0450434246566886,0.0,0.0,0.0,19.64960041027394
2406,Fresno,Unincorporated,140.0,449.0,39.407740114339006,0.0,0.0,0.0,5.225217123283444,5.225217123283444,0.0,0.0,0.0,28.957305867772128
2407,Fresno,Unincorporated,45.0,156.0,281.98334026638474,27.171129041073904,0.0,0.0,13.585564520536952,1.0450434246566886,19.85582506847709,4.180173698626755,0.0,216.14560451301338
2408,Fresno,Unincorporated,25.0,80.0,95.4167818000148,0.0,0.0,0.0,26.126085616417214,0.0,0.0,0.0,0.0,69.29069618359757
2409,Fresno,Unincorporated,12.0,48.0,61.017180221376975,0.0,0.0,0.0,0.0,0.0,0.0,0.0,0.0,61.017180221376975
2410,Fresno,Unincorporated,9.0,33.0,13.444463438608489,0.0,0.0,0.0,0.0,0.0,0.0,0.0,0.0,13.444463438608489
2411,Fresno,Unincorporated,16.0,63.0,0.0,0.0,0.0,0.0,0.0,0.0,0.0,0.0,0.0,0.0
2412,Fresno,Unincorporated,7.0,30.0,0.0,0.0,0.0,0.0,0.0,0.0,0.0,0.0,0.0,0.0
2413,Fresno,Unincorporated,6.0,22.0,0.0,0.0,0.0,0.0,0.0,0.0,0.0,0.0,0.0,0.0
2414,Fresno,Unincorporated,7.0,26.0,1.0450434246566886,0.0,0.0,0.0,0.0,1.0450434246566886,0.0,0.0,0.0,0.0
2415,Fresno,Unincorporated,3.0,11.0,0.0,0.0,0.0,0.0,0.0,0.0,0.0,0.0,0.0,0.0
2416,Fresno,Unincorporated,6.0,22.0,27.106005464799228,0.0,0.0,0.0,0.0,0.0,0.0,20.900868493133768,0.0,6.205136971665455
2417,Fresno,Unincorporated,6.0,26.0,0.0,0.0,0.0,0.0,0.0,0.0,0.0,0.0,0.0,0.0
2418,Fresno,Unincorporated,8.0,33.0,0.0,0.0,0.0,0.0,0.0,0.0,0.0,0.0,0.0,0.0
2419,Fresno,Unincorporated,6.0,19.0,9.405390821910196,0.0,0.0,0.0,0.0,0.0,0.0,9.405390821910196,0.0,0.0
2420,Fresno,Unincorporated,11.0,42.0,24.82054788666182,0.0,0.0,0.0,0.0,0.0,0.0,0.0,0.0,24.82054788666182
2421,Fresno,Unincorporated,13.0,49.0,0.0,0.0,0.0,0.0,0.0,0.0,0.0,0.0,0.0,0.0
2422,Fresno,Unincorporated,9.0,35.0,0.0,0.0,0.0,0.0,0.0,0.0,0.0,0.0,0.0,0.0
2423,Fresno,Unincorporated,23.0,83.0,20.716351693688853,0.0,0.0,0.0,0.0,1.0450434246566886,2.0900868493133773,0.0,0.0,17.581221419718787
2424,Fresno,Unincorporated,13.0,49.0,22.990955342447148,0.0,0.0,0.0,22.990955342447148,0.0,0.0,0.0,0.0,0.0
2425,Fresno,Unincorporated,3.0,11.0,0.0,0.0,0.0,0.0,0.0,0.0,0.0,0.0,0.0,0.0
2426,Fresno,Unincorporated,16.0,61.0,1.0450434246566886,0.0,0.0,0.0,0.0,1.0450434246566886,0.0,0.0,0.0,0.0
2427,Fresno,Unincorporated,37.0,141.0,1.0,0.0,0.0,0.0,0.0,1.0,0.0,0.0,0.0,0.0
2428,Fresno,Unincorporated,9.0,34.0,14.0,0.0,0.0,0.0,14.0,0.0,0.0,0.0,0.0,0.0
2429,Fresno,Unincorporated,22.0,84.0,2.0900868493133773,0.0,0.0,0.0,0.0,2.0900868493133773,0.0,0.0,0.0,0.0
2430,Fresno,Unincorporated,27.0,103.0,14.630607945193644,0.0,0.0,0.0,12.540521095880266,2.0900868493133773,0.0,0.0,0.0,0.0
2431,Fresno,Unincorporated,21.0,80.0,1.0,0.0,0.0,0.0,0.0,1.0,0.0,0.0,0.0,0.0
2432,Fresno,Unincorporated,138.0,523.0,96.5277684947697,0.023257127890919996,9.13709464862016,0.015096732139720003,0.0,14.09547663028904,0.02529722682872,2.0,7.11179742179144,64.1197487072097
2433,Fresno,Unincorporated,107.0,338.0,299.66224705051553,0.0,0.0,0.0,34.48643301367072,3.1351302739700664,0.0,37.62156328764079,0.0,224.419120475234
2434,Fresno,Unincorporated,26.0,86.0,32.276952941187105,0.0,0.0,0.0,0.0,1.0450434246566886,0.0,19.85582506847709,0.0,11.376084448053335
2435,Fresno,Unincorporated,26.0,92.0,7.282742184459482,0.0,0.0,0.0,0.0,4.180173698626755,0.0,0.0,0.0,3.102568485832728
2436,Fresno,Unincorporated,29.0,106.0,128.8498542605187,106.0,0.0,0.0,6.270260547940133,0.0,3.1351302739700664,0.0,0.0,13.444463438608489
2437,Fresno,Unincorporated,43.0,158.0,6.0,0.0,0.0,0.0,0.0,6.0,0.0,0.0,0.0,0.0
2438,Fresno,Unincorporated,53.0,196.0,19.736431845306846,0.0,0.0,0.0,8.36034739725351,0.0,0.0,0.0,0.0,11.376084448053335
2439,Fresno,Unincorporated,7.0,24.0,2.0900868493133773,0.0,0.0,0.0,0.0,2.0900868493133773,0.0,0.0,0.0,0.0
2440,Fresno,Unincorporated,47.0,174.0,12.68086532052,0.038809323269640005,0.22877074769472006,0.02519201685924001,6.0,6.159322485001679,0.042213649872239994,0.0,0.18655709782248006,0.0
2441,Fresno,Unincorporated,46.0,140.0,6.259406618561019,0.0,0.0,0.0,3.1351302739700664,2.0900868493133773,0.0,0.0,0.0,1.034189495277576
2442,Fresno,Unincorporated,20.0,62.0,0.0,0.0,0.0,0.0,0.0,0.0,0.0,0.0,0.0,0.0
2443,Fresno,Unincorporated,14.0,47.0,1.034189495277576,0.0,0.0,0.0,0.0,0.0,0.0,0.0,0.0,1.034189495277576
2444,Fresno,Unincorporated,5.0,18.0,0.0,0.0,0.0,0.0,0.0,0.0,0.0,0.0,0.0,0.0
2445,Fresno,Unincorporated,43.0,192.0,381.7244630512167,0.0,0.0,0.0,10.450434246566887,0.0,0.0,0.0,0.0,371.2740288046497
2446,Fresno,Unincorporated,81.0,366.0,108.66587450979924,0.0,0.0,0.0,7.315303972596822,0.0,0.0,0.0,0.0,101.35057053720242
2447,Fresno,Unincorporated,34.0,127.0,79.64344506575245,0.0,0.0,0.0,0.0,1.0450434246566886,0.0,0.0,0.0,78.59840164109576
2448,Fresno,Unincorporated,34.0,131.0,95.1671414242952,0.0,0.0,0.0,0.0,2.0900868493133773,0.0,0.0,0.0,93.07705457498184
2449,Fresno,Unincorporated,12.0,41.0,4.147611910489417,0.0,0.0,0.0,0.0,1.0450434246566886,0.0,0.0,0.0,3.102568485832728
2450,Fresno,Unincorporated,6.0,24.0,0.0,0.0,0.0,0.0,0.0,0.0,0.0,0.0,0.0,0.0
2451,Fresno,Unincorporated,15.0,55.0,0.0,0.0,0.0,0.0,0.0,0.0,0.0,0.0,0.0,0.0
2452,Fresno,Unincorporated,26.0,81.0,0.0,0.0,0.0,0.0,0.0,0.0,0.0,0.0,0.0,0.0
2453,Fresno,Unincorporated,12.0,36.0,19.68216219841128,0.0,0.0,0.0,0.0,3.1351302739700664,0.0,0.0,0.0,16.547031924441217
2454,Fresno,Unincorporated,14.0,45.0,1.0450434246566886,0.0,0.0,0.0,0.0,1.0450434246566886,0.0,0.0,0.0,0.0
2455,Fresno,Unincorporated,21.0,65.0,3.1351302739700664,0.0,2.0900868493133773,0.0,0.0,1.0450434246566886,0.0,0.0,0.0,0.0
2456,Fresno,Unincorporated,26.0,84.0,45.94934889675695,0.0,0.0,0.0,36.5765198629841,3.1351302739700664,0.0,3.1351302739700664,0.0,3.102568485832728
2457,Fresno,Unincorporated,12.0,36.0,2.0900868493133773,0.0,0.0,0.0,0.0,2.0900868493133773,0.0,0.0,0.0,0.0
2458,Fresno,Unincorporated,12.0,37.0,16.557885853820327,0.0,0.0,0.0,0.0,1.0450434246566886,0.0,0.0,0.0,15.512842429163635
2459,Fresno,Unincorporated,46.0,146.0,72.1079963013115,0.0,0.0,0.0,0.0,4.180173698626755,67.92782260268476,0.0,0.0,0.0
2460,Fresno,Unincorporated,25.0,90.0,0.0,0.0,0.0,0.0,0.0,0.0,0.0,0.0,0.0,0.0
2461,Fresno,Unincorporated,5.0,24.0,43.435958801658195,0.0,0.0,0.0,0.0,0.0,0.0,0.0,0.0,43.435958801658195
2462,Fresno,Unincorporated,43.0,162.0,233.87878094403968,0.0,0.0,0.0,14.630607945193644,0.0,0.0,0.0,0.0,219.2481729988461
2463,Fresno,Unincorporated,39.0,154.0,121.00017094747636,0.0,0.0,0.0,0.0,0.0,0.0,0.0,0.0,121.00017094747636
2464,Fresno,Unincorporated,36.0,144.0,257.81709434673155,0.0,0.0,0.0,29.261215890387287,0.0,0.0,0.0,0.0,228.55587845634426
2465,Fresno,Unincorporated,61.0,239.0,527.162228152824,34.486433013670734,0.0,0.0,38.66660671229748,0.0,0.0,0.0,0.0,454.00918842685587
2466,Fresno,Unincorporated,31.0,101.0,12.540521095880266,0.0,0.0,0.0,11.495477671223574,1.0450434246566886,0.0,0.0,0.0,0.0
2467,Fresno,Unincorporated,49.0,178.0,109.46399295241429,0.0,0.0,0.0,5.0,1.0450434246566886,0.0,0.0,0.0,103.41894952775759
2468,Fresno,Unincorporated,94.0,354.0,52.93903498798039,0.0,0.0,0.0,18.8107816438204,0.0,0.0,0.0,0.0,34.12825334416
2469,Fresno,Unincorporated,129.0,492.0,170.06294225944518,0.0,0.0,0.0,11.495477671223574,5.225217123283444,0.0,0.0,27.171129041073904,126.17111842386423
2470,Fresno,Unincorporated,213.0,499.0,584.8054916538905,0.0,1.0450434246566886,0.0,26.126085616417214,8.36034739725351,9.4053908219102,0.0,2.0900868493133773,537.7785375443393
2471,Fresno,Unincorporated,122.0,598.0,108.7201441566948,0.0,0.0,0.0,0.0,7.315303972596822,5.225217123283444,0.0,0.0,96.17962306081458
2472,Fresno,Unincorporated,114.0,557.0,130.448977486903,0.0,0.0,0.0,8.36034739725351,5.225217123283444,0.0,0.0,0.0,116.86341296636608
2473,Fresno,Unincorporated,57.0,257.0,58.833381810742466,0.0,0.0,0.0,0.627943551508,2.0900868493133773,0.0,0.269118664932,0.0,55.8462327449891
2474,Fresno,Unincorporated,109.0,491.0,499.3367971447415,49.117040958864365,11.495477671223574,0.0,0.0,6.270260547940131,3.1351302739700664,0.0,12.540521095880266,416.7783665968631
2475,Fresno,Unincorporated,32.0,157.0,66.19898162714398,0.0,0.0,0.0,0.0,0.0,0.0,1.0450434246566886,0.0,65.15393820248728
2476,Fresno,Unincorporated,21.0,100.0,65.15393820248728,0.0,0.0,0.0,0.0,0.0,0.0,0.0,0.0,65.15393820248728
2477,Fresno,Unincorporated,157.0,406.0,785.4056919496028,0.0,0.0,0.0,1.0450434246566886,41.801736986267535,1.0450434246566886,0.0,0.0,741.5138681140221
2478,Fresno,Unincorporated,41.0,130.0,24.82054788666182,0.0,0.0,0.0,0.0,0.0,0.0,0.0,0.0,24.82054788666182
2479,Fresno,Unincorporated,108.0,271.0,56.9889615340578,0.0,0.0,0.0,0.0,10.450434246566884,0.0,0.0,0.0,46.53852728749092
2480,Fresno,Unincorporated,33.0,99.0,16.601301571336776,0.0,0.0,0.0,4.180173698626755,1.0450434246566886,0.0,0.0,0.0,11.376084448053335
2481,Fresno,Unincorporated,226.0,700.0,166.5231503941861,52.252171232834435,0.0,0.0,14.630607945193644,5.225217123283444,2.0900868493133773,4.180173698626755,22.990955342447148,65.15393820248728
2482,Fresno,Unincorporated,24.0,73.0,127.99764476381708,70.01790945199814,0.0,0.0,0.0,2.0900868493133773,0.0,4.180173698626755,0.0,51.709474763878795
2483,Fresno,Unincorporated,7.0,17.0,35.531476438327424,0.0,0.0,0.0,35.531476438327424,0.0,0.0,0.0,0.0,0.0
2484,Fresno,Unincorporated,23.0,58.0,4.136757981110304,0.0,0.0,0.0,0.0,0.0,0.0,0.0,0.0,4.136757981110304
2485,Fresno,Unincorporated,18.0,78.0,57.914611735544256,0.0,0.0,0.0,0.0,0.0,0.0,0.0,0.0,57.914611735544256
2486,Fresno,Unincorporated,15.0,67.0,6.237698759802793,0.0,0.0,0.0,3.1351302739700664,0.0,0.0,0.0,0.0,3.102568485832728
2487,Fresno,Unincorporated,10.0,23.0,0.0,0.0,0.0,0.0,0.0,0.0,0.0,0.0,0.0,0.0
2488,Fresno,Unincorporated,2.0,6.0,65.83773575337139,65.83773575337139,0.0,0.0,0.0,0.0,0.0,0.0,0.0,0.0
2489,Fresno,Unincorporated,37.0,143.0,62.10563936355012,0.0,0.0,0.0,0.0,2.0900868493133773,0.0,3.1351302739700664,0.0,56.880422240266675
2490,Fresno,Unincorporated,98.0,377.0,185.38041395978482,0.0,0.0,0.0,0.0,3.1351302739700664,1.0450434246566886,4.180173698626755,16.72069479450702,160.29937176802426
2491,Fresno,Unincorporated,183.0,707.0,940.1976444304868,0.0,0.0,0.0,7.315303972596822,4.180173698626755,0.0,0.0,0.0,928.7021667592633
2492,Fresno,Unincorporated,102.0,253.0,164.5121072547884,0.0,0.0,0.0,3.1351302739700664,4.180173698626755,0.0,0.0,0.0,157.19680328219152
2493,Fresno,Unincorporated,54.0,131.0,65.18649999062463,0.0,0.0,0.0,3.1351302739700664,0.0,0.0,0.0,0.0,62.051369716654555
2494,Fresno,Unincorporated,62.0,186.0,70.50940247832007,14.630607945193644,0.0,0.0,3.1351302739700664,0.0,0.0,0.0,0.0,52.74366425915637
2495,Fresno,Unincorporated,35.0,82.0,9.307705457498184,0.0,0.0,0.0,0.0,0.0,0.0,0.0,0.0,9.307705457498184
2496,Fresno,Unincorporated,25.0,111.0,44.491856155693995,0.0,0.0,0.0,0.0,2.0900868493133773,0.0,0.0,0.0,42.401769306380615
2497,Fresno,Unincorporated,33.0,140.0,41.37843374048215,0.0,0.0,0.0,0.0,1.0450434246566886,0.0,0.0,0.0,40.333390315825454
2498,Fresno,Unincorporated,63.0,159.0,13.466171297366712,0.0,0.0,0.0,1.0450434246566886,1.0450434246566886,0.0,0.0,0.0,11.376084448053335
2499,Fresno,Unincorporated,32.0,82.0,25.854737381939398,0.0,0.0,0.0,0.0,0.0,0.0,0.0,0.0,25.854737381939398
2500,Fresno,Unincorporated,103.0,317.0,31.20531853635148,0.0,0.0,0.0,26.126085616417214,4.045043424656688,0.0,0.0,0.0,1.034189495277576
2501,Fresno,Unincorporated,130.0,375.0,102.6344004081996,0.0,0.0,0.0,21.94591191779046,2.0900868493133773,0.0,0.0,0.0,78.59840164109578
2502,Fresno,Unincorporated,234.0,668.0,88.39453392065401,0.0,0.0,0.0,0.0,4.180173698626755,42.846780410924225,0.0,0.0,41.36757981110304
2503,Fresno,Unincorporated,5.0,18.0,266.0115665990365,0.0,0.0,0.0,119.1349504108625,0.0,2.0900868493133773,0.0,0.0,144.78652933886062
2504,Fresno,Unincorporated,11.0,35.0,263.00361727335394,0.0,0.0,0.0,83.60347397253507,0.0,122.27008068483258,9.4053908219102,14.630607945193642,33.094063848882435
2505,Fresno,Unincorporated,25.0,72.0,412.77044488063376,31.35130273970066,0.0,313.51302739700657,14.630607945193644,51.207127808177745,0.0,0.0,0.0,2.068378990555152
2506,Fresno,Unincorporated,74.0,213.0,2.0900868493133773,0.0,0.0,0.0,0.0,2.0900868493133773,0.0,0.0,0.0,0.0
2507,Fresno,Unincorporated,35.0,98.0,68.57108907562827,0.0,0.0,0.0,19.04504342465669,2.0900868493133773,0.0,4.0,0.0,43.435958801658195
2508,Fresno,Unincorporated,92.0,258.0,97.27893613236681,0.0,0.0,0.0,0.0,3.1351302739700664,0.0,0.0,3.1351302739700664,91.00867558442668
2509,Fresno,Unincorporated,24.0,70.0,109.62408649942304,0.0,0.0,0.0,0.0,0.0,0.0,0.0,0.0,109.62408649942304
2510,Fresno,Unincorporated,46.0,146.0,22.557885853820327,0.0,0.0,0.0,6.045043424656688,1.0,0.0,0.0,0.0,15.512842429163639
2511,Fresno,Unincorporated,23.0,65.0,13.444463438608489,0.0,0.0,0.0,0.0,0.0,0.0,0.0,0.0,13.444463438608489
2512,Fresno,Unincorporated,43.0,136.0,22.761395118345547,0.0,0.0,0.0,4.180173698626755,1.0,0.0,0.0,0.0,17.58122141971879
2513,Fresno,Unincorporated,5.0,15.0,8.273515962220609,0.0,0.0,0.0,0.0,0.0,0.0,0.0,0.0,8.273515962220609
2514,Fresno,Unincorporated,58.0,226.0,187.2425682921368,0.0,0.0,0.0,0.0,5.225217123283444,0.0,0.0,0.0,182.01735116885337
2515,Fresno,Unincorporated,22.0,56.0,352.54087998307665,0.0,0.0,0.0,286.3418983559327,1.0450434246566886,0.0,0.0,0.0,65.15393820248728
2516,Fresno,Unincorporated,38.0,96.0,0.0,0.0,0.0,0.0,0.0,0.0,0.0,0.0,0.0,0.0
2517,Fresno,Unincorporated,21.0,53.0,1.0450434246566886,0.0,0.0,0.0,0.0,1.0450434246566886,0.0,0.0,0.0,0.0
2518,Fresno,Unincorporated,31.0,94.0,0.0,0.0,0.0,0.0,0.0,0.0,0.0,0.0,0.0,0.0
2519,Fresno,Unincorporated,256.0,789.0,268.20858769625414,35.2706584095842,3.6855469479149776,0.17569054657219998,107.3422580821478,14.651645093120663,0.29440037533720004,0.0,1.3010597232644,105.48732851831276
2520,Fresno,Unincorporated,14.0,37.0,16.547031924441217,0.0,0.0,0.0,0.0,0.0,0.0,0.0,0.0,16.547031924441217
2521,Fresno,Unincorporated,5.0,12.0,0.0,0.0,0.0,0.0,0.0,0.0,0.0,0.0,0.0,0.0
2522,Fresno,Unincorporated,2.0,6.0,0.0,0.0,0.0,0.0,0.0,0.0,0.0,0.0,0.0,0.0
2523,Fresno,Unincorporated,16.0,42.0,28.957305867772128,0.0,0.0,0.0,0.0,0.0,0.0,0.0,0.0,28.957305867772128
2524,Fresno,Unincorporated,14.0,35.0,33.025684858327274,0.0,0.0,0.0,0.0,2.0,0.0,0.0,0.0,31.025684858327274
2525,Fresno,Unincorporated,8.0,31.0,2.0,0.0,0.0,0.0,0.0,2.0,0.0,0.0,0.0,0.0
2526,Fresno,Unincorporated,26.0,65.0,32.081582212363074,0.0,0.0,0.0,0.0,2.0900868493133773,0.0,0.0,0.0,29.991495363049697
2527,Fresno,Unincorporated,16.0,42.0,18.615410914996367,0.0,0.0,0.0,0.0,0.0,0.0,0.0,0.0,18.615410914996367
2528,Fresno,Unincorporated,2.0,8.0,0.0,0.0,0.0,0.0,0.0,0.0,0.0,0.0,0.0,0.0
2529,Fresno,Unincorporated,16.0,39.0,34.377893719879594,24.035998767103838,0.0,0.0,0.0,0.0,0.0,0.0,0.0,10.34189495277576
2530,Fresno,Unincorporated,10.0,26.0,5.170947476387878,0.0,0.0,0.0,0.0,0.0,0.0,0.0,0.0,5.170947476387878
2531,Fresno,Unincorporated,8.0,28.0,0.0,0.0,0.0,0.0,0.0,0.0,0.0,0.0,0.0,0.0
2532,Fresno,Unincorporated,22.0,80.0,5.0,0.0,0.0,0.0,0.0,5.0,0.0,0.0,0.0,0.0
2533,Fresno,Unincorporated,15.0,52.0,8.034189495277577,0.0,0.0,0.0,0.0,1.0,6.0,0.0,0.0,1.034189495277576
2534,Fresno,Unincorporated,13.0,44.0,0.0,0.0,0.0,0.0,0.0,0.0,0.0,0.0,0.0,0.0
2535,Fresno,Unincorporated,288.0,879.0,323.4129774495006,4.180173698626755,0.0,0.0,144.21599260262303,10.450434246566887,4.180173698626755,0.0,8.36034739725351,152.02585580580367
2536,Fresno,Unincorporated,195.0,451.0,141.86847765247282,0.0,0.0,0.0,0.0,1.0450434246566886,16.72069479450702,0.0,0.0,124.10273943330908
2537,Fresno,Unincorporated,68.0,160.0,1067.280035729954,0.0,0.0,0.0,945.7642993143032,1.0450434246566886,77.33321342459496,10.0,4.180173698626755,28.957305867772128
2538,Fresno,Unincorporated,54.0,189.0,198.54104752739607,0.0,0.0,0.0,0.0,2.0450434246566886,0.0,0.0,0.0,196.49600410273945
2539,Fresno,Unincorporated,32.0,118.0,3.102568485832728,0.0,0.0,0.0,0.0,0.0,0.0,0.0,0.0,3.102568485832728
2540,Fresno,Unincorporated,27.0,96.0,25.919860958214073,0.0,0.0,0.0,0.0,1.0450434246566886,5.225217123283444,0.0,0.0,19.64960041027394
2541,Fresno,Unincorporated,26.0,94.0,151.32813812127858,0.0,0.0,0.0,32.396346164357354,0.0,0.0,0.0,0.0,118.93179195692123
2542,Fresno,Unincorporated,17.0,62.0,128.23949741441942,0.0,0.0,0.0,0.0,0.0,0.0,0.0,0.0,128.23949741441942
2543,Fresno,Unincorporated,39.0,137.0,324.75720937591706,0.0,0.0,0.0,0.0,2.0900868493133773,0.0,0.0,0.0,322.6671225266037
2544,Fresno,Unincorporated,32.0,73.0,221.967787752148,0.0,0.0,0.0,62.70260547940132,0.0,0.0,0.0,0.0,159.2651822727467
2545,Fresno,Unincorporated,60.0,148.0,118.027849614193,0.0,0.0,0.0,11.495477671223574,0.0,1.0450434246566886,0.0,0.0,105.48732851831274
2546,Fresno,Unincorporated,49.0,117.0,900.811612174906,0.0,0.0,0.0,0.0,3.1351302739700664,0.0,0.0,0.0,897.6764819009359
2547,Fresno,Unincorporated,23.0,54.0,9.307705457498184,0.0,0.0,0.0,0.0,0.0,0.0,0.0,0.0,9.307705457498184
2548,Fresno,Unincorporated,17.0,56.0,4.147611910489417,0.0,0.0,0.0,0.0,1.0450434246566886,0.0,0.0,0.0,3.102568485832728
2549,Fresno,Unincorporated,21.0,46.0,98.2588559807488,0.0,0.0,0.0,0.0,0.0,1.0450434246566886,0.0,0.0,97.21381255609215
2550,Fresno,Unincorporated,19.0,42.0,127.23786970727915,0.0,0.0,0.0,0.0,0.0,0.0,0.0,3.1351302739700664,124.1027394333091
2551,Fresno,Unincorporated,13.0,30.0,1.0450434246566886,0.0,0.0,0.0,1.0450434246566886,0.0,0.0,0.0,0.0,0.0
2552,Fresno,Unincorporated,18.0,40.0,0.0,0.0,0.0,0.0,0.0,0.0,0.0,0.0,0.0,0.0
2553,Fresno,Unincorporated,15.0,34.0,0.0,0.0,0.0,0.0,0.0,0.0,0.0,0.0,0.0,0.0
2554,Fresno,Unincorporated,8.0,24.0,0.0,0.0,0.0,0.0,0.0,0.0,0.0,0.0,0.0,0.0
2555,Fresno,Unincorporated,14.0,32.0,18.615410914996367,0.0,0.0,0.0,0.0,0.0,0.0,0.0,0.0,18.615410914996367
2556,Fresno,Unincorporated,25.0,59.0,2.0792329199342645,0.0,0.0,0.0,0.0,1.0450434246566886,0.0,0.0,0.0,1.034189495277576
2557,Fresno,Unincorporated,72.0,162.0,46.92926874513898,28.216172465730594,0.0,0.0,0.0,3.1351302739700664,5.225217123283444,1.0450434246566886,0.0,9.307705457498184
2558,Fresno,Unincorporated,4.0,14.0,24.035998767103838,0.0,0.0,0.0,0.0,24.035998767103838,0.0,0.0,0.0,0.0
2559,Fresno,Unincorporated,11.0,46.0,0.0,0.0,0.0,0.0,0.0,0.0,0.0,0.0,0.0,0.0
2560,Fresno,Unincorporated,2.0,6.0,982.762041112868,0.0,0.0,0.0,22.0,0.0,0.0,0.0,0.0,960.762041112868
2561,Fresno,Unincorporated,54.0,208.0,158.87843310533287,0.0,0.0,0.0,91.96382136978859,1.0,5.0,0.0,3.0,57.91461173554424
2562,Fresno,Unincorporated,23.0,97.0,2.068378990555152,0.0,0.0,0.0,0.0,0.0,0.0,0.0,0.0,2.068378990555152
2563,Fresno,Unincorporated,50.0,111.0,5.170947476387878,0.0,0.0,0.0,0.0,0.0,0.0,0.0,0.0,5.170947476387878
2564,Fresno,Unincorporated,28.0,64.0,23.79721232076336,0.0,0.0,0.0,0.0,1.0450434246566886,0.0,0.0,0.0,22.75216889610667
2565,Fresno,Unincorporated,34.0,111.0,7.0,0.0,0.0,0.0,0.0,1.0,0.0,6.0,0.0,0.0
2566,Fresno,Unincorporated,6.0,21.0,1.0,0.0,0.0,0.0,0.0,1.0,0.0,0.0,0.0,0.0
2567,Fresno,Unincorporated,44.0,143.0,11.0,0.0,0.0,0.0,8.0,3.0,0.0,0.0,0.0,0.0
2568,Fresno,Unincorporated,40.0,159.0,3.1351302739700664,0.0,0.0,0.0,0.0,0.0,0.0,3.1351302739700664,0.0,0.0
2569,Fresno,Unincorporated,32.0,122.0,9.405390821910196,0.0,0.0,0.0,9.405390821910196,0.0,0.0,0.0,0.0,0.0
2570,Fresno,Unincorporated,18.0,75.0,0.0,0.0,0.0,0.0,0.0,0.0,0.0,0.0,0.0,0.0
2571,Fresno,Unincorporated,11.0,46.0,44.0,0.0,0.0,0.0,41.0,3.0,0.0,0.0,0.0,0.0
2572,Fresno,Unincorporated,60.0,244.0,28.02080173690657,0.0,0.0,0.0,0.0,2.0900868493133773,7.315303972596822,0.0,0.0,18.615410914996367
2573,Fresno,Unincorporated,49.0,168.0,47.455317367987604,33.0,0.0,0.0,1.0450434246566886,1.0,0.0,0.0,0.0,12.41027394333091
2574,Fresno,Unincorporated,0.0,0.0,0.0,0.0,0.0,0.0,0.0,0.0,0.0,0.0,0.0,0.0
2575,Fresno,Unincorporated,3.0,12.0,0.0,0.0,0.0,0.0,0.0,0.0,0.0,0.0,0.0,0.0
2576,Fresno,Unincorporated,23.0,93.0,0.0,0.0,0.0,0.0,0.0,0.0,0.0,0.0,0.0,0.0
2577,Fresno,Unincorporated,29.0,93.0,50.0,50.0,0.0,0.0,0.0,0.0,0.0,0.0,0.0,0.0
2578,Fresno,Unincorporated,93.0,296.0,227.07722552245818,0.0,0.0,0.0,0.0,0.0,13.0,0.0,0.0,214.07722552245818
2579,Fresno,Unincorporated,10.0,32.0,10.34189495277576,0.0,0.0,0.0,0.0,0.0,0.0,0.0,0.0,10.34189495277576
2580,Fresno,Unincorporated,25.0,81.0,37.230821829992735,0.0,0.0,0.0,0.0,0.0,0.0,0.0,0.0,37.230821829992735
2581,Fresno,Unincorporated,9.0,27.0,0.0,0.0,0.0,0.0,0.0,0.0,0.0,0.0,0.0,0.0
2582,Fresno,Unincorporated,8.0,24.0,0.0,0.0,0.0,0.0,0.0,0.0,0.0,0.0,0.0,0.0
2583,Fresno,Unincorporated,32.0,109.0,6.248552689181906,0.0,0.0,0.0,0.0,4.180173698626755,0.0,0.0,0.0,2.068378990555152
2584,Fresno,Unincorporated,10.0,43.0,0.0,0.0,0.0,0.0,0.0,0.0,0.0,0.0,0.0,0.0
2585,Fresno,Unincorporated,9.0,38.0,0.0,0.0,0.0,0.0,0.0,0.0,0.0,0.0,0.0,0.0
2586,Fresno,Unincorporated,17.0,73.0,1.034189495277576,0.0,0.0,0.0,0.0,0.0,0.0,0.0,0.0,1.034189495277576
2587,Fresno,Unincorporated,11.0,41.0,0.0,0.0,0.0,0.0,0.0,0.0,0.0,0.0,0.0,0.0
2588,Fresno,Unincorporated,40.0,141.0,12.421127872710024,0.0,0.0,0.0,0.0,1.0450434246566886,0.0,0.0,0.0,11.376084448053335
2589,Fresno,Unincorporated,12.0,29.0,0.0,0.0,0.0,0.0,0.0,0.0,0.0,0.0,0.0,0.0
2590,Fresno,Unincorporated,83.0,283.0,43.36757981110304,0.0,0.0,0.0,0.0,2.0,0.0,0.0,0.0,41.36757981110304
2591,Fresno,Unincorporated,22.0,75.0,0.0,0.0,0.0,0.0,0.0,0.0,0.0,0.0,0.0,0.0
2592,Fresno,Unincorporated,12.0,41.0,1.0450434246566886,0.0,0.0,0.0,0.0,1.0450434246566886,0.0,0.0,0.0,0.0
2593,Fresno,Unincorporated,12.0,37.0,3.102568485832728,0.0,0.0,0.0,0.0,0.0,0.0,0.0,0.0,3.102568485832728
2594,Fresno,Unincorporated,30.0,93.0,5.0,0.0,0.0,0.0,0.0,5.0,0.0,0.0,0.0,0.0
2595,Fresno,Unincorporated,18.0,55.0,105.94029659387152,0.0,0.0,0.0,15.0,2.0,0.0,0.0,0.0,88.94029659387152
2596,Fresno,Unincorporated,58.0,220.0,31.231909516530422,0.0,0.0,0.0,6.270260547940133,5.225217123283444,5.225217123283444,0.0,3.1351302739700664,11.376084448053335
2597,Fresno,Unincorporated,71.0,272.0,91.0195295138058,0.0,0.0,0.0,0.0,1.0450434246566886,0.0,0.0,0.0,89.97448608914911
2598,Fresno,Unincorporated,81.0,290.0,355.98911889244744,0.0,0.0,0.0,20.900868493133775,1.0450434246566886,0.0,0.0,0.0,334.043206974657
2599,Fresno,Unincorporated,10.0,35.0,5.170947476387878,0.0,0.0,0.0,0.0,0.0,0.0,0.0,0.0,5.170947476387878
2600,Fresno,Unincorporated,57.0,211.0,62.181616869203914,0.0,0.0,0.0,5.225217123283444,7.315303972596821,0.0,0.0,0.0,49.64109577332364
2601,Fresno,Unincorporated,24.0,89.0,248.5853663948872,34.486433013670734,0.0,0.0,2.0900868493133773,0.0,0.0,0.0,0.0,212.00884653190303
2602,Fresno,Unincorporated,15.0,55.0,13.585564520536952,0.0,0.0,0.0,0.0,0.0,0.0,0.0,13.585564520536952,0.0
2603,Fresno,Unincorporated,65.0,245.0,271.5732555330725,0.0,0.0,0.0,154.66642684918992,0.0,0.0,4.180173698626755,0.0,112.72665498525578
2604,Fresno,Unincorporated,0.0,0.0,0.0,0.0,0.0,0.0,0.0,0.0,0.0,0.0,0.0,0.0
2605,Fresno,Unincorporated,2.0,7.0,0.0,0.0,0.0,0.0,0.0,0.0,0.0,0.0,0.0,0.0
2606,Fresno,Unincorporated,0.0,0.0,0.0,0.0,0.0,0.0,0.0,0.0,0.0,0.0,0.0,0.0
2607,Fresno,Unincorporated,85.0,321.0,454.06345807375135,0.0,0.0,0.0,0.0,1.0450434246566886,0.0,0.0,4.180173698626755,448.83824095046793
2608,Fresno,Unincorporated,14.0,52.0,0.0,0.0,0.0,0.0,0.0,0.0,0.0,0.0,0.0,0.0
2609,Fresno,Unincorporated,18.0,67.0,57.53310414546765,0.0,0.0,0.0,32.396346164357354,0.0,0.0,21.0,0.0,4.136757981110304
2610,Fresno,Unincorporated,105.0,426.0,125.20205250486136,0.0,0.0,0.0,0.0,3.1351302739700664,0.0,3.1351302739700664,0.0,118.93179195692122
2611,Fresno,Unincorporated,90.0,337.0,10.439580317187772,0.0,0.0,0.0,0.0,7.315303972596821,0.0,2.0900868493133773,0.0,1.034189495277576
2612,Fresno,Unincorporated,44.0,162.0,146.85490832941574,0.0,0.0,0.0,0.0,0.0,0.0,0.0,0.0,146.85490832941574
2613,Fresno,Unincorporated,91.0,309.0,4.169319769247641,0.0,0.0,0.0,0.0,2.0900868493133773,0.0,0.0,1.0450434246566886,1.034189495277576
2614,Fresno,Unincorporated,73.0,176.0,195.62462354814846,0.0,0.0,0.0,15.67565136985033,0.0,0.0,0.0,0.0,179.94897217829822
2615,Fresno,Unincorporated,147.0,426.0,90.09387931231936,0.0,0.0,0.0,4.180173698626755,7.315303972596822,0.0,0.0,0.0,78.59840164109576
2616,Fresno,Unincorporated,74.0,213.0,4.169319769247641,0.0,0.0,0.0,0.0,3.1351302739700664,0.0,0.0,0.0,1.034189495277576
2617,Fresno,Unincorporated,28.0,91.0,1.034189495277576,0.0,0.0,0.0,0.0,0.0,0.0,0.0,0.0,1.034189495277576
2618,Fresno,Unincorporated,19.0,62.0,12.431981802089135,0.0,0.0,0.0,0.0,2.0900868493133773,0.0,0.0,0.0,10.34189495277576
2619,Fresno,Unincorporated,49.0,164.0,139.3086056355957,0.0,0.0,0.0,0.0,70.01790945199814,0.0,0.0,0.0,69.29069618359757
2620,Fresno,Unincorporated,1.0,3.0,0.0,0.0,0.0,0.0,0.0,0.0,0.0,0.0,0.0,0.0
2621,Fresno,Unincorporated,14.0,44.0,24.82054788666182,0.0,0.0,0.0,0.0,0.0,0.0,0.0,0.0,24.82054788666182
2622,Fresno,Unincorporated,3.0,9.0,0.0,0.0,0.0,0.0,0.0,0.0,0.0,0.0,0.0,0.0
2623,Fresno,Unincorporated,20.0,65.0,0.0,0.0,0.0,0.0,0.0,0.0,0.0,0.0,0.0,0.0
2624,Fresno,Unincorporated,17.0,55.0,48.061143604828565,0.0,0.0,0.0,47.02695410955099,0.0,0.0,0.0,0.0,1.034189495277576
2625,Fresno,Unincorporated,22.0,73.0,10.352748882154874,0.0,0.0,0.0,0.0,0.0,1.0450434246566886,0.0,0.0,9.307705457498184
2626,Fresno,Unincorporated,5.0,18.0,1.0450434246566886,0.0,0.0,0.0,0.0,1.0450434246566886,0.0,0.0,0.0,0.0
2627,Fresno,Unincorporated,2.0,6.0,700.7140032638197,0.0,50.16208438352106,0.0,501.62084383521056,7.315303972596822,6.270260547940133,70.01790945199814,16.72069479450702,48.60690627804606
2628,Fresno,Unincorporated,0.0,0.0,0.0,0.0,0.0,0.0,0.0,0.0,0.0,0.0,0.0,0.0
2629,Fresno,Unincorporated,63.0,236.0,7.0,0.0,0.0,0.0,0.0,7.0,0.0,0.0,0.0,0.0
2630,Fresno,Unincorporated,0.0,0.0,13.585564520536952,0.0,0.0,0.0,0.0,0.0,0.0,0.0,13.585564520536952,0.0
2631,Fresno,Unincorporated,5.0,18.0,676.1353080277603,0.0,1.0450434246566886,0.0,389.8011973969448,16.72069479450702,83.60347397253507,31.35130273970066,53.29721465749112,100.31638104192487
2632,Fresno,Unincorporated,9.0,36.0,240.77550319170655,0.0,0.0,66.88277917802807,108.68451616429563,0.0,4.180173698626755,1.0450434246566886,0.0,59.982990726099395
2633,Fresno,Unincorporated,10.0,36.0,314.69356082184845,0.0,0.0,0.0,101.24312657528158,68.45043424656689,145.0,0.0,0.0,0.0
2634,Fresno,Unincorporated,13.0,44.0,760.7916131500692,0.0,0.0,0.0,756.6114394514426,0.0,0.0,0.0,4.180173698626755,0.0
2635,Fresno,Unincorporated,6.0,24.0,115.99982013689244,0.0,0.0,0.0,104.50434246566887,0.0,0.0,0.0,11.495477671223574,0.0
2636,Fresno,Unincorporated,3.0,12.0,0.0,0.0,0.0,0.0,0.0,0.0,0.0,0.0,0.0,0.0
2637,Fresno,Unincorporated,28.0,95.0,1.0450434246566886,0.0,0.0,0.0,0.0,1.0450434246566886,0.0,0.0,0.0,0.0
2638,Fresno,Unincorporated,51.0,168.0,48.89996237128212,0.0,0.0,0.0,27.171129041073904,0.0,1.0450434246566886,0.0,0.0,20.68378990555152
2639,Fresno,Unincorporated,13.0,40.0,0.0,0.0,0.0,0.0,0.0,0.0,0.0,0.0,0.0,0.0
2640,Fresno,Unincorporated,22.0,69.0,3.1351302739700664,0.0,0.0,0.0,0.0,3.1351302739700664,0.0,0.0,0.0,0.0
2641,Fresno,Unincorporated,9.0,28.0,0.0,0.0,0.0,0.0,0.0,0.0,0.0,0.0,0.0,0.0
2642,Fresno,Unincorporated,9.0,27.0,66.36179056783067,0.0,0.0,0.0,15.67565136985033,1.0450434246566886,0.0,0.0,0.0,49.64109577332364
2643,Fresno,Unincorporated,0.0,0.0,0.0,0.0,0.0,0.0,0.0,0.0,0.0,0.0,0.0,0.0
2644,Fresno,Unincorporated,34.0,100.0,79.74113043016447,0.0,0.0,0.0,6.270260547940133,4.180173698626755,0.0,0.0,0.0,69.29069618359759
2645,Fresno,Unincorporated,7.0,18.0,6.205136971665455,0.0,0.0,0.0,0.0,0.0,0.0,0.0,0.0,6.205136971665455
2646,Fresno,Unincorporated,4.0,10.0,1.0450434246566886,0.0,0.0,0.0,0.0,1.0450434246566886,0.0,0.0,0.0,0.0
2647,Fresno,Unincorporated,64.0,295.0,24.8856714629365,0.0,0.0,0.0,0.0,6.270260547940133,0.0,0.0,0.0,18.615410914996367
2648,Fresno,Unincorporated,10.0,32.0,1444.4484498086294,0.0,0.0,0.0,1244.646718766116,2.0900868493133773,107.63947273963892,9.405390821910196,0.0,80.66678063165092
2649,Fresno,Unincorporated,17.0,58.0,0.0,0.0,0.0,0.0,0.0,0.0,0.0,0.0,0.0,0.0
2650,Fresno,Unincorporated,15.0,53.0,38.66660671229748,0.0,0.0,0.0,38.66660671229748,0.0,0.0,0.0,0.0,0.0
2651,Fresno,Unincorporated,17.0,55.0,42.43433109451794,0.0,0.0,0.0,3.1351302739700664,0.0,0.0,0.0,0.0,39.29920082054788
2652,Fresno,Unincorporated,44.0,171.0,12.518813237122036,0.0,0.0,0.0,9.405390821910196,1.0450434246566886,0.0,0.0,0.0,2.068378990555152
2653,Fresno,Unincorporated,48.0,187.0,131.45060519404325,0.0,0.0,0.0,4.180173698626755,5.225217123283444,1.0450434246566886,0.0,0.0,121.00017094747636
2654,Fresno,Unincorporated,52.0,205.0,62.38784152740706,0.0,0.0,0.0,27.171129041073904,4.180173698626755,1.0450434246566886,0.0,0.0,29.991495363049697
2655,Fresno,Unincorporated,12.0,56.0,7.239326466943032,0.0,0.0,0.0,0.0,0.0,0.0,0.0,0.0,7.239326466943032
2656,Fresno,Unincorporated,2.0,9.0,0.0,0.0,0.0,0.0,0.0,0.0,0.0,0.0,0.0,0.0
2657,Fresno,Unincorporated,0.0,0.0,0.0,0.0,0.0,0.0,0.0,0.0,0.0,0.0,0.0,0.0
2658,Fresno,Unincorporated,2.0,10.0,22.795584613623124,0.0,0.0,0.0,3.1351302739700664,1.0450434246566886,0.0,0.0,0.0,18.615410914996367
2659,Fresno,Unincorporated,54.0,211.0,157.80462332742184,0.0,0.0,0.0,45.981910684894295,0.0,12.540521095880266,0.0,0.0,99.28219154664728
2660,Fresno,Unincorporated,13.0,51.0,0.0,0.0,0.0,0.0,0.0,0.0,0.0,0.0,0.0,0.0
2661,Fresno,Unincorporated,9.0,35.0,0.0,0.0,0.0,0.0,0.0,0.0,0.0,0.0,0.0,0.0
2662,Fresno,Unincorporated,7.0,27.0,2.0900868493133773,0.0,0.0,0.0,0.0,2.0900868493133773,0.0,0.0,0.0,0.0
2663,Fresno,Unincorporated,12.0,46.0,2.068378990555152,0.0,0.0,0.0,0.0,0.0,0.0,0.0,0.0,2.068378990555152
2664,Fresno,Unincorporated,13.0,50.0,1.0450434246566886,0.0,0.0,0.0,1.0450434246566886,0.0,0.0,0.0,0.0,0.0
2665,Fresno,Unincorporated,2.0,8.0,0.0,0.0,0.0,0.0,0.0,0.0,0.0,0.0,0.0,0.0
2666,Fresno,Unincorporated,3.0,12.0,4.147611910489417,0.0,0.0,0.0,0.0,1.0450434246566886,0.0,0.0,0.0,3.102568485832728
2667,Fresno,Unincorporated,3.0,12.0,0.0,0.0,0.0,0.0,0.0,0.0,0.0,0.0,0.0,0.0
2668,Fresno,Unincorporated,4.0,16.0,4.169319769247641,0.0,0.0,0.0,3.1351302739700664,0.0,0.0,0.0,0.0,1.034189495277576
2669,Fresno,Unincorporated,4.0,14.0,0.0,0.0,0.0,0.0,0.0,0.0,0.0,0.0,0.0,0.0
2670,Fresno,Unincorporated,42.0,165.0,19.64960041027394,0.0,0.0,0.0,0.0,0.0,0.0,0.0,0.0,19.64960041027394
2671,Fresno,Unincorporated,16.0,62.0,0.0,0.0,0.0,0.0,0.0,0.0,0.0,0.0,0.0,0.0
2672,Fresno,Unincorporated,4.0,16.0,0.0,0.0,0.0,0.0,0.0,0.0,0.0,0.0,0.0,0.0
2673,Fresno,Unincorporated,5.0,18.0,21.717979400829098,0.0,0.0,0.0,0.0,0.0,0.0,0.0,0.0,21.717979400829098
2674,Fresno,Unincorporated,11.0,43.0,0.0,0.0,0.0,0.0,0.0,0.0,0.0,0.0,0.0,0.0
2675,Fresno,Unincorporated,48.0,117.0,5.170947476387878,0.0,0.0,0.0,0.0,0.0,0.0,0.0,0.0,5.170947476387878
2676,Fresno,Unincorporated,42.0,104.0,13.444463438608489,0.0,0.0,0.0,0.0,0.0,0.0,0.0,0.0,13.444463438608489
2677,Fresno,Unincorporated,16.0,51.0,1.0450434246566886,0.0,0.0,0.0,0.0,1.0450434246566886,0.0,0.0,0.0,0.0
2678,Fresno,Unincorporated,3.0,8.0,0.0,0.0,0.0,0.0,0.0,0.0,0.0,0.0,0.0,0.0
2679,Fresno,Unincorporated,7.0,23.0,1.034189495277576,0.0,0.0,0.0,0.0,0.0,0.0,0.0,0.0,1.034189495277576
2680,Fresno,Unincorporated,7.0,22.0,0.0,0.0,0.0,0.0,0.0,0.0,0.0,0.0,0.0,0.0
2681,Fresno,Unincorporated,6.0,14.0,21.728833330208207,0.0,0.0,0.0,1.0450434246566886,0.0,0.0,0.0,0.0,20.68378990555152
2682,Fresno,Unincorporated,54.0,131.0,28.031655666285683,0.0,0.0,0.0,0.0,1.0450434246566886,0.0,9.405390821910196,0.0,17.58122141971879
2683,Fresno,Unincorporated,45.0,107.0,7.079232919934264,0.0,0.0,0.0,0.0,1.0,1.0450434246566886,0.0,4.0,1.034189495277576
2684,Fresno,Unincorporated,56.0,157.0,69.13126409361999,40.007482053336346,0.04410473545632,0.0048567714639399994,29.0,0.030715797907080008,0.008138373804440002,0.0,0.03596636165188001,0.0
2685,Fresno,Unincorporated,43.0,104.0,64.47792837672043,34.486433013670734,0.0,0.0,0.0,0.0,0.0,0.0,0.0,29.991495363049697
2686,Fresno,Unincorporated,312.0,760.0,63.273515962220614,0.0,4.0,0.0,0.0,8.0,6.0,37.0,0.0,8.273515962220609
2687,Fresno,Unincorporated,30.0,80.0,0.0,0.0,0.0,0.0,0.0,0.0,0.0,0.0,0.0,0.0
2688,Fresno,Unincorporated,73.0,201.0,2579.949201700775,0.47092384819854,2.7759721578019203,0.30568741023414003,5.0,1.9332663241834798,2.51223295768964,0.0,5.263739200112281,2561.6873798025554
2689,Fresno,Unincorporated,44.0,119.0,41.66063590433908,0.0,19.85582506847709,0.0,5.225217123283444,2.0900868493133773,1.0450434246566886,0.0,0.0,13.444463438608489
2690,Fresno,Unincorporated,27.0,108.0,3.102568485832728,0.0,0.0,0.0,0.0,0.0,0.0,0.0,0.0,3.102568485832728
2691,Fresno,Unincorporated,6.0,25.0,0.0,0.0,0.0,0.0,0.0,0.0,0.0,0.0,0.0,0.0
2692,Fresno,Unincorporated,32.0,125.0,47.887480734762754,0.0,0.0,0.0,0.0,17.765738219163712,4.180173698626755,0.0,8.36034739725351,17.58122141971879
2693,Fresno,Unincorporated,2.0,5.0,0.0,0.0,0.0,0.0,0.0,0.0,0.0,0.0,0.0,0.0
2694,Fresno,Unincorporated,0.0,0.0,0.0,0.0,0.0,0.0,0.0,0.0,0.0,0.0,0.0,0.0
2695,Fresno,Unincorporated,13.0,36.0,0.0,0.0,0.0,0.0,0.0,0.0,0.0,0.0,0.0,0.0
2696,Fresno,Unincorporated,15.0,41.0,1.0450434246566886,0.0,0.0,0.0,0.0,1.0450434246566886,0.0,0.0,0.0,0.0
2697,Fresno,Unincorporated,25.0,67.0,2.0900868493133773,0.0,0.0,0.0,0.0,2.0900868493133773,0.0,0.0,0.0,0.0
2698,Fresno,Unincorporated,25.0,67.0,9.329413316256408,0.0,0.0,0.0,0.0,2.0900868493133773,0.0,0.0,0.0,7.239326466943032
2699,Fresno,Unincorporated,114.0,447.0,24.874817533557387,0.0,0.0,0.0,0.0,5.225217123283444,0.0,0.0,0.0,19.64960041027394
2700,Fresno,Unincorporated,372.0,1009.0,243.3708216362968,0.0,0.0,0.0,22.135130273970066,3.0900868493133773,2.0,0.0,0.0,216.1456045130133
2701,Fresno,Unincorporated,0.0,0.0,0.0,0.0,0.0,0.0,0.0,0.0,0.0,0.0,0.0,0.0
2702,Fresno,Unincorporated,8.0,21.0,46.62535872252381,0.0,0.0,0.0,4.180173698626755,0.0,4.180173698626755,0.0,0.0,38.265011325270315
2703,Fresno,Unincorporated,53.0,165.0,2.0900868493133773,0.0,0.0,0.0,0.0,2.0900868493133773,0.0,0.0,0.0,0.0
2704,Fresno,Unincorporated,163.0,509.0,32.78635839138425,0.0,0.0,0.0,6.0,3.0,0.0,0.0,0.0,23.786358391384248
2705,Fresno,Unincorporated,4.0,14.0,0.0,0.0,0.0,0.0,0.0,0.0,0.0,0.0,0.0,0.0
2706,Fresno,Unincorporated,6.0,20.0,0.0,0.0,0.0,0.0,0.0,0.0,0.0,0.0,0.0,0.0
2707,Fresno,Unincorporated,48.0,150.0,13.444463438608489,0.0,0.0,0.0,0.0,0.0,0.0,0.0,0.0,13.444463438608489
2708,Fresno,Unincorporated,266.0,821.0,0.0,0.0,0.0,0.0,0.0,0.0,0.0,0.0,0.0,0.0
2709,Fresno,Unincorporated,880.0,2779.0,202.33339031582543,45.0,0.0,0.0,30.0,12.0,36.0,39.0,0.0,40.333390315825454
2710,Fresno,Unincorporated,274.0,749.0,72.23254061593606,0.42794852284602,2.52264392414496,0.27779114640882,13.045043424656686,3.75684130431524,14.051052387492273,0.0,5.0571560571896415,33.094063848882435
2711,Fresno,Unincorporated,602.0,1965.0,183.63259113637332,2.0,15.0,0.0,7.0,20.0,59.0,1.0,0.0,79.63259113637335
2712,Fresno,Unincorporated,5.0,17.0,0.0,0.0,0.0,0.0,0.0,0.0,0.0,0.0,0.0,0.0
2713,Fresno,Unincorporated,40.0,136.0,2.034189495277576,0.0,0.0,0.0,0.0,1.0,0.0,0.0,0.0,1.034189495277576
2714,Fresno,Unincorporated,46.0,156.0,4.068378990555152,0.0,0.0,0.0,0.0,0.0,2.0,0.0,0.0,2.068378990555152
2715,Fresno,Unincorporated,49.0,167.0,22.61541091499636,0.0,0.0,0.0,0.0,0.0,4.0,0.0,0.0,18.615410914996364
2716,Fresno,Unincorporated,39.0,132.0,2.0,0.0,0.0,0.0,0.0,0.0,0.0,2.0,0.0,0.0
2717,Fresno,Unincorporated,45.0,117.0,10.0,0.0,0.0,0.0,8.0,2.0,0.0,0.0,0.0,0.0
2718,Fresno,Unincorporated,12.0,41.0,45.50433779221334,0.0,0.0,0.0,0.0,0.0,0.0,0.0,0.0,45.50433779221334
2719,Fresno,Unincorporated,11.0,37.0,2.0,0.0,0.0,0.0,2.0,0.0,0.0,0.0,0.0,0.0
2720,Fresno,Unincorporated,5.0,17.0,0.0,0.0,0.0,0.0,0.0,0.0,0.0,0.0,0.0,0.0
2721,Fresno,Unincorporated,66.0,224.0,47.30770545749819,0.0,0.0,0.0,38.0,0.0,0.0,0.0,0.0,9.307705457498184
2722,Fresno,Unincorporated,63.0,215.0,2.0,0.0,0.0,0.0,0.0,1.0,1.0,0.0,0.0,0.0
2723,Fresno,Unincorporated,50.0,129.0,2.0,0.0,0.0,0.0,0.0,1.0,0.0,1.0,0.0,0.0
2724,Fresno,Unincorporated,14.0,48.0,0.0,0.0,0.0,0.0,0.0,0.0,0.0,0.0,0.0,0.0
2725,Fresno,Unincorporated,40.0,136.0,8.0,0.0,0.0,0.0,0.0,2.0,4.0,2.0,0.0,0.0
2726,Fresno,Unincorporated,58.0,197.0,1.0,0.0,0.0,0.0,0.0,0.0,1.0,0.0,0.0,0.0
2727,Fresno,Unincorporated,21.0,71.0,1.0,0.0,0.0,0.0,0.0,1.0,0.0,0.0,0.0,0.0
2728,Fresno,Unincorporated,19.0,65.0,0.0,0.0,0.0,0.0,0.0,0.0,0.0,0.0,0.0,0.0
2729,Fresno,Unincorporated,14.0,36.0,0.0,0.0,0.0,0.0,0.0,0.0,0.0,0.0,0.0,0.0
2730,Fresno,Unincorporated,8.0,21.0,1.0,0.0,0.0,0.0,0.0,0.0,1.0,0.0,0.0,0.0
2731,Fresno,Unincorporated,42.0,110.0,24.0,0.0,0.0,0.0,0.0,24.0,0.0,0.0,0.0,0.0
2732,Fresno,Unincorporated,42.0,109.0,4.0,0.0,0.0,0.0,0.0,1.0,3.0,0.0,0.0,0.0
2733,Fresno,Unincorporated,29.0,75.0,48.136757981110314,0.0,18.0,0.0,16.0,0.0,10.0,0.0,0.0,4.136757981110304
2734,Fresno,Unincorporated,63.0,165.0,1.0,0.0,0.0,0.0,0.0,1.0,0.0,0.0,0.0,0.0
2735,Fresno,Unincorporated,35.0,92.0,0.0,0.0,0.0,0.0,0.0,0.0,0.0,0.0,0.0,0.0
2736,Fresno,Unincorporated,65.0,169.0,5.170947476387878,0.0,0.0,0.0,0.0,0.0,0.0,0.0,0.0,5.170947476387878
2737,Fresno,Unincorporated,39.0,102.0,11.102568485832727,0.0,0.0,0.0,0.0,4.0,4.0,0.0,0.0,3.102568485832728
2738,Fresno,Unincorporated,625.0,1658.0,1327.3828745225098,147.22818802552126,139.61293692075287,125.63420438818564,0.0,609.2200883814669,191.458690235058,0.0,114.2287665715251,0.0
2739,Fresno,Unincorporated,0.0,0.0,0.0,0.0,0.0,0.0,0.0,0.0,0.0,0.0,0.0,0.0
2740,Fresno,Unincorporated,0.0,0.0,0.0,0.0,0.0,0.0,0.0,0.0,0.0,0.0,0.0,0.0
2741,Fresno,Unincorporated,0.0,0.0,0.0,0.0,0.0,0.0,0.0,0.0,0.0,0.0,0.0,0.0
2742,Fresno,Unincorporated,0.0,0.0,0.0,0.0,0.0,0.0,0.0,0.0,0.0,0.0,0.0,0.0
2743,Fresno,Unincorporated,0.0,0.0,0.0,0.0,0.0,0.0,0.0,0.0,0.0,0.0,0.0,0.0
2744,Fresno,Unincorporated,0.0,0.0,0.0,0.0,0.0,0.0,0.0,0.0,0.0,0.0,0.0,0.0
2745,Fresno,Unincorporated,0.0,0.0,0.0,0.0,0.0,0.0,0.0,0.0,0.0,0.0,0.0,0.0
2746,Fresno,Unincorporated,0.0,0.0,0.0,0.0,0.0,0.0,0.0,0.0,0.0,0.0,0.0,0.0
2747,Fresno,Unincorporated,0.0,0.0,0.0,0.0,0.0,0.0,0.0,0.0,0.0,0.0,0.0,0.0
2748,Fresno,Unincorporated,0.0,0.0,0.0,0.0,0.0,0.0,0.0,0.0,0.0,0.0,0.0,0.0
2749,Fresno,Unincorporated,0.0,0.0,0.0,0.0,0.0,0.0,0.0,0.0,0.0,0.0,0.0,0.0
2750,Fresno,Unincorporated,0.0,0.0,0.0,0.0,0.0,0.0,0.0,0.0,0.0,0.0,0.0,0.0
2751,Fresno,Unincorporated,0.0,0.0,0.0,0.0,0.0,0.0,0.0,0.0,0.0,0.0,0.0,0.0
2752,Fresno,Unincorporated,0.0,0.0,0.0,0.0,0.0,0.0,0.0,0.0,0.0,0.0,0.0,0.0
2753,Fresno,Unincorporated,0.0,0.0,0.0,0.0,0.0,0.0,0.0,0.0,0.0,0.0,0.0,0.0
2754,Fresno,Unincorporated,0.0,0.0,0.0,0.0,0.0,0.0,0.0,0.0,0.0,0.0,0.0,0.0
2755,Fresno,Unincorporated,0.0,0.0,0.0,0.0,0.0,0.0,0.0,0.0,0.0,0.0,0.0,0.0
2756,Fresno,Unincorporated,0.0,0.0,0.0,0.0,0.0,0.0,0.0,0.0,0.0,0.0,0.0,0.0
2757,Fresno,Unincorporated,0.0,0.0,0.0,0.0,0.0,0.0,0.0,0.0,0.0,0.0,0.0,0.0
2758,Fresno,Unincorporated,0.0,0.0,0.0,0.0,0.0,0.0,0.0,0.0,0.0,0.0,0.0,0.0
2759,Fresno,Unincorporated,0.0,0.0,0.0,0.0,0.0,0.0,0.0,0.0,0.0,0.0,0.0,0.0
2760,Fresno,Unincorporated,0.0,0.0,0.0,0.0,0.0,0.0,0.0,0.0,0.0,0.0,0.0,0.0
2761,Fresno,Unincorporated,0.0,0.0,0.0,0.0,0.0,0.0,0.0,0.0,0.0,0.0,0.0,0.0
2762,Fresno,Unincorporated,0.0,0.0,0.0,0.0,0.0,0.0,0.0,0.0,0.0,0.0,0.0,0.0
2763,Fresno,Unincorporated,0.0,0.0,0.0,0.0,0.0,0.0,0.0,0.0,0.0,0.0,0.0,0.0
2764,Fresno,Unincorporated,0.0,0.0,0.0,0.0,0.0,0.0,0.0,0.0,0.0,0.0,0.0,0.0
2765,Fresno,Unincorporated,0.0,0.0,0.0,0.0,0.0,0.0,0.0,0.0,0.0,0.0,0.0,0.0
2766,Fresno,Unincorporated,0.0,0.0,0.0,0.0,0.0,0.0,0.0,0.0,0.0,0.0,0.0,0.0
2767,Fresno,Unincorporated,0.0,0.0,0.0,0.0,0.0,0.0,0.0,0.0,0.0,0.0,0.0,0.0
2768,Fresno,Unincorporated,0.0,0.0,0.0,0.0,0.0,0.0,0.0,0.0,0.0,0.0,0.0,0.0
2769,Fresno,Unincorporated,0.0,0.0,0.0,0.0,0.0,0.0,0.0,0.0,0.0,0.0,0.0,0.0
2770,Fresno,Unincorporated,0.0,0.0,0.0,0.0,0.0,0.0,0.0,0.0,0.0,0.0,0.0,0.0
2771,Fresno,Unincorporated,1057.0,3000.0,157.29920082054787,0.0,0.0,0.0,9.0,3.0,98.0,8.0,0.0,39.29920082054788
2772,Fresno,Unincorporated,115.0,369.0,24.0,0.0,13.0,0.0,0.0,4.0,3.0,4.0,0.0,0.0
2773,Fresno,Unincorporated,9.0,29.0,0.0,0.0,0.0,0.0,0.0,0.0,0.0,0.0,0.0,0.0
2774,Fresno,Unincorporated,2.0,5.0,17.58122141971879,0.0,0.0,0.0,0.0,0.0,0.0,0.0,0.0,17.58122141971879
2775,Fresno,Unincorporated,0.0,0.0,0.0,0.0,0.0,0.0,0.0,0.0,0.0,0.0,0.0,0.0
2776,Fresno,Unincorporated,2.0,5.0,0.0,0.0,0.0,0.0,0.0,0.0,0.0,0.0,0.0,0.0
2777,Fresno,Unincorporated,0.0,0.0,0.0,0.0,0.0,0.0,0.0,0.0,0.0,0.0,0.0,0.0
2778,Fresno,Unincorporated,1.0,3.0,0.0,0.0,0.0,0.0,0.0,0.0,0.0,0.0,0.0,0.0
2779,Fresno,Unincorporated,12.0,35.0,0.0,0.0,0.0,0.0,0.0,0.0,0.0,0.0,0.0,0.0
2780,Fresno,Unincorporated,147.0,394.0,0.0,0.0,0.0,0.0,0.0,0.0,0.0,0.0,0.0,0.0
2781,Fresno,Unincorporated,0.0,0.0,0.0,0.0,0.0,0.0,0.0,0.0,0.0,0.0,0.0,0.0
2782,Fresno,Unincorporated,0.0,0.0,0.0,0.0,0.0,0.0,0.0,0.0,0.0,0.0,0.0,0.0
2783,Fresno,Unincorporated,0.0,0.0,0.0,0.0,0.0,0.0,0.0,0.0,0.0,0.0,0.0,0.0
2784,Fresno,Unincorporated,58.0,172.0,4.1025684858327285,0.0,0.0,0.0,0.0,1.0,0.0,0.0,0.0,3.102568485832728
2785,Fresno,Unincorporated,9.0,26.0,0.0,0.0,0.0,0.0,0.0,0.0,0.0,0.0,0.0,0.0
2786,Fresno,Unincorporated,24.0,70.0,0.0,0.0,0.0,0.0,0.0,0.0,0.0,0.0,0.0,0.0
2787,Fresno,Unincorporated,29.0,87.0,1.0,0.0,0.0,0.0,0.0,0.0,1.0,0.0,0.0,0.0
2788,Fresno,Unincorporated,0.0,0.0,0.0,0.0,0.0,0.0,0.0,0.0,0.0,0.0,0.0,0.0
2789,Fresno,Unincorporated,0.0,0.0,0.0,0.0,0.0,0.0,0.0,0.0,0.0,0.0,0.0,0.0
2790,Fresno,Unincorporated,0.0,0.0,0.0,0.0,0.0,0.0,0.0,0.0,0.0,0.0,0.0,0.0
2791,Fresno,Unincorporated,0.0,0.0,0.0,0.0,0.0,0.0,0.0,0.0,0.0,0.0,0.0,0.0
2792,Fresno,Unincorporated,0.0,0.0,0.0,0.0,0.0,0.0,0.0,0.0,0.0,0.0,0.0,0.0
2793,Fresno,Unincorporated,0.0,0.0,0.0,0.0,0.0,0.0,0.0,0.0,0.0,0.0,0.0,0.0
2794,Fresno,Unincorporated,0.0,0.0,0.0,0.0,0.0,0.0,0.0,0.0,0.0,0.0,0.0,0.0
2795,Fresno,Unincorporated,0.0,0.0,0.0,0.0,0.0,0.0,0.0,0.0,0.0,0.0,0.0,0.0
2796,Fresno,Unincorporated,0.0,0.0,0.0,0.0,0.0,0.0,0.0,0.0,0.0,0.0,0.0,0.0
2797,Fresno,Unincorporated,0.0,0.0,0.0,0.0,0.0,0.0,0.0,0.0,0.0,0.0,0.0,0.0
2798,Fresno,Unincorporated,0.0,0.0,0.0,0.0,0.0,0.0,0.0,0.0,0.0,0.0,0.0,0.0
2799,Fresno,Unincorporated,0.0,0.0,0.0,0.0,0.0,0.0,0.0,0.0,0.0,0.0,0.0,0.0
2800,Fresno,Unincorporated,0.0,0.0,0.0,0.0,0.0,0.0,0.0,0.0,0.0,0.0,0.0,0.0
2801,Fresno,Unincorporated,5.0,16.0,0.0,0.0,0.0,0.0,0.0,0.0,0.0,0.0,0.0,0.0
2802,Fresno,Unincorporated,48.0,114.0,156.145433565537,0.0,0.0,0.0,25.0,1.0,0.0,35.0,0.0,95.14543356553699
2803,Fresno,Unincorporated,51.0,134.0,13.34189495277576,0.0,0.0,0.0,0.0,0.0,3.0,0.0,0.0,10.34189495277576
2804,Fresno,Unincorporated,191.0,564.0,40.887299170076744,0.0,0.0,0.0,0.0,4.0,9.135130273970066,2.0,3.0,22.75216889610667
2805,Fresno,Unincorporated,93.0,274.0,39.13910727353912,0.0,0.0,0.0,0.0,1.0,0.0,0.0,5.045043424656688,33.094063848882435
2806,Fresno,Unincorporated,88.0,260.0,49.09406384888243,0.0,0.0,0.0,3.0,0.0,9.0,2.0,2.0,33.094063848882435
2807,Fresno,Unincorporated,30.0,86.0,22.68378990555152,0.0,0.0,0.0,0.0,0.0,0.0,0.0,2.0,20.68378990555152
2808,Fresno,Unincorporated,0.0,0.0,0.0,0.0,0.0,0.0,0.0,0.0,0.0,0.0,0.0,0.0
2809,Fresno,Unincorporated,0.0,0.0,0.0,0.0,0.0,0.0,0.0,0.0,0.0,0.0,0.0,0.0
2810,Fresno,Unincorporated,0.0,0.0,0.0,0.0,0.0,0.0,0.0,0.0,0.0,0.0,0.0,0.0
2811,Fresno,Unincorporated,0.0,0.0,0.0,0.0,0.0,0.0,0.0,0.0,0.0,0.0,0.0,0.0
2812,Fresno,Unincorporated,0.0,0.0,0.0,0.0,0.0,0.0,0.0,0.0,0.0,0.0,0.0,0.0
2813,Fresno,Unincorporated,0.0,0.0,0.0,0.0,0.0,0.0,0.0,0.0,0.0,0.0,0.0,0.0
2814,Fresno,Unincorporated,0.0,0.0,0.0,0.0,0.0,0.0,0.0,0.0,0.0,0.0,0.0,0.0
2815,Fresno,Unincorporated,0.0,0.0,0.0,0.0,0.0,0.0,0.0,0.0,0.0,0.0,0.0,0.0
2816,Fresno,Unincorporated,0.0,0.0,0.0,0.0,0.0,0.0,0.0,0.0,0.0,0.0,0.0,0.0
2817,Fresno,Unincorporated,0.0,0.0,0.0,0.0,0.0,0.0,0.0,0.0,0.0,0.0,0.0,0.0
2818,Fresno,Unincorporated,0.0,0.0,0.0,0.0,0.0,0.0,0.0,0.0,0.0,0.0,0.0,0.0
2819,Fresno,Unincorporated,0.0,0.0,0.0,0.0,0.0,0.0,0.0,0.0,0.0,0.0,0.0,0.0
2820,Fresno,Unincorporated,0.0,0.0,0.0,0.0,0.0,0.0,0.0,0.0,0.0,0.0,0.0,0.0
2821,Fresno,Unincorporated,73.0,229.0,431.266936161646,0.12378137450778,380.72965862867744,40.83704287488784,0.0,0.50815511640036,6.404899937755612,0.0,0.5950192388619601,2.068378990555152
2822,Fresno,Unincorporated,391.0,1182.0,142.5920753490979,0.0,1.0450434246566886,0.0,108.0,12.0,5.0,0.0,0.0,16.547031924441217
2823,Fresno,Unincorporated,51.0,154.0,1.0,0.0,0.0,0.0,0.0,0.0,1.0,0.0,0.0,0.0
2824,Fresno,Unincorporated,103.0,311.0,28.07507138380213,0.0,0.0,0.0,0.0,1.0450434246566886,13.585564520536952,0.0,0.0,13.444463438608489
2825,Fresno,Unincorporated,414.0,1233.0,152.38096927105252,0.0,30.30625931504397,0.0,2.0900868493133773,4.180173698626755,8.36034739725351,7.315303972596821,81.51338712322172,18.615410914996367
2826,Fresno,Unincorporated,640.0,1670.0,96.7223195297702,25.08104219176053,0.0,0.0,6.270260547940133,10.450434246566887,4.180173698626755,4.180173698626755,2.0900868493133773,44.47014829693576
2827,Fresno,Unincorporated,171.0,413.0,90.93505798841134,66.0,0.0,0.0,7.315303972596822,3.1351302739700664,3.0,0.0,10.450434246566887,1.034189495277576
2828,Fresno,Unincorporated,218.0,634.0,13.520440944262276,0.0,0.0,0.0,0.0,4.180173698626755,3.1351302739700664,0.0,0.0,6.205136971665455
2829,Fresno,Unincorporated,145.0,420.0,49.030209523831466,0.0,0.0,0.0,2.0900868493133773,3.1351302739700664,0.0,1.0450434246566886,34.486433013670734,8.273515962220609
2830,Fresno,Unincorporated,86.0,250.0,12.442835731468248,0.0,1.0450434246566886,0.0,0.0,1.0450434246566886,0.0,1.0450434246566886,0.0,9.307705457498184
2831,Fresno,Unincorporated,328.0,959.0,24.96164896859029,0.0,0.0,0.0,0.0,3.1351302739700664,0.0,10.450434246566887,0.0,11.376084448053335
2832,Fresno,Unincorporated,203.0,689.0,748.1283881978318,29.261215890387287,0.0,73.1530397259682,6.270260547940131,6.270260547940131,0.0,14.630607945193644,9.405390821910196,609.1376127184923
2833,Fresno,Unincorporated,33.0,83.0,2.0,0.0,0.0,0.0,0.0,0.0,2.0,0.0,0.0,0.0
2834,Fresno,Unincorporated,380.0,1096.0,208.94283212444188,0.0,102.41425561635548,0.0,5.225217123283444,21.63060794519364,4.180173698626755,6.1801736986267555,2.0900868493133773,67.22231719304243
2835,Fresno,Unincorporated,254.0,727.0,80.46834369856505,0.0,6.270260547940133,0.0,15.67565136985033,4.180173698626755,21.94591191779046,9.405390821910196,22.990955342447148,0.0
2836,Fresno,Unincorporated,46.0,103.0,14.500360792644287,0.0,0.0,0.0,0.0,0.0,2.0900868493133773,0.0,0.0,12.41027394333091
2837,Fresno,Unincorporated,31.0,69.0,69.29069618359759,0.0,0.0,0.0,0.0,0.0,0.0,0.0,0.0,69.29069618359759
2838,Fresno,Unincorporated,218.0,510.0,32.351302739700664,10.450434246566887,17.765738219163712,0.0,0.0,4.135130273970066,0.0,0.0,0.0,0.0
2839,Fresno,Unincorporated,0.0,0.0,0.0,0.0,0.0,0.0,0.0,0.0,0.0,0.0,0.0,0.0
2840,Fresno,Unincorporated,0.0,0.0,0.0,0.0,0.0,0.0,0.0,0.0,0.0,0.0,0.0,0.0
2841,Fresno,Unincorporated,0.0,0.0,0.0,0.0,0.0,0.0,0.0,0.0,0.0,0.0,0.0,0.0
2842,Fresno,Unincorporated,0.0,0.0,0.0,0.0,0.0,0.0,0.0,0.0,0.0,0.0,0.0,0.0
2843,Fresno,Unincorporated,0.0,0.0,0.0,0.0,0.0,0.0,0.0,0.0,0.0,0.0,0.0,0.0
2844,Fresno,Unincorporated,0.0,0.0,0.0,0.0,0.0,0.0,0.0,0.0,0.0,0.0,0.0,0.0
2845,Fresno,Unincorporated,0.0,0.0,0.0,0.0,0.0,0.0,0.0,0.0,0.0,0.0,0.0,0.0
2846,Fresno,Unincorporated,0.0,0.0,0.0,0.0,0.0,0.0,0.0,0.0,0.0,0.0,0.0,0.0
2847,Fresno,Unincorporated,0.0,0.0,0.0,0.0,0.0,0.0,0.0,0.0,0.0,0.0,0.0,0.0
2848,Fresno,Unincorporated,0.0,0.0,0.0,0.0,0.0,0.0,0.0,0.0,0.0,0.0,0.0,0.0
2849,Fresno,Unincorporated,0.0,0.0,0.0,0.0,0.0,0.0,0.0,0.0,0.0,0.0,0.0,0.0
2850,Fresno,Unincorporated,0.0,0.0,0.0,0.0,0.0,0.0,0.0,0.0,0.0,0.0,0.0,0.0
2851,Fresno,Unincorporated,260.0,572.0,254.53129360334282,29.261215890387287,0.0,54.34225808214781,5.225217123283444,4.045043424656688,17.0,101.32416876704212,3.0,40.33339031582546
2852,Fresno,Unincorporated,15.0,5.0,177.65738219163703,13.585564520536952,96.14399506841535,0.0,34.486433013670734,0.0,15.67565136985033,14.630607945193644,3.1351302739700664,0.0
2853,Fresno,Unincorporated,365.0,823.0,44.6014831360228,0.0,12.540521095880266,0.0,3.1351302739700664,7.270260547940133,15.450434246566884,0.0,0.0,6.205136971665455
2854,Fresno,Unincorporated,179.0,257.0,111.79793857950749,16.72069479450702,49.117040958864365,39.71165013695418,0.0,2.0900868493133773,1.0450434246566886,0.0,1.0450434246566886,2.068378990555152
2855,Fresno,Unincorporated,0.0,0.0,0.0,0.0,0.0,0.0,0.0,0.0,0.0,0.0,0.0,0.0
2856,Fresno,Unincorporated,0.0,0.0,0.0,0.0,0.0,0.0,0.0,0.0,0.0,0.0,0.0,0.0
2857,Fresno,Unincorporated,0.0,0.0,0.0,0.0,0.0,0.0,0.0,0.0,0.0,0.0,0.0,0.0
2858,Fresno,Unincorporated,0.0,0.0,0.0,0.0,0.0,0.0,0.0,0.0,0.0,0.0,0.0,0.0
2859,Fresno,Unincorporated,0.0,0.0,0.0,0.0,0.0,0.0,0.0,0.0,0.0,0.0,0.0,0.0
2860,Fresno,Unincorporated,0.0,0.0,0.0,0.0,0.0,0.0,0.0,0.0,0.0,0.0,0.0,0.0
2861,Fresno,Unincorporated,0.0,0.0,0.0,0.0,0.0,0.0,0.0,0.0,0.0,0.0,0.0,0.0
2862,Fresno,Unincorporated,0.0,0.0,0.0,0.0,0.0,0.0,0.0,0.0,0.0,0.0,0.0,0.0
2863,Fresno,Unincorporated,0.0,0.0,0.0,0.0,0.0,0.0,0.0,0.0,0.0,0.0,0.0,0.0
2864,Fresno,Unincorporated,0.0,0.0,0.0,0.0,0.0,0.0,0.0,0.0,0.0,0.0,0.0,0.0
2865,Fresno,Unincorporated,0.0,0.0,0.0,0.0,0.0,0.0,0.0,0.0,0.0,0.0,0.0,0.0
2866,Fresno,Unincorporated,0.0,0.0,0.0,0.0,0.0,0.0,0.0,0.0,0.0,0.0,0.0,0.0
2867,Fresno,Unincorporated,0.0,0.0,0.0,0.0,0.0,0.0,0.0,0.0,0.0,0.0,0.0,0.0
2868,Fresno,Unincorporated,0.0,0.0,0.0,0.0,0.0,0.0,0.0,0.0,0.0,0.0,0.0,0.0
2869,Fresno,Unincorporated,0.0,0.0,0.0,0.0,0.0,0.0,0.0,0.0,0.0,0.0,0.0,0.0
2870,Fresno,Unincorporated,0.0,0.0,0.0,0.0,0.0,0.0,0.0,0.0,0.0,0.0,0.0,0.0
2871,Fresno,Unincorporated,0.0,0.0,0.0,0.0,0.0,0.0,0.0,0.0,0.0,0.0,0.0,0.0
2872,Fresno,Unincorporated,0.0,0.0,0.0,0.0,0.0,0.0,0.0,0.0,0.0,0.0,0.0,0.0
2873,Fresno,Unincorporated,0.0,0.0,0.0,0.0,0.0,0.0,0.0,0.0,0.0,0.0,0.0,0.0
2874,Fresno,Unincorporated,0.0,0.0,0.0,0.0,0.0,0.0,0.0,0.0,0.0,0.0,0.0,0.0
2875,Fresno,Unincorporated,0.0,0.0,0.0,0.0,0.0,0.0,0.0,0.0,0.0,0.0,0.0,0.0
2876,Fresno,Unincorporated,0.0,0.0,0.0,0.0,0.0,0.0,0.0,0.0,0.0,0.0,0.0,0.0
2877,Fresno,Unincorporated,0.0,0.0,0.0,0.0,0.0,0.0,0.0,0.0,0.0,0.0,0.0,0.0
2878,Fresno,Unincorporated,0.0,0.0,0.0,0.0,0.0,0.0,0.0,0.0,0.0,0.0,0.0,0.0
2879,Fresno,Unincorporated,0.0,0.0,0.0,0.0,0.0,0.0,0.0,0.0,0.0,0.0,0.0,0.0
2880,Fresno,Unincorporated,0.0,0.0,0.0,0.0,0.0,0.0,0.0,0.0,0.0,0.0,0.0,0.0
2881,Fresno,Unincorporated,0.0,0.0,0.0,0.0,0.0,0.0,0.0,0.0,0.0,0.0,0.0,0.0
2882,Fresno,Unincorporated,0.0,0.0,0.0,0.0,0.0,0.0,0.0,0.0,0.0,0.0,0.0,0.0
2883,Fresno,Unincorporated,0.0,0.0,0.0,0.0,0.0,0.0,0.0,0.0,0.0,0.0,0.0,0.0
2884,Fresno,Unincorporated,0.0,0.0,0.0,0.0,0.0,0.0,0.0,0.0,0.0,0.0,0.0,0.0
2885,Fresno,Unincorporated,0.0,0.0,0.0,0.0,0.0,0.0,0.0,0.0,0.0,0.0,0.0,0.0
2886,Fresno,Unincorporated,0.0,0.0,0.0,0.0,0.0,0.0,0.0,0.0,0.0,0.0,0.0,0.0
2887,Fresno,Unincorporated,0.0,0.0,0.0,0.0,0.0,0.0,0.0,0.0,0.0,0.0,0.0,0.0
2888,Fresno,Unincorporated,0.0,0.0,0.0,0.0,0.0,0.0,0.0,0.0,0.0,0.0,0.0,0.0
2889,Fresno,Unincorporated,0.0,0.0,0.0,0.0,0.0,0.0,0.0,0.0,0.0,0.0,0.0,0.0
2890,Fresno,Unincorporated,0.0,0.0,0.0,0.0,0.0,0.0,0.0,0.0,0.0,0.0,0.0,0.0
2891,Fresno,Unincorporated,0.0,0.0,0.0,0.0,0.0,0.0,0.0,0.0,0.0,0.0,0.0,0.0
2892,Fresno,Unincorporated,0.0,0.0,0.0,0.0,0.0,0.0,0.0,0.0,0.0,0.0,0.0,0.0
2893,Fresno,Unincorporated,0.0,0.0,0.0,0.0,0.0,0.0,0.0,0.0,0.0,0.0,0.0,0.0
2894,Fresno,Unincorporated,0.0,0.0,0.0,0.0,0.0,0.0,0.0,0.0,0.0,0.0,0.0,0.0
2895,Fresno,Unincorporated,0.0,0.0,0.0,0.0,0.0,0.0,0.0,0.0,0.0,0.0,0.0,0.0
2896,Fresno,Unincorporated,0.0,0.0,0.0,0.0,0.0,0.0,0.0,0.0,0.0,0.0,0.0,0.0
2897,Fresno,Unincorporated,0.0,0.0,0.0,0.0,0.0,0.0,0.0,0.0,0.0,0.0,0.0,0.0
2898,Fresno,Unincorporated,0.0,0.0,0.0,0.0,0.0,0.0,0.0,0.0,0.0,0.0,0.0,0.0
2899,Fresno,Unincorporated,0.0,0.0,0.0,0.0,0.0,0.0,0.0,0.0,0.0,0.0,0.0,0.0
2900,Fresno,Unincorporated,0.0,0.0,0.0,0.0,0.0,0.0,0.0,0.0,0.0,0.0,0.0,0.0
2901,Fresno,Unincorporated,0.0,0.0,0.0,0.0,0.0,0.0,0.0,0.0,0.0,0.0,0.0,0.0
2902,Fresno,Unincorporated,0.0,0.0,0.0,0.0,0.0,0.0,0.0,0.0,0.0,0.0,0.0,0.0
2903,Fresno,Unincorporated,0.0,0.0,0.0,0.0,0.0,0.0,0.0,0.0,0.0,0.0,0.0,0.0
2904,Fresno,Unincorporated,0.0,0.0,0.0,0.0,0.0,0.0,0.0,0.0,0.0,0.0,0.0,0.0
2905,Fresno,Unincorporated,0.0,0.0,0.0,0.0,0.0,0.0,0.0,0.0,0.0,0.0,0.0,0.0
2906,Fresno,Unincorporated,0.0,0.0,0.0,0.0,0.0,0.0,0.0,0.0,0.0,0.0,0.0,0.0
2907,Fresno,Unincorporated,0.0,0.0,0.0,0.0,0.0,0.0,0.0,0.0,0.0,0.0,0.0,0.0
2908,Fresno,Unincorporated,0.0,0.0,0.0,0.0,0.0,0.0,0.0,0.0,0.0,0.0,0.0,0.0
2909,Fresno,Unincorporated,0.0,0.0,0.0,0.0,0.0,0.0,0.0,0.0,0.0,0.0,0.0,0.0
2910,Fresno,Unincorporated,0.0,0.0,0.0,0.0,0.0,0.0,0.0,0.0,0.0,0.0,0.0,0.0
2911,Fresno,Unincorporated,0.0,0.0,0.0,0.0,0.0,0.0,0.0,0.0,0.0,0.0,0.0,0.0
2912,Fresno,Unincorporated,0.0,0.0,0.0,0.0,0.0,0.0,0.0,0.0,0.0,0.0,0.0,0.0
2913,Fresno,Unincorporated,0.0,0.0,0.0,0.0,0.0,0.0,0.0,0.0,0.0,0.0,0.0,0.0
2914,Fresno,Unincorporated,0.0,0.0,0.0,0.0,0.0,0.0,0.0,0.0,0.0,0.0,0.0,0.0
2915,Fresno,Unincorporated,0.0,0.0,0.0,0.0,0.0,0.0,0.0,0.0,0.0,0.0,0.0,0.0
2916,Fresno,Unincorporated,0.0,0.0,0.0,0.0,0.0,0.0,0.0,0.0,0.0,0.0,0.0,0.0
2917,Fresno,Unincorporated,0.0,0.0,0.0,0.0,0.0,0.0,0.0,0.0,0.0,0.0,0.0,0.0
2918,Fresno,Unincorporated,0.0,0.0,0.0,0.0,0.0,0.0,0.0,0.0,0.0,0.0,0.0,0.0
2919,Fresno,Unincorporated,0.0,0.0,0.0,0.0,0.0,0.0,0.0,0.0,0.0,0.0,0.0,0.0
2920,Fresno,Unincorporated,0.0,0.0,0.0,0.0,0.0,0.0,0.0,0.0,0.0,0.0,0.0,0.0
2921,Fresno,Unincorporated,0.0,0.0,0.0,0.0,0.0,0.0,0.0,0.0,0.0,0.0,0.0,0.0
2922,Fresno,Unincorporated,0.0,0.0,0.0,0.0,0.0,0.0,0.0,0.0,0.0,0.0,0.0,0.0
2923,Fresno,Unincorporated,0.0,0.0,0.0,0.0,0.0,0.0,0.0,0.0,0.0,0.0,0.0,0.0
2924,Fresno,Unincorporated,0.0,0.0,0.0,0.0,0.0,0.0,0.0,0.0,0.0,0.0,0.0,0.0
2925,Fresno,Unincorporated,0.0,0.0,0.0,0.0,0.0,0.0,0.0,0.0,0.0,0.0,0.0,0.0
2926,Fresno,Unincorporated,0.0,0.0,0.0,0.0,0.0,0.0,0.0,0.0,0.0,0.0,0.0,0.0
2927,Fresno,Unincorporated,0.0,0.0,0.0,0.0,0.0,0.0,0.0,0.0,0.0,0.0,0.0,0.0
2928,Fresno,Unincorporated,0.0,0.0,0.0,0.0,0.0,0.0,0.0,0.0,0.0,0.0,0.0,0.0
2929,Fresno,Unincorporated,0.0,0.0,0.0,0.0,0.0,0.0,0.0,0.0,0.0,0.0,0.0,0.0
2930,Fresno,Unincorporated,0.0,0.0,0.0,0.0,0.0,0.0,0.0,0.0,0.0,0.0,0.0,0.0
2931,Fresno,Unincorporated,0.0,0.0,0.0,0.0,0.0,0.0,0.0,0.0,0.0,0.0,0.0,0.0
2932,Fresno,Unincorporated,0.0,0.0,0.0,0.0,0.0,0.0,0.0,0.0,0.0,0.0,0.0,0.0
2933,Fresno,Unincorporated,0.0,0.0,0.0,0.0,0.0,0.0,0.0,0.0,0.0,0.0,0.0,0.0
2934,Fresno,Unincorporated,0.0,0.0,0.0,0.0,0.0,0.0,0.0,0.0,0.0,0.0,0.0,0.0
2935,Fresno,Unincorporated,0.0,0.0,0.0,0.0,0.0,0.0,0.0,0.0,0.0,0.0,0.0,0.0
2936,Fresno,Unincorporated,0.0,0.0,0.0,0.0,0.0,0.0,0.0,0.0,0.0,0.0,0.0,0.0
2937,Fresno,Unincorporated,0.0,0.0,0.0,0.0,0.0,0.0,0.0,0.0,0.0,0.0,0.0,0.0
2938,Fresno,Unincorporated,0.0,0.0,0.0,0.0,0.0,0.0,0.0,0.0,0.0,0.0,0.0,0.0
2939,Fresno,Unincorporated,0.0,0.0,0.0,0.0,0.0,0.0,0.0,0.0,0.0,0.0,0.0,0.0
2940,Fresno,Unincorporated,0.0,0.0,0.0,0.0,0.0,0.0,0.0,0.0,0.0,0.0,0.0,0.0
2941,Fresno,Unincorporated,0.0,0.0,0.0,0.0,0.0,0.0,0.0,0.0,0.0,0.0,0.0,0.0
2942,Fresno,Unincorporated,0.0,0.0,0.0,0.0,0.0,0.0,0.0,0.0,0.0,0.0,0.0,0.0
2943,Fresno,Unincorporated,0.0,0.0,0.0,0.0,0.0,0.0,0.0,0.0,0.0,0.0,0.0,0.0
2944,Fresno,Unincorporated,0.0,0.0,0.0,0.0,0.0,0.0,0.0,0.0,0.0,0.0,0.0,0.0
2945,Fresno,Unincorporated,0.0,0.0,0.0,0.0,0.0,0.0,0.0,0.0,0.0,0.0,0.0,0.0
2946,Fresno,Unincorporated,0.0,0.0,0.0,0.0,0.0,0.0,0.0,0.0,0.0,0.0,0.0,0.0
2947,Fresno,Unincorporated,0.0,0.0,0.0,0.0,0.0,0.0,0.0,0.0,0.0,0.0,0.0,0.0
2948,Fresno,Unincorporated,0.0,0.0,0.0,0.0,0.0,0.0,0.0,0.0,0.0,0.0,0.0,0.0
2949,Fresno,Unincorporated,0.0,0.0,0.0,0.0,0.0,0.0,0.0,0.0,0.0,0.0,0.0,0.0
2950,Fresno,Unincorporated,0.0,0.0,0.0,0.0,0.0,0.0,0.0,0.0,0.0,0.0,0.0,0.0
2951,Fresno,Unincorporated,0.0,0.0,0.0,0.0,0.0,0.0,0.0,0.0,0.0,0.0,0.0,0.0
2952,Fresno,Unincorporated,0.0,0.0,0.0,0.0,0.0,0.0,0.0,0.0,0.0,0.0,0.0,0.0
2953,Fresno,Unincorporated,0.0,0.0,0.0,0.0,0.0,0.0,0.0,0.0,0.0,0.0,0.0,0.0
2954,Fresno,Unincorporated,0.0,0.0,0.0,0.0,0.0,0.0,0.0,0.0,0.0,0.0,0.0,0.0
2955,Fresno,Unincorporated,0.0,0.0,0.0,0.0,0.0,0.0,0.0,0.0,0.0,0.0,0.0,0.0
2956,Fresno,Unincorporated,0.0,0.0,0.0,0.0,0.0,0.0,0.0,0.0,0.0,0.0,0.0,0.0
2957,Fresno,Unincorporated,0.0,0.0,0.0,0.0,0.0,0.0,0.0,0.0,0.0,0.0,0.0,0.0
2958,Fresno,Unincorporated,0.0,0.0,0.0,0.0,0.0,0.0,0.0,0.0,0.0,0.0,0.0,0.0
2959,Fresno,Unincorporated,0.0,0.0,0.0,0.0,0.0,0.0,0.0,0.0,0.0,0.0,0.0,0.0
2960,Fresno,Unincorporated,0.0,0.0,0.0,0.0,0.0,0.0,0.0,0.0,0.0,0.0,0.0,0.0
2961,Fresno,Unincorporated,0.0,0.0,0.0,0.0,0.0,0.0,0.0,0.0,0.0,0.0,0.0,0.0
2962,Fresno,Unincorporated,0.0,0.0,0.0,0.0,0.0,0.0,0.0,0.0,0.0,0.0,0.0,0.0
2963,Fresno,Unincorporated,0.0,0.0,0.0,0.0,0.0,0.0,0.0,0.0,0.0,0.0,0.0,0.0
2964,Fresno,Unincorporated,0.0,0.0,0.0,0.0,0.0,0.0,0.0,0.0,0.0,0.0,0.0,0.0
2965,Fresno,Unincorporated,0.0,0.0,0.0,0.0,0.0,0.0,0.0,0.0,0.0,0.0,0.0,0.0
2966,Fresno,Unincorporated,0.0,0.0,0.0,0.0,0.0,0.0,0.0,0.0,0.0,0.0,0.0,0.0
2967,Fresno,Unincorporated,0.0,0.0,0.0,0.0,0.0,0.0,0.0,0.0,0.0,0.0,0.0,0.0
2968,Fresno,Unincorporated,0.0,0.0,0.0,0.0,0.0,0.0,0.0,0.0,0.0,0.0,0.0,0.0
2969,Fresno,Unincorporated,0.0,0.0,0.0,0.0,0.0,0.0,0.0,0.0,0.0,0.0,0.0,0.0
2970,Fresno,Unincorporated,0.0,0.0,0.0,0.0,0.0,0.0,0.0,0.0,0.0,0.0,0.0,0.0
2971,Fresno,Unincorporated,0.0,0.0,0.0,0.0,0.0,0.0,0.0,0.0,0.0,0.0,0.0,0.0
2972,Fresno,Unincorporated,0.0,0.0,0.0,0.0,0.0,0.0,0.0,0.0,0.0,0.0,0.0,0.0
2973,Fresno,Unincorporated,0.0,0.0,0.0,0.0,0.0,0.0,0.0,0.0,0.0,0.0,0.0,0.0
2974,Fresno,Unincorporated,0.0,0.0,0.0,0.0,0.0,0.0,0.0,0.0,0.0,0.0,0.0,0.0
2975,Fresno,Unincorporated,0.0,0.0,0.0,0.0,0.0,0.0,0.0,0.0,0.0,0.0,0.0,0.0
2976,Fresno,Unincorporated,0.0,0.0,0.0,0.0,0.0,0.0,0.0,0.0,0.0,0.0,0.0,0.0
2977,Fresno,Unincorporated,0.0,0.0,0.0,0.0,0.0,0.0,0.0,0.0,0.0,0.0,0.0,0.0
2978,Fresno,Unincorporated,0.0,0.0,0.0,0.0,0.0,0.0,0.0,0.0,0.0,0.0,0.0,0.0
2979,Fresno,Unincorporated,0.0,0.0,0.0,0.0,0.0,0.0,0.0,0.0,0.0,0.0,0.0,0.0
2980,Fresno,Unincorporated,0.0,0.0,0.0,0.0,0.0,0.0,0.0,0.0,0.0,0.0,0.0,0.0
2981,Fresno,Unincorporated,0.0,0.0,0.0,0.0,0.0,0.0,0.0,0.0,0.0,0.0,0.0,0.0
2982,Fresno,Unincorporated,0.0,0.0,0.0,0.0,0.0,0.0,0.0,0.0,0.0,0.0,0.0,0.0
2983,Fresno,Unincorporated,0.0,0.0,0.0,0.0,0.0,0.0,0.0,0.0,0.0,0.0,0.0,0.0
2984,Fresno,Unincorporated,0.0,0.0,0.0,0.0,0.0,0.0,0.0,0.0,0.0,0.0,0.0,0.0
2985,Fresno,Unincorporated,0.0,0.0,0.0,0.0,0.0,0.0,0.0,0.0,0.0,0.0,0.0,0.0
2986,Fresno,Unincorporated,0.0,0.0,0.0,0.0,0.0,0.0,0.0,0.0,0.0,0.0,0.0,0.0
2987,Fresno,Unincorporated,0.0,0.0,0.0,0.0,0.0,0.0,0.0,0.0,0.0,0.0,0.0,0.0
2988,Fresno,Unincorporated,0.0,0.0,0.0,0.0,0.0,0.0,0.0,0.0,0.0,0.0,0.0,0.0
2989,Fresno,Unincorporated,0.0,0.0,0.0,0.0,0.0,0.0,0.0,0.0,0.0,0.0,0.0,0.0
2990,Fresno,Unincorporated,0.0,0.0,0.0,0.0,0.0,0.0,0.0,0.0,0.0,0.0,0.0,0.0
2991,Fresno,Unincorporated,0.0,0.0,0.0,0.0,0.0,0.0,0.0,0.0,0.0,0.0,0.0,0.0
2992,Fresno,Unincorporated,0.0,0.0,0.0,0.0,0.0,0.0,0.0,0.0,0.0,0.0,0.0,0.0
2993,Fresno,Unincorporated,0.0,0.0,0.0,0.0,0.0,0.0,0.0,0.0,0.0,0.0,0.0,0.0
2994,Fresno,Unincorporated,0.0,0.0,0.0,0.0,0.0,0.0,0.0,0.0,0.0,0.0,0.0,0.0
2995,Fresno,Unincorporated,0.0,0.0,0.0,0.0,0.0,0.0,0.0,0.0,0.0,0.0,0.0,0.0
2996,Fresno,Unincorporated,0.0,0.0,0.0,0.0,0.0,0.0,0.0,0.0,0.0,0.0,0.0,0.0
2997,Fresno,Unincorporated,0.0,0.0,0.0,0.0,0.0,0.0,0.0,0.0,0.0,0.0,0.0,0.0
2998,Fresno,Unincorporated,0.0,0.0,0.0,0.0,0.0,0.0,0.0,0.0,0.0,0.0,0.0,0.0
2999,Fresno,Unincorporated,0.0,0.0,0.0,0.0,0.0,0.0,0.0,0.0,0.0,0.0,0.0,0.0
3000,Fresno,Unincorporated,0.0,0.0,0.0,0.0,0.0,0.0,0.0,0.0,0.0,0.0,0.0,0.0
