MAZ,2014 HH
1,4
2,3
3,2
4,0
5,4
6,0
7,0
8,4
9,1
10,7
11,10
12,19
13,23
14,3
15,4
16,15
17,14
18,10
19,0
20,1
21,0
22,2
23,3
24,5
25,1
26,12
27,23
28,3
29,2
30,0
31,3
32,0
33,0
34,1
35,7
36,9
37,0
38,15
39,4
40,0
41,1
42,13
43,2
44,10
45,0
46,1
47,2
48,0
49,0
50,0
51,0
52,0
53,0
54,0
55,0
56,0
57,0
58,6
59,0
60,1
61,0
62,9
63,0
64,2
65,1
66,1
67,0
68,1
69,0
70,0
71,0
72,0
73,3
74,1
75,1
76,0
77,0
78,0
79,1
80,0
81,0
82,0
83,0
84,0
85,0
86,0
87,5
88,0
89,0
90,0
91,0
92,0
93,0
94,0
95,0
96,1
97,0
98,0
99,0
100,8
101,0
102,22
103,0
104,0
105,0
106,0
107,0
108,2
109,0
110,0
111,0
112,0
113,0
114,0
115,0
116,0
117,0
118,0
119,0
120,0
121,0
122,0
123,1
124,0
125,0
126,0
127,0
128,0
129,0
130,0
131,0
132,0
133,0
134,0
135,0
136,0
137,0
138,0
139,0
140,1
141,0
142,0
143,2
144,0
145,0
146,0
147,0
148,0
149,0
150,0
151,0
152,0
153,1
154,0
155,0
156,0
157,0
158,0
159,0
160,0
161,0
162,1
163,0
164,0
165,0
166,0
167,0
168,0
169,0
170,0
171,0
172,0
173,0
174,0
175,0
176,0
177,0
178,0
179,0
180,0
181,0
182,0
183,3
184,6
185,8
186,0
187,0
188,0
189,0
190,0
191,0
192,0
193,0
194,0
195,0
196,0
197,0
198,0
199,0
200,0
201,0
202,0
203,0
204,0
205,0
206,0
207,0
208,0
209,0
210,5
211,0
212,2
213,0
214,1
215,1
216,2
217,1
218,0
219,0
220,0
221,1
222,0
223,0
224,0
225,0
226,0
227,0
228,0
229,0
230,0
231,1
232,0
233,0
234,0
235,0
236,0
237,0
238,0
239,0
240,0
241,0
242,0
243,0
244,0
245,0
246,0
247,0
248,0
249,5
250,0
251,0
252,0
253,0
254,0
255,0
256,0
257,9
258,0
259,0
260,0
261,0
262,0
263,0
264,0
265,0
266,0
267,0
268,0
269,0
270,0
271,0
272,0
273,0
274,0
275,1
276,0
277,0
278,1
279,0
280,0
281,0
282,0
283,0
284,0
285,0
286,0
287,0
288,0
289,0
290,0
291,0
292,0
293,0
294,0
295,0
296,0
297,0
298,0
299,0
300,0
301,0
302,0
303,0
304,0
305,0
306,0
307,0
308,0
309,0
310,0
311,0
312,0
313,0
314,0
315,0
316,0
317,0
318,0
319,0
320,0
321,0
322,0
323,0
324,0
325,0
326,0
327,0
328,0
329,0
330,0
331,0
332,0
333,0
334,0
335,0
336,0
337,0
338,0
339,0
340,0
341,0
342,0
343,0
344,0
345,0
346,0
347,0
348,0
349,0
350,0
351,0
352,0
353,0
354,0
355,0
356,0
357,0
358,0
359,0
360,0
361,0
362,0
363,0
364,0
365,0
366,0
367,0
368,0
369,1
370,1
371,0
372,2
373,0
374,0
375,0
376,0
377,0
378,0
379,0
380,0
381,0
382,0
383,0
384,0
385,1
386,0
387,2
388,0
389,0
390,2
391,0
392,0
393,0
394,0
395,0
396,0
397,0
398,0
399,3
400,0
401,0
402,0
403,0
404,0
405,0
406,0
407,0
408,0
409,0
410,0
411,0
412,0
413,0
414,0
415,0
416,1
417,3
418,0
419,6
420,2
421,1
422,0
423,0
424,0
425,0
426,0
427,0
428,0
429,0
430,0
431,0
432,0
433,6
434,0
435,0
436,5
437,0
438,0
439,0
440,0
441,0
442,0
443,2
444,0
445,1
446,0
447,0
448,0
449,15
450,0
451,0
452,0
453,0
454,0
455,0
456,0
457,0
458,0
459,0
460,0
461,0
462,4
463,0
464,0
465,0
466,0
467,0
468,0
469,0
470,0
471,3
472,0
473,0
474,0
475,0
476,0
477,26
478,11
479,0
480,0
481,0
482,0
483,0
484,0
485,0
486,0
487,3
488,1
489,0
490,0
491,0
492,4
493,3
494,0
495,0
496,0
497,0
498,0
499,1
500,0
501,0
502,22
503,0
504,0
505,0
506,0
507,0
508,0
509,0
510,0
511,0
512,0
513,0
514,0
515,0
516,0
517,0
518,0
519,0
520,0
521,0
522,0
523,0
524,0
525,0
526,0
527,0
528,0
529,0
530,0
531,0
532,0
533,0
534,0
535,0
536,0
537,0
538,0
539,0
540,0
541,0
542,0
543,0
544,1
545,0
546,0
547,0
548,0
549,0
550,0
551,0
552,0
553,0
554,0
555,0
556,0
557,0
558,0
559,0
560,0
561,0
562,0
563,0
564,0
565,0
566,0
567,0
568,0
569,0
570,0
571,0
572,0
573,0
574,0
575,0
576,0
577,0
578,0
579,0
580,2
581,0
582,0
583,0
584,0
585,0
586,0
587,0
588,0
589,0
590,0
591,0
592,0
593,0
594,0
595,0
596,0
597,0
598,0
599,0
600,0
601,0
602,0
603,0
604,0
605,0
606,0
607,0
608,0
609,0
610,0
611,0
612,0
613,0
614,0
615,0
616,0
617,0
618,0
619,0
620,0
621,0
622,0
623,0
624,0
625,0
626,0
627,0
628,0
629,0
630,0
631,0
632,0
633,0
634,0
635,0
636,0
637,0
638,0
639,0
640,0
641,0
642,0
643,0
644,0
645,0
646,0
647,0
648,0
649,0
650,0
651,0
652,0
653,0
654,0
655,0
656,0
657,0
658,0
659,0
660,0
661,0
662,0
663,0
664,0
665,0
666,0
667,0
668,0
669,0
670,0
671,0
672,0
673,0
674,0
675,0
676,0
677,0
678,0
679,0
680,0
681,0
682,0
683,0
684,0
685,0
686,0
687,0
688,0
689,0
690,0
691,0
692,1
693,0
694,0
695,0
696,0
697,0
698,0
699,0
700,1
701,0
702,0
703,1
704,0
705,0
706,0
707,0
708,0
709,0
710,0
711,0
712,0
713,0
714,0
715,0
716,0
717,0
718,0
719,0
720,0
721,0
722,0
723,0
724,0
725,0
726,0
727,2
728,0
729,0
730,0
731,0
732,0
733,0
734,0
735,0
736,0
737,0
738,0
739,0
740,0
741,1
742,0
743,0
744,0
745,0
746,0
747,3
748,1
749,0
750,0
751,0
752,2
753,3
754,1
755,0
756,0
757,0
758,0
759,0
760,0
761,3
762,2
763,0
764,2
765,7
766,0
767,0
768,0
769,1
770,0
771,0
772,0
773,3
774,0
775,0
776,0
777,3
778,0
779,4
780,0
781,3
782,0
783,0
784,0
785,1
786,0
787,0
788,0
789,0
790,0
791,0
792,0
793,0
794,1
795,0
796,0
797,0
798,0
799,0
800,0
801,0
802,0
803,0
804,0
805,0
806,0
807,2
808,1
809,1
810,0
811,0
812,0
813,0
814,0
815,0
816,0
817,0
818,0
819,0
820,1
821,0
822,0
823,0
824,2
825,0
826,0
827,0
828,0
829,0
830,1
831,1
832,0
833,0
834,0
835,0
836,0
837,0
838,0
839,0
840,0
841,0
842,0
843,0
844,0
845,0
846,0
847,0
848,0
849,1
850,0
851,0
852,0
853,0
854,0
855,0
856,1
857,0
858,0
859,0
860,1
861,0
862,0
863,0
864,0
865,0
866,0
867,0
868,0
869,0
870,3
871,0
872,0
873,1
874,0
875,2
876,0
877,0
878,0
879,0
880,0
881,0
882,0
883,0
884,0
885,5
886,0
887,0
888,0
889,0
890,0
891,0
892,0
893,0
894,0
895,0
896,0
897,0
898,0
899,0
900,0
901,0
902,11
903,0
904,0
905,0
906,0
907,0
908,0
909,0
910,0
911,0
912,0
913,0
914,0
915,0
916,0
917,0
918,0
919,0
920,4
921,0
922,0
923,0
924,0
925,0
926,4
927,0
928,0
929,0
930,0
931,7
932,0
933,0
934,1
935,0
936,0
937,0
938,2
939,0
940,15
941,0
942,1
943,0
944,0
945,0
946,0
947,0
948,0
949,0
950,0
951,0
952,0
953,0
954,0
955,0
956,0
957,0
958,0
959,0
960,0
961,0
962,0
963,0
964,0
965,0
966,0
967,0
968,0
969,0
970,0
971,0
972,0
973,0
974,0
975,0
976,0
977,0
978,0
979,0
980,0
981,0
982,0
983,0
984,0
985,0
986,0
987,1
988,0
989,0
990,0
991,0
992,0
993,0
994,0
995,0
996,0
997,0
998,0
999,0
1000,0
1001,0
1002,0
1003,0
1004,0
1005,0
1006,0
1007,0
1008,0
1009,0
1010,0
1011,0
1012,0
1013,0
1014,0
1015,0
1016,0
1017,0
1018,0
1019,0
1020,0
1021,0
1022,0
1023,0
1024,0
1025,0
1026,0
1027,0
1028,1
1029,0
1030,0
1031,0
1032,0
1033,0
1034,0
1035,0
1036,0
1037,0
1038,1
1039,0
1040,0
1041,0
1042,0
1043,0
1044,0
1045,0
1046,0
1047,0
1048,0
1049,0
1050,0
1051,0
1052,0
1053,0
1054,0
1055,0
1056,0
1057,0
1058,0
1059,0
1060,0
1061,0
1062,0
1063,0
1064,0
1065,0
1066,0
1067,0
1068,0
1069,0
1070,0
1071,0
1072,0
1073,0
1074,0
1075,0
1076,0
1077,0
1078,0
1079,0
1080,0
1081,0
1082,0
1083,0
1084,0
1085,0
1086,0
1087,0
1088,0
1089,0
1090,0
1091,0
1092,0
1093,0
1094,0
1095,0
1096,0
1097,0
1098,0
1099,0
1100,0
1101,0
1102,0
1103,0
1104,0
1105,0
1106,0
1107,0
1108,0
1109,0
1110,0
1111,0
1112,0
1113,0
1114,0
1115,0
1116,0
1117,0
1118,0
1119,0
1120,0
1121,0
1122,0
1123,0
1124,0
1125,0
1126,0
1127,0
1128,0
1129,0
1130,0
1131,0
1132,0
1133,0
1134,0
1135,0
1136,0
1137,0
1138,0
1139,0
1140,0
1141,0
1142,0
1143,0
1144,0
1145,0
1146,0
1147,0
1148,0
1149,0
1150,0
1151,0
1152,0
1153,0
1154,0
1155,0
1156,0
1157,0
1158,0
1159,1
1160,0
1161,0
1162,0
1163,0
1164,0
1165,0
1166,0
1167,0
1168,0
1169,1
1170,0
1171,0
1172,0
1173,0
1174,6
1175,0
1176,0
1177,0
1178,0
1179,0
1180,0
1181,0
1182,0
1183,1
1184,0
1185,0
1186,0
1187,0
1188,0
1189,0
1190,0
1191,0
1192,0
1193,0
1194,0
1195,0
1196,0
1197,0
1198,0
1199,0
1200,0
1201,0
1202,0
1203,0
1204,0
1205,0
1206,0
1207,0
1208,0
1209,0
1210,0
1211,0
1212,0
1213,0
1214,0
1215,0
1216,0
1217,0
1218,0
1219,2
1220,0
1221,0
1222,0
1223,0
1224,0
1225,0
1226,0
1227,0
1228,0
1229,0
1230,0
1231,0
1232,0
1233,0
1234,0
1235,0
1236,0
1237,0
1238,0
1239,0
1240,0
1241,0
1242,0
1243,0
1244,1
1245,0
1246,0
1247,0
1248,0
1249,0
1250,0
1251,0
1252,0
1253,0
1254,0
1255,0
1256,0
1257,0
1258,0
1259,0
1260,0
1261,0
1262,0
1263,0
1264,0
1265,0
1266,0
1267,0
1268,0
1269,0
1270,0
1271,0
1272,0
1273,0
1274,0
1275,0
1276,0
1277,0
1278,0
1279,0
1280,9
1281,0
1282,120
1283,6
1284,39
1285,7
1286,133
1287,16
1288,19
1289,40
1290,94
1291,17
1292,13
1293,10
1294,0
1295,23
1296,13
1297,14
1298,12
1299,243
1300,84
1301,5
1302,0
1303,0
1304,0
1305,0
1306,0
1307,0
1308,0
1309,0
1310,0
1311,0
1312,3
1313,17
1314,15
1315,9
1316,10
1317,31
1318,0
1319,0
1320,0
1321,0
1322,0
1323,0
1324,0
1325,0
1326,0
1327,0
1328,0
1329,0
1330,0
1331,0
1332,0
1333,0
1334,0
1335,0
1336,0
1337,0
1338,0
1339,0
1340,0
1341,0
1342,0
1343,0
1344,0
1345,0
1346,0
1347,0
1348,0
1349,0
1350,0
1351,0
1352,0
1353,0
1354,0
1355,0
1356,24
1357,5
1358,15
1359,3
1360,25
1361,1
1362,14
1363,13
1364,18
1365,7
1366,0
1367,13
1368,8
1369,3
1370,18
1371,20
1372,52
1373,69
1374,59
1375,7
1376,62
1377,69
1378,19
1379,19
1380,4
1381,58
1382,43
1383,14
1384,6
1385,3
1386,12
1387,8
1388,1
1389,25
1390,6
1391,16
1392,9
1393,8
1394,1
1395,9
1396,1
1397,12
1398,1
1399,4
1400,0
1401,5
1402,35
1403,20
1404,8
1405,57
1406,2
1407,27
1408,17
1409,7
1410,19
1411,0
1412,21
1413,14
1414,0
1415,128
1416,15
1417,151
1418,24
1419,14
1420,16
1421,23
1422,3
1423,14
1424,193
1425,21
1426,24
1427,25
1428,24
1429,0
1430,0
1431,0
1432,0
1433,0
1434,0
1435,0
1436,0
1437,1
1438,0
1439,0
1440,0
1441,0
1442,1
1443,14
1444,19
1445,8
1446,8
1447,0
1448,8
1449,5
1450,0
1451,5
1452,8
1453,0
1454,13
1455,12
1456,8
1457,0
1458,13
1459,23
1460,21
1461,22
1462,0
1463,51
1464,22
1465,0
1466,12
1467,35
1468,0
1469,26
1470,128
1471,24
1472,40
1473,1
1474,4
1475,7
1476,0
1477,0
1478,0
1479,0
1480,0
1481,0
1482,0
1483,2
1484,32
1485,33
1486,19
1487,15
1488,18
1489,12
1490,10
1491,12
1492,8
1493,32
1494,15
1495,20
1496,12
1497,26
1498,27
1499,16
1500,22
1501,132
1502,52
1503,21
1504,12
1505,19
1506,21
1507,11
1508,23
1509,19
1510,19
1511,17
1512,23
1513,22
1514,19
1515,17
1516,29
1517,24
1518,23
1519,3
1520,21
1521,0
1522,11
1523,21
1524,32
1525,32
1526,26
1527,0
1528,0
1529,30
1530,0
1531,7
1532,0
1533,25
1534,0
1535,0
1536,0
1537,0
1538,9
1539,21
1540,38
1541,0
1542,0
1543,0
1544,0
1545,0
1546,2
1547,0
1548,0
1549,0
1550,0
1551,0
1552,0
1553,3
1554,0
1555,0
1556,0
1557,0
1558,0
1559,0
1560,0
1561,1
1562,0
1563,0
1564,0
1565,0
1566,0
1567,0
1568,0
1569,0
1570,0
1571,0
1572,0
1573,0
1574,0
1575,0
1576,0
1577,0
1578,0
1579,2
1580,0
1581,0
1582,0
1583,0
1584,0
1585,0
1586,0
1587,4
1588,0
1589,0
1590,0
1591,0
1592,0
1593,0
1594,0
1595,0
1596,0
1597,0
1598,0
1599,0
1600,0
1601,0
1602,0
1603,0
1604,0
1605,0
1606,0
1607,0
1608,0
1609,0
1610,0
1611,0
1612,0
1613,0
1614,0
1615,0
1616,0
1617,0
1618,0
1619,0
1620,0
1621,0
1622,0
1623,0
1624,0
1625,3
1626,0
1627,0
1628,0
1629,0
1630,0
1631,0
1632,0
1633,0
1634,0
1635,0
1636,0
1637,0
1638,0
1639,0
1640,0
1641,0
1642,0
1643,0
1644,0
1645,0
1646,0
1647,2
1648,0
1649,0
1650,0
1651,0
1652,0
1653,0
1654,0
1655,0
1656,0
1657,0
1658,0
1659,0
1660,0
1661,0
1662,0
1663,0
1664,0
1665,2
1666,2
1667,0
1668,0
1669,0
1670,1
1671,0
1672,0
1673,0
1674,14
1675,2
1676,0
1677,0
1678,9
1679,0
1680,5
1681,0
1682,0
1683,0
1684,2
1685,0
1686,0
1687,0
1688,0
1689,0
1690,0
1691,0
1692,0
1693,0
1694,0
1695,0
1696,0
1697,0
1698,0
1699,0
1700,0
1701,0
1702,0
1703,0
1704,0
1705,0
1706,0
1707,0
1708,0
1709,0
1710,0
1711,0
1712,0
1713,0
1714,0
1715,0
1716,0
1717,0
1718,1
1719,0
1720,11
1721,33
1722,0
1723,0
1724,0
1725,0
1726,0
1727,5
1728,0
1729,0
1730,0
1731,0
1732,0
1733,0
1734,8
1735,0
1736,0
1737,1
1738,0
1739,0
1740,0
1741,0
1742,0
1743,0
1744,0
1745,0
1746,0
1747,0
1748,0
1749,0
1750,0
1751,0
1752,0
1753,0
1754,0
1755,0
1756,0
1757,0
1758,1
1759,0
1760,0
1761,0
1762,0
1763,0
1764,0
1765,0
1766,0
1767,0
1768,2
1769,2
1770,0
1771,0
1772,0
1773,0
1774,0
1775,1
1776,0
1777,0
1778,1
1779,0
1780,0
1781,0
1782,0
1783,0
1784,0
1785,0
1786,2
1787,1
1788,0
1789,0
1790,0
1791,0
1792,0
1793,0
1794,0
1795,0
1796,0
1797,0
1798,0
1799,1
1800,0
1801,0
1802,0
1803,0
1804,0
1805,0
1806,0
1807,0
1808,4
1809,0
1810,0
1811,0
1812,0
1813,0
1814,0
1815,0
1816,0
1817,0
1818,0
1819,14
1820,0
1821,0
1822,0
1823,8
1824,34
1825,2
1826,0
1827,3
1828,3
1829,0
1830,0
1831,0
1832,0
1833,0
1834,0
1835,0
1836,6
1837,0
1838,0
1839,0
1840,0
1841,0
1842,0
1843,0
1844,0
1845,0
1846,0
1847,0
1848,0
1849,0
1850,0
1851,0
1852,0
1853,0
1854,0
1855,0
1856,0
1857,0
1858,0
1859,0
1860,0
1861,0
1862,0
1863,0
1864,0
1865,0
1866,0
1867,0
1868,4
1869,0
1870,9
1871,0
1872,0
1873,0
1874,0
1875,0
1876,0
1877,0
1878,4
1879,0
1880,0
1881,0
1882,0
1883,0
1884,0
1885,0
1886,0
1887,0
1888,0
1889,0
1890,0
1891,0
1892,0
1893,0
1894,4
1895,0
1896,0
1897,0
1898,0
1899,0
1900,0
1901,0
1902,2
1903,0
1904,0
1905,0
1906,0
1907,0
1908,0
1909,0
1910,0
1911,0
1912,0
1913,0
1914,0
1915,0
1916,0
1917,0
1918,0
1919,0
1920,0
1921,0
1922,2
1923,0
1924,0
1925,0
1926,0
1927,0
1928,0
1929,0
1930,0
1931,0
1932,0
1933,4
1934,0
1935,0
1936,0
1937,0
1938,0
1939,0
1940,0
1941,0
1942,0
1943,0
1944,0
1945,17
1946,0
1947,0
1948,0
1949,0
1950,0
1951,3
1952,0
1953,0
1954,0
1955,0
1956,0
1957,0
1958,0
1959,0
1960,0
1961,0
1962,0
1963,0
1964,0
1965,0
1966,0
1967,0
1968,0
1969,0
1970,0
1971,0
1972,0
1973,0
1974,0
1975,0
1976,0
1977,0
1978,0
1979,0
1980,0
1981,0
1982,0
1983,0
1984,0
1985,0
1986,0
1987,0
1988,0
1989,0
1990,0
1991,0
1992,0
1993,0
1994,0
1995,0
1996,0
1997,0
1998,0
1999,0
2000,0
2001,0
2002,1
2003,15
2004,3
2005,7
2006,0
2007,24
2008,3
2009,0
2010,9
2011,7
2012,2
2013,10
2014,0
2015,5
2016,9
2017,0
2018,50
2019,8
2020,7
2021,3
2022,2
2023,7
2024,6
2025,9
2026,7
2027,6
2028,0
2029,4
2030,6
2031,3
2032,3
2033,1
2034,0
2035,13
2036,0
2037,1
2038,0
2039,0
2040,0
2041,1
2042,1
2043,4
2044,1
2045,0
2046,0
2047,2
2048,5
2049,3
2050,1
2051,0
2052,0
2053,0
2054,1
2055,0
2056,1
2057,0
2058,0
2059,2
2060,2
2061,1
2062,1
2063,5
2064,2
2065,0
2066,0
2067,0
2068,4
2069,1
2070,0
2071,6
2072,1
2073,4
2074,0
2075,0
2076,1
2077,0
2078,0
2079,0
2080,0
2081,0
2082,0
2083,0
2084,0
2085,0
2086,0
2087,0
2088,0
2089,0
2090,0
2091,0
2092,0
2093,0
2094,0
2095,0
2096,0
2097,0
2098,0
2099,0
2100,0
2101,0
2102,0
2103,0
2104,1
2105,0
2106,0
2107,0
2108,0
2109,0
2110,0
2111,0
2112,0
2113,0
2114,0
2115,0
2116,0
2117,0
2118,0
2119,0
2120,0
2121,0
2122,0
2123,0
2124,0
2125,0
2126,0
2127,0
2128,0
2129,7
2130,13
2131,4
2132,2
2133,8
2134,5
2135,1
2136,17
2137,3
2138,1
2139,2
2140,9
2141,6
2142,9
2143,8
2144,5
2145,5
2146,3
2147,0
2148,3
2149,7
2150,7
2151,9
2152,2
2153,10
2154,5
2155,9
2156,6
2157,9
2158,8
2159,0
2160,3
2161,5
2162,6
2163,5
2164,6
2165,7
2166,5
2167,10
2168,3
2169,3
2170,8
2171,0
2172,6
2173,7
2174,2
2175,0
2176,6
2177,19
2178,5
2179,10
2180,9
2181,44
2182,16
2183,20
2184,22
2185,50
2186,11
2187,6
2188,20
2189,1
2190,4
2191,0
2192,33
2193,4
2194,3
2195,0
2196,0
2197,0
2198,7
2199,0
2200,0
2201,0
2202,0
2203,0
2204,0
2205,0
2206,1
2207,0
2208,0
2209,1
2210,0
2211,0
2212,0
2213,0
2214,0
2215,9
2216,0
2217,0
2218,0
2219,0
2220,0
2221,0
2222,0
2223,0
2224,0
2225,0
2226,3
2227,1
2228,0
2229,0
2230,0
2231,38
2232,0
2233,1
2234,0
2235,0
2236,0
2237,12
2238,0
2239,11
2240,27
2241,0
2242,0
2243,4
2244,25
2245,0
2246,0
2247,0
2248,3
2249,5
2250,1
2251,19
2252,0
2253,0
2254,0
2255,21
2256,0
2257,2
2258,38
2259,17
2260,0
2261,52
2262,0
2263,5
2264,0
2265,0
2266,22
2267,14
2268,13
2269,19
2270,19
2271,17
2272,6
2273,18
2274,11
2275,23
2276,27
2277,0
2278,12
2279,15
2280,12
2281,17
2282,0
2283,0
2284,0
2285,0
2286,0
2287,0
2288,0
2289,0
2290,0
2291,0
2292,0
2293,0
2294,0
2295,0
2296,0
2297,0
2298,0
2299,0
2300,0
2301,0
2302,0
2303,0
2304,0
2305,0
2306,0
2307,1
2308,1
2309,0
2310,0
2311,0
2312,0
2313,0
2314,0
2315,0
2316,0
2317,0
2318,0
2319,0
2320,0
2321,0
2322,0
2323,0
2324,0
2325,0
2326,0
2327,0
2328,0
2329,0
2330,0
2331,0
2332,0
2333,0
2334,0
2335,0
2336,0
2337,0
2338,2
2339,0
2340,0
2341,0
2342,0
2343,0
2344,0
2345,0
2346,0
2347,0
2348,0
2349,0
2350,40
2351,0
2352,1
2353,0
2354,11
2355,3
2356,0
2357,0
2358,0
2359,1
2360,2
2361,98
2362,0
2363,4
2364,2
2365,0
2366,0
2367,2
2368,1
2369,4
2370,92
2371,0
2372,4
2373,1
2374,2
2375,6
2376,0
2377,0
2378,0
2379,0
2380,0
2381,0
2382,0
2383,12
2384,38
2385,2
2386,0
2387,0
2388,14
2389,0
2390,0
2391,8
2392,0
2393,13
2394,13
2395,10
2396,9
2397,2
2398,1
2399,0
2400,12
2401,14
2402,3
2403,10
2404,12
2405,4
2406,0
2407,0
2408,17
2409,17
2410,14
2411,3
2412,3
2413,8
2414,7
2415,2
2416,7
2417,8
2418,0
2419,11
2420,9
2421,2
2422,1
2423,1
2424,0
2425,39
2426,21
2427,5
2428,1
2429,0
2430,0
2431,0
2432,0
2433,0
2434,0
2435,0
2436,0
2437,0
2438,0
2439,2
2440,1
2441,0
2442,0
2443,0
2444,0
2445,0
2446,2
2447,7
2448,0
2449,0
2450,0
2451,0
2452,0
2453,0
2454,0
2455,0
2456,0
2457,0
2458,0
2459,0
2460,0
2461,0
2462,0
2463,0
2464,0
2465,0
2466,0
2467,0
2468,0
2469,0
2470,0
2471,0
2472,0
2473,0
2474,0
2475,0
2476,0
2477,0
2478,0
2479,0
2480,0
2481,6
2482,0
2483,0
2484,0
2485,0
2486,0
2487,0
2488,0
2489,0
2490,14
2491,0
2492,0
2493,0
2494,0
2495,7
2496,0
2497,0
2498,0
2499,0
2500,0
2501,0
2502,0
2503,0
2504,0
2505,0
2506,0
2507,0
2508,7
2509,0
2510,0
2511,0
2512,0
2513,0
2514,0
2515,0
2516,0
2517,16
2518,0
2519,0
2520,0
2521,0
2522,0
2523,0
2524,0
2525,0
2526,0
2527,1
2528,1
2529,0
2530,0
2531,18
2532,0
2533,0
2534,0
2535,0
2536,0
2537,1
2538,0
2539,0
2540,0
2541,0
2542,0
2543,0
2544,0
2545,0
2546,0
2547,0
2548,0
2549,0
2550,0
2551,0
2552,0
2553,1
2554,0
2555,0
2556,0
2557,0
2558,0
2559,0
2560,0
2561,0
2562,1
2563,0
2564,0
2565,0
2566,1
2567,0
2568,0
2569,0
2570,0
2571,0
2572,0
2573,0
2574,0
2575,0
2576,0
2577,0
2578,0
2579,0
2580,0
2581,1
2582,0
2583,0
2584,0
2585,0
2586,0
2587,1
2588,0
2589,0
2590,0
2591,0
2592,0
2593,0
2594,0
2595,0
2596,0
2597,0
2598,0
2599,0
2600,0
2601,1
2602,1
2603,0
2604,0
2605,0
2606,0
2607,0
2608,0
2609,0
2610,0
2611,0
2612,0
2613,0
2614,0
2615,4
2616,0
2617,0
2618,2
2619,0
2620,0
2621,0
2622,0
2623,0
2624,0
2625,0
2626,0
2627,0
2628,0
2629,0
2630,0
2631,0
2632,0
2633,1
2634,1
2635,0
2636,1
2637,0
2638,0
2639,0
2640,0
2641,0
2642,0
2643,0
2644,0
2645,0
2646,0
2647,0
2648,1
2649,0
2650,1
2651,0
2652,0
2653,0
2654,0
2655,0
2656,0
2657,0
2658,0
2659,0
2660,0
2661,0
2662,0
2663,1
2664,1
2665,0
2666,0
2667,0
2668,0
2669,1
2670,0
2671,0
2672,0
2673,1
2674,7
2675,0
2676,0
2677,0
2678,5
2679,0
2680,0
2681,0
2682,1
2683,0
2684,0
2685,0
2686,0
2687,0
2688,0
2689,1
2690,1
2691,0
2692,0
2693,0
2694,5
2695,0
2696,0
2697,4
2698,2
2699,1
2700,0
2701,0
2702,0
2703,0
2704,0
2705,1
2706,0
2707,0
2708,0
2709,0
2710,0
2711,0
2712,0
2713,0
2714,5
2715,1
2716,0
2717,0
2718,0
2719,0
2720,7
2721,0
2722,0
2723,0
2724,0
2725,0
2726,0
2727,4
2728,0
2729,24
2730,3
2731,0
2732,0
2733,0
2734,5
2735,0
2736,0
2737,0
2738,0
2739,0
2740,0
2741,0
2742,0
2743,2
2744,0
2745,0
2746,0
2747,0
2748,0
2749,0
2750,0
2751,0
2752,0
2753,0
2754,0
2755,0
2756,0
2757,0
2758,18
2759,0
2760,4
2761,35
2762,6
2763,24
2764,25
2765,7
2766,4
2767,41
2768,30
2769,0
2770,0
2771,0
2772,0
2773,0
2774,0
2775,0
2776,0
2777,0
2778,0
2779,0
2780,0
2781,0
2782,0
2783,0
2784,0
2785,0
2786,0
2787,0
2788,0
2789,0
2790,0
2791,0
2792,0
2793,0
2794,0
2795,0
2796,0
2797,0
2798,0
2799,0
2800,0
2801,0
2802,0
2803,0
2804,0
2805,0
2806,0
2807,0
2808,0
2809,0
2810,0
2811,0
2812,2
2813,1
2814,0
2815,0
2816,1
2817,0
2818,0
2819,0
2820,0
2821,3
2822,0
2823,1
2824,2
2825,3
2826,0
2827,0
2828,0
2829,0
2830,0
2831,0
2832,0
2833,5
2834,0
2835,0
2836,0
2837,0
2838,0
2839,1
2840,0
2841,0
2842,0
2843,0
2844,0
2845,0
2846,0
2847,0
2848,0
2849,0
2850,0
2851,0
2852,0
2853,0
2854,0
2855,0
2856,0
2857,0
2858,0
2859,0
2860,0
2861,0
2862,0
2863,0
2864,0
2865,0
2866,0
2867,0
2868,0
2869,0
2870,0
2871,0
2872,0
2873,0
2874,3
2875,0
2876,2
2877,0
2878,0
2879,0
2880,0
2881,0
2882,0
2883,0
2884,0
2885,0
2886,0
2887,0
2888,0
2889,6
2890,0
2891,14
2892,0
2893,0
2894,0
2895,0
2896,0
2897,0
2898,0
2899,0
2900,0
2901,0
2902,0
2903,0
2904,0
2905,0
2906,0
2907,0
2908,0
2909,0
2910,0
2911,0
2912,0
2913,0
2914,0
2915,0
2916,0
2917,0
2918,0
2919,0
2920,0
2921,0
2922,0
2923,15
2924,0
2925,0
2926,0
2927,0
2928,2
2929,0
2930,0
2931,0
2932,0
2933,0
2934,0
2935,0
2936,0
2937,0
2938,0
2939,4
2940,11
2941,0
2942,0
2943,0
2944,0
2945,0
2946,0
2947,0
2948,0
2949,0
2950,0
2951,0
2952,0
2953,0
2954,0
2955,5
2956,0
2957,1
2958,0
2959,4
2960,0
2961,0
2962,0
2963,0
2964,0
2965,0
2966,0
2967,0
2968,0
2969,0
2970,1
2971,0
2972,1
2973,0
2974,0
2975,0
2976,0
2977,0
2978,0
2979,0
2980,0
2981,0
2982,0
2983,0
2984,0
2985,0
2986,0
2987,0
2988,0
2989,2
2990,10
2991,16
2992,16
2993,11
2994,31
2995,39
2996,6
2997,24
2998,49
2999,36
3000,21
3001,69
3002,11
3003,41
3004,24
3005,45
3006,0
3007,12
3008,52
3009,17
3010,15
3011,0
3012,11
3013,12
3014,49
3015,8
3016,15
3017,36
3018,24
3019,35
3020,40
3021,14
3022,31
3023,24
3024,10
3025,27
3026,13
3027,23
3028,4
3029,9
3030,1
3031,0
3032,1
3033,2
3034,13
3035,14
3036,18
3037,35
3038,54
3039,0
3040,1
3041,7
3042,3
3043,13
3044,2
3045,3
3046,4
3047,78
3048,4
3049,2
3050,0
3051,0
3052,0
3053,0
3054,1
3055,0
3056,0
3057,0
3058,0
3059,0
3060,4
3061,0
3062,5
3063,11
3064,0
3065,8
3066,17
3067,0
3068,42
3069,16
3070,32
3071,8
3072,23
3073,44
3074,10
3075,45
3076,11
3077,25
3078,10
3079,8
3080,22
3081,12
3082,0
3083,0
3084,13
3085,71
3086,40
3087,0
3088,17
3089,9
3090,0
3091,0
3092,0
3093,0
3094,0
3095,4
3096,0
3097,0
3098,0
3099,0
3100,0
3101,0
3102,0
3103,0
3104,0
3105,0
3106,1
3107,0
3108,34
3109,0
3110,2
3111,22
3112,19
3113,70
3114,21
3115,29
3116,27
3117,24
3118,52
3119,11
3120,1
3121,0
3122,153
3123,27
3124,22
3125,0
3126,0
3127,196
3128,46
3129,0
3130,108
3131,17
3132,37
3133,1
3134,0
3135,0
3136,35
3137,33
3138,9
3139,0
3140,19
3141,19
3142,3
3143,0
3144,37
3145,11
3146,1
3147,0
3148,22
3149,65
3150,11
3151,18
3152,27
3153,27
3154,0
3155,62
3156,19
3157,11
3158,6
3159,0
3160,0
3161,0
3162,17
3163,0
3164,12
3165,27
3166,0
3167,4
3168,10
3169,25
3170,0
3171,12
3172,1
3173,0
3174,0
3175,0
3176,6
3177,0
3178,14
3179,0
3180,8
3181,7
3182,24
3183,0
3184,0
3185,9
3186,5
3187,9
3188,0
3189,14
3190,24
3191,0
3192,0
3193,4
3194,0
3195,10
3196,12
3197,22
3198,0
3199,8
3200,18
3201,20
3202,20
3203,4
3204,24
3205,36
3206,18
3207,0
3208,0
3209,0
3210,10
3211,23
3212,32
3213,22
3214,11
3215,9
3216,12
3217,14
3218,15
3219,41
3220,1
3221,4
3222,11
3223,27
3224,14
3225,23
3226,19
3227,10
3228,35
3229,4
3230,13
3231,21
3232,0
3233,21
3234,15
3235,12
3236,7
3237,46
3238,11
3239,4
3240,18
3241,24
3242,29
3243,18
3244,18
3245,7
3246,19
3247,18
3248,10
3249,5
3250,9
3251,18
3252,1
3253,11
3254,11
3255,10
3256,10
3257,19
3258,7
3259,10
3260,12
3261,14
3262,7
3263,12
3264,8
3265,14
3266,13
3267,29
3268,8
3269,13
3270,0
3271,49
3272,46
3273,7
3274,10
3275,10
3276,11
3277,9
3278,10
3279,0
3280,7
3281,10
3282,17
3283,12
3284,10
3285,24
3286,18
3287,0
3288,17
3289,0
3290,5
3291,1
3292,10
3293,15
3294,41
3295,13
3296,17
3297,8
3298,42
3299,17
3300,13
3301,16
3302,0
3303,27
3304,10
3305,56
3306,46
3307,1
3308,0
3309,0
3310,21
3311,4
3312,14
3313,24
3314,40
3315,46
3316,0
3317,8
3318,9
3319,96
3320,0
3321,44
3322,0
3323,0
3324,0
3325,3
3326,0
3327,0
3328,253
3329,3
3330,0
3331,0
3332,3
3333,6
3334,0
3335,0
3336,0
3337,25
3338,20
3339,29
3340,65
3341,0
3342,16
3343,16
3344,31
3345,14
3346,21
3347,11
3348,0
3349,17
3350,0
3351,0
3352,0
3353,5
3354,11
3355,10
3356,6
3357,12
3358,4
3359,0
3360,28
3361,19
3362,6
3363,5
3364,70
3365,0
3366,0
3367,0
3368,0
3369,0
3370,6
3371,0
3372,0
3373,0
3374,0
3375,0
3376,0
3377,0
3378,0
3379,0
3380,0
3381,0
3382,0
3383,0
3384,0
3385,0
3386,0
3387,0
3388,0
3389,0
3390,0
3391,0
3392,0
3393,0
3394,0
3395,0
3396,0
3397,0
3398,0
3399,0
3400,0
3401,0
3402,0
3403,0
3404,0
3405,0
3406,0
3407,0
3408,0
3409,0
3410,0
3411,0
3412,0
3413,0
3414,0
3415,0
3416,0
3417,0
3418,0
3419,0
3420,0
3421,0
3422,0
3423,0
3424,0
3425,0
3426,0
3427,0
3428,0
3429,0
3430,0
3431,0
3432,0
3433,1
3434,0
3435,0
3436,0
3437,0
3438,0
3439,0
3440,0
3441,0
3442,0
3443,0
3444,0
3445,0
3446,0
3447,0
3448,0
3449,0
3450,0
3451,0
3452,0
3453,0
3454,0
3455,0
3456,0
3457,0
3458,0
3459,0
3460,0
3461,0
3462,0
3463,0
3464,0
3465,0
3466,0
3467,0
3468,0
3469,0
3470,0
3471,0
3472,1
3473,2
3474,0
3475,0
3476,0
3477,0
3478,0
3479,0
3480,0
3481,0
3482,0
3483,0
3484,0
3485,0
3486,0
3487,0
3488,0
3489,0
3490,0
3491,0
3492,0
3493,0
3494,0
3495,0
3496,0
3497,0
3498,0
3499,0
3500,0
3501,0
3502,0
3503,0
3504,0
3505,0
3506,0
3507,0
3508,0
3509,0
3510,0
3511,0
3512,0
3513,0
3514,0
3515,0
3516,0
3517,0
3518,0
3519,0
3520,0
3521,0
3522,0
3523,0
3524,0
3525,0
3526,0
3527,0
3528,0
3529,0
3530,0
3531,0
3532,0
3533,0
3534,0
3535,0
3536,0
3537,0
3538,0
3539,0
3540,0
3541,0
3542,0
3543,0
3544,0
3545,0
3546,0
3547,0
3548,0
3549,0
3550,0
3551,18
3552,0
3553,0
3554,0
3555,0
3556,0
3557,0
3558,0
3559,0
3560,0
3561,0
3562,0
3563,0
3564,0
3565,0
3566,0
3567,0
3568,0
3569,0
3570,0
3571,0
3572,0
3573,0
3574,0
3575,0
3576,0
3577,0
3578,0
3579,0
3580,0
3581,0
3582,0
3583,0
3584,0
3585,0
3586,0
3587,0
3588,0
3589,0
3590,0
3591,0
3592,0
3593,0
3594,0
3595,0
3596,0
3597,0
3598,0
3599,0
3600,0
3601,0
3602,0
3603,0
3604,0
3605,0
3606,0
3607,0
3608,0
3609,0
3610,0
3611,0
3612,0
3613,0
3614,0
3615,0
3616,0
3617,0
3618,0
3619,0
3620,0
3621,0
3622,0
3623,0
3624,0
3625,0
3626,0
3627,0
3628,0
3629,0
3630,0
3631,0
3632,0
3633,0
3634,0
3635,0
3636,0
3637,0
3638,0
3639,0
3640,0
3641,0
3642,0
3643,0
3644,0
3645,0
3646,0
3647,0
3648,0
3649,0
3650,0
3651,0
3652,0
3653,0
3654,0
3655,0
3656,0
3657,0
3658,0
3659,0
3660,0
3661,0
3662,0
3663,0
3664,0
3665,0
3666,0
3667,0
3668,0
3669,0
3670,0
3671,0
3672,0
3673,0
3674,0
3675,0
3676,0
3677,0
3678,0
3679,0
3680,0
3681,0
3682,0
3683,0
3684,0
3685,0
3686,0
3687,0
3688,0
3689,0
3690,0
3691,0
3692,0
3693,0
3694,0
3695,0
3696,0
3697,0
3698,0
3699,0
3700,0
3701,0
3702,0
3703,0
3704,0
3705,0
3706,0
3707,0
3708,0
3709,0
3710,0
3711,0
3712,0
3713,0
3714,0
3715,0
3716,0
3717,0
3718,0
3719,0
3720,0
3721,0
3722,0
3723,0
3724,0
3725,0
3726,0
3727,0
3728,0
3729,0
3730,0
3731,0
3732,0
3733,0
3734,0
3735,0
3736,0
3737,0
3738,0
3739,0
3740,0
3741,0
3742,0
3743,0
3744,0
3745,0
3746,0
3747,0
3748,0
3749,0
3750,0
3751,0
3752,0
3753,0
3754,0
3755,0
3756,0
3757,0
3758,0
3759,0
3760,0
3761,0
3762,0
3763,0
3764,0
3765,0
3766,0
3767,0
3768,0
3769,0
3770,0
3771,0
3772,0
3773,0
3774,0
3775,0
3776,0
3777,0
3778,0
3779,0
3780,0
3781,0
3782,0
3783,0
3784,0
3785,0
3786,0
3787,0
3788,0
3789,0
3790,0
3791,0
3792,0
3793,0
3794,0
3795,0
3796,0
3797,0
3798,0
3799,0
3800,0
3801,0
3802,0
3803,0
3804,0
3805,0
3806,0
3807,0
3808,0
3809,0
3810,0
3811,0
3812,0
3813,0
3814,0
3815,0
3816,0
3817,0
3818,0
3819,0
3820,0
3821,0
3822,0
3823,0
3824,0
3825,0
3826,0
3827,0
3828,0
3829,0
3830,0
3831,0
3832,0
3833,0
3834,0
3835,0
3836,0
3837,0
3838,0
3839,2
3840,2
3841,0
3842,0
3843,0
3844,0
3845,0
3846,0
3847,0
3848,0
3849,0
3850,3
3851,0
3852,0
3853,0
3854,0
3855,0
3856,0
3857,0
3858,0
3859,0
3860,0
3861,0
3862,0
3863,0
3864,0
3865,0
3866,0
3867,0
3868,0
3869,0
3870,0
3871,0
3872,0
3873,0
3874,0
3875,0
3876,0
3877,0
3878,1
3879,0
3880,0
3881,2
3882,0
3883,0
3884,0
3885,0
3886,0
3887,0
3888,0
3889,0
3890,0
3891,0
3892,0
3893,0
3894,0
3895,0
3896,0
3897,0
3898,0
3899,5
3900,0
3901,0
3902,0
3903,0
3904,0
3905,2
3906,0
3907,5
3908,0
3909,0
3910,0
3911,0
3912,0
3913,0
3914,0
3915,0
3916,0
3917,0
3918,1
3919,0
3920,0
3921,2
3922,0
3923,0
3924,0
3925,0
3926,0
3927,0
3928,0
3929,0
3930,0
3931,0
3932,0
3933,0
3934,0
3935,0
3936,0
3937,0
3938,0
3939,0
3940,12
3941,0
3942,12
3943,0
3944,0
3945,0
3946,0
3947,4
3948,0
3949,0
3950,0
3951,0
3952,0
3953,19
3954,1
3955,0
3956,0
3957,1
3958,0
3959,0
3960,0
3961,0
3962,13
3963,0
3964,0
3965,0
3966,0
3967,0
3968,4
3969,0
3970,0
3971,0
3972,0
3973,0
3974,0
3975,0
3976,0
3977,0
3978,0
3979,0
3980,0
3981,0
3982,0
3983,0
3984,0
3985,0
3986,0
3987,0
3988,0
3989,0
3990,0
3991,0
3992,3
3993,0
3994,0
3995,0
3996,0
3997,0
3998,0
3999,0
4000,0
4001,0
4002,0
4003,0
4004,1
4005,0
4006,0
4007,0
4008,0
4009,0
4010,0
4011,0
4012,0
4013,0
4014,0
4015,0
4016,0
4017,0
4018,1
4019,0
4020,12
4021,2
4022,0
4023,0
4024,1
4025,0
4026,12
4027,0
4028,2
4029,0
4030,0
4031,0
4032,3
4033,1
4034,0
4035,0
4036,0
4037,0
4038,0
4039,0
4040,0
4041,0
4042,1
4043,1
4044,0
4045,3
4046,0
4047,3
4048,0
4049,0
4050,0
4051,0
4052,0
4053,0
4054,0
4055,0
4056,0
4057,0
4058,0
4059,8
4060,0
4061,0
4062,0
4063,9
4064,0
4065,2
4066,0
4067,0
4068,0
4069,0
4070,0
4071,0
4072,0
4073,0
4074,0
4075,0
4076,0
4077,0
4078,0
4079,0
4080,0
4081,1
4082,3
4083,0
4084,0
4085,0
4086,16
4087,0
4088,0
4089,0
4090,0
4091,0
4092,0
4093,8
4094,0
4095,0
4096,0
4097,0
4098,0
4099,0
4100,1
4101,2
4102,0
4103,0
4104,2
4105,0
4106,0
4107,0
4108,0
4109,0
4110,0
4111,0
4112,1
4113,0
4114,0
4115,1
4116,0
4117,0
4118,0
4119,0
4120,0
4121,0
4122,0
4123,0
4124,1
4125,0
4126,0
4127,0
4128,0
4129,0
4130,1
4131,0
4132,0
4133,0
4134,0
4135,0
4136,0
4137,0
4138,0
4139,0
4140,0
4141,0
4142,0
4143,7
4144,1
4145,0
4146,0
4147,0
4148,0
4149,0
4150,0
4151,0
4152,0
4153,0
4154,0
4155,0
4156,0
4157,0
4158,0
4159,0
4160,0
4161,0
4162,0
4163,0
4164,0
4165,0
4166,0
4167,0
4168,0
4169,0
4170,0
4171,0
4172,0
4173,0
4174,0
4175,0
4176,0
4177,0
4178,0
4179,0
4180,0
4181,0
4182,0
4183,0
4184,0
4185,0
4186,0
4187,0
4188,0
4189,0
4190,0
4191,0
4192,0
4193,0
4194,0
4195,0
4196,0
4197,0
4198,0
4199,0
4200,0
4201,0
4202,0
4203,0
4204,0
4205,0
4206,0
4207,0
4208,0
4209,0
4210,0
4211,0
4212,0
4213,0
4214,0
4215,0
4216,0
4217,0
4218,0
4219,0
4220,0
4221,0
4222,0
4223,0
4224,0
4225,0
4226,0
4227,0
4228,0
4229,0
4230,0
4231,0
4232,0
4233,0
4234,12
4235,0
4236,0
4237,0
4238,0
4239,0
4240,0
4241,0
4242,0
4243,0
4244,0
4245,0
4246,0
4247,0
4248,0
4249,0
4250,0
4251,1
4252,0
4253,2
4254,5
4255,0
4256,0
4257,5
4258,5
4259,0
4260,0
4261,0
4262,0
4263,0
4264,0
4265,0
4266,0
4267,0
4268,0
4269,0
4270,0
4271,7
4272,0
4273,0
4274,0
4275,0
4276,0
4277,0
4278,0
4279,0
4280,0
4281,0
4282,0
4283,0
4284,0
4285,0
4286,0
4287,0
4288,0
4289,13
4290,0
4291,0
4292,0
4293,0
4294,0
4295,0
4296,0
4297,0
4298,0
4299,0
4300,0
4301,0
4302,0
4303,7
4304,0
4305,0
4306,0
4307,0
4308,0
4309,0
4310,0
4311,0
4312,0
4313,3
4314,0
4315,0
4316,2
4317,0
4318,0
4319,0
4320,0
4321,0
4322,0
4323,0
4324,0
4325,0
4326,10
4327,0
4328,0
4329,0
4330,0
4331,0
4332,0
4333,0
4334,0
4335,0
4336,0
4337,0
4338,0
4339,0
4340,0
4341,0
4342,0
4343,0
4344,0
4345,0
4346,5
4347,0
4348,0
4349,0
4350,0
4351,0
4352,0
4353,0
4354,0
4355,0
4356,0
4357,0
4358,0
4359,19
4360,0
4361,0
4362,0
4363,0
4364,0
4365,0
4366,0
4367,0
4368,0
4369,0
4370,0
4371,0
4372,0
4373,0
4374,0
4375,0
4376,0
4377,0
4378,2
4379,0
4380,0
4381,0
4382,0
4383,0
4384,0
4385,0
4386,0
4387,0
4388,0
4389,0
4390,0
4391,0
4392,0
4393,0
4394,0
4395,0
4396,0
4397,0
4398,7
4399,0
4400,0
4401,0
4402,0
4403,0
4404,0
4405,0
4406,0
4407,0
4408,0
4409,0
4410,0
4411,0
4412,0
4413,0
4414,0
4415,0
4416,0
4417,0
4418,0
4419,0
4420,0
4421,0
4422,0
4423,0
4424,0
4425,0
4426,0
4427,0
4428,0
4429,0
4430,0
4431,0
4432,0
4433,1
4434,0
4435,0
4436,0
4437,0
4438,0
4439,0
4440,2
4441,0
4442,0
4443,0
4444,0
4445,0
4446,0
4447,0
4448,0
4449,0
4450,0
4451,0
4452,0
4453,0
4454,0
4455,0
4456,0
4457,0
4458,0
4459,0
4460,0
4461,0
4462,0
4463,0
4464,0
4465,0
4466,0
4467,0
4468,0
4469,8
4470,0
4471,0
4472,0
4473,0
4474,0
4475,0
4476,0
4477,0
4478,0
4479,0
4480,0
4481,0
4482,0
4483,0
4484,0
4485,0
4486,0
4487,0
4488,0
4489,0
4490,0
4491,0
4492,0
4493,0
4494,0
4495,0
4496,0
4497,0
4498,0
4499,0
4500,0
4501,0
4502,0
4503,0
4504,0
4505,0
4506,0
4507,0
4508,12
4509,0
4510,0
4511,0
4512,0
4513,0
4514,0
4515,0
4516,0
4517,0
4518,2
4519,0
4520,0
4521,0
4522,0
4523,0
4524,0
4525,0
4526,0
4527,0
4528,0
4529,0
4530,0
4531,0
4532,0
4533,0
4534,0
4535,0
4536,0
4537,0
4538,0
4539,0
4540,0
4541,0
4542,0
4543,0
4544,0
4545,0
4546,0
4547,0
4548,1
4549,0
4550,0
4551,0
4552,0
4553,0
4554,0
4555,0
4556,0
4557,0
4558,0
4559,0
4560,0
4561,0
4562,0
4563,0
4564,0
4565,0
4566,0
4567,0
4568,0
4569,0
4570,0
4571,0
4572,0
4573,0
4574,0
4575,0
4576,0
4577,0
4578,0
4579,0
4580,1
4581,0
4582,0
4583,0
4584,0
4585,0
4586,0
4587,0
4588,0
4589,0
4590,0
4591,0
4592,0
4593,0
4594,0
4595,0
4596,0
4597,0
4598,0
4599,0
4600,0
4601,0
4602,0
4603,0
4604,0
4605,0
4606,0
4607,0
4608,0
4609,0
4610,0
4611,0
4612,0
4613,0
4614,0
4615,0
4616,0
4617,0
4618,0
4619,0
4620,0
4621,0
4622,0
4623,0
4624,0
4625,4
4626,0
4627,0
4628,0
4629,0
4630,0
4631,0
4632,0
4633,0
4634,0
4635,0
4636,0
4637,0
4638,0
4639,0
4640,0
4641,0
4642,0
4643,0
4644,0
4645,0
4646,0
4647,0
4648,0
4649,0
4650,0
4651,0
4652,0
4653,0
4654,0
4655,0
4656,0
4657,0
4658,0
4659,0
4660,0
4661,1
4662,0
4663,0
4664,0
4665,0
4666,0
4667,0
4668,0
4669,0
4670,0
4671,0
4672,0
4673,0
4674,0
4675,0
4676,0
4677,0
4678,0
4679,0
4680,0
4681,0
4682,0
4683,0
4684,0
4685,0
4686,0
4687,0
4688,0
4689,0
4690,0
4691,0
4692,0
4693,0
4694,0
4695,0
4696,0
4697,0
4698,0
4699,0
4700,0
4701,0
4702,0
4703,0
4704,0
4705,0
4706,0
4707,0
4708,0
4709,0
4710,0
4711,0
4712,0
4713,0
4714,0
4715,0
4716,0
4717,0
4718,0
4719,0
4720,0
4721,0
4722,0
4723,0
4724,0
4725,0
4726,0
4727,0
4728,0
4729,0
4730,0
4731,0
4732,0
4733,0
4734,0
4735,0
4736,0
4737,0
4738,0
4739,0
4740,0
4741,0
4742,0
4743,0
4744,0
4745,0
4746,0
4747,0
4748,0
4749,0
4750,0
4751,0
4752,0
4753,0
4754,0
4755,0
4756,0
4757,0
4758,0
4759,4
4760,0
4761,0
4762,0
4763,0
4764,0
4765,0
4766,0
4767,0
4768,0
4769,0
4770,0
4771,0
4772,0
4773,1
4774,0
4775,0
4776,0
4777,0
4778,0
4779,0
4780,0
4781,0
4782,0
4783,0
4784,0
4785,0
4786,0
4787,0
4788,0
4789,0
4790,0
4791,0
4792,0
4793,0
4794,0
4795,0
4796,0
4797,0
4798,0
4799,0
4800,0
4801,0
4802,0
4803,0
4804,0
4805,0
4806,0
4807,0
4808,0
4809,0
4810,0
4811,0
4812,0
4813,0
4814,0
4815,0
4816,0
4817,0
4818,0
4819,0
4820,1
4821,0
4822,0
4823,0
4824,0
4825,1
4826,0
4827,0
4828,0
4829,0
4830,0
4831,0
4832,0
4833,0
4834,0
4835,0
4836,0
4837,0
4838,0
4839,0
4840,0
4841,0
4842,0
4843,0
4844,0
4845,0
4846,0
4847,0
4848,0
4849,0
4850,0
4851,0
4852,0
4853,0
4854,0
4855,0
4856,0
4857,0
4858,0
4859,0
4860,0
4861,0
4862,0
4863,0
4864,0
4865,0
4866,0
4867,0
4868,0
4869,0
4870,0
4871,0
4872,0
4873,0
4874,0
4875,0
4876,0
4877,0
4878,0
4879,0
4880,0
4881,0
4882,0
4883,0
4884,0
4885,0
4886,0
4887,0
4888,0
4889,0
4890,0
4891,0
4892,0
4893,0
4894,0
4895,0
4896,0
4897,0
4898,0
4899,0
4900,0
4901,2
4902,0
4903,0
4904,0
4905,0
4906,0
4907,0
4908,0
4909,0
4910,0
4911,0
4912,0
4913,0
4914,0
4915,0
4916,0
4917,0
4918,0
4919,0
4920,0
4921,0
4922,0
4923,0
4924,0
4925,0
4926,0
4927,0
4928,0
4929,0
4930,0
4931,0
4932,0
4933,0
4934,0
4935,0
4936,0
4937,0
4938,0
4939,0
4940,0
4941,0
4942,0
4943,0
4944,0
4945,0
4946,0
4947,0
4948,0
4949,0
4950,0
4951,0
4952,0
4953,0
4954,0
4955,0
4956,0
4957,0
4958,0
4959,0
4960,0
4961,0
4962,0
4963,0
4964,0
4965,0
4966,0
4967,0
4968,0
4969,0
4970,0
4971,0
4972,0
4973,0
4974,0
4975,0
4976,0
4977,0
4978,0
4979,0
4980,0
4981,0
4982,0
4983,0
4984,0
4985,0
4986,0
4987,0
4988,0
4989,0
4990,0
4991,0
4992,0
4993,0
4994,0
4995,0
4996,0
4997,0
4998,0
4999,0
5000,0
5001,0
5002,0
5003,0
5004,0
5005,0
5006,0
5007,0
5008,0
5009,0
5010,0
5011,0
5012,0
5013,0
5014,0
5015,0
5016,0
5017,0
5018,0
5019,0
5020,0
5021,0
5022,0
5023,0
5024,0
5025,0
5026,0
5027,0
5028,0
5029,0
5030,0
5031,0
5032,0
5033,0
5034,0
5035,0
5036,0
5037,0
5038,0
5039,0
5040,0
5041,0
5042,0
5043,0
5044,0
5045,0
5046,0
5047,0
5048,0
5049,0
5050,0
5051,0
5052,0
5053,0
5054,0
5055,0
5056,0
5057,0
5058,0
5059,0
5060,0
5061,0
5062,0
5063,0
5064,0
5065,0
5066,0
5067,0
5068,0
5069,0
5070,0
5071,0
5072,0
5073,0
5074,0
5075,0
5076,0
5077,0
5078,0
5079,0
5080,5
5081,0
5082,0
5083,0
5084,0
5085,0
5086,0
5087,0
5088,0
5089,0
5090,0
5091,0
5092,0
5093,0
5094,0
5095,0
5096,0
5097,0
5098,0
5099,0
5100,0
5101,0
5102,0
5103,0
5104,0
5105,0
5106,0
5107,0
5108,0
5109,0
5110,0
5111,0
5112,0
5113,0
5114,0
5115,0
5116,0
5117,0
5118,0
5119,0
5120,0
5121,0
5122,0
5123,0
5124,0
5125,0
5126,0
5127,0
5128,0
5129,0
5130,0
5131,0
5132,0
5133,0
5134,0
5135,0
5136,0
5137,0
5138,0
5139,0
5140,0
5141,0
5142,0
5143,7
5144,0
5145,0
5146,0
5147,0
5148,0
5149,0
5150,0
5151,0
5152,0
5153,0
5154,0
5155,0
5156,0
5157,0
5158,0
5159,0
5160,0
5161,0
5162,0
5163,0
5164,0
5165,0
5166,0
5167,3
5168,0
5169,0
5170,0
5171,0
5172,0
5173,0
5174,0
5175,0
5176,0
5177,0
5178,0
5179,0
5180,0
5181,0
5182,0
5183,0
5184,0
5185,0
5186,0
5187,0
5188,0
5189,0
5190,0
5191,0
5192,0
5193,0
5194,0
5195,0
5196,0
5197,0
5198,0
5199,0
5200,0
5201,0
5202,0
5203,0
5204,0
5205,0
5206,0
5207,0
5208,0
5209,0
5210,0
5211,0
5212,0
5213,0
5214,0
5215,0
5216,0
5217,0
5218,0
5219,0
5220,0
5221,0
5222,0
5223,0
5224,0
5225,0
5226,0
5227,0
5228,0
5229,0
5230,0
5231,0
5232,0
5233,0
5234,0
5235,0
5236,0
5237,0
5238,0
5239,0
5240,0
5241,0
5242,0
5243,0
5244,0
5245,0
5246,0
5247,0
5248,0
5249,0
5250,0
5251,0
5252,0
5253,0
5254,0
5255,0
5256,0
5257,0
5258,0
5259,0
5260,0
5261,0
5262,0
5263,0
5264,0
5265,0
5266,0
5267,0
5268,0
5269,0
5270,0
5271,6
5272,0
5273,0
5274,0
5275,0
5276,0
5277,0
5278,0
5279,0
5280,0
5281,0
5282,0
5283,0
5284,0
5285,0
5286,0
5287,0
5288,0
5289,3
5290,0
5291,0
5292,0
5293,0
5294,0
5295,1
5296,0
5297,0
5298,0
5299,0
5300,0
5301,0
5302,5
5303,0
5304,0
5305,0
5306,3
5307,0
5308,0
5309,0
5310,0
5311,0
5312,0
5313,0
5314,0
5315,0
5316,2
5317,0
5318,0
5319,0
5320,0
5321,0
5322,0
5323,0
5324,0
5325,0
5326,3
5327,3
5328,0
5329,0
5330,0
5331,0
5332,0
5333,0
5334,5
5335,0
5336,0
5337,0
5338,0
5339,0
5340,0
5341,0
5342,0
5343,0
5344,0
5345,0
5346,0
5347,0
5348,0
5349,0
5350,0
5351,0
5352,0
5353,0
5354,0
5355,0
5356,27
5357,0
5358,0
5359,0
5360,0
5361,0
5362,0
5363,0
5364,0
5365,0
5366,0
5367,0
5368,0
5369,0
5370,0
5371,0
5372,0
5373,0
5374,0
5375,0
5376,0
5377,0
5378,0
5379,0
5380,0
5381,0
5382,0
5383,0
5384,0
5385,0
5386,0
5387,0
5388,0
5389,0
5390,0
5391,0
5392,0
5393,0
5394,0
5395,0
5396,0
5397,0
5398,0
5399,0
5400,0
5401,0
5402,0
5403,0
5404,0
5405,0
5406,0
5407,0
5408,0
5409,0
5410,0
5411,0
5412,0
5413,0
5414,1
5415,0
5416,0
5417,0
5418,0
5419,3
5420,0
5421,0
5422,0
5423,0
5424,0
5425,0
5426,0
5427,0
5428,0
5429,0
5430,0
5431,0
5432,0
5433,0
5434,0
5435,0
5436,0
5437,0
5438,1
5439,1
5440,0
5441,0
5442,0
5443,0
5444,0
5445,0
5446,0
5447,0
5448,1
5449,0
5450,0
5451,0
5452,0
5453,0
5454,0
5455,0
5456,0
5457,0
5458,0
5459,0
5460,0
5461,0
5462,0
5463,0
5464,0
5465,0
5466,0
5467,0
5468,0
5469,2
5470,0
5471,0
5472,0
5473,0
5474,0
5475,0
5476,0
5477,0
5478,0
5479,3
5480,0
5481,0
5482,0
5483,0
5484,0
5485,0
5486,0
5487,0
5488,0
5489,0
5490,0
5491,0
5492,0
5493,0
5494,0
5495,0
5496,0
5497,0
5498,0
5499,0
5500,0
5501,0
5502,0
5503,0
5504,0
5505,0
5506,0
5507,0
5508,0
5509,2
5510,0
5511,0
5512,0
5513,0
5514,1
5515,0
5516,0
5517,0
5518,0
5519,0
5520,0
5521,0
5522,0
5523,0
5524,0
5525,0
5526,0
5527,0
5528,0
5529,0
5530,0
5531,0
5532,0
5533,0
5534,1
5535,0
5536,0
5537,0
5538,0
5539,0
5540,0
5541,0
5542,0
5543,0
5544,0
5545,0
5546,0
5547,0
5548,0
5549,0
5550,0
5551,0
5552,0
5553,2
5554,0
5555,0
5556,0
5557,0
5558,0
5559,0
5560,0
5561,0
5562,0
5563,0
5564,0
5565,1
5566,0
5567,8
5568,0
5569,0
5570,0
5571,0
5572,0
5573,0
5574,0
5575,0
5576,0
5577,0
5578,0
5579,0
5580,0
5581,0
5582,0
5583,0
5584,0
5585,0
5586,2
5587,0
5588,0
5589,0
5590,0
5591,0
5592,0
5593,0
5594,0
5595,0
5596,0
5597,1
5598,0
5599,0
5600,0
5601,0
5602,0
5603,0
5604,1
5605,0
5606,2
5607,0
5608,0
5609,0
5610,1
5611,0
5612,0
5613,0
5614,0
5615,0
5616,0
5617,0
5618,0
5619,0
5620,0
5621,0
5622,1
5623,0
5624,1
5625,0
5626,0
5627,1
5628,0
5629,0
5630,0
5631,0
5632,0
5633,0
5634,0
5635,0
5636,0
5637,0
5638,0
5639,0
5640,0
5641,0
5642,0
5643,0
5644,0
5645,0
5646,0
5647,0
5648,0
5649,0
5650,0
5651,0
5652,0
5653,0
5654,0
5655,0
5656,0
5657,0
5658,0
5659,0
5660,0
5661,0
5662,0
5663,0
5664,0
5665,0
5666,0
5667,0
5668,0
5669,0
5670,0
5671,0
5672,0
5673,0
5674,0
5675,0
5676,0
5677,0
5678,0
5679,0
5680,0
5681,0
5682,0
5683,0
5684,0
5685,0
5686,0
5687,0
5688,0
5689,0
5690,0
5691,0
5692,0
5693,0
5694,0
5695,0
5696,0
5697,0
5698,0
5699,1
5700,0
5701,0
5702,0
5703,0
5704,0
5705,0
5706,0
5707,0
5708,0
5709,0
5710,0
5711,0
5712,0
5713,0
5714,0
5715,0
5716,0
5717,0
5718,0
5719,0
5720,0
5721,77
5722,0
5723,0
5724,0
5725,0
5726,0
5727,0
5728,0
5729,1
5730,0
5731,0
5732,0
5733,0
5734,0
5735,0
5736,0
5737,0
5738,0
5739,0
5740,0
5741,0
5742,0
5743,0
5744,0
5745,0
5746,0
5747,0
5748,0
5749,0
5750,0
5751,0
5752,0
5753,0
5754,0
5755,0
5756,0
5757,0
5758,14
5759,0
5760,0
5761,0
5762,0
5763,0
5764,0
5765,0
5766,0
5767,0
5768,0
5769,0
5770,0
5771,0
5772,0
5773,0
5774,0
5775,0
5776,0
5777,0
5778,0
5779,0
5780,0
5781,0
5782,0
5783,0
5784,0
5785,0
5786,0
5787,0
5788,0
5789,0
5790,0
5791,0
5792,0
5793,0
5794,0
5795,0
5796,0
5797,0
5798,0
5799,3
5800,0
5801,0
5802,0
5803,0
5804,0
5805,0
5806,0
5807,0
5808,0
5809,0
5810,0
5811,0
5812,0
5813,0
5814,0
5815,0
5816,0
5817,0
5818,0
5819,0
5820,4
5821,12
5822,10
5823,10
5824,7
5825,10
5826,0
5827,1
5828,11
5829,6
5830,10
5831,1
5832,1
5833,8
5834,6
5835,1
5836,1
5837,0
5838,0
5839,3
5840,0
5841,4
5842,17
5843,2
5844,0
5845,0
5846,4
5847,10
5848,0
5849,2
5850,14
5851,6
5852,3
5853,6
5854,0
5855,0
5856,0
5857,0
5858,0
5859,0
5860,1
5861,0
5862,0
5863,0
5864,0
5865,0
5866,0
5867,0
5868,0
5869,0
5870,0
5871,0
5872,7
5873,0
5874,0
5875,33
5876,15
5877,28
5878,43
5879,0
5880,11
5881,41
5882,18
5883,67
5884,30
5885,50
5886,8
5887,0
5888,0
5889,0
5890,0
5891,0
5892,0
5893,29
5894,11
5895,32
5896,44
5897,98
5898,12
5899,13
5900,14
5901,11
5902,7
5903,8
5904,20
5905,36
5906,16
5907,20
5908,11
5909,11
5910,13
5911,0
5912,19
5913,30
5914,20
5915,2
5916,12
5917,0
5918,0
5919,0
5920,0
5921,2
5922,0
5923,5
5924,6
5925,13
5926,0
5927,12
5928,12
5929,8
5930,0
5931,12
5932,6
5933,6
5934,28
5935,7
5936,30
5937,11
5938,6
5939,5
5940,26
5941,13
5942,10
5943,6
5944,14
5945,6
5946,11
5947,15
5948,5
5949,27
5950,27
5951,10
5952,5
5953,10
5954,16
5955,10
5956,0
5957,42
5958,13
5959,9
5960,10
5961,26
5962,23
5963,11
5964,0
5965,0
5966,0
5967,0
5968,1
5969,24
5970,9
5971,31
5972,0
5973,0
5974,38
5975,0
5976,0
5977,1
5978,0
5979,13
5980,10
5981,0
5982,75
5983,0
5984,82
5985,17
5986,16
5987,17
5988,14
5989,11
5990,12
5991,20
5992,17
5993,10
5994,1
5995,12
5996,11
5997,20
5998,8
5999,8
6000,2
6001,12
6002,12
6003,16
6004,10
6005,12
6006,19
6007,7
6008,1
6009,24
6010,0
6011,11
6012,11
6013,13
6014,39
6015,10
6016,5
6017,24
6018,6
6019,28
6020,8
6021,17
6022,1
6023,13
6024,9
6025,11
6026,9
6027,11
6028,9
6029,14
6030,4
6031,1
6032,1
6033,2
6034,10
6035,4
6036,6
6037,10
6038,8
6039,0
6040,0
6041,1
6042,4
6043,0
6044,0
6045,5
6046,0
6047,9
6048,12
6049,12
6050,5
6051,5
6052,0
6053,0
6054,8
6055,20
6056,12
6057,4
6058,29
6059,0
6060,1
6061,13
6062,79
6063,0
6064,0
6065,8
6066,15
6067,5
6068,64
6069,0
6070,18
6071,3
6072,7
6073,11
6074,11
6075,0
6076,48
6077,0
6078,6
6079,13
6080,10
6081,3
6082,18
6083,14
6084,13
6085,10
6086,14
6087,4
6088,10
6089,12
6090,48
6091,32
6092,5
6093,8
6094,28
6095,21
6096,80
6097,0
6098,0
6099,61
6100,0
6101,27
6102,27
6103,10
6104,0
6105,24
6106,0
6107,0
6108,0
6109,0
6110,0
6111,32
6112,31
6113,35
6114,20
6115,12
6116,8
6117,1
6118,1
6119,0
6120,0
6121,0
6122,0
6123,0
6124,13
6125,0
6126,9
6127,0
6128,4
6129,7
6130,7
6131,8
6132,9
6133,5
6134,3
6135,2
6136,4
6137,1
6138,0
6139,4
6140,2
6141,2
6142,11
6143,3
6144,5
6145,9
6146,2
6147,8
6148,7
6149,7
6150,6
6151,7
6152,3
6153,5
6154,14
6155,7
6156,4
6157,1
6158,8
6159,3
6160,8
6161,5
6162,4
6163,16
6164,10
6165,7
6166,6
6167,35
6168,5
6169,5
6170,1
6171,9
6172,2
6173,15
6174,2
6175,1
6176,12
6177,6
6178,1
6179,8
6180,8
6181,15
6182,4
6183,5
6184,2
6185,3
6186,6
6187,2
6188,0
6189,2
6190,1
6191,8
6192,0
6193,0
6194,2
6195,0
6196,2
6197,2
6198,2
6199,0
6200,0
6201,15
6202,7
6203,11
6204,4
6205,13
6206,3
6207,12
6208,2
6209,0
6210,2
6211,0
6212,0
6213,2
6214,1
6215,6
6216,1
6217,4
6218,4
6219,15
6220,8
6221,6
6222,0
6223,6
6224,22
6225,3
6226,0
6227,5
6228,5
6229,0
6230,18
6231,5
6232,5
6233,3
6234,3
6235,14
6236,10
6237,0
6238,0
6239,0
6240,3
6241,3
6242,1
6243,2
6244,2
6245,18
6246,2
6247,2
6248,0
6249,0
6250,0
6251,0
6252,1
6253,3
6254,0
6255,0
6256,0
6257,0
6258,0
6259,2
6260,0
6261,0
6262,4
6263,2
6264,2
6265,7
6266,4
6267,2
6268,0
6269,1
6270,2
6271,2
6272,1
6273,0
6274,0
6275,0
6276,0
6277,0
6278,1
6279,2
6280,5
6281,4
6282,9
6283,6
6284,7
6285,7
6286,4
6287,8
6288,2
6289,5
6290,21
6291,4
6292,6
6293,7
6294,4
6295,16
6296,7
6297,7
6298,3
6299,5
6300,8
6301,8
6302,5
6303,4
6304,7
6305,5
6306,15
6307,6
6308,11
6309,17
6310,3
6311,3
6312,4
6313,3
6314,1
6315,8
6316,2
6317,2
6318,1
6319,2
6320,5
6321,6
6322,2
6323,9
6324,9
6325,2
6326,4
6327,4
6328,2
6329,5
6330,4
6331,2
6332,6
6333,1
6334,11
6335,3
6336,2
6337,2
6338,1
6339,8
6340,1
6341,9
6342,14
6343,1
6344,3
6345,6
6346,10
6347,13
6348,6
6349,9
6350,9
6351,2
6352,2
6353,4
6354,5
6355,2
6356,1
6357,1
6358,6
6359,13
6360,1
6361,0
6362,0
6363,5
6364,4
6365,0
6366,0
6367,0
6368,30
6369,1
6370,0
6371,0
6372,0
6373,0
6374,0
6375,0
6376,0
6377,0
6378,1
6379,0
6380,0
6381,3
6382,9
6383,0
6384,1
6385,10
6386,15
6387,0
6388,0
6389,0
6390,0
6391,0
6392,0
6393,0
6394,2
6395,0
6396,0
6397,0
6398,0
6399,10
6400,0
6401,1
6402,0
6403,0
6404,3
6405,10
6406,2
6407,1
6408,6
6409,0
6410,5
6411,0
6412,0
6413,0
6414,0
6415,4
6416,0
6417,0
6418,0
6419,2
6420,0
6421,1
6422,0
6423,0
6424,0
6425,0
6426,0
6427,0
6428,0
6429,0
6430,1
6431,0
6432,0
6433,0
6434,0
6435,0
6436,0
6437,0
6438,0
6439,3
6440,0
6441,3
6442,0
6443,8
6444,23
6445,0
6446,0
6447,0
6448,3
6449,0
6450,0
6451,0
6452,1
6453,15
6454,0
6455,0
6456,0
6457,0
6458,0
6459,0
6460,1
6461,0
6462,0
6463,2
6464,0
6465,0
6466,0
6467,0
6468,0
6469,1
6470,4
6471,0
6472,0
6473,0
6474,0
6475,1
6476,5
6477,5
6478,5
6479,1
6480,2
6481,6
6482,10
6483,0
6484,16
6485,1
6486,15
6487,9
6488,3
6489,10
6490,2
6491,11
6492,11
6493,11
6494,2
6495,4
6496,2
6497,5
6498,11
6499,4
6500,2
6501,0
6502,0
6503,0
6504,0
6505,5
6506,3
6507,1
6508,3
6509,2
6510,2
6511,3
6512,1
6513,0
6514,2
6515,5
6516,0
6517,3
6518,0
6519,3
6520,14
6521,33
6522,24
6523,13
6524,7
6525,42
6526,1
6527,6
6528,9
6529,5
6530,7
6531,5
6532,4
6533,1
6534,2
6535,8
6536,11
6537,3
6538,7
6539,6
6540,5
6541,8
6542,0
6543,0
6544,0
6545,0
6546,0
6547,0
6548,0
6549,0
6550,0
6551,0
6552,6
6553,0
6554,0
6555,0
6556,0
6557,0
6558,1
6559,0
6560,0
6561,0
6562,1
6563,1
6564,0
6565,0
6566,0
6567,0
6568,0
6569,0
6570,0
6571,0
6572,0
6573,0
6574,0
6575,0
6576,3
6577,0
6578,0
6579,0
6580,0
6581,0
6582,0
6583,0
6584,0
6585,0
6586,0
6587,3
6588,1
6589,0
6590,6
6591,2
6592,0
6593,0
6594,0
6595,0
6596,0
6597,1
6598,0
6599,0
6600,0
6601,0
6602,0
6603,0
6604,0
6605,0
6606,0
6607,0
6608,1
6609,0
6610,0
6611,0
6612,1
6613,0
6614,0
6615,0
6616,0
6617,0
6618,0
6619,0
6620,0
6621,0
6622,0
6623,0
6624,2
6625,0
6626,0
6627,0
6628,0
6629,0
6630,0
6631,0
6632,4
6633,0
6634,0
6635,0
6636,0
6637,6
6638,0
6639,0
6640,0
6641,0
6642,0
6643,0
6644,8
6645,4
6646,2
6647,1
6648,2
6649,11
6650,0
6651,1
6652,1
6653,7
6654,9
6655,8
6656,16
6657,4
6658,38
6659,7
6660,119
6661,21
6662,5
6663,1
6664,4
6665,0
6666,1
6667,0
6668,1
6669,2
6670,6
6671,0
6672,0
6673,0
6674,0
6675,0
6676,0
6677,1
6678,3
6679,25
6680,10
6681,2
6682,0
6683,0
6684,0
6685,0
6686,8
6687,2
6688,0
6689,0
6690,3
6691,0
6692,0
6693,7
6694,0
6695,6
6696,0
6697,13
6698,0
6699,0
6700,1
6701,3
6702,1
6703,0
6704,4
6705,1
6706,1
6707,3
6708,0
6709,1
6710,21
6711,0
6712,3
6713,0
6714,0
6715,0
6716,0
6717,2
6718,1
6719,3
6720,0
6721,6
6722,3
6723,0
6724,0
6725,4
6726,4
6727,3
6728,5
6729,0
6730,1
6731,1
6732,0
6733,0
6734,1
6735,2
6736,12
6737,0
6738,2
6739,5
6740,3
6741,7
6742,6
6743,0
6744,0
6745,5
6746,5
6747,8
6748,18
6749,9
6750,2
6751,7
6752,2
6753,8
6754,8
6755,11
6756,5
6757,5
6758,6
6759,1
6760,3
6761,9
6762,9
6763,5
6764,0
6765,5
6766,0
6767,8
6768,0
6769,5
6770,10
6771,0
6772,1
6773,8
6774,5
6775,11
6776,5
6777,5
6778,1
6779,14
6780,1
6781,5
6782,3
6783,5
6784,28
6785,7
6786,6
6787,0
6788,8
6789,2
6790,4
6791,1
6792,4
6793,6
6794,20
6795,1
6796,1
6797,8
6798,4
6799,14
6800,2
6801,3
6802,16
6803,1
6804,2
6805,3
6806,2
6807,0
6808,0
6809,1
6810,0
6811,0
6812,0
6813,0
6814,0
6815,0
6816,0
6817,0
6818,0
6819,0
6820,0
6821,0
6822,0
6823,0
6824,1
6825,0
6826,0
6827,0
6828,3
6829,0
6830,0
6831,0
6832,0
6833,0
6834,0
6835,0
6836,1
6837,0
6838,0
6839,1
6840,0
6841,0
6842,3
6843,0
6844,3
6845,1
6846,0
6847,0
6848,0
6849,0
6850,0
6851,0
6852,3
6853,0
6854,0
6855,0
6856,0
6857,3
6858,5
6859,0
6860,0
6861,0
6862,0
6863,2
6864,2
6865,0
6866,0
6867,0
6868,0
6869,0
6870,0
6871,0
6872,0
6873,0
6874,0
6875,0
6876,0
6877,0
6878,0
6879,0
6880,0
6881,0
6882,0
6883,0
6884,3
6885,1
6886,1
6887,0
6888,0
6889,0
6890,0
6891,0
6892,0
6893,0
6894,0
6895,0
6896,12
6897,0
6898,0
6899,0
6900,0
6901,2
6902,0
6903,0
6904,18
6905,6
6906,6
6907,4
6908,10
6909,2
6910,1
6911,2
6912,22
6913,14
6914,7
6915,0
6916,2
6917,1
6918,6
6919,2
6920,2
6921,3
6922,2
6923,2
6924,29
6925,8
6926,3
6927,10
6928,5
6929,18
6930,13
6931,3
6932,11
6933,0
6934,1
6935,9
6936,4
6937,9
6938,10
6939,0
6940,2
6941,1
6942,0
6943,14
6944,6
6945,3
6946,17
6947,4
6948,5
6949,1
6950,3
6951,22
6952,2
6953,4
6954,2
6955,11
6956,9
6957,3
6958,1
6959,6
6960,2
6961,0
6962,5
6963,12
6964,12
6965,10
6966,2
6967,4
6968,21
6969,19
6970,8
6971,8
6972,18
6973,6
6974,6
6975,4
6976,3
6977,6
6978,5
6979,11
6980,1
6981,0
6982,16
6983,4
6984,0
6985,38
6986,29
6987,9
6988,9
6989,14
6990,8
6991,13
6992,2
6993,0
6994,0
6995,8
6996,17
6997,9
6998,7
6999,9
7000,2
7001,17
7002,5
7003,6
7004,22
7005,6
7006,7
7007,1
7008,4
7009,6
7010,7
7011,1
7012,9
7013,2
7014,4
7015,11
7016,2
7017,6
7018,1
7019,1
7020,2
7021,7
7022,7
7023,9
7024,0
7025,12
7026,5
7027,14
7028,17
7029,16
7030,14
7031,15
7032,12
7033,23
7034,2
7035,6
7036,1
7037,5
7038,0
7039,4
7040,3
7041,11
7042,1
7043,0
7044,0
7045,0
7046,0
7047,7
7048,0
7049,0
7050,0
7051,0
7052,0
7053,0
7054,0
7055,0
7056,0
7057,0
7058,0
7059,26
7060,0
7061,0
7062,0
7063,0
7064,11
7065,4
7066,11
7067,7
7068,1
7069,0
7070,2
7071,5
7072,6
7073,14
7074,29
7075,14
7076,24
7077,20
7078,11
7079,12
7080,2
7081,2
7082,8
7083,16
7084,4
7085,12
7086,2
7087,31
7088,38
7089,7
7090,2
7091,5
7092,0
7093,0
7094,6
7095,12
7096,9
7097,12
7098,5
7099,4
7100,5
7101,14
7102,7
7103,5
7104,2
7105,3
7106,10
7107,2
7108,4
7109,1
7110,2
7111,3
7112,0
7113,5
7114,3
7115,0
7116,3
7117,2
7118,0
7119,21
7120,3
7121,0
7122,2
7123,9
7124,0
7125,2
7126,6
7127,5
7128,0
7129,0
7130,0
7131,3
7132,0
7133,0
7134,53
7135,0
7136,2
7137,3
7138,0
7139,0
7140,0
7141,6
7142,0
7143,0
7144,0
7145,2
7146,2
7147,13
7148,25
7149,3
7150,1
7151,20
7152,31
7153,3
7154,6
7155,1
7156,12
7157,6
7158,3
7159,0
7160,3
7161,1
7162,4
7163,2
7164,3
7165,5
7166,10
7167,1
7168,3
7169,0
7170,0
7171,3
7172,0
7173,0
7174,4
7175,15
7176,0
7177,0
7178,1
7179,3
7180,3
7181,0
7182,3
7183,0
7184,8
7185,2
7186,2
7187,3
7188,0
7189,15
7190,0
7191,1
7192,0
7193,37
7194,0
7195,1
7196,10
7197,4
7198,2
7199,0
7200,7
7201,0
7202,2
7203,16
7204,0
7205,0
7206,0
7207,12
7208,7
7209,0
7210,0
7211,12
7212,0
7213,3
7214,7
7215,7
7216,1
7217,13
7218,11
7219,0
7220,44
7221,1
7222,0
7223,0
7224,1
7225,4
7226,0
7227,2
7228,1
7229,7
7230,0
7231,3
7232,0
7233,9
7234,1
7235,3
7236,10
7237,0
7238,12
7239,0
7240,5
7241,3
7242,3
7243,11
7244,15
7245,20
7246,14
7247,2
7248,3
7249,3
7250,23
7251,20
7252,4
7253,0
7254,0
7255,2
7256,18
7257,5
7258,0
7259,6
7260,5
7261,4
7262,1
7263,4
7264,0
7265,3
7266,3
7267,0
7268,5
7269,0
7270,6
7271,4
7272,2
7273,11
7274,6
7275,2
7276,2
7277,0
7278,6
7279,0
7280,9
7281,12
7282,0
7283,0
7284,6
7285,17
7286,1
7287,0
7288,0
7289,3
7290,2
7291,0
7292,3
7293,4
7294,7
7295,5
7296,17
7297,28
7298,13
7299,2
7300,1
7301,10
7302,20
7303,15
7304,3
7305,10
7306,14
7307,20
7308,24
7309,4
7310,10
7311,9
7312,5
7313,7
7314,11
7315,5
7316,24
7317,2
7318,4
7319,10
7320,7
7321,7
7322,1
7323,6
7324,9
7325,20
7326,12
7327,11
7328,9
7329,20
7330,1
7331,12
7332,5
7333,62
7334,11
7335,0
7336,1
7337,11
7338,8
7339,0
7340,4
7341,0
7342,2
7343,13
7344,10
7345,11
7346,4
7347,0
7348,4
7349,14
7350,8
7351,34
7352,3
7353,2
7354,10
7355,42
7356,0
7357,16
7358,1
7359,3
7360,19
7361,0
7362,6
7363,9
7364,6
7365,1
7366,1
7367,3
7368,9
7369,0
7370,4
7371,14
7372,2
7373,8
7374,8
7375,5
7376,4
7377,8
7378,13
7379,17
7380,3
7381,5
7382,5
7383,0
7384,0
7385,2
7386,2
7387,0
7388,9
7389,4
7390,3
7391,4
7392,6
7393,10
7394,5
7395,11
7396,0
7397,14
7398,0
7399,12
7400,76
7401,12
7402,4
7403,12
7404,12
7405,4
7406,10
7407,7
7408,13
7409,0
7410,8
7411,17
7412,9
7413,10
7414,8
7415,9
7416,13
7417,8
7418,6
7419,12
7420,7
7421,14
7422,11
7423,5
7424,7
7425,12
7426,0
7427,0
7428,0
7429,5
7430,4
7431,19
7432,14
7433,12
7434,14
7435,0
7436,0
7437,14
7438,14
7439,22
7440,13
7441,0
7442,14
7443,8
7444,17
7445,30
7446,57
7447,39
7448,18
7449,21
7450,195
7451,17
7452,44
7453,23
7454,64
7455,11
7456,44
7457,31
7458,17
7459,22
7460,45
7461,15
7462,11
7463,8
7464,20
7465,13
7466,20
7467,12
7468,120
7469,17
7470,13
7471,10
7472,12
7473,12
7474,16
7475,19
7476,15
7477,0
7478,9
7479,16
7480,13
7481,1
7482,0
7483,6
7484,15
7485,3
7486,8
7487,18
7488,17
7489,12
7490,12
7491,12
7492,8
7493,0
7494,4
7495,14
7496,0
7497,11
7498,21
7499,19
7500,15
7501,11
7502,29
7503,0
7504,0
7505,12
7506,20
7507,11
7508,12
7509,39
7510,11
7511,28
7512,14
7513,12
7514,12
7515,15
7516,4
7517,13
7518,12
7519,17
7520,33
7521,12
7522,5
7523,13
7524,16
7525,6
7526,11
7527,0
7528,2
7529,15
7530,0
7531,14
7532,14
7533,10
7534,16
7535,9
7536,0
7537,0
7538,3
7539,0
7540,0
7541,0
7542,0
7543,0
7544,1
7545,10
7546,14
7547,0
7548,0
7549,0
7550,0
7551,65
7552,44
7553,61
7554,34
7555,0
7556,14
7557,14
7558,9
7559,12
7560,14
7561,9
7562,16
7563,8
7564,13
7565,13
7566,5
7567,13
7568,10
7569,43
7570,16
7571,5
7572,15
7573,10
7574,11
7575,21
7576,9
7577,3
7578,3
7579,19
7580,23
7581,32
7582,0
7583,0
7584,0
7585,0
7586,0
7587,1
7588,4
7589,0
7590,12
7591,0
7592,0
7593,0
7594,0
7595,0
7596,1
7597,0
7598,1
7599,0
7600,0
7601,1
7602,0
7603,0
7604,0
7605,0
7606,9
7607,22
7608,9
7609,10
7610,7
7611,9
7612,12
7613,6
7614,8
7615,4
7616,0
7617,13
7618,11
7619,16
7620,6
7621,2
7622,8
7623,5
7624,17
7625,31
7626,15
7627,16
7628,5
7629,4
7630,13
7631,70
7632,10
7633,0
7634,35
7635,0
7636,12
7637,7
7638,5
7639,8
7640,8
7641,0
7642,0
7643,0
7644,1
7645,0
7646,0
7647,0
7648,0
7649,0
7650,0
7651,4
7652,14
7653,4
7654,10
7655,2
7656,4
7657,13
7658,18
7659,10
7660,0
7661,0
7662,0
7663,0
7664,3
7665,29
7666,3
7667,4
7668,0
7669,19
7670,8
7671,8
7672,16
7673,9
7674,13
7675,8
7676,28
7677,21
7678,47
7679,3
7680,24
7681,1
7682,0
7683,4
7684,0
7685,0
7686,0
7687,0
7688,1
7689,5
7690,3
7691,12
7692,5
7693,3
7694,15
7695,7
7696,0
7697,12
7698,9
7699,1
7700,0
7701,9
7702,8
7703,3
7704,17
7705,4
7706,2
7707,7
7708,0
7709,5
7710,8
7711,18
7712,11
7713,25
7714,20
7715,9
7716,9
7717,13
7718,11
7719,0
7720,0
7721,6
7722,3
7723,0
7724,0
7725,8
7726,6
7727,0
7728,57
7729,3
7730,0
7731,0
7732,22
7733,8
7734,10
7735,14
7736,0
7737,1
7738,0
7739,14
7740,2
7741,7
7742,5
7743,13
7744,0
7745,0
7746,8
7747,10
7748,15
7749,3
7750,4
7751,0
7752,0
7753,15
7754,14
7755,1
7756,22
7757,0
7758,11
7759,17
7760,14
7761,150
7762,54
7763,20
7764,346
7765,7
7766,0
7767,20
7768,14
7769,12
7770,13
7771,1
7772,3
7773,7
7774,0
7775,6
7776,5
7777,0
7778,4
7779,1
7780,3
7781,5
7782,0
7783,5
7784,3
7785,8
7786,0
7787,11
7788,0
7789,7
7790,20
7791,16
7792,6
7793,6
7794,3
7795,3
7796,4
7797,0
7798,3
7799,10
7800,1
7801,0
7802,6
7803,3
7804,1
7805,3
7806,0
7807,0
7808,4
7809,16
7810,5
7811,2
7812,0
7813,0
7814,8
7815,16
7816,0
7817,10
7818,8
7819,6
7820,10
7821,15
7822,1
7823,17
7824,11
7825,13
7826,13
7827,5
7828,6
7829,22
7830,7
7831,7
7832,18
7833,6
7834,1
7835,8
7836,0
7837,6
7838,6
7839,3
7840,13
7841,0
7842,9
7843,0
7844,1
7845,0
7846,8
7847,7
7848,7
7849,18
7850,2
7851,1
7852,0
7853,7
7854,0
7855,3
7856,0
7857,15
7858,0
7859,2
7860,2
7861,2
7862,1
7863,7
7864,3
7865,6
7866,1
7867,9
7868,15
7869,2
7870,30
7871,0
7872,17
7873,4
7874,11
7875,5
7876,3
7877,4
7878,0
7879,0
7880,13
7881,0
7882,10
7883,8
7884,2
7885,0
7886,2
7887,2
7888,0
7889,16
7890,7
7891,0
7892,0
7893,3
7894,7
7895,0
7896,0
7897,0
7898,0
7899,2
7900,4
7901,0
7902,42
7903,6
7904,2
7905,11
7906,0
7907,1
7908,1
7909,8
7910,0
7911,8
7912,0
7913,1
7914,4
7915,44
7916,10
7917,2
7918,0
7919,4
7920,0
7921,16
7922,0
7923,0
7924,10
7925,16
7926,1
7927,0
7928,2
7929,0
7930,19
7931,0
7932,1
7933,5
7934,4
7935,4
7936,0
7937,11
7938,2
7939,0
7940,2
7941,6
7942,5
7943,4
7944,2
7945,9
7946,2
7947,3
7948,8
7949,16
7950,11
7951,7
7952,3
7953,2
7954,5
7955,0
7956,5
7957,14
7958,5
7959,14
7960,3
7961,14
7962,6
7963,5
7964,2
7965,5
7966,0
7967,31
7968,4
7969,26
7970,10
7971,9
7972,2
7973,14
7974,12
7975,5
7976,1
7977,7
7978,7
7979,5
7980,18
7981,20
7982,11
7983,12
7984,7
7985,15
7986,2
7987,5
7988,10
7989,1
7990,4
7991,12
7992,1
7993,19
7994,17
7995,1
7996,0
7997,0
7998,13
7999,7
8000,11
8001,27
8002,7
8003,22
8004,24
8005,12
8006,4
8007,18
8008,0
8009,6
8010,5
8011,6
8012,2
8013,2
8014,2
8015,9
8016,2
8017,8
8018,15
8019,9
8020,2
8021,5
8022,8
8023,5
8024,3
8025,11
8026,0
8027,4
8028,13
8029,0
8030,1
8031,0
8032,0
8033,0
8034,23
8035,0
8036,3
8037,0
8038,1
8039,0
8040,0
8041,0
8042,12
8043,8
8044,13
8045,9
8046,0
8047,14
8048,1
8049,11
8050,3
8051,5
8052,9
8053,3
8054,17
8055,1
8056,11
8057,3
8058,8
8059,9
8060,8
8061,3
8062,5
8063,4
8064,72
8065,31
8066,0
8067,0
8068,0
8069,0
8070,19
8071,40
8072,27
8073,33
8074,22
8075,128
8076,39
8077,4
8078,0
8079,10
8080,0
8081,10
8082,223
8083,3
8084,0
8085,19
8086,2
8087,0
8088,24
8089,24
8090,46
8091,24
8092,22
8093,24
8094,30
8095,83
8096,24
8097,7
8098,14
8099,14
8100,6
8101,21
8102,17
8103,24
8104,14
8105,20
8106,19
8107,16
8108,19
8109,18
8110,12
8111,44
8112,18
8113,20
8114,18
8115,12
8116,12
8117,29
8118,13
8119,22
8120,19
8121,17
8122,10
8123,22
8124,18
8125,28
8126,42
8127,36
8128,15
8129,10
8130,11
8131,9
8132,9
8133,10
8134,39
8135,36
8136,16
8137,52
8138,0
8139,10
8140,11
8141,30
8142,18
8143,53
8144,4
8145,40
8146,34
8147,60
8148,33
8149,68
8150,35
8151,0
8152,152
8153,0
8154,12
8155,0
8156,56
8157,0
8158,52
8159,0
8160,0
8161,10
8162,20
8163,9
8164,41
8165,22
8166,22
8167,12
8168,12
8169,20
8170,24
8171,12
8172,14
8173,10
8174,60
8175,18
8176,18
8177,12
8178,23
8179,50
8180,24
8181,23
8182,19
8183,62
8184,281
8185,62
8186,19
8187,10
8188,51
8189,0
8190,166
8191,11
8192,6
8193,35
8194,242
8195,0
8196,4
8197,9
8198,13
8199,0
8200,0
8201,0
8202,14
8203,9
8204,12
8205,17
8206,0
8207,10
8208,0
8209,14
8210,9
8211,6
8212,23
8213,0
8214,0
8215,23
8216,1
8217,10
8218,18
8219,11
8220,0
8221,26
8222,17
8223,5
8224,16
8225,6
8226,28
8227,11
8228,0
8229,21
8230,9
8231,34
8232,7
8233,9
8234,9
8235,17
8236,22
8237,17
8238,8
8239,16
8240,9
8241,18
8242,16
8243,20
8244,18
8245,12
8246,1
8247,15
8248,5
8249,0
8250,15
8251,9
8252,29
8253,6
8254,22
8255,17
8256,11
8257,17
8258,35
8259,2
8260,14
8261,26
8262,10
8263,10
8264,15
8265,21
8266,10
8267,22
8268,0
8269,31
8270,12
8271,25
8272,31
8273,0
8274,0
8275,16
8276,6
8277,2
8278,20
8279,4
8280,11
8281,2
8282,18
8283,16
8284,16
8285,17
8286,15
8287,0
8288,0
8289,18
8290,15
8291,5
8292,0
8293,3
8294,5
8295,79
8296,16
8297,16
8298,4
8299,12
8300,16
8301,0
8302,0
8303,0
8304,25
8305,24
8306,16
8307,11
8308,93
8309,0
8310,110
8311,0
8312,0
8313,45
8314,1
8315,1
8316,0
8317,0
8318,0
8319,0
8320,0
8321,1
8322,4
8323,52
8324,44
8325,43
8326,18
8327,24
8328,17
8329,7
8330,28
8331,8
8332,30
8333,0
8334,24
8335,14
8336,46
8337,14
8338,30
8339,7
8340,38
8341,92
8342,28
8343,17
8344,19
8345,18
8346,0
8347,38
8348,27
8349,15
8350,21
8351,0
8352,22
8353,49
8354,18
8355,22
8356,22
8357,20
8358,21
8359,32
8360,14
8361,18
8362,11
8363,15
8364,37
8365,26
8366,12
8367,68
8368,9
8369,10
8370,39
8371,14
8372,11
8373,26
8374,14
8375,33
8376,3
8377,7
8378,48
8379,23
8380,8
8381,2
8382,15
8383,25
8384,3
8385,35
8386,29
8387,12
8388,35
8389,20
8390,18
8391,9
8392,82
8393,7
8394,1
8395,39
8396,29
8397,42
8398,122
8399,7
8400,43
8401,0
8402,10
8403,0
8404,53
8405,58
8406,28
8407,25
8408,6
8409,9
8410,26
8411,6
8412,8
8413,18
8414,10
8415,63
8416,21
8417,18
8418,1
8419,25
8420,10
8421,20
8422,19
8423,14
8424,16
8425,46
8426,12
8427,47
8428,3
8429,4
8430,39
8431,15
8432,10
8433,2
8434,7
8435,18
8436,30
8437,20
8438,0
8439,1
8440,0
8441,3
8442,27
8443,0
8444,0
8445,0
8446,0
8447,2
8448,0
8449,2
8450,6
8451,13
8452,11
8453,14
8454,0
8455,0
8456,19
8457,0
8458,0
8459,44
8460,13
8461,12
8462,0
8463,0
8464,0
8465,62
8466,375
8467,16
8468,21
8469,0
8470,0
8471,0
8472,8
8473,0
8474,11
8475,2
8476,35
8477,29
8478,44
8479,26
8480,32
8481,0
8482,2
8483,13
8484,23
8485,10
8486,17
8487,15
8488,0
8489,101
8490,18
8491,6
8492,0
8493,13
8494,100
8495,25
8496,3
8497,0
8498,15
8499,19
8500,3
8501,15
8502,1
8503,19
8504,1
8505,0
8506,12
8507,7
8508,0
8509,9
8510,0
8511,13
8512,10
8513,17
8514,124
8515,6
8516,8
8517,10
8518,21
8519,22
8520,13
8521,17
8522,7
8523,6
8524,21
8525,22
8526,9
8527,38
8528,4
8529,38
8530,58
8531,7
8532,15
8533,33
8534,18
8535,2
8536,3
8537,5
8538,0
8539,51
8540,11
8541,21
8542,23
8543,57
8544,26
8545,11
8546,6
8547,10
8548,2
8549,11
8550,0
8551,3
8552,0
8553,95
8554,0
8555,0
8556,3
8557,4
8558,3
8559,5
8560,6
8561,1
8562,4
8563,3
8564,0
8565,18
8566,16
8567,9
8568,10
8569,3
8570,1
8571,3
8572,0
8573,10
8574,4
8575,25
8576,8
8577,20
8578,0
8579,14
8580,0
8581,1
8582,9
8583,18
8584,21
8585,5
8586,0
8587,0
8588,11
8589,1
8590,2
8591,16
8592,12
8593,5
8594,16
8595,0
8596,5
8597,12
8598,0
8599,6
8600,4
8601,0
8602,4
8603,5
8604,0
8605,10
8606,5
8607,2
8608,5
8609,6
8610,2
8611,2
8612,7
8613,42
8614,4
8615,37
8616,15
8617,1
8618,9
8619,0
8620,0
8621,0
8622,3
8623,3
8624,67
8625,0
8626,14
8627,0
8628,17
8629,86
8630,0
8631,21
8632,16
8633,47
8634,41
8635,0
8636,0
8637,8
8638,12
8639,1
8640,2
8641,17
8642,12
8643,5
8644,10
8645,4
8646,9
8647,21
8648,8
8649,10
8650,9
8651,23
8652,8
8653,20
8654,4
8655,2
8656,22
8657,20
8658,0
8659,0
8660,6
8661,7
8662,26
8663,0
8664,9
8665,0
8666,11
8667,16
8668,2
8669,1
8670,0
8671,8
8672,9
8673,17
8674,4
8675,0
8676,9
8677,7
8678,7
8679,2
8680,5
8681,0
8682,2
8683,6
8684,0
8685,17
8686,1
8687,0
8688,21
8689,0
8690,3
8691,0
8692,0
8693,0
8694,0
8695,10
8696,2
8697,13
8698,4
8699,3
8700,14
8701,10
8702,13
8703,1
8704,4
8705,0
8706,15
8707,2
8708,1
8709,6
8710,0
8711,2
8712,0
8713,6
8714,6
8715,8
8716,1
8717,9
8718,0
8719,1
8720,3
8721,4
8722,1
8723,2
8724,0
8725,2
8726,7
8727,4
8728,0
8729,4
8730,2
8731,1
8732,0
8733,4
8734,4
8735,4
8736,6
8737,1
8738,2
8739,25
8740,4
8741,0
8742,0
8743,19
8744,0
8745,0
8746,0
8747,6
8748,0
8749,13
8750,0
8751,3
8752,0
8753,3
8754,3
8755,0
8756,15
8757,5
8758,4
8759,4
8760,9
8761,8
8762,10
8763,2
8764,0
8765,17
8766,0
8767,0
8768,14
8769,0
8770,5
8771,4
8772,5
8773,2
8774,0
8775,28
8776,7
8777,10
8778,11
8779,0
8780,0
8781,12
8782,31
8783,4
8784,6
8785,5
8786,3
8787,0
8788,27
8789,0
8790,11
8791,0
8792,10
8793,14
8794,11
8795,0
8796,2
8797,8
8798,15
8799,7
8800,16
8801,4
8802,21
8803,17
8804,1
8805,2
8806,17
8807,3
8808,3
8809,0
8810,3
8811,4
8812,6
8813,0
8814,3
8815,3
8816,0
8817,14
8818,4
8819,27
8820,12
8821,14
8822,3
8823,13
8824,3
8825,15
8826,1
8827,6
8828,4
8829,3
8830,6
8831,18
8832,6
8833,0
8834,3
8835,1
8836,3
8837,0
8838,9
8839,4
8840,4
8841,4
8842,5
8843,11
8844,2
8845,14
8846,0
8847,1
8848,3
8849,23
8850,10
8851,23
8852,19
8853,7
8854,3
8855,0
8856,0
8857,0
8858,0
8859,4
8860,7
8861,6
8862,3
8863,21
8864,2
8865,1
8866,3
8867,8
8868,2
8869,2
8870,22
8871,4
8872,9
8873,46
8874,6
8875,16
8876,3
8877,26
8878,3
8879,4
8880,7
8881,0
8882,0
8883,3
8884,17
8885,4
8886,0
8887,1
8888,34
8889,0
8890,4
8891,8
8892,4
8893,2
8894,6
8895,5
8896,10
8897,14
8898,14
8899,19
8900,24
8901,34
8902,24
8903,15
8904,33
8905,27
8906,11
8907,7
8908,8
8909,17
8910,2
8911,2
8912,3
8913,2
8914,2
8915,2
8916,0
8917,19
8918,15
8919,11
8920,0
8921,4
8922,14
8923,42
8924,11
8925,19
8926,7
8927,14
8928,14
8929,56
8930,10
8931,19
8932,4
8933,15
8934,0
8935,18
8936,11
8937,16
8938,34
8939,16
8940,43
8941,19
8942,30
8943,28
8944,0
8945,18
8946,4
8947,18
8948,18
8949,19
8950,22
8951,17
8952,21
8953,42
8954,0
8955,28
8956,20
8957,9
8958,17
8959,9
8960,9
8961,104
8962,15
8963,16
8964,9
8965,8
8966,8
8967,11
8968,9
8969,16
8970,7
8971,17
8972,0
8973,5
8974,24
8975,0
8976,3
8977,0
8978,23
8979,23
8980,17
8981,0
8982,18
8983,4
8984,2
8985,0
8986,5
8987,4
8988,4
8989,20
8990,4
8991,15
8992,15
8993,7
8994,13
8995,14
8996,0
8997,0
8998,7
8999,0
9000,14
9001,17
9002,11
9003,20
9004,0
9005,14
9006,19
9007,21
9008,13
9009,20
9010,13
9011,22
9012,14
9013,17
9014,20
9015,16
9016,137
9017,60
9018,28
9019,19
9020,16
9021,0
9022,16
9023,22
9024,12
9025,10
9026,7
9027,5
9028,7
9029,7
9030,15
9031,0
9032,7
9033,7
9034,8
9035,19
9036,10
9037,5
9038,18
9039,4
9040,8
9041,17
9042,24
9043,15
9044,3
9045,9
9046,10
9047,4
9048,0
9049,16
9050,22
9051,11
9052,15
9053,4
9054,13
9055,38
9056,23
9057,11
9058,11
9059,10
9060,15
9061,19
9062,15
9063,27
9064,0
9065,10
9066,17
9067,43
9068,14
9069,37
9070,8
9071,17
9072,26
9073,17
9074,20
9075,20
9076,27
9077,27
9078,35
9079,0
9080,5
9081,21
9082,1
9083,17
9084,8
9085,13
9086,25
9087,13
9088,14
9089,32
9090,3
9091,18
9092,13
9093,16
9094,29
9095,37
9096,23
9097,13
9098,37
9099,25
9100,9
9101,18
9102,27
9103,16
9104,19
9105,26
9106,13
9107,21
9108,5
9109,62
9110,12
9111,13
9112,16
9113,2
9114,16
9115,20
9116,19
9117,0
9118,45
9119,0
9120,12
9121,14
9122,6
9123,66
9124,7
9125,20
9126,2
9127,0
9128,9
9129,0
9130,1
9131,0
9132,5
9133,9
9134,3
9135,1
9136,11
9137,0
9138,0
9139,14
9140,4
9141,0
9142,12
9143,4
9144,11
9145,9
9146,0
9147,0
9148,5
9149,5
9150,12
9151,10
9152,6
9153,12
9154,11
9155,92
9156,7
9157,17
9158,17
9159,4
9160,5
9161,11
9162,12
9163,0
9164,0
9165,0
9166,0
9167,0
9168,0
9169,147
9170,187
9171,28
9172,58
9173,26
9174,48
9175,31
9176,19
9177,32
9178,48
9179,48
9180,307
9181,22
9182,22
9183,35
9184,17
9185,26
9186,26
9187,6
9188,28
9189,151
9190,18
9191,20
9192,26
9193,16
9194,2
9195,74
9196,12
9197,33
9198,33
9199,5
9200,6
9201,11
9202,13
9203,17
9204,0
9205,17
9206,3
9207,4
9208,6
9209,13
9210,12
9211,27
9212,14
9213,9
9214,64
9215,13
9216,18
9217,4
9218,17
9219,0
9220,11
9221,14
9222,14
9223,0
9224,69
9225,0
9226,34
9227,1
9228,7
9229,12
9230,0
9231,6
9232,6
9233,14
9234,53
9235,38
9236,37
9237,3
9238,10
9239,30
9240,1
9241,0
9242,17
9243,0
9244,0
9245,0
9246,3
9247,18
9248,74
9249,14
9250,18
9251,20
9252,39
9253,20
9254,28
9255,23
9256,15
9257,16
9258,30
9259,16
9260,40
9261,12
9262,11
9263,35
9264,42
9265,18
9266,36
9267,20
9268,18
9269,27
9270,17
9271,10
9272,5
9273,61
9274,23
9275,8
9276,0
9277,0
9278,0
9279,0
9280,0
9281,0
9282,237
9283,24
9284,17
9285,19
9286,59
9287,2
9288,25
9289,25
9290,17
9291,26
9292,94
9293,17
9294,12
9295,5
9296,12
9297,20
9298,12
9299,29
9300,19
9301,18
9302,64
9303,59
9304,65
9305,8
9306,34
9307,49
9308,15
9309,77
9310,48
9311,20
9312,21
9313,18
9314,0
9315,6
9316,18
9317,25
9318,20
9319,37
9320,42
9321,28
9322,19
9323,19
9324,33
9325,52
9326,0
9327,0
9328,0
9329,21
9330,15
9331,18
9332,21
9333,7
9334,14
9335,3
9336,10
9337,9
9338,10
9339,8
9340,4
9341,9
9342,11
9343,9
9344,4
9345,12
9346,34
9347,3
9348,17
9349,0
9350,16
9351,0
9352,1
9353,17
9354,14
9355,9
9356,31
9357,26
9358,1
9359,0
9360,45
9361,45
9362,0
9363,11
9364,28
9365,6
9366,9
9367,0
9368,21
9369,12
9370,13
9371,15
9372,18
9373,0
9374,1
9375,10
9376,14
9377,18
9378,0
9379,18
9380,20
9381,7
9382,10
9383,16
9384,7
9385,6
9386,0
9387,2
9388,19
9389,0
9390,1
9391,0
9392,12
9393,10
9394,11
9395,9
9396,0
9397,15
9398,15
9399,20
9400,14
9401,18
9402,0
9403,0
9404,0
9405,36
9406,18
9407,11
9408,21
9409,0
9410,0
9411,13
9412,7
9413,0
9414,18
9415,0
9416,7
9417,0
9418,0
9419,8
9420,9
9421,0
9422,1
9423,22
9424,0
9425,3
9426,13
9427,2
9428,0
9429,9
9430,2
9431,18
9432,10
9433,9
9434,9
9435,11
9436,34
9437,2
9438,7
9439,0
9440,12
9441,13
9442,7
9443,6
9444,42
9445,187
9446,16
9447,26
9448,47
9449,58
9450,23
9451,13
9452,32
9453,26
9454,33
9455,9
9456,16
9457,41
9458,20
9459,57
9460,21
9461,62
9462,51
9463,19
9464,120
9465,28
9466,25
9467,23
9468,20
9469,18
9470,28
9471,62
9472,19
9473,17
9474,13
9475,11
9476,5
9477,19
9478,20
9479,74
9480,31
9481,119
9482,18
9483,19
9484,17
9485,13
9486,19
9487,0
9488,0
9489,0
9490,0
9491,0
9492,9
9493,0
9494,0
9495,7
9496,10
9497,45
9498,17
9499,18
9500,18
9501,20
9502,19
9503,20
9504,35
9505,28
9506,20
9507,16
9508,25
9509,12
9510,20
9511,15
9512,18
9513,13
9514,12
9515,20
9516,13
9517,29
9518,14
9519,16
9520,27
9521,2
9522,14
9523,14
9524,12
9525,14
9526,36
9527,14
9528,18
9529,19
9530,16
9531,11
9532,18
9533,80
9534,8
9535,31
9536,30
9537,18
9538,30
9539,18
9540,1
9541,30
9542,18
9543,11
9544,23
9545,5
9546,36
9547,10
9548,18
9549,6
9550,3
9551,0
9552,3
9553,2
9554,0
9555,0
9556,0
9557,0
9558,14
9559,41
9560,14
9561,51
9562,20
9563,26
9564,16
9565,29
9566,10
9567,24
9568,1
9569,29
9570,29
9571,25
9572,3
9573,50
9574,14
9575,56
9576,25
9577,14
9578,37
9579,33
9580,53
9581,24
9582,24
9583,43
9584,8
9585,20
9586,55
9587,23
9588,27
9589,3
9590,14
9591,44
9592,43
9593,11
9594,18
9595,40
9596,26
9597,38
9598,48
9599,22
9600,27
9601,22
9602,17
9603,26
9604,34
9605,83
9606,49
9607,172
9608,17
9609,7
9610,17
9611,1
9612,1
9613,0
9614,47
9615,17
9616,9
9617,20
9618,17
9619,12
9620,0
9621,13
9622,0
9623,0
9624,0
9625,9
9626,9
9627,1
9628,8
9629,0
9630,14
9631,11
9632,0
9633,12
9634,13
9635,14
9636,0
9637,12
9638,0
9639,0
9640,0
9641,0
9642,0
9643,0
9644,0
9645,0
9646,13
9647,0
9648,15
9649,11
9650,11
9651,14
9652,15
9653,7
9654,12
9655,10
9656,0
9657,14
9658,9
9659,14
9660,10
9661,11
9662,20
9663,11
9664,24
9665,31
9666,15
9667,27
9668,12
9669,23
9670,27
9671,12
9672,10
9673,15
9674,17
9675,0
9676,15
9677,16
9678,1
9679,5
9680,0
9681,1
9682,15
9683,13
9684,0
9685,12
9686,1
9687,0
9688,0
9689,6
9690,11
9691,47
9692,13
9693,6
9694,0
9695,0
9696,14
9697,14
9698,11
9699,0
9700,7
9701,14
9702,13
9703,8
9704,0
9705,0
9706,0
9707,14
9708,0
9709,0
9710,20
9711,0
9712,30
9713,5
9714,77
9715,22
9716,0
9717,104
9718,28
9719,30
9720,44
9721,18
9722,20
9723,42
9724,10
9725,0
9726,0
9727,0
9728,0
9729,0
9730,0
9731,0
9732,0
9733,0
9734,0
9735,1
9736,0
9737,0
9738,0
9739,5
9740,0
9741,1
9742,0
9743,0
9744,0
9745,0
9746,0
9747,0
9748,0
9749,0
9750,0
9751,0
9752,0
9753,0
9754,9
9755,0
9756,0
9757,0
9758,0
9759,0
9760,0
9761,2
9762,0
9763,0
9764,0
9765,0
9766,0
9767,0
9768,0
9769,0
9770,0
9771,0
9772,0
9773,0
9774,17
9775,0
9776,0
9777,0
9778,0
9779,11
9780,0
9781,0
9782,0
9783,0
9784,0
9785,0
9786,0
9787,0
9788,0
9789,15
9790,0
9791,0
9792,0
9793,0
9794,0
9795,0
9796,0
9797,0
9798,0
9799,0
9800,1
9801,0
9802,0
9803,0
9804,0
9805,0
9806,0
9807,0
9808,0
9809,0
9810,1
9811,0
9812,0
9813,0
9814,0
9815,16
9816,0
9817,0
9818,0
9819,0
9820,0
9821,0
9822,0
9823,0
9824,0
9825,0
9826,0
9827,0
9828,0
9829,0
9830,0
9831,0
9832,0
9833,0
9834,0
9835,0
9836,0
9837,0
9838,0
9839,1
9840,0
9841,0
9842,74
9843,0
9844,0
9845,60
9846,0
9847,0
9848,0
9849,0
9850,0
9851,0
9852,0
9853,0
9854,0
9855,0
9856,19
9857,0
9858,0
9859,0
9860,0
9861,0
9862,0
9863,0
9864,0
9865,0
9866,0
9867,0
9868,0
9869,0
9870,0
9871,0
9872,0
9873,0
9874,0
9875,0
9876,0
9877,0
9878,0
9879,0
9880,0
9881,0
9882,0
9883,0
9884,0
9885,1
9886,0
9887,0
9888,0
9889,0
9890,0
9891,15
9892,0
9893,0
9894,0
9895,0
9896,0
9897,0
9898,0
9899,0
9900,0
9901,0
9902,0
9903,11
9904,0
9905,0
9906,1
9907,0
9908,0
9909,0
9910,0
9911,0
9912,0
9913,0
9914,0
9915,3
9916,17
9917,0
9918,0
9919,0
9920,0
9921,1
9922,0
9923,0
9924,0
9925,0
9926,0
9927,0
9928,0
9929,0
9930,0
9931,0
9932,0
9933,0
9934,0
9935,0
9936,0
9937,0
9938,1
9939,0
9940,0
9941,0
9942,0
9943,0
9944,0
9945,0
9946,0
9947,1
9948,0
9949,0
9950,0
9951,1
9952,0
9953,6
9954,1
9955,7
9956,10
9957,0
9958,0
9959,1
9960,6
9961,0
9962,0
9963,0
9964,0
9965,0
9966,0
9967,0
9968,0
9969,11
9970,0
9971,0
9972,0
9973,0
9974,1
9975,0
9976,2
9977,28
9978,0
9979,0
9980,0
9981,5
9982,0
9983,0
9984,0
9985,0
9986,0
9987,0
9988,2
9989,0
9990,0
9991,1
9992,0
9993,0
9994,0
9995,0
9996,0
9997,0
9998,3
9999,0
10000,0
10001,0
10002,1
10003,0
10004,3
10005,0
10006,2
10007,0
10008,0
10009,0
10010,0
10011,0
10012,0
10013,0
10014,0
10015,2
10016,0
10017,8
10018,0
10019,35
10020,3
10021,2
10022,3
10023,0
10024,1
10025,0
10026,0
10027,0
10028,0
10029,0
10030,1
10031,0
10032,0
10033,0
10034,0
10035,3
10036,1
10037,0
10038,0
10039,0
10040,4
10041,0
10042,0
10043,0
10044,0
10045,1
10046,0
10047,0
10048,0
10049,0
10050,0
10051,0
10052,0
10053,0
10054,0
10055,0
10056,1
10057,4
10058,0
10059,0
10060,0
10061,0
10062,2
10063,0
10064,0
10065,0
10066,5
10067,0
10068,1
10069,0
10070,0
10071,0
10072,8
10073,0
10074,0
10075,0
10076,0
10077,0
10078,0
10079,0
10080,0
10081,1
10082,16
10083,18
10084,3
10085,30
10086,30
10087,35
10088,54
10089,13
10090,10
10091,32
10092,12
10093,9
10094,24
10095,22
10096,16
10097,18
10098,36
10099,14
10100,40
10101,30
10102,21
10103,29
10104,0
10105,0
10106,0
10107,8
10108,0
10109,0
10110,0
10111,0
10112,0
10113,3
10114,1
10115,0
10116,2
10117,0
10118,0
10119,0
10120,0
10121,0
10122,0
10123,0
10124,0
10125,0
10126,0
10127,0
10128,0
10129,0
10130,5
10131,0
10132,0
10133,0
10134,0
10135,2
10136,0
10137,0
10138,1
10139,10
10140,0
10141,0
10142,0
10143,0
10144,0
10145,0
10146,4
10147,0
10148,0
10149,20
10150,1
10151,0
10152,0
10153,0
10154,4
10155,5
10156,4
10157,0
10158,0
10159,0
10160,0
10161,2
10162,1
10163,1
10164,1
10165,1
10166,0
10167,0
10168,1
10169,1
10170,0
10171,0
10172,3
10173,1
10174,0
10175,1
10176,0
10177,0
10178,0
10179,1
10180,1
10181,0
10182,4
10183,1
10184,2
10185,1
10186,0
10187,3
10188,0
10189,1
10190,0
10191,1
10192,1
10193,0
10194,0
10195,6
10196,0
10197,0
10198,1
10199,1
10200,0
10201,0
10202,0
10203,0
10204,1
10205,1
10206,1
10207,0
10208,1
10209,1
10210,1
10211,1
10212,1
10213,1
10214,1
10215,1
10216,0
10217,0
10218,8
10219,1
10220,1
10221,0
10222,3
10223,1
10224,1
10225,1
10226,1
10227,1
10228,1
10229,0
10230,1
10231,0
10232,1
10233,1
10234,1
10235,1
10236,0
10237,2
10238,0
10239,1
10240,1
10241,1
10242,1
10243,1
10244,0
10245,1
10246,0
10247,1
10248,3
10249,1
10250,1
10251,1
10252,1
10253,2
10254,1
10255,0
10256,2
10257,1
10258,1
10259,1
10260,0
10261,0
10262,5
10263,20
10264,5
10265,0
10266,1
10267,17
10268,0
10269,0
10270,0
10271,0
10272,2
10273,0
10274,33
10275,0
10276,13
10277,2
10278,6
10279,0
10280,0
10281,0
10282,0
10283,0
10284,14
10285,0
10286,29
10287,0
10288,0
10289,1
10290,0
10291,0
10292,2
10293,0
10294,14
10295,11
10296,10
10297,0
10298,0
10299,123
10300,0
10301,2
10302,36
10303,0
10304,0
10305,2
10306,4
10307,0
10308,1
10309,21
10310,3
10311,0
10312,0
10313,48
10314,0
10315,3
10316,20
10317,0
10318,0
10319,0
10320,0
10321,0
10322,0
10323,4
10324,0
10325,0
10326,12
10327,0
10328,4
10329,8
10330,0
10331,4
10332,2
10333,7
10334,5
10335,0
10336,0
10337,0
10338,1
10339,6
10340,13
10341,10
10342,61
10343,2
10344,0
10345,1
10346,0
10347,0
10348,0
10349,0
10350,0
10351,0
10352,1
10353,0
10354,0
10355,3
10356,1
10357,9
10358,0
10359,0
10360,0
10361,0
10362,7
10363,0
10364,0
10365,0
10366,31
10367,0
10368,11
10369,3
10370,0
10371,1
10372,179
10373,11
10374,13
10375,0
10376,5
10377,1
10378,0
10379,94
10380,0
10381,0
10382,0
10383,26
10384,4
10385,0
10386,0
10387,4
10388,44
10389,0
10390,0
10391,0
10392,0
10393,2
10394,29
10395,4
10396,0
10397,46
10398,0
10399,2
10400,0
10401,0
10402,7
10403,1
10404,1
10405,0
10406,5
10407,0
10408,3
10409,0
10410,1
10411,0
10412,0
10413,3
10414,0
10415,26
10416,29
10417,3
10418,0
10419,2
10420,0
10421,3
10422,19
10423,0
10424,0
10425,33
10426,33
10427,4
10428,0
10429,31
10430,0
10431,0
10432,0
10433,6
10434,0
10435,0
10436,13
10437,0
10438,1
10439,0
10440,0
10441,0
10442,2
10443,0
10444,9
10445,1
10446,0
10447,15
10448,4
10449,0
10450,0
10451,8
10452,2
10453,0
10454,3
10455,6
10456,0
10457,0
10458,4
10459,1
10460,0
10461,26
10462,7
10463,0
10464,0
10465,0
10466,0
10467,0
10468,1
10469,91
10470,31
10471,0
10472,0
10473,2
10474,0
10475,9
10476,0
10477,0
10478,0
10479,20
10480,0
10481,12
10482,0
10483,0
10484,1
10485,0
10486,0
10487,1
10488,0
10489,0
10490,0
10491,1
10492,4
10493,0
10494,0
10495,0
10496,0
10497,0
10498,0
10499,0
10500,0
10501,0
10502,0
10503,0
10504,13
10505,0
10506,0
10507,0
10508,6
10509,0
10510,0
10511,0
10512,5
10513,0
10514,0
10515,0
10516,0
10517,4
10518,0
10519,1
10520,2
10521,0
10522,0
10523,0
10524,0
10525,0
10526,2
10527,0
10528,0
10529,1
10530,0
10531,0
10532,0
10533,0
10534,0
10535,0
10536,1
10537,0
10538,0
10539,0
10540,1
10541,0
10542,0
10543,1
10544,0
10545,5
10546,0
10547,0
10548,27
10549,1
10550,10
10551,0
10552,1
10553,0
10554,0
10555,0
10556,1
10557,0
10558,0
10559,0
10560,0
10561,0
10562,0
10563,0
10564,0
10565,16
10566,1
10567,1
10568,42
10569,13
10570,15
10571,0
10572,9
10573,0
10574,7
10575,2
10576,1
10577,7
10578,0
10579,5
10580,4
10581,0
10582,21
10583,0
10584,0
10585,1
10586,12
10587,1
10588,1
10589,3
10590,0
10591,26
10592,0
10593,0
10594,4
10595,3
10596,28
10597,6
10598,0
10599,2
10600,5
10601,3
10602,0
10603,0
10604,0
10605,0
10606,3
10607,1
10608,27
10609,10
10610,0
10611,0
10612,0
10613,54
10614,4
10615,1
10616,2
10617,0
10618,0
10619,4
10620,4
10621,11
10622,3
10623,0
10624,0
10625,3
10626,1
10627,0
10628,12
10629,2
10630,1
10631,0
10632,1
10633,1
10634,1
10635,2
10636,3
10637,4
10638,5
10639,2
10640,3
10641,0
10642,0
10643,0
10644,2
10645,9
10646,12
10647,0
10648,14
10649,0
10650,14
10651,19
10652,11
10653,0
10654,41
10655,0
10656,2
10657,6
10658,14
10659,8
10660,31
10661,31
10662,0
10663,1
10664,0
10665,15
10666,14
10667,29
10668,6
10669,26
10670,1
10671,0
10672,4
10673,31
10674,14
10675,2
10676,2
10677,10
10678,26
10679,0
10680,0
10681,0
10682,0
10683,0
10684,0
10685,0
10686,8
10687,5
10688,0
10689,0
10690,6
10691,9
10692,0
10693,0
10694,0
10695,0
10696,0
10697,3
10698,2
10699,5
10700,67
10701,1
10702,1
10703,0
10704,0
10705,0
10706,0
10707,14
10708,0
10709,1
10710,0
10711,3
10712,13
10713,0
10714,0
10715,10
10716,0
10717,0
10718,0
10719,2
10720,0
10721,0
10722,0
10723,0
10724,0
10725,0
10726,0
10727,0
10728,0
10729,0
10730,12
10731,24
10732,12
10733,0
10734,0
10735,39
10736,0
10737,5
10738,0
10739,2
10740,0
10741,21
10742,0
10743,0
10744,1
10745,1
10746,0
10747,1
10748,0
10749,0
10750,2
10751,0
10752,5
10753,11
10754,0
10755,0
10756,43
10757,13
10758,6
10759,0
10760,1
10761,11
10762,60
10763,2
10764,96
10765,1
10766,8
10767,1
10768,0
10769,0
10770,26
10771,0
10772,1
10773,1
10774,0
10775,0
10776,24
10777,15
10778,0
10779,29
10780,0
10781,10
10782,0
10783,0
10784,0
10785,6
10786,1
10787,0
10788,1
10789,2
10790,0
10791,4
10792,1
10793,9
10794,6
10795,1
10796,1
10797,1
10798,0
10799,5
10800,22
10801,49
10802,6
10803,2
10804,5
10805,0
10806,0
10807,0
10808,6
10809,5
10810,1
10811,4
10812,0
10813,0
10814,0
10815,0
10816,0
10817,0
10818,0
10819,0
10820,0
10821,0
10822,0
10823,0
10824,11
10825,0
10826,2
10827,14
10828,0
10829,0
10830,0
10831,0
10832,0
10833,0
10834,2
10835,0
10836,0
10837,0
10838,0
10839,0
10840,0
10841,0
10842,0
10843,0
10844,0
10845,1
10846,1
10847,0
10848,0
10849,2
10850,0
10851,1
10852,0
10853,1
10854,0
10855,8
10856,0
10857,0
10858,0
10859,0
10860,1
10861,1
10862,0
10863,0
10864,0
10865,0
10866,2
10867,0
10868,5
10869,1
10870,0
10871,0
10872,0
10873,1
10874,0
10875,0
10876,0
10877,18
10878,0
10879,2
10880,0
10881,0
10882,0
10883,1
10884,0
10885,0
10886,4
10887,2
10888,0
10889,1
10890,0
10891,0
10892,0
10893,0
10894,0
10895,0
10896,0
10897,3
10898,0
10899,1
10900,0
10901,9
10902,0
10903,0
10904,0
10905,0
10906,0
10907,0
10908,0
10909,0
10910,0
10911,0
10912,0
10913,0
10914,0
10915,0
10916,0
10917,0
10918,0
10919,1
10920,0
10921,0
10922,0
10923,0
10924,0
10925,0
10926,1
10927,0
10928,0
10929,0
10930,0
10931,0
10932,0
10933,0
10934,0
10935,0
10936,0
10937,0
10938,0
10939,0
10940,6
10941,0
10942,0
10943,1
10944,0
10945,0
10946,0
10947,0
10948,1
10949,0
10950,0
10951,0
10952,3
10953,0
10954,0
10955,0
10956,0
10957,0
10958,0
10959,0
10960,0
10961,0
10962,0
10963,0
10964,0
10965,0
10966,0
10967,0
10968,0
10969,0
10970,0
10971,0
10972,0
10973,0
10974,0
10975,0
10976,0
10977,0
10978,0
10979,0
10980,0
10981,0
10982,0
10983,0
10984,0
10985,0
10986,0
10987,0
10988,0
10989,0
10990,0
10991,0
10992,0
10993,0
10994,0
10995,0
10996,0
10997,0
10998,0
10999,0
11000,0
11001,1
11002,1
11003,1
11004,1
11005,1
11006,3
11007,0
11008,1
11009,18
11010,18
11011,67
11012,25
11013,10
11014,18
11015,25
11016,43
11017,20
11018,20
11019,18
11020,18
11021,13
11022,16
11023,18
11024,20
11025,22
11026,56
11027,20
11028,189
11029,177
11030,0
11031,336
11032,0
11033,0
11034,48
11035,38
11036,0
11037,191
11038,0
11039,184
11040,150
11041,0
11042,0
11043,0
11044,0
11045,0
11046,0
11047,0
11048,0
11049,0
11050,36
11051,21
11052,65
11053,8
11054,9
11055,42
11056,15
11057,16
11058,17
11059,10
11060,31
11061,42
11062,17
11063,10
11064,19
11065,17
11066,17
11067,43
11068,23
11069,25
11070,0
11071,21
11072,28
11073,7
11074,9
11075,0
11076,10
11077,7
11078,26
11079,9
11080,8
11081,11
11082,59
11083,22
11084,11
11085,24
11086,26
11087,11
11088,39
11089,18
11090,17
11091,26
11092,2
11093,28
11094,27
11095,0
11096,51
11097,12
11098,14
11099,12
11100,216
11101,29
11102,17
11103,15
11104,25
11105,6
11106,37
11107,19
11108,34
11109,30
11110,47
11111,27
11112,14
11113,13
11114,23
11115,10
11116,22
11117,163
11118,139
11119,47
11120,25
11121,0
11122,59
11123,17
11124,24
11125,14
11126,51
11127,27
11128,44
11129,75
11130,70
11131,41
11132,10
11133,37
11134,23
11135,0
11136,28
11137,28
11138,0
11139,0
11140,15
11141,16
11142,21
11143,33
11144,7
11145,47
11146,30
11147,31
11148,30
11149,66
11150,30
11151,17
11152,92
11153,0
11154,0
11155,39
11156,9
11157,5
11158,9
11159,17
11160,70
11161,149
11162,12
11163,0
11164,6
11165,0
11166,1
11167,19
11168,5
11169,41
11170,125
11171,24
11172,146
11173,26
11174,15
11175,40
11176,50
11177,5
11178,74
11179,22
11180,15
11181,14
11182,65
11183,9
11184,7
11185,39
11186,36
11187,14
11188,24
11189,20
11190,19
11191,67
11192,8
11193,159
11194,0
11195,6
11196,86
11197,33
11198,8
11199,18
11200,16
11201,13
11202,18
11203,11
11204,0
11205,20
11206,16
11207,15
11208,15
11209,4
11210,13
11211,13
11212,12
11213,13
11214,9
11215,17
11216,45
11217,16
11218,18
11219,32
11220,16
11221,13
11222,15
11223,41
11224,32
11225,16
11226,39
11227,22
11228,20
11229,49
11230,260
11231,12
11232,13
11233,11
11234,29
11235,14
11236,31
11237,15
11238,23
11239,13
11240,13
11241,0
11242,17
11243,20
11244,19
11245,0
11246,0
11247,0
11248,0
11249,0
11250,14
11251,9
11252,3
11253,5
11254,18
11255,8
11256,36
11257,29
11258,24
11259,14
11260,18
11261,21
11262,13
11263,18
11264,19
11265,18
11266,15
11267,0
11268,0
11269,11
11270,54
11271,12
11272,5
11273,78
11274,9
11275,18
11276,42
11277,0
11278,11
11279,11
11280,18
11281,9
11282,27
11283,28
11284,11
11285,5
11286,11
11287,15
11288,20
11289,16
11290,9
11291,28
11292,21
11293,15
11294,20
11295,12
11296,16
11297,30
11298,6
11299,29
11300,12
11301,11
11302,17
11303,18
11304,5
11305,40
11306,22
11307,16
11308,51
11309,12
11310,32
11311,16
11312,6
11313,9
11314,28
11315,19
11316,7
11317,14
11318,26
11319,16
11320,18
11321,13
11322,20
11323,16
11324,28
11325,20
11326,12
11327,13
11328,35
11329,27
11330,200
11331,24
11332,14
11333,27
11334,6
11335,23
11336,16
11337,19
11338,0
11339,0
11340,0
11341,0
11342,0
11343,0
11344,0
11345,58
11346,54
11347,0
11348,0
11349,0
11350,345
11351,15
11352,475
11353,185
11354,54
11355,3
11356,113
11357,48
11358,179
11359,4
11360,3
11361,0
11362,0
11363,16
11364,0
11365,89
11366,42
11367,11
11368,0
11369,0
11370,0
11371,145
11372,58
11373,0
11374,8
11375,0
11376,5
11377,51
11378,42
11379,33
11380,11
11381,46
11382,11
11383,20
11384,20
11385,52
11386,56
11387,32
11388,14
11389,5
11390,71
11391,24
11392,10
11393,15
11394,119
11395,10
11396,11
11397,64
11398,0
11399,20
11400,26
11401,22
11402,142
11403,0
11404,5
11405,12
11406,18
11407,18
11408,0
11409,21
11410,30
11411,14
11412,16
11413,54
11414,54
11415,20
11416,20
11417,34
11418,20
11419,0
11420,22
11421,72
11422,43
11423,76
11424,57
11425,20
11426,41
11427,5
11428,29
11429,29
11430,19
11431,15
11432,0
11433,133
11434,0
11435,19
11436,0
11437,0
11438,0
11439,0
11440,0
11441,0
11442,82
11443,96
11444,0
11445,0
11446,17
11447,13
11448,17
11449,12
11450,9
11451,15
11452,19
11453,50
11454,23
11455,44
11456,38
11457,12
11458,10
11459,13
11460,38
11461,19
11462,13
11463,25
11464,52
11465,10
11466,32
11467,23
11468,30
11469,13
11470,13
11471,79
11472,15
11473,41
11474,16
11475,15
11476,51
11477,29
11478,32
11479,17
11480,6
11481,4
11482,0
11483,10
11484,16
11485,17
11486,17
11487,15
11488,95
11489,0
11490,38
11491,106
11492,13
11493,28
11494,12
11495,12
11496,12
11497,11
11498,16
11499,14
11500,50
11501,10
11502,96
11503,15
11504,16
11505,14
11506,23
11507,26
11508,9
11509,10
11510,16
11511,18
11512,16
11513,38
11514,12
11515,9
11516,16
11517,47
11518,12
11519,29
11520,8
11521,23
11522,13
11523,17
11524,11
11525,25
11526,27
11527,14
11528,20
11529,5
11530,15
11531,7
11532,16
11533,14
11534,14
11535,13
11536,12
11537,25
11538,14
11539,6
11540,0
11541,86
11542,39
11543,11
11544,11
11545,26
11546,23
11547,16
11548,34
11549,18
11550,10
11551,28
11552,27
11553,15
11554,22
11555,29
11556,42
11557,19
11558,24
11559,26
11560,17
11561,26
11562,99
11563,90
11564,17
11565,25
11566,30
11567,29
11568,19
11569,130
11570,13
11571,17
11572,20
11573,13
11574,16
11575,36
11576,0
11577,1
11578,7
11579,0
11580,0
11581,9
11582,169
11583,94
11584,309
11585,18
11586,18
11587,3
11588,36
11589,72
11590,36
11591,13
11592,104
11593,142
11594,22
11595,19
11596,184
11597,199
11598,20
11599,140
11600,360
11601,14
11602,35
11603,28
11604,25
11605,20
11606,74
11607,31
11608,32
11609,88
11610,322
11611,335
11612,76
11613,23
11614,38
11615,33
11616,26
11617,26
11618,40
11619,53
11620,23
11621,40
11622,67
11623,30
11624,40
11625,36
11626,50
11627,10
11628,46
11629,0
11630,82
11631,102
11632,40
11633,40
11634,0
11635,96
11636,66
11637,35
11638,20
11639,0
11640,17
11641,22
11642,35
11643,69
11644,20
11645,31
11646,28
11647,42
11648,51
11649,32
11650,47
11651,0
11652,32
11653,32
11654,18
11655,8
11656,34
11657,23
11658,0
11659,17
11660,14
11661,3
11662,15
11663,27
11664,15
11665,14
11666,13
11667,34
11668,65
11669,28
11670,3
11671,35
11672,16
11673,21
11674,23
11675,17
11676,18
11677,4
11678,31
11679,25
11680,0
11681,17
11682,13
11683,98
11684,93
11685,12
11686,16
11687,22
11688,16
11689,14
11690,57
11691,10
11692,23
11693,23
11694,10
11695,18
11696,4
11697,19
11698,2
11699,23
11700,14
11701,87
11702,46
11703,64
11704,24
11705,29
11706,57
11707,10
11708,14
11709,14
11710,24
11711,35
11712,75
11713,18
11714,24
11715,69
11716,21
11717,7
11718,155
11719,11
11720,56
11721,42
11722,22
11723,27
11724,94
11725,6
11726,67
11727,33
11728,62
11729,36
11730,45
11731,6
11732,59
11733,9
11734,0
11735,48
11736,23
11737,32
11738,25
11739,12
11740,17
11741,39
11742,51
11743,41
11744,32
11745,0
11746,29
11747,23
11748,16
11749,19
11750,14
11751,23
11752,15
11753,24
11754,12
11755,127
11756,28
11757,6
11758,6
11759,0
11760,12
11761,23
11762,18
11763,16
11764,20
11765,56
11766,10
11767,16
11768,17
11769,29
11770,15
11771,0
11772,49
11773,23
11774,11
11775,8
11776,16
11777,22
11778,30
11779,0
11780,14
11781,13
11782,26
11783,13
11784,60
11785,62
11786,18
11787,35
11788,6
11789,16
11790,26
11791,24
11792,16
11793,104
11794,27
11795,22
11796,31
11797,20
11798,32
11799,20
11800,57
11801,6
11802,18
11803,26
11804,0
11805,12
11806,39
11807,64
11808,53
11809,24
11810,27
11811,20
11812,16
11813,8
11814,24
11815,29
11816,12
11817,22
11818,107
11819,9
11820,43
11821,14
11822,14
11823,14
11824,8
11825,96
11826,12
11827,10
11828,42
11829,35
11830,31
11831,136
11832,20
11833,39
11834,9
11835,2
11836,23
11837,98
11838,14
11839,0
11840,36
11841,11
11842,14
11843,12
11844,16
11845,102
11846,22
11847,1
11848,15
11849,0
11850,13
11851,16
11852,94
11853,9
11854,8
11855,21
11856,70
11857,10
11858,13
11859,24
11860,31
11861,0
11862,28
11863,26
11864,19
11865,19
11866,20
11867,8
11868,29
11869,36
11870,19
11871,22
11872,29
11873,0
11874,0
11875,1
11876,4
11877,9
11878,10
11879,0
11880,0
11881,0
11882,0
11883,0
11884,0
11885,0
11886,0
11887,0
11888,0
11889,0
11890,6
11891,0
11892,0
11893,26
11894,67
11895,14
11896,16
11897,39
11898,18
11899,24
11900,23
11901,26
11902,32
11903,23
11904,32
11905,55
11906,19
11907,23
11908,26
11909,19
11910,19
11911,25
11912,40
11913,87
11914,26
11915,6
11916,18
11917,10
11918,0
11919,0
11920,2
11921,3
11922,0
11923,5
11924,18
11925,3
11926,0
11927,37
11928,57
11929,16
11930,0
11931,2
11932,34
11933,121
11934,6
11935,16
11936,1
11937,26
11938,9
11939,13
11940,0
11941,35
11942,6
11943,36
11944,42
11945,12
11946,6
11947,9
11948,0
11949,22
11950,13
11951,10
11952,7
11953,20
11954,4
11955,10
11956,9
11957,0
11958,3
11959,9
11960,22
11961,8
11962,56
11963,0
11964,10
11965,0
11966,12
11967,7
11968,8
11969,108
11970,1
11971,0
11972,8
11973,17
11974,0
11975,8
11976,33
11977,15
11978,13
11979,16
11980,11
11981,50
11982,0
11983,6
11984,23
11985,58
11986,20
11987,5
11988,10
11989,16
11990,53
11991,11
11992,34
11993,8
11994,8
11995,183
11996,61
11997,0
11998,23
11999,21
12000,8
12001,0
12002,2
12003,121
12004,16
12005,0
12006,28
12007,18
12008,10
12009,0
12010,9
12011,14
12012,11
12013,23
12014,1
12015,35
12016,11
12017,40
12018,116
12019,43
12020,25
12021,9
12022,31
12023,8
12024,11
12025,26
12026,65
12027,40
12028,12
12029,16
12030,5
12031,15
12032,45
12033,11
12034,17
12035,26
12036,17
12037,16
12038,79
12039,10
12040,16
12041,11
12042,50
12043,13
12044,47
12045,15
12046,5
12047,11
12048,42
12049,324
12050,0
12051,15
12052,14
12053,8
12054,0
12055,40
12056,0
12057,0
12058,251
12059,0
12060,34
12061,16
12062,9
12063,73
12064,353
12065,10
12066,20
12067,85
12068,30
12069,139
12070,33
12071,22
12072,54
12073,33
12074,0
12075,54
12076,19
12077,82
12078,35
12079,0
12080,24
12081,0
12082,0
12083,0
12084,0
12085,0
12086,0
12087,6
12088,0
12089,235
12090,3
12091,9
12092,252
12093,1
12094,0
12095,0
12096,0
12097,67
12098,0
12099,0
12100,16
12101,26
12102,25
12103,10
12104,22
12105,25
12106,14
12107,13
12108,23
12109,21
12110,21
12111,13
12112,19
12113,15
12114,15
12115,27
12116,4
12117,14
12118,26
12119,26
12120,35
12121,42
12122,31
12123,31
12124,20
12125,37
12126,27
12127,28
12128,27
12129,3
12130,29
12131,28
12132,18
12133,0
12134,1
12135,1
12136,0
12137,0
12138,74
12139,0
12140,0
12141,16
12142,23
12143,28
12144,57
12145,35
12146,22
12147,51
12148,9
12149,19
12150,46
12151,51
12152,29
12153,23
12154,21
12155,17
12156,0
12157,0
12158,0
12159,0
12160,0
12161,0
12162,0
12163,7
12164,12
12165,77
12166,0
12167,583
12168,0
12169,0
12170,0
12171,31
12172,9
12173,0
12174,0
12175,304
12176,0
12177,166
12178,0
12179,3
12180,0
12181,0
12182,8
12183,0
12184,52
12185,5
12186,0
12187,15
12188,0
12189,17
12190,14
12191,0
12192,13
12193,0
12194,1
12195,12
12196,12
12197,15
12198,0
12199,16
12200,20
12201,16
12202,20
12203,6
12204,44
12205,18
12206,86
12207,12
12208,24
12209,54
12210,36
12211,41
12212,73
12213,35
12214,19
12215,14
12216,39
12217,28
12218,31
12219,19
12220,17
12221,22
12222,171
12223,0
12224,0
12225,11
12226,77
12227,47
12228,5
12229,45
12230,27
12231,59
12232,73
12233,59
12234,53
12235,83
12236,53
12237,39
12238,16
12239,37
12240,15
12241,481
12242,0
12243,24
12244,20
12245,6
12246,10
12247,42
12248,25
12249,62
12250,51
12251,5
12252,47
12253,17
12254,38
12255,0
12256,8
12257,24
12258,34
12259,68
12260,19
12261,3
12262,32
12263,57
12264,39
12265,20
12266,21
12267,28
12268,100
12269,24
12270,15
12271,39
12272,66
12273,2
12274,17
12275,26
12276,16
12277,6
12278,22
12279,37
12280,18
12281,77
12282,9
12283,9
12284,1
12285,23
12286,36
12287,66
12288,297
12289,23
12290,32
12291,13
12292,29
12293,133
12294,25
12295,39
12296,21
12297,21
12298,17
12299,12
12300,20
12301,30
12302,30
12303,15
12304,24
12305,15
12306,11
12307,21
12308,14
12309,0
12310,11
12311,15
12312,30
12313,14
12314,11
12315,32
12316,25
12317,23
12318,31
12319,7
12320,29
12321,64
12322,9
12323,10
12324,1
12325,27
12326,0
12327,19
12328,9
12329,8
12330,23
12331,454
12332,9
12333,10
12334,8
12335,0
12336,252
12337,67
12338,18
12339,117
12340,0
12341,3
12342,0
12343,15
12344,16
12345,35
12346,18
12347,26
12348,53
12349,41
12350,0
12351,42
12352,35
12353,26
12354,44
12355,10
12356,2
12357,18
12358,30
12359,10
12360,37
12361,2
12362,1
12363,20
12364,11
12365,39
12366,39
12367,15
12368,24
12369,64
12370,14
12371,22
12372,24
12373,15
12374,30
12375,15
12376,7
12377,7
12378,11
12379,0
12380,0
12381,0
12382,24
12383,25
12384,17
12385,41
12386,38
12387,43
12388,64
12389,30
12390,10
12391,8
12392,24
12393,18
12394,14
12395,15
12396,8
12397,21
12398,13
12399,11
12400,20
12401,40
12402,14
12403,0
12404,28
12405,0
12406,14
12407,15
12408,55
12409,28
12410,12
12411,0
12412,14
12413,11
12414,39
12415,14
12416,12
12417,20
12418,11
12419,54
12420,10
12421,16
12422,8
12423,12
12424,8
12425,14
12426,12
12427,40
12428,8
12429,6
12430,26
12431,35
12432,277
12433,0
12434,0
12435,0
12436,0
12437,0
12438,26
12439,22
12440,0
12441,0
12442,0
12443,36
12444,1
12445,0
12446,2
12447,0
12448,501
12449,38
12450,0
12451,18
12452,0
12453,73
12454,14
12455,0
12456,56
12457,11
12458,34
12459,159
12460,178
12461,1
12462,32
12463,20
12464,29
12465,9
12466,10
12467,3
12468,10
12469,11
12470,11
12471,12
12472,70
12473,4
12474,12
12475,102
12476,73
12477,119
12478,29
12479,12
12480,17
12481,68
12482,67
12483,116
12484,13
12485,0
12486,11
12487,12
12488,13
12489,3
12490,161
12491,19
12492,13
12493,38
12494,52
12495,12
12496,4
12497,23
12498,12
12499,20
12500,10
12501,4
12502,97
12503,65
12504,72
12505,18
12506,98
12507,45
12508,3
12509,74
12510,51
12511,0
12512,0
12513,0
12514,104
12515,62
12516,67
12517,0
12518,0
12519,0
12520,16
12521,78
12522,0
12523,0
12524,0
12525,19
12526,60
12527,0
12528,0
12529,0
12530,0
12531,0
12532,0
12533,11
12534,69
12535,0
12536,0
12537,0
12538,0
12539,2
12540,0
12541,0
12542,0
12543,0
12544,0
12545,40
12546,7
12547,67
12548,5
12549,30
12550,10
12551,11
12552,99
12553,0
12554,58
12555,0
12556,64
12557,0
12558,31
12559,0
12560,190
12561,3
12562,0
12563,0
12564,8
12565,7
12566,22
12567,7
12568,8
12569,7
12570,22
12571,47
12572,21
12573,6
12574,13
12575,10
12576,8
12577,10
12578,16
12579,4
12580,16
12581,26
12582,5
12583,19
12584,10
12585,19
12586,10
12587,30
12588,8
12589,8
12590,14
12591,21
12592,107
12593,8
12594,9
12595,9
12596,11
12597,19
12598,10
12599,19
12600,29
12601,7
12602,2
12603,32
12604,40
12605,56
12606,11
12607,8
12608,5
12609,0
12610,5
12611,7
12612,2
12613,44
12614,16
12615,56
12616,7
12617,2
12618,67
12619,32
12620,19
12621,9
12622,37
12623,22
12624,14
12625,10
12626,16
12627,26
12628,26
12629,26
12630,26
12631,8
12632,37
12633,16
12634,7
12635,12
12636,33
12637,22
12638,23
12639,21
12640,14
12641,98
12642,33
12643,0
12644,20
12645,11
12646,19
12647,40
12648,10
12649,54
12650,26
12651,48
12652,26
12653,12
12654,0
12655,25
12656,22
12657,12
12658,68
12659,14
12660,90
12661,16
12662,11
12663,3
12664,10
12665,11
12666,6
12667,10
12668,22
12669,53
12670,11
12671,11
12672,9
12673,33
12674,61
12675,25
12676,8
12677,10
12678,18
12679,3
12680,14
12681,32
12682,1
12683,23
12684,17
12685,20
12686,18
12687,69
12688,20
12689,34
12690,32
12691,6
12692,29
12693,18
12694,31
12695,83
12696,0
12697,30
12698,10
12699,26
12700,18
12701,11
12702,15
12703,10
12704,33
12705,13
12706,41
12707,475
12708,32
12709,30
12710,18
12711,35
12712,31
12713,0
12714,0
12715,0
12716,0
12717,0
12718,0
12719,0
12720,0
12721,0
12722,127
12723,0
12724,0
12725,24
12726,0
12727,13
12728,0
12729,192
12730,98
12731,0
12732,0
12733,204
12734,55
12735,0
12736,0
12737,21
12738,0
12739,6
12740,32
12741,2
12742,68
12743,22
12744,33
12745,87
12746,14
12747,14
12748,59
12749,21
12750,24
12751,37
12752,34
12753,8
12754,34
12755,54
12756,24
12757,20
12758,20
12759,10
12760,0
12761,76
12762,44
12763,28
12764,15
12765,56
12766,14
12767,15
12768,0
12769,10
12770,14
12771,11
12772,35
12773,15
12774,101
12775,23
12776,21
12777,6
12778,6
12779,15
12780,0
12781,16
12782,47
12783,22
12784,39
12785,36
12786,16
12787,32
12788,15
12789,8
12790,0
12791,0
12792,0
12793,0
12794,0
12795,0
12796,3
12797,0
12798,0
12799,16
12800,29
12801,0
12802,0
12803,22
12804,16
12805,3
12806,4
12807,8
12808,16
12809,132
12810,15
12811,6
12812,0
12813,0
12814,0
12815,0
12816,12
12817,22
12818,22
12819,22
12820,22
12821,26
12822,18
12823,50
12824,22
12825,33
12826,56
12827,34
12828,36
12829,34
12830,30
12831,18
12832,62
12833,24
12834,24
12835,22
12836,27
12837,10
12838,29
12839,29
12840,29
12841,32
12842,74
12843,58
12844,206
12845,28
12846,24
12847,16
12848,4
12849,15
12850,30
12851,18
12852,70
12853,22
12854,36
12855,2
12856,0
12857,28
12858,0
12859,17
12860,6
12861,62
12862,33
12863,20
12864,6
12865,0
12866,33
12867,16
12868,9
12869,28
12870,56
12871,49
12872,14
12873,39
12874,0
12875,22
12876,0
12877,28
12878,23
12879,5
12880,30
12881,23
12882,0
12883,0
12884,0
12885,0
12886,0
12887,0
12888,1
12889,1
12890,51
12891,14
12892,367
12893,18
12894,27
12895,13
12896,25
12897,1
12898,2
12899,11
12900,27
12901,20
12902,0
12903,22
12904,20
12905,11
12906,12
12907,14
12908,39
12909,9
12910,22
12911,22
12912,20
12913,27
12914,37
12915,33
12916,1
12917,15
12918,25
12919,0
12920,374
12921,7
12922,0
12923,0
12924,0
12925,363
12926,9
12927,24
12928,15
12929,20
12930,28
12931,35
12932,14
12933,13
12934,19
12935,86
12936,19
12937,12
12938,216
12939,2
12940,8
12941,13
12942,13
12943,21
12944,115
12945,453
12946,16
12947,988
12948,154
12949,22
12950,32
12951,287
12952,13
12953,26
12954,94
12955,41
12956,9
12957,26
12958,15
12959,13
12960,50
12961,14
12962,7
12963,38
12964,0
12965,223
12966,24
12967,15
12968,9
12969,32
12970,8
12971,269
12972,122
12973,29
12974,21
12975,21
12976,16
12977,16
12978,15
12979,9
12980,7
12981,29
12982,23
12983,27
12984,8
12985,46
12986,18
12987,19
12988,8
12989,26
12990,13
12991,35
12992,26
12993,8
12994,8
12995,1
12996,31
12997,15
12998,11
12999,14
13000,8
13001,8
13002,17
13003,20
13004,11
13005,11
13006,42
13007,22
13008,0
13009,0
13010,29
13011,32
13012,15
13013,9
13014,2
13015,5
13016,21
13017,17
13018,0
13019,17
13020,31
13021,13
13022,17
13023,17
13024,19
13025,9
13026,0
13027,2
13028,4
13029,6
13030,10
13031,47
13032,3
13033,5
13034,8
13035,6
13036,14
13037,4
13038,29
13039,10
13040,0
13041,0
13042,12
13043,59
13044,49
13045,6
13046,10
13047,55
13048,10
13049,11
13050,13
13051,55
13052,22
13053,16
13054,20
13055,21
13056,2
13057,36
13058,10
13059,34
13060,32
13061,1
13062,14
13063,2
13064,17
13065,3
13066,2
13067,9
13068,2
13069,15
13070,18
13071,0
13072,23
13073,21
13074,11
13075,121
13076,22
13077,26
13078,27
13079,22
13080,16
13081,51
13082,22
13083,16
13084,0
13085,6
13086,7
13087,19
13088,19
13089,11
13090,0
13091,18
13092,7
13093,50
13094,63
13095,21
13096,27
13097,17
13098,26
13099,30
13100,2
13101,19
13102,26
13103,10
13104,19
13105,14
13106,9
13107,26
13108,20
13109,23
13110,4
13111,18
13112,0
13113,37
13114,1
13115,11
13116,12
13117,16
13118,79
13119,14
13120,0
13121,37
13122,16
13123,22
13124,2
13125,1
13126,6
13127,6
13128,10
13129,88
13130,6
13131,6
13132,37
13133,79
13134,110
13135,81
13136,7
13137,4
13138,13
13139,12
13140,32
13141,20
13142,15
13143,9
13144,14
13145,14
13146,90
13147,6
13148,18
13149,52
13150,11
13151,12
13152,246
13153,24
13154,15
13155,11
13156,6
13157,41
13158,33
13159,9
13160,2
13161,8
13162,19
13163,7
13164,18
13165,17
13166,0
13167,0
13168,739
13169,845
13170,0
13171,26
13172,26
13173,24
13174,24
13175,0
13176,1
13177,152
13178,26
13179,33
13180,42
13181,13
13182,26
13183,26
13184,24
13185,0
13186,18
13187,227
13188,21
13189,26
13190,3
13191,40
13192,15
13193,27
13194,36
13195,21
13196,10
13197,11
13198,6
13199,21
13200,8
13201,16
13202,4
13203,8
13204,13
13205,14
13206,13
13207,29
13208,27
13209,6
13210,11
13211,18
13212,1
13213,0
13214,0
13215,170
13216,360
13217,0
13218,106
13219,17
13220,23
13221,36
13222,36
13223,20
13224,34
13225,14
13226,30
13227,12
13228,30
13229,14
13230,14
13231,44
13232,40
13233,15
13234,31
13235,64
13236,34
13237,34
13238,53
13239,18
13240,27
13241,40
13242,17
13243,48
13244,13
13245,25
13246,11
13247,21
13248,17
13249,5
13250,2
13251,0
13252,6
13253,10
13254,18
13255,10
13256,12
13257,194
13258,10
13259,17
13260,0
13261,17
13262,150
13263,15
13264,18
13265,29
13266,18
13267,32
13268,24
13269,18
13270,14
13271,33
13272,0
13273,18
13274,23
13275,28
13276,35
13277,31
13278,13
13279,27
13280,16
13281,40
13282,239
13283,49
13284,23
13285,123
13286,18
13287,39
13288,22
13289,39
13290,31
13291,0
13292,53
13293,18
13294,13
13295,12
13296,43
13297,0
13298,19
13299,175
13300,0
13301,14
13302,2
13303,7
13304,121
13305,82
13306,34
13307,40
13308,18
13309,79
13310,42
13311,25
13312,45
13313,14
13314,45
13315,37
13316,12
13317,54
13318,46
13319,24
13320,24
13321,45
13322,39
13323,18
13324,34
13325,10
13326,10
13327,18
13328,19
13329,18
13330,40
13331,34
13332,24
13333,20
13334,23
13335,21
13336,14
13337,2
13338,19
13339,20
13340,31
13341,32
13342,0
13343,46
13344,40
13345,35
13346,41
13347,5
13348,5
13349,1
13350,22
13351,0
13352,30
13353,0
13354,24
13355,1
13356,21
13357,25
13358,25
13359,33
13360,77
13361,25
13362,59
13363,0
13364,21
13365,25
13366,27
13367,38
13368,0
13369,76
13370,15
13371,21
13372,376
13373,25
13374,6
13375,2
13376,12
13377,27
13378,33
13379,6
13380,29
13381,1
13382,0
13383,19
13384,15
13385,15
13386,0
13387,11
13388,27
13389,0
13390,23
13391,0
13392,0
13393,0
13394,53
13395,41
13396,127
13397,16
13398,0
13399,6
13400,16
13401,16
13402,16
13403,26
13404,16
13405,26
13406,14
13407,30
13408,18
13409,22
13410,3
13411,19
13412,51
13413,84
13414,43
13415,29
13416,27
13417,13
13418,14
13419,27
13420,0
13421,3
13422,0
13423,0
13424,0
13425,0
13426,0
13427,174
13428,38
13429,0
13430,0
13431,10
13432,38
13433,26
13434,13
13435,10
13436,26
13437,18
13438,0
13439,23
13440,38
13441,14
13442,12
13443,164
13444,111
13445,0
13446,53
13447,16
13448,22
13449,60
13450,24
13451,0
13452,0
13453,0
13454,0
13455,16
13456,32
13457,4
13458,0
13459,0
13460,40
13461,13
13462,31
13463,0
13464,0
13465,30
13466,2
13467,31
13468,0
13469,0
13470,0
13471,31
13472,0
13473,124
13474,31
13475,0
13476,31
13477,16
13478,20
13479,55
13480,70
13481,335
13482,36
13483,29
13484,22
13485,6
13486,18
13487,1
13488,40
13489,6
13490,16
13491,0
13492,28
13493,24
13494,4
13495,97
13496,60
13497,28
13498,24
13499,31
13500,1
13501,41
13502,21
13503,17
13504,127
13505,31
13506,25
13507,22
13508,15
13509,1
13510,87
13511,27
13512,58
13513,2
13514,14
13515,97
13516,16
13517,22
13518,50
13519,42
13520,34
13521,13
13522,0
13523,11
13524,0
13525,1
13526,22
13527,40
13528,3
13529,23
13530,7
13531,0
13532,0
13533,31
13534,0
13535,0
13536,0
13537,0
13538,0
13539,0
13540,39
13541,301
13542,27
13543,0
13544,133
13545,251
13546,26
13547,26
13548,33
13549,25
13550,24
13551,22
13552,65
13553,18
13554,23
13555,157
13556,26
13557,31
13558,29
13559,31
13560,29
13561,29
13562,9
13563,22
13564,29
13565,23
13566,20
13567,47
13568,12
13569,14
13570,19
13571,20
13572,21
13573,16
13574,23
13575,24
13576,21
13577,80
13578,43
13579,19
13580,23
13581,68
13582,21
13583,24
13584,16
13585,23
13586,67
13587,18
13588,19
13589,28
13590,133
13591,30
13592,25
13593,19
13594,29
13595,19
13596,33
13597,25
13598,65
13599,30
13600,30
13601,27
13602,54
13603,14
13604,30
13605,20
13606,20
13607,20
13608,19
13609,30
13610,26
13611,20
13612,20
13613,16
13614,314
13615,26
13616,20
13617,52
13618,28
13619,34
13620,20
13621,20
13622,20
13623,12
13624,20
13625,20
13626,20
13627,20
13628,10
13629,10
13630,14
13631,9
13632,14
13633,6
13634,10
13635,12
13636,10
13637,14
13638,5
13639,10
13640,10
13641,29
13642,16
13643,12
13644,10
13645,10
13646,10
13647,16
13648,10
13649,8
13650,10
13651,16
13652,10
13653,21
13654,7
13655,10
13656,20
13657,18
13658,13
13659,107
13660,17
13661,17
13662,15
13663,0
13664,31
13665,20
13666,34
13667,35
13668,28
13669,25
13670,18
13671,32
13672,111
13673,29
13674,18
13675,16
13676,17
13677,2
13678,6
13679,275
13680,28
13681,0
13682,0
13683,4
13684,58
13685,27
13686,39
13687,8
13688,26
13689,0
13690,10
13691,9
13692,11
13693,29
13694,10
13695,12
13696,16
13697,14
13698,19
13699,6
13700,1
13701,21
13702,16
13703,26
13704,13
13705,28
13706,20
13707,11
13708,13
13709,19
13710,21
13711,12
13712,16
13713,29
13714,6
13715,17
13716,6
13717,18
13718,26
13719,40
13720,20
13721,42
13722,0
13723,21
13724,11
13725,19
13726,231
13727,20
13728,20
13729,20
13730,15
13731,22
13732,21
13733,20
13734,122
13735,20
13736,20
13737,19
13738,20
13739,37
13740,20
13741,20
13742,20
13743,15
13744,20
13745,20
13746,20
13747,35
13748,93
13749,20
13750,20
13751,20
13752,8
13753,20
13754,20
13755,20
13756,20
13757,24
13758,21
13759,14
13760,15
13761,27
13762,15
13763,15
13764,11
13765,0
13766,26
13767,57
13768,0
13769,7
13770,15
13771,7
13772,90
13773,39
13774,7
13775,0
13776,39
13777,13
13778,39
13779,4
13780,5
13781,14
13782,17
13783,12
13784,34
13785,15
13786,18
13787,30
13788,15
13789,15
13790,17
13791,91
13792,14
13793,23
13794,62
13795,0
13796,0
13797,26
13798,24
13799,28
13800,26
13801,16
13802,13
13803,27
13804,6
13805,27
13806,391
13807,105
13808,135
13809,0
13810,19
13811,19
13812,19
13813,19
13814,71
13815,22
13816,19
13817,19
13818,16
13819,17
13820,19
13821,20
13822,15
13823,19
13824,19
13825,20
13826,19
13827,31
13828,19
13829,19
13830,15
13831,21
13832,33
13833,21
13834,17
13835,19
13836,19
13837,16
13838,30
13839,19
13840,16
13841,15
13842,17
13843,16
13844,17
13845,20
13846,13
13847,17
13848,25
13849,6
13850,15
13851,15
13852,19
13853,14
13854,15
13855,13
13856,12
13857,11
13858,22
13859,21
13860,19
13861,21
13862,16
13863,18
13864,12
13865,13
13866,15
13867,14
13868,8
13869,10
13870,3
13871,8
13872,13
13873,4
13874,13
13875,6
13876,15
13877,7
13878,1
13879,9
13880,4
13881,8
13882,6
13883,4
13884,6
13885,8
13886,13
13887,4
13888,9
13889,5
13890,15
13891,15
13892,15
13893,10
13894,6
13895,15
13896,6
13897,7
13898,5
13899,8
13900,40
13901,15
13902,9
13903,21
13904,55
13905,18
13906,5
13907,2
13908,0
13909,8
13910,4
13911,32
13912,7
13913,8
13914,21
13915,4
13916,8
13917,15
13918,6
13919,20
13920,25
13921,24
13922,24
13923,10
13924,23
13925,23
13926,0
13927,21
13928,22
13929,22
13930,14
13931,21
13932,36
13933,49
13934,10
13935,4
13936,9
13937,9
13938,10
13939,41
13940,1
13941,10
13942,15
13943,9
13944,11
13945,9
13946,7
13947,31
13948,5
13949,53
13950,3
13951,19
13952,1
13953,8
13954,53
13955,7
13956,64
13957,8
13958,9
13959,7
13960,38
13961,22
13962,18
13963,27
13964,13
13965,15
13966,14
13967,9
13968,2
13969,5
13970,13
13971,10
13972,58
13973,16
13974,15
13975,29
13976,4
13977,6
13978,0
13979,16
13980,24
13981,7
13982,13
13983,28
13984,17
13985,23
13986,20
13987,4
13988,30
13989,15
13990,16
13991,22
13992,19
13993,18
13994,43
13995,18
13996,31
13997,19
13998,39
13999,18
14000,20
14001,181
14002,19
14003,38
14004,18
14005,17
14006,24
14007,19
14008,23
14009,10
14010,21
14011,18
14012,36
14013,14
14014,21
14015,8
14016,10
14017,14
14018,10
14019,6
14020,45
14021,8
14022,24
14023,17
14024,23
14025,6
14026,29
14027,20
14028,21
14029,92
14030,13
14031,24
14032,0
14033,21
14034,10
14035,37
14036,25
14037,23
14038,28
14039,34
14040,266
14041,1
14042,0
14043,1
14044,1
14045,28
14046,0
14047,0
14048,1
14049,0
14050,259
14051,11
14052,6
14053,13
14054,16
14055,21
14056,5
14057,10
14058,4
14059,28
14060,0
14061,31
14062,16
14063,22
14064,23
14065,25
14066,17
14067,26
14068,8
14069,8
14070,13
14071,12
14072,0
14073,48
14074,14
14075,15
14076,20
14077,11
14078,244
14079,39
14080,47
14081,21
14082,19
14083,138
14084,10
14085,100
14086,20
14087,20
14088,19
14089,19
14090,23
14091,24
14092,8
14093,27
14094,6
14095,22
14096,18
14097,27
14098,16
14099,23
14100,12
14101,9
14102,12
14103,15
14104,19
14105,29
14106,13
14107,20
14108,19
14109,18
14110,25
14111,110
14112,28
14113,14
14114,10
14115,34
14116,12
14117,16
14118,16
14119,17
14120,16
14121,20
14122,11
14123,13
14124,14
14125,14
14126,17
14127,15
14128,21
14129,23
14130,21
14131,13
14132,13
14133,30
14134,19
14135,15
14136,16
14137,26
14138,1
14139,15
14140,0
14141,0
14142,4
14143,1
14144,0
14145,1
14146,8
14147,2
14148,0
14149,2
14150,0
14151,4
14152,0
14153,4
14154,3
14155,3
14156,7
14157,3
14158,0
14159,0
14160,3
14161,0
14162,0
14163,0
14164,5
14165,15
14166,2
14167,3
14168,3
14169,1
14170,9
14171,1
14172,3
14173,3
14174,1
14175,1
14176,10
14177,1
14178,16
14179,0
14180,0
14181,0
14182,0
14183,0
14184,0
14185,0
14186,0
14187,22
14188,63
14189,0
14190,0
14191,0
14192,0
14193,1
14194,0
14195,0
14196,0
14197,526
14198,24
14199,14
14200,31
14201,116
14202,0
14203,56
14204,8
14205,22
14206,4
14207,10
14208,5
14209,0
14210,5
14211,4
14212,45
14213,0
14214,0
14215,0
14216,0
14217,32
14218,29
14219,11
14220,11
14221,12
14222,4
14223,24
14224,49
14225,10
14226,28
14227,15
14228,32
14229,17
14230,3
14231,38
14232,0
14233,25
14234,63
14235,87
14236,22
14237,1
14238,0
14239,0
14240,0
14241,0
14242,0
14243,0
14244,0
14245,0
14246,0
14247,0
14248,0
14249,0
14250,0
14251,0
14252,0
14253,0
14254,0
14255,6
14256,0
14257,0
14258,0
14259,0
14260,2
14261,3
14262,0
14263,3
14264,0
14265,0
14266,0
14267,0
14268,0
14269,0
14270,0
14271,0
14272,0
14273,22
14274,9
14275,11
14276,0
14277,73
14278,151
14279,22
14280,5
14281,4
14282,0
14283,307
14284,0
14285,4
14286,10
14287,0
14288,6
14289,2
14290,0
14291,0
14292,0
14293,0
14294,0
14295,4
14296,0
14297,2
14298,16
14299,141
14300,3
14301,10
14302,42
14303,11
14304,6
14305,11
14306,0
14307,0
14308,3
14309,0
14310,0
14311,3
14312,5
14313,18
14314,10
14315,8
14316,12
14317,26
14318,8
14319,72
14320,24
14321,0
14322,18
14323,18
14324,38
14325,0
14326,12
14327,16
14328,0
14329,0
14330,0
14331,0
14332,0
14333,0
14334,0
14335,0
14336,0
14337,0
14338,0
14339,0
14340,0
14341,0
14342,2
14343,1
14344,0
14345,5
14346,6
14347,3
14348,11
14349,5
14350,14
14351,5
14352,21
14353,16
14354,16
14355,9
14356,17
14357,28
14358,9
14359,8
14360,7
14361,11
14362,16
14363,7
14364,11
14365,0
14366,11
14367,8
14368,4
14369,4
14370,14
14371,134
14372,17
14373,1
14374,4
14375,4
14376,22
14377,2
14378,3
14379,2
14380,2
14381,6
14382,2
14383,2
14384,12
14385,2
14386,1
14387,2
14388,5
14389,18
14390,2
14391,0
14392,0
14393,25
14394,6
14395,0
14396,17
14397,9
14398,14
14399,27
14400,15
14401,30
14402,17
14403,17
14404,134
14405,20
14406,19
14407,20
14408,17
14409,84
14410,0
14411,0
14412,419
14413,20
14414,0
14415,104
14416,259
14417,0
14418,60
14419,28
14420,22
14421,32
14422,70
14423,22
14424,32
14425,18
14426,15
14427,13
14428,53
14429,17
14430,16
14431,0
14432,12
14433,28
14434,19
14435,16
14436,79
14437,9
14438,18
14439,26
14440,10
14441,22
14442,47
14443,101
14444,16
14445,11
14446,15
14447,0
14448,28
14449,15
14450,12
14451,11
14452,45
14453,25
14454,25
14455,18
14456,20
14457,0
14458,12
14459,59
14460,20
14461,15
14462,32
14463,20
14464,33
14465,28
14466,20
14467,33
14468,34
14469,56
14470,18
14471,16
14472,36
14473,18
14474,36
14475,13
14476,25
14477,36
14478,15
14479,48
14480,36
14481,37
14482,19
14483,19
14484,13
14485,5
14486,30
14487,36
14488,0
14489,16
14490,12
14491,28
14492,120
14493,27
14494,53
14495,20
14496,13
14497,9
14498,2
14499,84
14500,12
14501,23
14502,22
14503,24
14504,16
14505,17
14506,28
14507,16
14508,32
14509,18
14510,0
14511,31
14512,0
14513,18
14514,0
14515,34
14516,6
14517,10
14518,0
14519,0
14520,23
14521,0
14522,33
14523,57
14524,28
14525,0
14526,47
14527,29
14528,31
14529,27
14530,27
14531,10
14532,22
14533,21
14534,10
14535,10
14536,0
14537,32
14538,0
14539,2
14540,14
14541,27
14542,12
14543,11
14544,23
14545,26
14546,101
14547,16
14548,34
14549,19
14550,25
14551,10
14552,22
14553,5
14554,16
14555,7
14556,22
14557,15
14558,15
14559,15
14560,34
14561,17
14562,36
14563,12
14564,47
14565,56
14566,57
14567,15
14568,67
14569,15
14570,15
14571,47
14572,63
14573,19
14574,24
14575,16
14576,92
14577,24
14578,55
14579,40
14580,11
14581,20
14582,8
14583,32
14584,25
14585,42
14586,53
14587,22
14588,44
14589,42
14590,7
14591,17
14592,43
14593,23
14594,67
14595,22
14596,20
14597,25
14598,44
14599,25
14600,11
14601,44
14602,0
14603,46
14604,14
14605,13
14606,44
14607,39
14608,22
14609,0
14610,26
14611,0
14612,11
14613,9
14614,7
14615,2
14616,16
14617,45
14618,152
14619,16
14620,0
14621,16
14622,0
14623,16
14624,26
14625,3
14626,0
14627,38
14628,17
14629,38
14630,26
14631,1
14632,13
14633,0
14634,36
14635,0
14636,249
14637,12
14638,11
14639,13
14640,5
14641,13
14642,21
14643,9
14644,0
14645,10
14646,0
14647,1
14648,0
14649,17
14650,10
14651,9
14652,9
14653,0
14654,0
14655,341
14656,85
14657,0
14658,25
14659,3
14660,22
14661,0
14662,25
14663,24
14664,23
14665,24
14666,88
14667,113
14668,30
14669,23
14670,29
14671,0
14672,167
14673,0
14674,0
14675,0
14676,4
14677,0
14678,0
14679,80
14680,0
14681,0
14682,364
14683,60
14684,22
14685,19
14686,0
14687,25
14688,43
14689,38
14690,18
14691,170
14692,24
14693,16
14694,19
14695,19
14696,16
14697,24
14698,62
14699,39
14700,25
14701,19
14702,49
14703,20
14704,29
14705,18
14706,10
14707,39
14708,10
14709,21
14710,8
14711,158
14712,0
14713,28
14714,21
14715,21
14716,20
14717,0
14718,65
14719,19
14720,19
14721,19
14722,19
14723,41
14724,21
14725,59
14726,17
14727,9
14728,19
14729,19
14730,20
14731,18
14732,18
14733,0
14734,17
14735,24
14736,22
14737,10
14738,25
14739,10
14740,9
14741,14
14742,19
14743,29
14744,14
14745,19
14746,18
14747,19
14748,21
14749,37
14750,20
14751,117
14752,14
14753,18
14754,25
14755,17
14756,23
14757,18
14758,21
14759,20
14760,19
14761,37
14762,0
14763,18
14764,76
14765,30
14766,16
14767,26
14768,20
14769,49
14770,59
14771,22
14772,19
14773,15
14774,18
14775,17
14776,33
14777,15
14778,19
14779,19
14780,15
14781,21
14782,26
14783,10
14784,19
14785,23
14786,20
14787,17
14788,20
14789,14
14790,6
14791,17
14792,21
14793,17
14794,14
14795,20
14796,21
14797,8
14798,18
14799,15
14800,15
14801,19
14802,30
14803,15
14804,15
14805,17
14806,14
14807,0
14808,20
14809,17
14810,21
14811,23
14812,22
14813,20
14814,18
14815,14
14816,17
14817,17
14818,20
14819,20
14820,12
14821,21
14822,13
14823,14
14824,10
14825,40
14826,13
14827,23
14828,30
14829,21
14830,19
14831,18
14832,20
14833,20
14834,20
14835,19
14836,21
14837,0
14838,40
14839,27
14840,17
14841,0
14842,31
14843,0
14844,19
14845,22
14846,26
14847,23
14848,24
14849,40
14850,36
14851,31
14852,34
14853,14
14854,23
14855,27
14856,0
14857,23
14858,21
14859,20
14860,30
14861,31
14862,37
14863,20
14864,21
14865,20
14866,15
14867,30
14868,18
14869,20
14870,27
14871,12
14872,26
14873,22
14874,22
14875,34
14876,16
14877,13
14878,24
14879,38
14880,16
14881,0
14882,16
14883,20
14884,26
14885,29
14886,19
14887,28
14888,43
14889,23
14890,11
14891,17
14892,13
14893,27
14894,40
14895,21
14896,22
14897,22
14898,0
14899,21
14900,57
14901,35
14902,16
14903,15
14904,1
14905,26
14906,20
14907,30
14908,23
14909,15
14910,21
14911,36
14912,0
14913,10
14914,22
14915,31
14916,33
14917,23
14918,16
14919,35
14920,20
14921,14
14922,15
14923,7
14924,42
14925,74
14926,20
14927,56
14928,17
14929,15
14930,14
14931,10
14932,11
14933,11
14934,14
14935,12
14936,11
14937,23
14938,21
14939,20
14940,0
14941,12
14942,23
14943,17
14944,12
14945,12
14946,19
14947,9
14948,20
14949,0
14950,27
14951,10
14952,10
14953,14
14954,43
14955,20
14956,10
14957,3
14958,10
14959,15
14960,11
14961,14
14962,11
14963,15
14964,15
14965,11
14966,11
14967,11
14968,22
14969,7
14970,6
14971,0
14972,25
14973,19
14974,16
14975,17
14976,14
14977,18
14978,27
14979,1
14980,28
14981,11
14982,0
14983,18
14984,31
14985,20
14986,23
14987,18
14988,18
14989,10
14990,17
14991,0
14992,18
14993,44
14994,19
14995,0
14996,26
14997,21
14998,36
14999,18
15000,20
15001,25
15002,17
15003,29
15004,17
15005,18
15006,54
15007,17
15008,12
15009,0
15010,19
15011,754
15012,16
15013,14
15014,12
15015,52
15016,85
15017,18
15018,23
15019,17
15020,16
15021,8
15022,35
15023,10
15024,250
15025,0
15026,0
15027,7
15028,34
15029,41
15030,17
15031,8
15032,0
15033,18
15034,42
15035,10
15036,3
15037,6
15038,17
15039,20
15040,12
15041,0
15042,62
15043,14
15044,1
15045,7
15046,14
15047,20
15048,185
15049,23
15050,0
15051,5
15052,31
15053,22
15054,0
15055,15
15056,58
15057,3
15058,7
15059,61
15060,2
15061,10
15062,47
15063,21
15064,6
15065,81
15066,0
15067,0
15068,0
15069,0
15070,0
15071,0
15072,0
15073,0
15074,0
15075,0
15076,0
15077,0
15078,19
15079,269
15080,18
15081,15
15082,15
15083,12
15084,22
15085,12
15086,13
15087,13
15088,15
15089,12
15090,11
15091,36
15092,15
15093,12
15094,30
15095,5
15096,27
15097,105
15098,9
15099,30
15100,7
15101,7
15102,24
15103,13
15104,12
15105,12
15106,46
15107,45
15108,15
15109,15
15110,29
15111,23
15112,21
15113,7
15114,31
15115,4
15116,4
15117,25
15118,18
15119,34
15120,41
15121,26
15122,9
15123,4
15124,18
15125,1
15126,0
15127,36
15128,37
15129,10
15130,13
15131,17
15132,38
15133,31
15134,7
15135,27
15136,5
15137,15
15138,16
15139,24
15140,47
15141,42
15142,20
15143,28
15144,25
15145,15
15146,15
15147,47
15148,67
15149,10
15150,16
15151,12
15152,48
15153,12
15154,31
15155,17
15156,20
15157,4
15158,21
15159,16
15160,32
15161,8
15162,138
15163,355
15164,9
15165,13
15166,26
15167,27
15168,70
15169,16
15170,31
15171,9
15172,71
15173,25
15174,6
15175,29
15176,12
15177,23
15178,17
15179,64
15180,22
15181,48
15182,261
15183,30
15184,42
15185,64
15186,37
15187,26
15188,15
15189,28
15190,12
15191,23
15192,42
15193,14
15194,18
15195,7
15196,82
15197,14
15198,25
15199,0
15200,65
15201,18
15202,35
15203,40
15204,24
15205,4
15206,34
15207,4
15208,18
15209,42
15210,33
15211,2
15212,12
15213,22
15214,12
15215,22
15216,7
15217,13
15218,2
15219,145
15220,21
15221,8
15222,11
15223,11
15224,14
15225,10
15226,87
15227,26
15228,186
15229,0
15230,14
15231,8
15232,14
15233,14
15234,4
15235,6
15236,34
15237,25
15238,510
15239,14
15240,14
15241,12
15242,13
15243,13
15244,9
15245,4
15246,25
15247,11
15248,9
15249,7
15250,30
15251,30
15252,46
15253,10
15254,8
15255,21
15256,34
15257,13
15258,30
15259,421
15260,7
15261,15
15262,10
15263,8
15264,8
15265,23
15266,22
15267,16
15268,34
15269,34
15270,10
15271,28
15272,57
15273,18
15274,8
15275,20
15276,30
15277,20
15278,8
15279,69
15280,13
15281,6
15282,9
15283,11
15284,180
15285,30
15286,7
15287,41
15288,11
15289,21
15290,11
15291,9
15292,5
15293,9
15294,111
15295,9
15296,11
15297,19
15298,11
15299,28
15300,30
15301,28
15302,28
15303,20
15304,8
15305,45
15306,0
15307,28
15308,61
15309,12
15310,21
15311,29
15312,44
15313,2
15314,8
15315,7
15316,12
15317,12
15318,28
15319,30
15320,12
15321,28
15322,60
15323,7
15324,0
15325,19
15326,34
15327,21
15328,103
15329,22
15330,27
15331,245
15332,6
15333,11
15334,21
15335,31
15336,14
15337,7
15338,12
15339,12
15340,12
15341,12
15342,10
15343,27
15344,27
15345,10
15346,6
15347,10
15348,29
15349,12
15350,44
15351,14
15352,14
15353,13
15354,19
15355,15
15356,75
15357,25
15358,97
15359,12
15360,12
15361,14
15362,25
15363,15
15364,12
15365,26
15366,21
15367,15
15368,37
15369,29
15370,32
15371,22
15372,24
15373,10
15374,21
15375,31
15376,16
15377,22
15378,22
15379,24
15380,30
15381,95
15382,76
15383,22
15384,30
15385,22
15386,22
15387,7
15388,24
15389,35
15390,20
15391,0
15392,7
15393,16
15394,35
15395,122
15396,11
15397,29
15398,34
15399,35
15400,29
15401,29
15402,13
15403,22
15404,35
15405,29
15406,3
15407,189
15408,20
15409,23
15410,20
15411,83
15412,5
15413,19
15414,20
15415,10
15416,11
15417,9
15418,8
15419,40
15420,13
15421,26
15422,92
15423,1
15424,14
15425,11
15426,20
15427,36
15428,72
15429,9
15430,0
15431,0
15432,13
15433,0
15434,4
15435,18
15436,330
15437,4
15438,0
15439,23
15440,22
15441,12
15442,23
15443,113
15444,18
15445,12
15446,0
15447,34
15448,17
15449,15
15450,23
15451,11
15452,4
15453,4
15454,0
15455,29
15456,116
15457,40
15458,112
15459,72
15460,31
15461,5
15462,5
15463,48
15464,55
15465,0
15466,0
15467,0
15468,0
15469,0
15470,17
15471,22
15472,30
15473,22
15474,3
15475,30
15476,55
15477,27
15478,29
15479,19
15480,19
15481,7
15482,0
15483,0
15484,33
15485,28
15486,27
15487,29
15488,72
15489,36
15490,16
15491,30
15492,23
15493,20
15494,46
15495,16
15496,27
15497,30
15498,49
15499,19
15500,14
15501,56
15502,32
15503,15
15504,29
15505,31
15506,14
15507,16
15508,12
15509,32
15510,49
15511,0
15512,23
15513,20
15514,24
15515,24
15516,45
15517,37
15518,31
15519,35
15520,15
15521,18
15522,40
15523,286
15524,7
15525,74
15526,32
15527,33
15528,37
15529,46
15530,35
15531,31
15532,23
15533,8
15534,10
15535,20
15536,10
15537,36
15538,26
15539,7
15540,9
15541,28
15542,28
15543,19
15544,36
15545,34
15546,35
15547,16
15548,32
15549,41
15550,36
15551,15
15552,37
15553,45
15554,18
15555,17
15556,28
15557,20
15558,26
15559,15
15560,14
15561,22
15562,24
15563,20
15564,26
15565,24
15566,21
15567,52
15568,20
15569,18
15570,20
15571,29
15572,45
15573,56
15574,17
15575,66
15576,55
15577,29
15578,80
15579,28
15580,61
15581,30
15582,11
15583,136
15584,54
15585,12
15586,30
15587,26
15588,22
15589,22
15590,70
15591,30
15592,29
15593,97
15594,0
15595,0
15596,0
15597,60
15598,24
15599,47
15600,29
15601,22
15602,29
15603,15
15604,69
15605,10
15606,0
15607,18
15608,24
15609,113
15610,66
15611,156
15612,36
15613,44
15614,30
15615,64
15616,24
15617,48
15618,10
15619,21
15620,19
15621,11
15622,28
15623,11
15624,57
15625,676
15626,12
15627,14
15628,9
15629,27
15630,15
15631,197
15632,43
15633,19
15634,20
15635,24
15636,25
15637,9
15638,25
15639,8
15640,11
15641,30
15642,8
15643,26
15644,9
15645,9
15646,23
15647,20
15648,43
15649,8
15650,0
15651,523
15652,11
15653,36
15654,255
15655,121
15656,108
15657,96
15658,34
15659,33
15660,13
15661,15
15662,107
15663,33
15664,33
15665,20
15666,33
15667,27
15668,27
15669,24
15670,54
15671,48
15672,130
15673,204
15674,44
15675,24
15676,20
15677,39
15678,32
15679,0
15680,32
15681,32
15682,101
15683,24
15684,178
15685,32
15686,48
15687,32
15688,18
15689,20
15690,32
15691,30
15692,13
15693,26
15694,30
15695,25
15696,38
15697,90
15698,30
15699,30
15700,0
15701,23
15702,30
15703,50
15704,30
15705,30
15706,24
15707,22
15708,26
15709,16
15710,16
15711,19
15712,21
15713,19
15714,123
15715,10
15716,23
15717,19
15718,27
15719,26
15720,2
15721,26
15722,128
15723,23
15724,17
15725,14
15726,18
15727,26
15728,25
15729,17
15730,17
15731,30
15732,0
15733,15
15734,26
15735,40
15736,0
15737,5
15738,23
15739,60
15740,202
15741,82
15742,26
15743,28
15744,21
15745,32
15746,24
15747,28
15748,101
15749,25
15750,32
15751,24
15752,140
15753,83
15754,46
15755,20
15756,32
15757,35
15758,39
15759,28
15760,104
15761,41
15762,24
15763,38
15764,0
15765,0
15766,19
15767,0
15768,0
15769,0
15770,829
15771,0
15772,0
15773,1
15774,0
15775,23
15776,46
15777,14
15778,7
15779,9
15780,14
15781,7
15782,13
15783,25
15784,18
15785,22
15786,9
15787,7
15788,7
15789,18
15790,16
15791,24
15792,24
15793,19
15794,13
15795,18
15796,12
15797,13
15798,3
15799,5
15800,7
15801,13
15802,18
15803,11
15804,6
15805,23
15806,9
15807,0
15808,30
15809,17
15810,30
15811,7
15812,0
15813,15
15814,8
15815,29
15816,18
15817,74
15818,81
15819,22
15820,22
15821,31
15822,38
15823,16
15824,20
15825,22
15826,19
15827,22
15828,96
15829,26
15830,41
15831,19
15832,48
15833,30
15834,14
15835,14
15836,0
15837,36
15838,61
15839,7
15840,20
15841,49
15842,9
15843,329
15844,0
15845,26
15846,30
15847,10
15848,12
15849,18
15850,20
15851,12
15852,28
15853,33
15854,17
15855,14
15856,15
15857,4
15858,32
15859,50
15860,64
15861,14
15862,16
15863,7
15864,32
15865,30
15866,16
15867,229
15868,22
15869,14
15870,11
15871,63
15872,54
15873,141
15874,30
15875,92
15876,112
15877,7
15878,16
15879,0
15880,27
15881,0
15882,0
15883,0
15884,35
15885,30
15886,281
15887,35
15888,34
15889,56
15890,0
15891,21
15892,28
15893,32
15894,29
15895,0
15896,41
15897,80
15898,32
15899,13
15900,0
15901,16
15902,25
15903,60
15904,29
15905,26
15906,107
15907,27
15908,30
15909,78
15910,20
15911,21
15912,42
15913,10
15914,25
15915,20
15916,18
15917,31
15918,114
15919,53
15920,55
15921,0
15922,18
15923,19
15924,31
15925,22
15926,20
15927,14
15928,35
15929,24
15930,18
15931,97
15932,6
15933,16
15934,49
15935,14
15936,33
15937,24
15938,4
15939,4
15940,47
15941,25
15942,11
15943,27
15944,0
15945,0
15946,0
15947,0
15948,27
15949,37
15950,27
15951,0
15952,10
15953,82
15954,44
15955,15
15956,37
15957,13
15958,27
15959,183
15960,7
15961,85
15962,23
15963,11
15964,0
15965,80
15966,21
15967,30
15968,10
15969,20
15970,26
15971,34
15972,30
15973,30
15974,30
15975,35
15976,30
15977,23
15978,26
15979,19
15980,12
15981,30
15982,21
15983,18
15984,33
15985,37
15986,29
15987,28
15988,6
15989,43
15990,1
15991,29
15992,31
15993,35
15994,34
15995,24
15996,34
15997,45
15998,0
15999,9
16000,19
16001,167
16002,24
16003,28
16004,0
16005,177
16006,13
16007,16
16008,21
16009,17
16010,4
16011,1
16012,19
16013,0
16014,35
16015,14
16016,17
16017,17
16018,20
16019,16
16020,14
16021,17
16022,17
16023,0
16024,0
16025,0
16026,35
16027,30
16028,104
16029,41
16030,0
16031,10
16032,34
16033,6
16034,18
16035,29
16036,6
16037,1
16038,26
16039,8
16040,9
16041,14
16042,1
16043,11
16044,25
16045,10
16046,172
16047,6
16048,0
16049,14
16050,15
16051,0
16052,4
16053,11
16054,0
16055,16
16056,22
16057,12
16058,18
16059,110
16060,73
16061,35
16062,25
16063,214
16064,19
16065,26
16066,18
16067,47
16068,19
16069,17
16070,35
16071,36
16072,23
16073,56
16074,52
16075,25
16076,26
16077,18
16078,77
16079,23
16080,14
16081,27
16082,0
16083,99
16084,42
16085,21
16086,94
16087,21
16088,21
16089,0
16090,0
16091,0
16092,0
16093,0
16094,0
16095,0
16096,0
16097,0
16098,0
16099,0
16100,0
16101,0
16102,0
16103,0
16104,0
16105,0
16106,0
16107,0
16108,0
16109,0
16110,0
16111,0
16112,0
16113,0
16114,10
16115,6
16116,1
16117,10
16118,0
16119,79
16120,0
16121,21
16122,14
16123,0
16124,0
16125,0
16126,0
16127,0
16128,19
16129,79
16130,18
16131,20
16132,15
16133,37
16134,20
16135,13
16136,37
16137,79
16138,27
16139,38
16140,16
16141,18
16142,252
16143,16
16144,38
16145,30
16146,8
16147,30
16148,0
16149,0
16150,2
16151,40
16152,17
16153,5
16154,30
16155,86
16156,7
16157,13
16158,25
16159,17
16160,14
16161,15
16162,32
16163,30
16164,6
16165,44
16166,42
16167,21
16168,30
16169,5
16170,8
16171,29
16172,10
16173,12
16174,0
16175,42
16176,19
16177,14
16178,6
16179,0
16180,0
16181,0
16182,25
16183,11
16184,16
16185,15
16186,30
16187,35
16188,48
16189,7
16190,7
16191,12
16192,18
16193,31
16194,16
16195,12
16196,13
16197,17
16198,11
16199,18
16200,7
16201,11
16202,16
16203,16
16204,16
16205,9
16206,34
16207,60
16208,37
16209,28
16210,29
16211,3
16212,37
16213,16
16214,22
16215,24
16216,13
16217,13
16218,34
16219,18
16220,579
16221,335
16222,26
16223,40
16224,17
16225,81
16226,26
16227,14
16228,13
16229,26
16230,0
16231,22
16232,5
16233,0
16234,44
16235,33
16236,0
16237,6
16238,10
16239,30
16240,0
16241,6
16242,0
16243,8
16244,20
16245,14
16246,10
16247,60
16248,22
16249,0
16250,11
16251,32
16252,20
16253,17
16254,20
16255,22
16256,52
16257,37
16258,18
16259,7
16260,0
16261,0
16262,0
16263,1
16264,15
16265,0
16266,22
16267,0
16268,17
16269,0
16270,0
16271,28
16272,51
16273,180
16274,0
16275,23
16276,0
16277,1
16278,0
16279,0
16280,0
16281,9
16282,0
16283,0
16284,0
16285,16
16286,0
16287,0
16288,305
16289,0
16290,0
16291,22
16292,11
16293,20
16294,9
16295,0
16296,0
16297,1
16298,16
16299,0
16300,0
16301,0
16302,133
16303,0
16304,0
16305,26
16306,19
16307,28
16308,36
16309,81
16310,23
16311,28
16312,8
16313,28
16314,18
16315,24
16316,75
16317,10
16318,51
16319,6
16320,3
16321,0
16322,47
16323,23
16324,18
16325,10
16326,17
16327,19
16328,17
16329,3
16330,16
16331,19
16332,15
16333,26
16334,48
16335,16
16336,8
16337,30
16338,20
16339,195
16340,28
16341,16
16342,9
16343,17
16344,21
16345,52
16346,19
16347,16
16348,28
16349,0
16350,14
16351,64
16352,1
16353,3
16354,19
16355,16
16356,12
16357,25
16358,55
16359,21
16360,20
16361,15
16362,14
16363,0
16364,14
16365,8
16366,0
16367,30
16368,55
16369,28
16370,11
16371,0
16372,92
16373,53
16374,15
16375,31
16376,20
16377,3
16378,60
16379,2
16380,21
16381,29
16382,0
16383,35
16384,5
16385,1
16386,0
16387,0
16388,37
16389,27
16390,15
16391,27
16392,25
16393,31
16394,37
16395,4
16396,6
16397,5
16398,0
16399,14
16400,20
16401,18
16402,25
16403,17
16404,23
16405,20
16406,22
16407,19
16408,24
16409,15
16410,10
16411,18
16412,20
16413,18
16414,18
16415,19
16416,27
16417,26
16418,40
16419,16
16420,18
16421,21
16422,25
16423,26
16424,6
16425,19
16426,20
16427,20
16428,23
16429,20
16430,22
16431,25
16432,26
16433,16
16434,8
16435,19
16436,20
16437,21
16438,20
16439,16
16440,19
16441,20
16442,21
16443,15
16444,23
16445,11
16446,19
16447,19
16448,20
16449,23
16450,23
16451,19
16452,20
16453,25
16454,19
16455,17
16456,22
16457,16
16458,22
16459,31
16460,16
16461,9
16462,0
16463,25
16464,30
16465,22
16466,12
16467,24
16468,63
16469,38
16470,28
16471,11
16472,33
16473,20
16474,12
16475,15
16476,44
16477,28
16478,52
16479,22
16480,12
16481,9
16482,27
16483,12
16484,13
16485,13
16486,0
16487,26
16488,14
16489,14
16490,13
16491,28
16492,11
16493,63
16494,10
16495,28
16496,34
16497,12
16498,24
16499,33
16500,12
16501,19
16502,17
16503,21
16504,16
16505,18
16506,0
16507,9
16508,70
16509,38
16510,13
16511,26
16512,4
16513,0
16514,37
16515,10
16516,38
16517,19
16518,17
16519,41
16520,31
16521,4
16522,19
16523,3
16524,23
16525,24
16526,34
16527,23
16528,18
16529,95
16530,19
16531,12
16532,13
16533,21
16534,22
16535,14
16536,29
16537,25
16538,13
16539,0
16540,17
16541,31
16542,25
16543,29
16544,6
16545,27
16546,24
16547,22
16548,22
16549,19
16550,12
16551,31
16552,26
16553,19
16554,19
16555,13
16556,11
16557,5
16558,6
16559,15
16560,45
16561,25
16562,12
16563,16
16564,7
16565,3
16566,57
16567,0
16568,14
16569,13
16570,5
16571,13
16572,4
16573,22
16574,7
16575,13
16576,30
16577,29
16578,9
16579,10
16580,0
16581,0
16582,27
16583,0
16584,18
16585,39
16586,16
16587,13
16588,0
16589,6
16590,2
16591,6
16592,0
16593,0
16594,9
16595,2
16596,4
16597,1
16598,0
16599,15
16600,22
16601,26
16602,28
16603,5
16604,0
16605,15
16606,2
16607,22
16608,1
16609,42
16610,1
16611,0
16612,23
16613,25
16614,2
16615,11
16616,10
16617,5
16618,0
16619,1
16620,0
16621,0
16622,7
16623,31
16624,27
16625,0
16626,0
16627,32
16628,29
16629,4
16630,18
16631,23
16632,0
16633,8
16634,27
16635,25
16636,0
16637,0
16638,18
16639,38
16640,27
16641,35
16642,30
16643,26
16644,24
16645,21
16646,30
16647,54
16648,24
16649,2
16650,56
16651,29
16652,1
16653,0
16654,37
16655,20
16656,14
16657,39
16658,22
16659,0
16660,0
16661,2
16662,12
16663,1
16664,12
16665,13
16666,9
16667,1
16668,9
16669,8
16670,9
16671,7
16672,7
16673,12
16674,6
16675,22
16676,15
16677,36
16678,30
16679,32
16680,10
16681,0
16682,25
16683,19
16684,6
16685,18
16686,19
16687,19
16688,10
16689,26
16690,0
16691,12
16692,7
16693,3
16694,10
16695,21
16696,5
16697,6
16698,6
16699,3
16700,5
16701,4
16702,20
16703,2
16704,7
16705,6
16706,0
16707,3
16708,4
16709,7
16710,17
16711,13
16712,1
16713,11
16714,10
16715,0
16716,0
16717,4
16718,0
16719,0
16720,0
16721,2
16722,0
16723,0
16724,0
16725,0
16726,0
16727,0
16728,0
16729,6
16730,26
16731,9
16732,23
16733,0
16734,0
16735,4
16736,0
16737,17
16738,15
16739,0
16740,14
16741,0
16742,0
16743,75
16744,0
16745,10
16746,50
16747,30
16748,0
16749,0
16750,9
16751,15
16752,0
16753,16
16754,0
16755,0
16756,0
16757,0
16758,0
16759,0
16760,0
16761,0
16762,7
16763,32
16764,42
16765,10
16766,7
16767,14
16768,0
16769,0
16770,17
16771,28
16772,23
16773,30
16774,21
16775,24
16776,3
16777,3
16778,23
16779,49
16780,24
16781,27
16782,30
16783,31
16784,40
16785,58
16786,28
16787,35
16788,36
16789,45
16790,79
16791,7
16792,49
16793,8
16794,22
16795,37
16796,82
16797,30
16798,0
16799,97
16800,130
16801,122
16802,7
16803,128
16804,12
16805,104
16806,57
16807,4
16808,12
16809,0
16810,5
16811,52
16812,25
16813,0
16814,40
16815,6
16816,32
16817,27
16818,48
16819,48
16820,0
16821,37
16822,46
16823,43
16824,16
16825,39
16826,0
16827,0
16828,0
16829,0
16830,33
16831,33
16832,0
16833,39
16834,32
16835,0
16836,0
16837,15
16838,0
16839,28
16840,30
16841,25
16842,27
16843,14
16844,39
16845,17
16846,18
16847,6
16848,28
16849,63
16850,28
16851,28
16852,26
16853,25
16854,2
16855,25
16856,14
16857,32
16858,40
16859,2
16860,0
16861,5
16862,2
16863,1
16864,5
16865,1
16866,0
16867,1
16868,1
16869,0
16870,3
16871,1
16872,0
16873,0
16874,11
16875,6
16876,9
16877,4
16878,0
16879,20
16880,0
16881,0
16882,2
16883,6
16884,12
16885,27
16886,12
16887,14
16888,2
16889,0
16890,33
16891,0
16892,33
16893,0
16894,0
16895,2
16896,1
16897,21
16898,5
16899,59
16900,16
16901,22
16902,20
16903,38
16904,0
16905,8
16906,13
16907,1
16908,72
16909,21
16910,3
16911,3
16912,2
16913,13
16914,12
16915,4
16916,0
16917,14
16918,9
16919,22
16920,148
16921,19
16922,22
16923,15
16924,16
16925,17
16926,19
16927,11
16928,17
16929,24
16930,19
16931,18
16932,22
16933,16
16934,24
16935,20
16936,17
16937,19
16938,20
16939,14
16940,20
16941,17
16942,7
16943,22
16944,17
16945,69
16946,24
16947,19
16948,13
16949,9
16950,4
16951,0
16952,6
16953,0
16954,253
16955,74
16956,45
16957,21
16958,53
16959,17
16960,26
16961,0
16962,6
16963,10
16964,6
16965,0
16966,14
16967,12
16968,16
16969,19
16970,12
16971,12
16972,10
16973,9
16974,0
16975,8
16976,3
16977,37
16978,5
16979,4
16980,5
16981,0
16982,1
16983,0
16984,0
16985,0
16986,0
16987,42
16988,0
16989,0
16990,22
16991,55
16992,1
16993,0
16994,23
16995,47
16996,16
16997,77
16998,7
16999,29
17000,0
17001,11
17002,19
17003,22
17004,2
17005,5
17006,9
17007,0
17008,22
17009,18
17010,6
17011,30
17012,42
17013,10
17014,24
17015,21
17016,15
17017,53
17018,32
17019,17
17020,52
17021,35
17022,40
17023,29
17024,0
17025,12
17026,20
17027,12
17028,25
17029,44
17030,0
17031,1
17032,20
17033,20
17034,276
17035,19
17036,20
17037,18
17038,20
17039,19
17040,10
17041,22
17042,0
17043,23
17044,28
17045,18
17046,7
17047,13
17048,5
17049,24
17050,24
17051,18
17052,30
17053,25
17054,26
17055,26
17056,22
17057,37
17058,37
17059,19
17060,35
17061,39
17062,15
17063,8
17064,18
17065,20
17066,39
17067,22
17068,29
17069,2
17070,0
17071,2
17072,7
17073,2
17074,18
17075,9
17076,6
17077,0
17078,20
17079,2
17080,3
17081,1
17082,1
17083,1
17084,0
17085,0
17086,0
17087,0
17088,0
17089,0
17090,2
17091,5
17092,0
17093,0
17094,15
17095,4
17096,0
17097,0
17098,0
17099,0
17100,0
17101,0
17102,0
17103,0
17104,0
17105,6
17106,0
17107,0
17108,0
17109,0
17110,0
17111,0
17112,0
17113,0
17114,5
17115,9
17116,4
17117,5
17118,3
17119,22
17120,15
17121,6
17122,10
17123,13
17124,0
17125,10
17126,6
17127,4
17128,3
17129,16
17130,26
17131,1
17132,11
17133,32
17134,4
17135,0
17136,12
17137,8
17138,2
17139,4
17140,2
17141,3
17142,14
17143,1
17144,0
17145,0
17146,20
17147,0
17148,3
17149,10
17150,0
17151,5
17152,0
17153,10
17154,4
17155,15
17156,0
17157,16
17158,16
17159,13
17160,7
17161,18
17162,4
17163,0
17164,1
17165,0
17166,22
17167,14
17168,24
17169,20
17170,24
17171,22
17172,221
17173,20
17174,11
17175,20
17176,45
17177,44
17178,22
17179,38
17180,31
17181,41
17182,12
17183,15
17184,35
17185,34
17186,12
17187,0
17188,19
17189,3
17190,4
17191,0
17192,2
17193,0
17194,0
17195,0
17196,0
17197,0
17198,0
17199,25
17200,6
17201,0
17202,0
17203,1
17204,5
17205,0
17206,6
17207,9
17208,2
17209,4
17210,5
17211,12
17212,3
17213,6
17214,12
17215,14
17216,10
17217,11
17218,4
17219,22
17220,0
17221,12
17222,5
17223,18
17224,23
17225,4
17226,5
17227,3
17228,9
17229,5
17230,7
17231,23
17232,1
17233,2
17234,10
17235,10
17236,23
17237,9
17238,15
17239,8
17240,12
17241,15
17242,7
17243,8
17244,10
17245,12
17246,11
17247,13
17248,12
17249,2
17250,6
17251,6
17252,11
17253,4
17254,16
17255,9
17256,23
17257,1
17258,2
17259,18
17260,6
17261,6
17262,3
17263,11
17264,0
17265,11
17266,10
17267,3
17268,15
17269,11
17270,10
17271,8
17272,7
17273,11
17274,4
17275,7
17276,0
17277,41
17278,30
17279,5
17280,16
17281,6
17282,1
17283,28
17284,19
17285,32
17286,26
17287,20
17288,17
17289,8
17290,11
17291,8
17292,7
17293,42
17294,3
17295,19
17296,8
17297,7
17298,14
17299,12
17300,7
17301,21
17302,3
17303,0
17304,4
17305,0
17306,1
17307,0
17308,16
17309,31
17310,15
17311,0
17312,26
17313,0
17314,1
17315,0
17316,23
17317,0
17318,0
17319,14
17320,15
17321,4
17322,0
17323,1
17324,0
17325,21
17326,2
17327,0
17328,3
17329,0
17330,0
17331,0
17332,0
17333,0
17334,0
17335,52
17336,0
17337,68
17338,112
17339,74
17340,41
17341,394
17342,139
17343,52
17344,0
17345,20
17346,5
17347,4
17348,0
17349,0
17350,0
17351,11
17352,5
17353,78
17354,1
17355,0
17356,0
17357,69
17358,104
17359,55
17360,135
17361,77
17362,0
17363,43
17364,244
17365,91
17366,0
17367,45
17368,27
17369,15
17370,31
17371,18
17372,63
17373,17
17374,12
17375,17
17376,13
17377,33
17378,29
17379,14
17380,19
17381,0
17382,0
17383,0
17384,0
17385,0
17386,0
17387,0
17388,3
17389,0
17390,0
17391,16
17392,20
17393,16
17394,18
17395,0
17396,13
17397,11
17398,18
17399,19
17400,27
17401,16
17402,12
17403,22
17404,3
17405,13
17406,16
17407,23
17408,13
17409,4
17410,20
17411,16
17412,8
17413,15
17414,27
17415,25
17416,11
17417,16
17418,15
17419,0
17420,0
17421,29
17422,14
17423,17
17424,13
17425,1
17426,22
17427,24
17428,20
17429,38
17430,3
17431,9
17432,18
17433,0
17434,0
17435,0
17436,0
17437,0
17438,0
17439,4
17440,0
17441,0
17442,1
17443,0
17444,0
17445,0
17446,0
17447,0
17448,36
17449,0
17450,0
17451,0
17452,0
17453,0
17454,0
17455,0
17456,0
17457,0
17458,0
17459,0
17460,0
17461,0
17462,0
17463,0
17464,0
17465,203
17466,0
17467,18
17468,213
17469,250
17470,0
17471,7
17472,0
17473,0
17474,7
17475,0
17476,0
17477,25
17478,0
17479,0
17480,0
17481,0
17482,0
17483,2
17484,0
17485,0
17486,0
17487,0
17488,0
17489,0
17490,0
17491,0
17492,0
17493,0
17494,0
17495,0
17496,0
17497,59
17498,0
17499,0
17500,0
17501,0
17502,8
17503,0
17504,0
17505,10
17506,14
17507,0
17508,3
17509,18
17510,12
17511,18
17512,15
17513,25
17514,1
17515,14
17516,35
17517,16
17518,10
17519,9
17520,12
17521,14
17522,12
17523,12
17524,14
17525,13
17526,12
17527,0
17528,0
17529,13
17530,13
17531,0
17532,20
17533,18
17534,26
17535,0
17536,15
17537,0
17538,16
17539,17
17540,0
17541,15
17542,15
17543,19
17544,22
17545,18
17546,10
17547,10
17548,12
17549,17
17550,19
17551,18
17552,19
17553,0
17554,17
17555,14
17556,13
17557,22
17558,24
17559,14
17560,15
17561,25
17562,27
17563,14
17564,9
17565,0
17566,16
17567,0
17568,52
17569,1
17570,68
17571,20
17572,17
17573,12
17574,6
17575,25
17576,0
17577,14
17578,18
17579,0
17580,16
17581,25
17582,0
17583,23
17584,43
17585,16
17586,19
17587,0
17588,0
17589,0
17590,1
17591,0
17592,7
17593,0
17594,4
17595,11
17596,1
17597,0
17598,0
17599,30
17600,7
17601,0
17602,37
17603,33
17604,27
17605,2
17606,0
17607,0
17608,0
17609,0
17610,19
17611,25
17612,15
17613,38
17614,14
17615,29
17616,20
17617,11
17618,12
17619,12
17620,44
17621,24
17622,27
17623,50
17624,21
17625,9
17626,13
17627,19
17628,12
17629,14
17630,11
17631,24
17632,12
17633,16
17634,29
17635,26
17636,0
17637,0
17638,0
17639,3
17640,0
17641,0
17642,0
17643,0
17644,0
17645,0
17646,0
17647,0
17648,0
17649,0
17650,0
17651,0
17652,0
17653,0
17654,0
17655,0
17656,0
17657,0
17658,0
17659,0
17660,0
17661,0
17662,0
17663,18
17664,0
17665,36
17666,21
17667,0
17668,2
17669,0
17670,23
17671,0
17672,0
17673,0
17674,5
17675,0
17676,6
17677,34
17678,0
17679,0
17680,0
17681,0
17682,2
17683,0
17684,0
17685,0
17686,4
17687,0
17688,0
17689,0
17690,0
17691,0
17692,0
17693,0
17694,24
17695,21
17696,13
17697,18
17698,20
17699,21
17700,26
17701,18
17702,21
17703,15
17704,18
17705,16
17706,21
17707,23
17708,19
17709,19
17710,26
17711,21
17712,24
17713,1
17714,20
17715,17
17716,24
17717,14
17718,25
17719,15
17720,14
17721,21
17722,23
17723,0
17724,26
17725,68
17726,48
17727,60
17728,30
17729,42
17730,17
17731,28
17732,11
17733,257
17734,53
17735,52
17736,166
17737,11
17738,63
17739,173
17740,46
17741,42
17742,24
17743,34
17744,25
17745,17
17746,20
17747,33
17748,20
17749,24
17750,0
17751,18
17752,8
17753,13
17754,18
17755,57
17756,13
17757,25
17758,17
17759,0
17760,17
17761,32
17762,31
17763,11
17764,34
17765,0
17766,15
17767,0
17768,0
17769,27
17770,0
17771,13
17772,1
17773,23
17774,0
17775,0
17776,0
17777,5
17778,99
17779,8
17780,2
17781,31
17782,18
17783,15
17784,30
17785,10
17786,37
17787,27
17788,27
17789,32
17790,334
17791,27
17792,19
17793,37
17794,27
17795,23
17796,14
17797,20
17798,62
17799,184
17800,20
17801,10
17802,27
17803,64
17804,17
17805,10
17806,21
17807,7
17808,10
17809,24
17810,9
17811,6
17812,9
17813,27
17814,41
17815,510
17816,13
17817,25
17818,7
17819,131
17820,0
17821,34
17822,0
17823,0
17824,134
17825,76
17826,14
17827,32
17828,0
17829,15
17830,19
17831,31
17832,1
17833,0
17834,1
17835,0
17836,48
17837,1
17838,0
17839,0
17840,2
17841,0
17842,2
17843,28
17844,0
17845,0
17846,3
17847,0
17848,23
17849,21
17850,23
17851,23
17852,19
17853,10
17854,23
17855,23
17856,20
17857,23
17858,14
17859,20
17860,18
17861,10
17862,19
17863,14
17864,18
17865,19
17866,18
17867,9
17868,20
17869,23
17870,18
17871,18
17872,19
17873,18
17874,20
17875,30
17876,22
17877,23
17878,16
17879,22
17880,23
17881,29
17882,18
17883,22
17884,10
17885,22
17886,10
17887,10
17888,24
17889,22
17890,19
17891,24
17892,22
17893,20
17894,21
17895,12
17896,15
17897,12
17898,14
17899,17
17900,7
17901,6
17902,15
17903,14
17904,12
17905,0
17906,8
17907,10
17908,13
17909,20
17910,9
17911,18
17912,16
17913,11
17914,16
17915,15
17916,15
17917,7
17918,12
17919,16
17920,17
17921,16
17922,119
17923,27
17924,13
17925,13
17926,19
17927,12
17928,14
17929,13
17930,19
17931,17
17932,10
17933,20
17934,26
17935,34
17936,12
17937,16
17938,24
17939,12
17940,6
17941,12
17942,21
17943,24
17944,14
17945,34
17946,12
17947,21
17948,24
17949,22
17950,23
17951,23
17952,23
17953,22
17954,13
17955,55
17956,21
17957,16
17958,22
17959,22
17960,23
17961,4
17962,11
17963,10
17964,26
17965,21
17966,20
17967,21
17968,11
17969,21
17970,18
17971,0
17972,17
17973,22
17974,19
17975,11
17976,18
17977,20
17978,19
17979,21
17980,13
17981,0
17982,21
17983,21
17984,14
17985,20
17986,29
17987,24
17988,19
17989,20
17990,29
17991,13
17992,1
17993,22
17994,18
17995,14
17996,19
17997,19
17998,15
17999,21
18000,16
18001,16
18002,24
18003,21
18004,22
18005,23
18006,21
18007,23
18008,4
18009,20
18010,13
18011,21
18012,23
18013,18
18014,21
18015,19
18016,10
18017,21
18018,22
18019,20
18020,26
18021,17
18022,24
18023,22
18024,25
18025,24
18026,133
18027,19
18028,21
18029,119
18030,100
18031,20
18032,92
18033,81
18034,62
18035,10
18036,25
18037,24
18038,60
18039,177
18040,13
18041,41
18042,25
18043,27
18044,26
18045,20
18046,20
18047,17
18048,14
18049,20
18050,28
18051,20
18052,3
18053,10
18054,1
18055,12
18056,20
18057,12
18058,10
18059,10
18060,9
18061,2
18062,3
18063,1
18064,10
18065,26
18066,9
18067,1
18068,18
18069,10
18070,4
18071,20
18072,10
18073,19
18074,20
18075,11
18076,9
18077,115
18078,52
18079,210
18080,0
18081,76
18082,124
18083,10
18084,7
18085,46
18086,22
18087,25
18088,10
18089,4
18090,10
18091,11
18092,11
18093,10
18094,35
18095,10
18096,11
18097,6
18098,11
18099,10
18100,28
18101,11
18102,10
18103,10
18104,10
18105,119
18106,18
18107,3
18108,17
18109,163
18110,33
18111,18
18112,26
18113,70
18114,30
18115,2
18116,4
18117,17
18118,6
18119,28
18120,39
18121,3
18122,13
18123,16
18124,15
18125,13
18126,10
18127,11
18128,10
18129,14
18130,4
18131,25
18132,10
18133,19
18134,31
18135,131
18136,10
18137,26
18138,5
18139,8
18140,11
18141,12
18142,23
18143,32
18144,38
18145,17
18146,26
18147,8
18148,24
18149,39
18150,9
18151,7
18152,92
18153,244
18154,10
18155,5
18156,8
18157,10
18158,5
18159,27
18160,8
18161,10
18162,12
18163,0
18164,29
18165,6
18166,0
18167,31
18168,10
18169,8
18170,8
18171,10
18172,0
18173,1
18174,7
18175,2
18176,16
18177,57
18178,89
18179,0
18180,173
18181,23
18182,25
18183,10
18184,3
18185,340
18186,81
18187,72
18188,0
18189,5
18190,10
18191,57
18192,12
18193,13
18194,33
18195,0
18196,7
18197,13
18198,0
18199,8
18200,40
18201,0
18202,0
18203,5
18204,10
18205,18
18206,0
18207,13
18208,9
18209,16
18210,181
18211,9
18212,338
18213,29
18214,178
18215,26
18216,24
18217,22
18218,30
18219,0
18220,14
18221,15
18222,15
18223,8
18224,21
18225,16
18226,16
18227,28
18228,11
18229,5
18230,9
18231,16
18232,5
18233,20
18234,20
18235,16
18236,16
18237,22
18238,23
18239,18
18240,18
18241,21
18242,24
18243,24
18244,22
18245,3
18246,30
18247,20
18248,17
18249,18
18250,11
18251,20
18252,19
18253,19
18254,18
18255,36
18256,17
18257,18
18258,19
18259,17
18260,33
18261,16
18262,12
18263,16
18264,11
18265,23
18266,7
18267,11
18268,11
18269,10
18270,25
18271,10
18272,12
18273,8
18274,12
18275,16
18276,16
18277,30
18278,9
18279,19
18280,28
18281,33
18282,62
18283,199
18284,9
18285,27
18286,44
18287,45
18288,25
18289,10
18290,30
18291,30
18292,24
18293,23
18294,30
18295,27
18296,46
18297,75
18298,30
18299,21
18300,16
18301,20
18302,20
18303,20
18304,112
18305,66
18306,0
18307,16
18308,39
18309,17
18310,15
18311,15
18312,16
18313,16
18314,19
18315,21
18316,16
18317,17
18318,0
18319,19
18320,67
18321,0
18322,68
18323,24
18324,35
18325,43
18326,27
18327,83
18328,0
18329,128
18330,36
18331,173
18332,209
18333,149
18334,12
18335,24
18336,25
18337,20
18338,12
18339,15
18340,16
18341,25
18342,20
18343,24
18344,28
18345,20
18346,31
18347,20
18348,20
18349,51
18350,2
18351,47
18352,26
18353,23
18354,23
18355,0
18356,23
18357,27
18358,20
18359,21
18360,21
18361,39
18362,17
18363,28
18364,243
18365,29
18366,24
18367,36
18368,36
18369,25
18370,22
18371,33
18372,25
18373,34
18374,25
18375,35
18376,54
18377,0
18378,135
18379,92
18380,422
18381,201
18382,142
18383,69
18384,0
18385,233
18386,35
18387,242
18388,375
18389,0
18390,34
18391,0
18392,13
18393,20
18394,138
18395,0
18396,24
18397,24
18398,27
18399,11
18400,20
18401,13
18402,6
18403,37
18404,15
18405,16
18406,37
18407,39
18408,12
18409,43
18410,9
18411,99
18412,101
18413,103
18414,12
18415,17
18416,29
18417,4
18418,10
18419,56
18420,7
18421,13
18422,9
18423,23
18424,23
18425,19
18426,20
18427,10
18428,9
18429,23
18430,33
18431,33
18432,5
18433,15
18434,7
18435,16
18436,36
18437,34
18438,11
18439,31
18440,17
18441,50
18442,18
18443,15
18444,16
18445,19
18446,15
18447,14
18448,17
18449,49
18450,10
18451,25
18452,13
18453,12
18454,14
18455,12
18456,25
18457,24
18458,16
18459,12
18460,18
18461,21
18462,30
18463,1
18464,31
18465,0
18466,20
18467,19
18468,34
18469,24
18470,31
18471,15
18472,20
18473,24
18474,30
18475,47
18476,110
18477,76
18478,24
18479,4
18480,13
18481,16
18482,24
18483,6
18484,13
18485,17
18486,2
18487,25
18488,29
18489,25
18490,48
18491,16
18492,27
18493,4
18494,16
18495,0
18496,321
18497,107
18498,35
18499,23
18500,30
18501,35
18502,23
18503,39
18504,41
18505,42
18506,41
18507,0
18508,1
18509,0
18510,0
18511,0
18512,0
18513,0
18514,1
18515,0
18516,0
18517,0
18518,0
18519,0
18520,0
18521,0
18522,0
18523,0
18524,11
18525,0
18526,11
18527,1
18528,5
18529,22
18530,28
18531,39
18532,29
18533,22
18534,3
18535,22
18536,154
18537,0
18538,3
18539,70
18540,23
18541,50
18542,0
18543,31
18544,23
18545,21
18546,26
18547,24
18548,0
18549,27
18550,3
18551,34
18552,29
18553,0
18554,6
18555,22
18556,17
18557,20
18558,0
18559,47
18560,23
18561,27
18562,32
18563,13
18564,30
18565,30
18566,1
18567,22
18568,36
18569,0
18570,30
18571,104
18572,29
18573,31
18574,10
18575,0
18576,18
18577,43
18578,32
18579,29
18580,22
18581,0
18582,30
18583,23
18584,7
18585,30
18586,31
18587,10
18588,26
18589,14
18590,25
18591,16
18592,25
18593,44
18594,279
18595,26
18596,126
18597,111
18598,36
18599,36
18600,33
18601,21
18602,0
18603,27
18604,12
18605,21
18606,17
18607,18
18608,17
18609,32
18610,21
18611,30
18612,0
18613,13
18614,27
18615,37
18616,11
18617,44
18618,6
18619,31
18620,16
18621,68
18622,16
18623,160
18624,0
18625,74
18626,75
18627,5
18628,65
18629,9
18630,27
18631,23
18632,19
18633,20
18634,0
18635,13
18636,17
18637,36
18638,38
18639,2
18640,2
18641,9
18642,29
18643,36
18644,9
18645,209
18646,0
18647,2
18648,0
18649,0
18650,0
18651,0
18652,0
18653,0
18654,11
18655,0
18656,2
18657,26
18658,1
18659,2
18660,8
18661,0
18662,14
18663,26
18664,0
18665,40
18666,38
18667,8
18668,40
18669,12
18670,12
18671,12
18672,10
18673,12
18674,23
18675,12
18676,79
18677,25
18678,30
18679,40
18680,0
18681,0
18682,14
18683,9
18684,1
18685,3
18686,0
18687,0
18688,0
18689,1
18690,0
18691,17
18692,0
18693,18
18694,13
18695,13
18696,13
18697,0
18698,8
18699,21
18700,31
18701,0
18702,26
18703,15
18704,0
18705,0
18706,0
18707,0
18708,0
18709,0
18710,0
18711,0
18712,0
18713,0
18714,0
18715,1
18716,3
18717,1
18718,0
18719,0
18720,0
18721,0
18722,0
18723,0
18724,0
18725,3
18726,7
18727,0
18728,3
18729,2
18730,6
18731,3
18732,4
18733,0
18734,19
18735,5
18736,19
18737,1
18738,0
18739,2
18740,0
18741,0
18742,0
18743,2
18744,0
18745,2
18746,1
18747,0
18748,0
18749,0
18750,0
18751,0
18752,0
18753,24
18754,20
18755,12
18756,10
18757,15
18758,14
18759,1
18760,0
18761,1
18762,0
18763,61
18764,19
18765,15
18766,15
18767,11
18768,1
18769,12
18770,22
18771,0
18772,0
18773,0
18774,5
18775,0
18776,0
18777,1
18778,45
18779,30
18780,30
18781,18
18782,37
18783,2
18784,7
18785,3
18786,0
18787,6
18788,8
18789,2
18790,20
18791,21
18792,15
18793,4
18794,9
18795,10
18796,4
18797,24
18798,5
18799,18
18800,0
18801,0
18802,17
18803,13
18804,16
18805,2
18806,13
18807,0
18808,10
18809,13
18810,0
18811,8
18812,7
18813,9
18814,11
18815,4
18816,9
18817,8
18818,10
18819,6
18820,21
18821,7
18822,6
18823,3
18824,10
18825,10
18826,9
18827,1
18828,9
18829,9
18830,5
18831,0
18832,0
18833,16
18834,22
18835,16
18836,16
18837,37
18838,0
18839,0
18840,0
18841,0
18842,0
18843,0
18844,0
18845,0
18846,13
18847,44
18848,20
18849,24
18850,52
18851,26
18852,44
18853,22
18854,69
18855,26
18856,40
18857,0
18858,0
18859,0
18860,296
18861,0
18862,40
18863,20
18864,0
18865,37
18866,20
18867,16
18868,12
18869,21
18870,32
18871,29
18872,23
18873,5
18874,34
18875,0
18876,27
18877,49
18878,22
18879,43
18880,34
18881,11
18882,4
18883,0
18884,0
18885,7
18886,14
18887,5
18888,16
18889,21
18890,18
18891,8
18892,2
18893,8
18894,0
18895,0
18896,54
18897,56
18898,23
18899,84
18900,9
18901,7
18902,45
18903,24
18904,17
18905,3
18906,0
18907,0
18908,14
18909,0
18910,0
18911,0
18912,0
18913,0
18914,25
18915,233
18916,30
18917,14
18918,36
18919,23
18920,12
18921,30
18922,12
18923,12
18924,12
18925,0
18926,0
18927,0
18928,0
18929,16
18930,22
18931,27
18932,9
18933,5
18934,7
18935,24
18936,39
18937,29
18938,35
18939,1
18940,4
18941,6
18942,1
18943,0
18944,0
18945,0
18946,0
18947,0
18948,0
18949,0
18950,0
18951,0
18952,0
18953,14
18954,0
18955,0
18956,0
18957,0
18958,0
18959,0
18960,0
18961,1
18962,0
18963,25
18964,9
18965,0
18966,9
18967,9
18968,287
18969,417
18970,12
18971,50
18972,15
18973,23
18974,12
18975,5
18976,13
18977,11
18978,30
18979,35
18980,11
18981,30
18982,20
18983,24
18984,24
18985,33
18986,11
18987,36
18988,68
18989,248
18990,4
18991,5
18992,11
18993,43
18994,41
18995,4
18996,10
18997,21
18998,0
18999,1
19000,1
19001,2
19002,0
19003,0
19004,0
19005,0
19006,0
19007,0
19008,1
19009,0
19010,0
19011,0
19012,0
19013,0
19014,0
19015,0
19016,0
19017,0
19018,0
19019,0
19020,0
19021,34
19022,0
19023,0
19024,19
19025,62
19026,26
19027,31
19028,31
19029,13
19030,0
19031,18
19032,31
19033,22
19034,31
19035,49
19036,98
19037,16
19038,162
19039,18
19040,27
19041,54
19042,24
19043,9
19044,37
19045,38
19046,16
19047,34
19048,35
19049,34
19050,42
19051,19
19052,22
19053,22
19054,39
19055,20
19056,27
19057,17
19058,25
19059,6
19060,16
19061,16
19062,16
19063,11
19064,0
19065,0
19066,0
19067,24
19068,0
19069,74
19070,5
19071,0
19072,0
19073,38
19074,25
19075,0
19076,0
19077,0
19078,1
19079,0
19080,0
19081,0
19082,0
19083,0
19084,0
19085,0
19086,0
19087,0
19088,0
19089,0
19090,0
19091,0
19092,3
19093,0
19094,0
19095,0
19096,3
19097,8
19098,12
19099,6
19100,11
19101,154
19102,51
19103,1
19104,14
19105,21
19106,13
19107,13
19108,14
19109,9
19110,29
19111,15
19112,36
19113,8
19114,30
19115,15
19116,13
19117,275
19118,15
19119,18
19120,1
19121,19
19122,17
19123,24
19124,19
19125,21
19126,27
19127,23
19128,31
19129,20
19130,17
19131,42
19132,24
19133,22
19134,25
19135,33
19136,19
19137,51
19138,3
19139,62
19140,12
19141,10
19142,37
19143,16
19144,23
19145,24
19146,31
19147,15
19148,16
19149,15
19150,14
19151,24
19152,7
19153,16
19154,0
19155,0
19156,7
19157,0
19158,0
19159,0
19160,21
19161,7
19162,7
19163,4
19164,16
19165,31
19166,47
19167,26
19168,85
19169,26
19170,13
19171,5
19172,11
19173,93
19174,6
19175,4
19176,9
19177,22
19178,36
19179,17
19180,10
19181,3
19182,410
19183,0
19184,0
19185,23
19186,0
19187,16
19188,49
19189,36
19190,8
19191,24
19192,0
19193,0
19194,5
19195,8
19196,36
19197,32
19198,8
19199,6
19200,54
19201,9
19202,111
19203,8
19204,49
19205,9
19206,1
19207,27
19208,30
19209,21
19210,12
19211,35
19212,13
19213,12
19214,6
19215,0
19216,5
19217,0
19218,0
19219,0
19220,0
19221,6
19222,6
19223,2
19224,3
19225,7
19226,5
19227,9
19228,7
19229,6
19230,16
19231,4
19232,1
19233,1
19234,3
19235,0
19236,4
19237,32
19238,26
19239,13
19240,15
19241,8
19242,0
19243,0
19244,3
19245,1
19246,0
19247,0
19248,2
19249,0
19250,0
19251,0
19252,2
19253,5
19254,0
19255,22
19256,0
19257,5
19258,0
19259,4
19260,0
19261,0
19262,0
19263,0
19264,0
19265,0
19266,0
19267,0
19268,31
19269,6
19270,11
19271,192
19272,11
19273,30
19274,0
19275,134
19276,0
19277,18
19278,283
19279,22
19280,122
19281,13
19282,29
19283,24
19284,24
19285,23
19286,17
19287,29
19288,10
19289,13
19290,20
19291,24
19292,20
19293,41
19294,0
19295,0
19296,0
19297,0
19298,0
19299,0
19300,25
19301,25
19302,0
19303,27
19304,0
19305,0
19306,0
19307,2
19308,7
19309,0
19310,0
19311,2
19312,9
19313,18
19314,0
19315,0
19316,0
19317,8
19318,39
19319,21
19320,13
19321,0
19322,0
19323,0
19324,0
19325,0
19326,34
19327,0
19328,0
19329,0
19330,0
19331,0
19332,0
19333,0
19334,0
19335,0
19336,0
19337,0
19338,0
19339,0
19340,0
19341,0
19342,0
19343,0
19344,0
19345,0
19346,0
19347,0
19348,221
19349,21
19350,35
19351,14
19352,17
19353,7
19354,24
19355,0
19356,1
19357,0
19358,0
19359,0
19360,0
19361,0
19362,0
19363,11
19364,41
19365,14
19366,20
19367,23
19368,28
19369,23
19370,12
19371,41
19372,24
19373,12
19374,28
19375,2
19376,12
19377,8
19378,15
19379,24
19380,19
19381,19
19382,20
19383,16
19384,27
19385,22
19386,25
19387,18
19388,43
19389,48
19390,34
19391,6
19392,0
19393,8
19394,2
19395,3
19396,2
19397,2
19398,0
19399,13
19400,41
19401,27
19402,62
19403,30
19404,23
19405,102
19406,31
19407,17
19408,21
19409,24
19410,24
19411,312
19412,7
19413,0
19414,0
19415,25
19416,19
19417,57
19418,87
19419,12
19420,29
19421,13
19422,26
19423,16
19424,0
19425,0
19426,0
19427,4
19428,6
19429,0
19430,1
19431,0
19432,1
19433,2
19434,0
19435,1
19436,0
19437,96
19438,0
19439,0
19440,2
19441,2
19442,0
19443,0
19444,5
19445,0
19446,8
19447,8
19448,8
19449,114
19450,10
19451,34
19452,39
19453,71
19454,16
19455,21
19456,19
19457,10
19458,0
19459,31
19460,8
19461,50
19462,14
19463,20
19464,68
19465,13
19466,14
19467,14
19468,14
19469,27
19470,14
19471,16
19472,10
19473,69
19474,58
19475,14
19476,18
19477,14
19478,14
19479,40
19480,13
19481,33
19482,36
19483,9
19484,0
19485,4
19486,18
19487,1
19488,0
19489,145
19490,22
19491,5
19492,0
19493,0
19494,19
19495,17
19496,18
19497,1
19498,0
19499,0
19500,19
19501,18
19502,0
19503,0
19504,11
19505,26
19506,23
19507,27
19508,14
19509,17
19510,14
19511,14
19512,11
19513,12
19514,0
19515,0
19516,11
19517,15
19518,16
19519,17
19520,26
19521,45
19522,28
19523,24
19524,46
19525,25
19526,18
19527,3
19528,129
19529,18
19530,18
19531,0
19532,44
19533,14
19534,0
19535,8
19536,570
19537,0
19538,0
19539,55
19540,21
19541,18
19542,16
19543,26
19544,42
19545,45
19546,8
19547,4
19548,9
19549,0
19550,1
19551,1
19552,21
19553,0
19554,0
19555,19
19556,0
19557,1
19558,4
19559,0
19560,17
19561,12
19562,6
19563,23
19564,8
19565,12
19566,20
19567,12
19568,4
19569,15
19570,31
19571,0
19572,8
19573,24
19574,25
19575,0
19576,0
19577,46
19578,3
19579,0
19580,0
19581,14
19582,16
19583,184
19584,52
19585,9
19586,40
19587,48
19588,16
19589,49
19590,22
19591,256
19592,28
19593,15
19594,15
19595,49
19596,10
19597,23
19598,0
19599,0
19600,0
19601,0
19602,2
19603,0
19604,0
19605,0
19606,0
19607,0
19608,1
19609,0
19610,0
19611,0
19612,0
19613,5
19614,0
19615,0
19616,3
19617,1
19618,1
19619,2
19620,0
19621,1
19622,0
19623,1
19624,0
19625,0
19626,0
19627,0
19628,0
19629,0
19630,0
19631,27
19632,0
19633,0
19634,0
19635,20
19636,22
19637,22
19638,26
19639,17
19640,24
19641,0
19642,0
19643,23
19644,0
19645,0
19646,0
19647,0
19648,0
19649,111
19650,0
19651,106
19652,0
19653,6
19654,14
19655,9
19656,0
19657,1
19658,17
19659,0
19660,10
19661,1
19662,237
19663,0
19664,0
19665,0
19666,0
19667,0
19668,0
19669,0
19670,0
19671,0
19672,0
19673,78
19674,18
19675,32
19676,24
19677,47
19678,30
19679,0
19680,97
19681,175
19682,0
19683,0
19684,0
19685,0
19686,0
19687,0
19688,0
19689,0
19690,0
19691,1
19692,0
19693,0
19694,0
19695,54
19696,0
19697,4
19698,4
19699,0
19700,4
19701,6
19702,4
19703,0
19704,0
19705,0
19706,0
19707,0
19708,0
19709,0
19710,0
19711,0
19712,0
19713,0
19714,0
19715,0
19716,0
19717,0
19718,0
19719,0
19720,0
19721,0
19722,0
19723,0
19724,0
19725,0
19726,0
19727,0
19728,0
19729,0
19730,5
19731,0
19732,2
19733,0
19734,15
19735,0
19736,3
19737,15
19738,22
19739,37
19740,0
19741,0
19742,32
19743,0
19744,81
19745,49
19746,1
19747,16
19748,13
19749,12
19750,0
19751,13
19752,18
19753,6
19754,43
19755,0
19756,0
19757,7
19758,1
19759,0
19760,0
19761,0
19762,0
19763,0
19764,2
19765,0
19766,0
19767,0
19768,0
19769,3
19770,0
19771,1
19772,0
19773,1
19774,0
19775,1
19776,2
19777,5
19778,0
19779,0
19780,0
19781,0
19782,0
19783,0
19784,0
19785,0
19786,1
19787,0
19788,0
19789,0
19790,0
19791,0
19792,0
19793,0
19794,0
19795,0
19796,0
19797,0
19798,0
19799,0
19800,0
19801,0
19802,0
19803,2
19804,2
19805,0
19806,0
19807,0
19808,1
19809,0
19810,0
19811,0
19812,0
19813,2
19814,0
19815,0
19816,8
19817,0
19818,3
19819,0
19820,0
19821,0
19822,0
19823,0
19824,0
19825,2
19826,47
19827,1
19828,0
19829,86
19830,41
19831,56
19832,4
19833,37
19834,0
19835,24
19836,11
19837,35
19838,45
19839,133
19840,0
19841,0
19842,159
19843,0
19844,0
19845,0
19846,0
19847,0
19848,0
19849,0
19850,550
19851,4
19852,0
19853,0
19854,0
19855,5
19856,1
19857,38
19858,45
19859,16
19860,4
19861,25
19862,0
19863,25
19864,36
19865,4
19866,18
19867,6
19868,33
19869,18
19870,14
19871,28
19872,41
19873,27
19874,5
19875,21
19876,0
19877,0
19878,8
19879,11
19880,0
19881,10
19882,0
19883,16
19884,4
19885,4
19886,4
19887,0
19888,4
19889,0
19890,12
19891,0
19892,5
19893,4
19894,4
19895,31
19896,2
19897,2
19898,6
19899,2
19900,0
19901,1
19902,0
19903,39
19904,13
19905,15
19906,10
19907,34
19908,18
19909,41
19910,9
19911,111
19912,13
19913,3
19914,14
19915,13
19916,16
19917,12
19918,0
19919,0
19920,0
19921,2
19922,0
19923,2
19924,9
19925,45
19926,14
19927,1035
19928,25
19929,7
19930,16
19931,0
19932,15
19933,0
19934,7
19935,2
19936,0
19937,1
19938,1
19939,0
19940,113
19941,20
19942,39
19943,12
19944,15
19945,20
19946,41
19947,21
19948,25
19949,38
19950,27
19951,14
19952,12
19953,11
19954,12
19955,24
19956,22
19957,21
19958,20
19959,20
19960,7
19961,15
19962,95
19963,71
19964,7
19965,18
19966,28
19967,5
19968,20
19969,7
19970,0
19971,0
19972,0
19973,0
19974,0
19975,0
19976,1
19977,1
19978,1
19979,0
19980,0
19981,0
19982,0
19983,0
19984,0
19985,0
19986,0
19987,128
19988,0
19989,0
19990,0
19991,0
19992,0
19993,2
19994,0
19995,0
19996,0
19997,0
19998,0
19999,0
20000,11
20001,0
20002,0
20003,1
20004,1
20005,1
20006,0
20007,1
20008,0
20009,0
20010,0
20011,0
20012,0
20013,0
20014,0
20015,0
20016,0
20017,0
20018,0
20019,0
20020,0
20021,0
20022,0
20023,0
20024,0
20025,0
20026,0
20027,0
20028,0
20029,0
20030,0
20031,0
20032,0
20033,0
20034,0
20035,0
20036,0
20037,0
20038,0
20039,0
20040,0
20041,30
20042,115
20043,0
20044,22
20045,0
20046,0
20047,0
20048,0
20049,0
20050,0
20051,0
20052,15
20053,32
20054,12
20055,1
20056,17
20057,22
20058,25
20059,17
20060,21
20061,22
20062,6
20063,63
20064,3
20065,8
20066,4
20067,8
20068,23
20069,22
20070,8
20071,18
20072,28
20073,8
20074,15
20075,0
20076,123
20077,0
20078,58
20079,7
20080,24
20081,14
20082,18
20083,8
20084,11
20085,37
20086,8
20087,0
20088,0
20089,0
20090,0
20091,0
20092,0
20093,0
20094,0
20095,0
20096,0
20097,0
20098,0
20099,0
20100,0
20101,0
20102,0
20103,0
20104,0
20105,0
20106,0
20107,0
20108,22
20109,0
20110,0
20111,0
20112,38
20113,101
20114,10
20115,55
20116,8
20117,30
20118,15
20119,57
20120,0
20121,0
20122,8
20123,14
20124,7
20125,10
20126,9
20127,73
20128,14
20129,20
20130,0
20131,0
20132,14
20133,0
20134,2
20135,10
20136,0
20137,18
20138,0
20139,15
20140,0
20141,50
20142,14
20143,0
20144,9
20145,0
20146,0
20147,15
20148,0
20149,0
20150,0
20151,0
20152,1
20153,0
20154,8
20155,0
20156,32
20157,0
20158,1
20159,31
20160,64
20161,117
20162,87
20163,19
20164,46
20165,0
20166,17
20167,14
20168,14
20169,16
20170,14
20171,8
20172,19
20173,16
20174,19
20175,8
20176,17
20177,0
20178,17
20179,0
20180,6
20181,5
20182,15
20183,0
20184,1
20185,0
20186,0
20187,0
20188,45
20189,4
20190,29
20191,22
20192,4
20193,45
20194,12
20195,30
20196,12
20197,4
20198,19
20199,61
20200,8
20201,6
20202,21
20203,15
20204,0
20205,241
20206,16
20207,0
20208,0
20209,0
20210,70
20211,74
20212,155
20213,7
20214,0
20215,0
20216,0
20217,0
20218,0
20219,82
20220,0
20221,0
20222,1
20223,1
20224,0
20225,5
20226,42
20227,0
20228,23
20229,3
20230,12
20231,21
20232,9
20233,19
20234,5
20235,59
20236,24
20237,22
20238,10
20239,70
20240,44
20241,0
20242,0
20243,0
20244,0
20245,0
20246,0
20247,1
20248,0
20249,160
20250,3
20251,7
20252,5
20253,4
20254,7
20255,0
20256,2
20257,7
20258,11
20259,6
20260,53
20261,6
20262,63
20263,4
20264,41
20265,20
20266,4
20267,4
20268,0
20269,21
20270,18
20271,44
20272,14
20273,30
20274,45
20275,45
20276,18
20277,15
20278,18
20279,64
20280,50
20281,49
20282,38
20283,13
20284,57
20285,9
20286,23
20287,50
20288,13
20289,34
20290,16
20291,33
20292,147
20293,193
20294,16
20295,18
20296,15
20297,16
20298,17
20299,23
20300,14
20301,5
20302,41
20303,10
20304,13
20305,11
20306,11
20307,55
20308,15
20309,34
20310,0
20311,9
20312,13
20313,7
20314,9
20315,10
20316,0
20317,4
20318,17
20319,25
20320,9
20321,2
20322,0
20323,14
20324,10
20325,0
20326,8
20327,29
20328,26
20329,12
20330,7
20331,7
20332,5
20333,27
20334,17
20335,6
20336,0
20337,0
20338,5
20339,3
20340,5
20341,3
20342,0
20343,6
20344,10
20345,17
20346,10
20347,11
20348,15
20349,13
20350,2
20351,9
20352,27
20353,7
20354,16
20355,3
20356,12
20357,2
20358,30
20359,26
20360,10
20361,30
20362,68
20363,1
20364,6
20365,19
20366,39
20367,11
20368,17
20369,5
20370,8
20371,11
20372,1
20373,1
20374,3
20375,2
20376,32
20377,18
20378,16
20379,0
20380,0
20381,1
20382,0
20383,198
20384,0
20385,13
20386,35
20387,100
20388,19
20389,13
20390,25
20391,33
20392,14
20393,5
20394,4
20395,4
20396,124
20397,8
20398,1
20399,0
20400,2
20401,1
20402,11
20403,0
20404,365
20405,6
20406,20
20407,32
20408,59
20409,42
20410,0
20411,30
20412,20
20413,25
20414,20
20415,20
20416,20
20417,20
20418,44
20419,20
20420,21
20421,21
20422,2
20423,10
20424,20
20425,6
20426,2
20427,13
20428,9
20429,14
20430,2
20431,0
20432,0
20433,2
20434,3
20435,8
20436,2
20437,14
20438,73
20439,13
20440,16
20441,0
20442,9
20443,0
20444,0
20445,1
20446,4
20447,6
20448,9
20449,0
20450,3
20451,27
20452,15
20453,0
20454,20
20455,16
20456,7
20457,28
20458,9
20459,0
20460,7
20461,0
20462,0
20463,7
20464,6
20465,11
20466,1
20467,24
20468,9
20469,17
20470,8
20471,4
20472,4
20473,26
20474,0
20475,39
20476,13
20477,13
20478,15
20479,29
20480,17
20481,10
20482,2
20483,6
20484,6
20485,0
20486,5
20487,11
20488,16
20489,4
20490,9
20491,6
20492,9
20493,1
20494,1
20495,5
20496,2
20497,2
20498,3
20499,1
20500,19
20501,7
20502,0
20503,12
20504,10
20505,20
20506,10
20507,2
20508,25
20509,9
20510,1
20511,29
20512,12
20513,4
20514,16
20515,41
20516,30
20517,146
20518,9
20519,7
20520,25
20521,1
20522,0
20523,0
20524,0
20525,0
20526,0
20527,1
20528,2
20529,3
20530,9
20531,3
20532,14
20533,5
20534,9
20535,113
20536,0
20537,19
20538,0
20539,8
20540,20
20541,19
20542,3
20543,6
20544,9
20545,16
20546,3
20547,8
20548,26
20549,4
20550,1
20551,81
20552,33
20553,14
20554,23
20555,3
20556,3
20557,0
20558,3
20559,22
20560,10
20561,1
20562,16
20563,4
20564,2
20565,8
20566,0
20567,19
20568,27
20569,7
20570,11
20571,3
20572,1
20573,13
20574,182
20575,15
20576,70
20577,10
20578,1
20579,113
20580,6
20581,5
20582,1
20583,7
20584,9
20585,3
20586,47
20587,11
20588,4
20589,167
20590,1
20591,250
20592,6
20593,6
20594,3
20595,10
20596,7
20597,13
20598,7
20599,1
20600,10
20601,20
20602,6
20603,18
20604,14
20605,6
20606,0
20607,16
20608,5
20609,2
20610,0
20611,2
20612,24
20613,0
20614,1
20615,19
20616,1
20617,2
20618,20
20619,22
20620,3
20621,0
20622,8
20623,0
20624,0
20625,5
20626,23
20627,21
20628,15
20629,27
20630,39
20631,7
20632,9
20633,23
20634,10
20635,26
20636,14
20637,10
20638,26
20639,16
20640,10
20641,15
20642,9
20643,6
20644,18
20645,28
20646,8
20647,0
20648,15
20649,6
20650,7
20651,22
20652,11
20653,16
20654,12
20655,22
20656,11
20657,16
20658,35
20659,0
20660,2
20661,26
20662,17
20663,12
20664,31
20665,36
20666,12
20667,14
20668,17
20669,0
20670,46
20671,14
20672,0
20673,35
20674,48
20675,22
20676,36
20677,0
20678,0
20679,23
20680,0
20681,52
20682,40
20683,18
20684,11
20685,15
20686,17
20687,11
20688,0
20689,20
20690,37
20691,0
20692,0
20693,16
20694,0
20695,20
20696,18
20697,0
20698,31
20699,12
20700,0
20701,32
20702,60
20703,29
20704,4
20705,11
20706,8
20707,24
20708,11
20709,12
20710,4
20711,42
20712,0
20713,3
20714,10
20715,5
20716,2
20717,28
20718,168
20719,23
20720,8
20721,9
20722,12
20723,36
20724,0
20725,0
20726,0
20727,0
20728,0
20729,0
20730,0
20731,10
20732,2
20733,0
20734,0
20735,0
20736,6
20737,0
20738,0
20739,0
20740,1
20741,0
20742,0
20743,3
20744,2
20745,86
20746,5
20747,2
20748,6
20749,2
20750,3
20751,7
20752,4
20753,0
20754,1
20755,0
20756,54
20757,0
20758,0
20759,1
20760,7
20761,3
20762,0
20763,7
20764,11
20765,7
20766,0
20767,0
20768,6
20769,0
20770,2
20771,20
20772,3
20773,8
20774,10
20775,9
20776,0
20777,0
20778,6
20779,3
20780,39
20781,5
20782,0
20783,0
20784,3
20785,0
20786,0
20787,7
20788,0
20789,0
20790,0
20791,1
20792,7
20793,16
20794,8
20795,13
20796,19
20797,10
20798,3
20799,6
20800,5
20801,2
20802,2
20803,3
20804,4
20805,5
20806,0
20807,2
20808,5
20809,6
20810,16
20811,0
20812,0
20813,5
20814,1
20815,3
20816,2
20817,1
20818,12
20819,2
20820,46
20821,16
20822,12
20823,10
20824,10
20825,10
20826,3
20827,0
20828,10
20829,10
20830,5
20831,10
20832,310
20833,10
20834,32
20835,10
20836,53
20837,20
20838,34
20839,43
20840,19
20841,25
20842,16
20843,0
20844,17
20845,33
20846,8
20847,14
20848,26
20849,8
20850,2
20851,0
20852,0
20853,16
20854,31
20855,0
20856,26
20857,27
20858,19
20859,19
20860,15
20861,31
20862,75
20863,57
20864,27
20865,27
20866,7
20867,15
20868,162
20869,46
20870,23
20871,35
20872,35
20873,23
20874,23
20875,19
20876,16
20877,0
20878,97
20879,17
20880,15
20881,15
20882,0
20883,11
20884,214
20885,8
20886,0
20887,1
20888,1
20889,0
20890,0
20891,2
20892,3
20893,0
20894,1
20895,6
20896,0
20897,2
20898,4
20899,12
20900,2
20901,0
20902,0
20903,3
20904,0
20905,11
20906,2
20907,2
20908,8
20909,1
20910,13
20911,72
20912,11
20913,0
20914,0
20915,0
20916,3
20917,6
20918,13
20919,4
20920,11
20921,3
20922,12
20923,6
20924,3
20925,0
20926,1
20927,2
20928,12
20929,4
20930,3
20931,3
20932,10
20933,3
20934,3
20935,6
20936,4
20937,2
20938,0
20939,0
20940,0
20941,87
20942,2
20943,0
20944,134
20945,0
20946,0
20947,1
20948,1
20949,1
20950,3
20951,12
20952,1
20953,5
20954,0
20955,5
20956,15
20957,22
20958,3
20959,3
20960,0
20961,25
20962,4
20963,0
20964,3
20965,110
20966,43
20967,16
20968,7
20969,31
20970,22
20971,16
20972,14
20973,16
20974,0
20975,8
20976,18
20977,64
20978,18
20979,3
20980,8
20981,47
20982,16
20983,29
20984,36
20985,6
20986,30
20987,10
20988,2
20989,4
20990,0
20991,4
20992,6
20993,9
20994,9
20995,18
20996,4
20997,10
20998,18
20999,206
21000,56
21001,17
21002,36
21003,0
21004,7
21005,0
21006,22
21007,18
21008,19
21009,16
21010,22
21011,18
21012,76
21013,17
21014,106
21015,8
21016,16
21017,19
21018,8
21019,17
21020,8
21021,186
21022,5
21023,14
21024,8
21025,16
21026,7
21027,3
21028,27
21029,4
21030,5
21031,0
21032,8
21033,0
21034,15
21035,5
21036,11
21037,3
21038,36
21039,1
21040,7
21041,3
21042,4
21043,2
21044,0
21045,1
21046,3
21047,2
21048,5
21049,0
21050,0
21051,7
21052,0
21053,0
21054,0
21055,6
21056,6
21057,0
21058,16
21059,14
21060,32
21061,7
21062,14
21063,9
21064,6
21065,16
21066,14
21067,14
21068,16
21069,0
21070,34
21071,3
21072,14
21073,14
21074,15
21075,23
21076,17
21077,14
21078,27
21079,13
21080,14
21081,14
21082,0
21083,2
21084,4
21085,0
21086,20
21087,0
21088,4
21089,6
21090,0
21091,0
21092,19
21093,27
21094,15
21095,6
21096,172
21097,110
21098,15
21099,20
21100,14
21101,12
21102,24
21103,24
21104,2
21105,17
21106,2
21107,0
21108,2
21109,0
21110,0
21111,0
21112,13
21113,2
21114,0
21115,2
21116,0
21117,0
21118,1
21119,0
21120,11
21121,48
21122,24
21123,1
21124,6
21125,13
21126,9
21127,0
21128,0
21129,0
21130,0
21131,67
21132,16
21133,44
21134,10
21135,13
21136,24
21137,23
21138,20
21139,17
21140,20
21141,10
21142,45
21143,20
21144,20
21145,20
21146,32
21147,79
21148,21
21149,186
21150,12
21151,106
21152,22
21153,14
21154,8
21155,13
21156,13
21157,8
21158,4
21159,35
21160,22
21161,22
21162,90
21163,22
21164,18
21165,18
21166,28
21167,28
21168,22
21169,136
21170,0
21171,46
21172,0
21173,0
21174,0
21175,0
21176,19
21177,15
21178,25
21179,19
21180,13
21181,19
21182,10
21183,20
21184,33
21185,30
21186,0
21187,4
21188,0
21189,0
21190,1
21191,5
21192,0
21193,5
21194,4
21195,6
21196,14
21197,1
21198,1
21199,2
21200,2
21201,2
21202,3
21203,0
21204,0
21205,19
21206,0
21207,1
21208,28
21209,24
21210,45
21211,20
21212,1
21213,4
21214,0
21215,0
21216,0
21217,171
21218,0
21219,0
21220,0
21221,0
21222,0
21223,0
21224,0
21225,0
21226,0
21227,0
21228,0
21229,0
21230,0
21231,72
21232,0
21233,0
21234,20
21235,13
21236,17
21237,3
21238,15
21239,2
21240,0
21241,0
21242,0
21243,14
21244,4
21245,0
21246,0
21247,0
21248,0
21249,0
21250,5
21251,0
21252,1
21253,15
21254,26
21255,22
21256,0
21257,19
21258,14
21259,11
21260,26
21261,34
21262,27
21263,29
21264,40
21265,11
21266,17
21267,26
21268,18
21269,29
21270,30
21271,6
21272,9
21273,0
21274,15
21275,38
21276,5
21277,33
21278,22
21279,14
21280,26
21281,32
21282,26
21283,2
21284,0
21285,15
21286,79
21287,14
21288,0
21289,0
21290,0
21291,23
21292,3
21293,6
21294,31
21295,24
21296,11
21297,42
21298,19
21299,21
21300,0
21301,0
21302,0
21303,2
21304,0
21305,0
21306,0
21307,0
21308,0
21309,0
21310,0
21311,4
21312,0
21313,0
21314,0
21315,0
21316,0
21317,1
21318,0
21319,0
21320,0
21321,1
21322,0
21323,0
21324,0
21325,0
21326,0
21327,0
21328,0
21329,2
21330,0
21331,0
21332,0
21333,0
21334,0
21335,52
21336,0
21337,0
21338,0
21339,0
21340,0
21341,15
21342,0
21343,0
21344,0
21345,0
21346,0
21347,2
21348,21
21349,0
21350,72
21351,0
21352,3
21353,0
21354,0
21355,0
21356,0
21357,0
21358,0
21359,0
21360,3
21361,0
21362,9
21363,0
21364,0
21365,0
21366,0
21367,0
21368,0
21369,0
21370,0
21371,0
21372,8
21373,0
21374,0
21375,0
21376,7
21377,0
21378,100
21379,23
21380,72
21381,0
21382,24
21383,0
21384,9
21385,151
21386,155
21387,14
21388,26
21389,0
21390,0
21391,84
21392,0
21393,0
21394,0
21395,0
21396,0
21397,0
21398,32
21399,92
21400,63
21401,36
21402,233
21403,36
21404,14
21405,0
21406,0
21407,29
21408,3
21409,21
21410,0
21411,0
21412,0
21413,0
21414,23
21415,74
21416,4
21417,2
21418,0
21419,1
21420,16
21421,3
21422,78
21423,48
21424,0
21425,3
21426,0
21427,0
21428,0
21429,0
21430,0
21431,57
21432,2
21433,0
21434,0
21435,0
21436,0
21437,0
21438,0
21439,0
21440,0
21441,1
21442,26
21443,0
21444,1
21445,3
21446,0
21447,0
21448,0
21449,0
21450,6
21451,0
21452,0
21453,1
21454,0
21455,1
21456,0
21457,0
21458,0
21459,2
21460,109
21461,60
21462,1
21463,20
21464,0
21465,0
21466,82
21467,0
21468,21
21469,18
21470,2
21471,1
21472,0
21473,0
21474,11
21475,0
21476,1
21477,1
21478,0
21479,0
21480,56
21481,0
21482,0
21483,12
21484,85
21485,0
21486,175
21487,0
21488,3
21489,0
21490,0
21491,28
21492,0
21493,0
21494,77
21495,59
21496,0
21497,4
21498,0
21499,120
21500,0
21501,0
21502,4
21503,0
21504,0
21505,119
21506,0
21507,0
21508,0
21509,20
21510,0
21511,0
21512,206
21513,51
21514,0
21515,0
21516,14
21517,16
21518,0
21519,1
21520,0
21521,0
21522,0
21523,0
21524,0
21525,0
21526,5
21527,0
21528,59
21529,2
21530,14
21531,0
21532,1
21533,0
21534,0
21535,0
21536,100
21537,0
21538,0
21539,32
21540,2
21541,58
21542,5
21543,11
21544,37
21545,41
21546,0
21547,0
21548,2
21549,23
21550,5
21551,0
21552,30
21553,1
21554,15
21555,1
21556,0
21557,4
21558,0
21559,18
21560,0
21561,47
21562,0
21563,0
21564,0
21565,0
21566,11
21567,6
21568,0
21569,0
21570,387
21571,42
21572,23
21573,554
21574,125
21575,270
21576,87
21577,0
21578,53
21579,1
21580,19
21581,12
21582,0
21583,332
21584,79
21585,219
21586,17
21587,0
21588,53
21589,16
21590,37
21591,13
21592,45
21593,64
21594,0
21595,144
21596,71
21597,41
21598,4
21599,0
21600,22
21601,0
21602,82
21603,23
21604,0
21605,53
21606,0
21607,259
21608,74
21609,9
21610,22
21611,19
21612,56
21613,29
21614,13
21615,57
21616,274
21617,69
21618,197
21619,34
21620,25
21621,78
21622,29
21623,119
21624,136
21625,53
21626,251
21627,63
21628,137
21629,63
21630,16
21631,368
21632,21
21633,58
21634,64
21635,0
21636,0
21637,100
21638,24
21639,23
21640,19
21641,111
21642,0
21643,2
21644,10
21645,194
21646,169
21647,66
21648,182
21649,31
21650,4
21651,188
21652,111
21653,32
21654,62
21655,8
21656,67
21657,0
21658,5
21659,71
21660,88
21661,16
21662,58
21663,0
21664,44
21665,198
21666,59
21667,1
21668,2
21669,18
21670,214
21671,38
21672,225
21673,26
21674,167
21675,5
21676,52
21677,0
21678,32
21679,40
21680,12
21681,15
21682,23
21683,79
21684,0
21685,0
21686,0
21687,36
21688,25
21689,187
21690,3
21691,25
21692,0
21693,10
21694,0
21695,143
21696,36
21697,107
21698,207
21699,112
21700,222
21701,208
21702,226
21703,0
21704,11
21705,3
21706,5
21707,0
21708,11
21709,140
21710,0
21711,0
21712,6
21713,247
21714,59
21715,0
21716,252
21717,0
21718,56
21719,1
21720,0
21721,0
21722,0
21723,18
21724,92
21725,51
21726,31
21727,60
21728,129
21729,0
21730,105
21731,89
21732,106
21733,184
21734,1
21735,26
21736,33
21737,2
21738,0
21739,12
21740,59
21741,1
21742,0
21743,0
21744,0
21745,0
21746,2
21747,0
21748,0
21749,0
21750,302
21751,247
21752,19
21753,0
21754,0
21755,0
21756,0
21757,0
21758,0
21759,163
21760,4
21761,1
21762,0
21763,74
21764,9
21765,3
21766,71
21767,174
21768,35
21769,36
21770,44
21771,0
21772,0
21773,6
21774,85
21775,0
21776,0
21777,31
21778,0
21779,33
21780,13
21781,4
21782,0
21783,2
21784,37
21785,114
21786,27
21787,0
21788,13
21789,0
21790,45
21791,15
21792,14
21793,0
21794,0
21795,11
21796,59
21797,34
21798,32
21799,0
21800,0
21801,34
21802,23
21803,0
21804,54
21805,18
21806,14
21807,14
21808,1
21809,29
21810,0
21811,6
21812,0
21813,11
21814,0
21815,1
21816,0
21817,0
21818,0
21819,1
21820,0
21821,0
21822,3
21823,29
21824,21
21825,5
21826,55
21827,27
21828,10
21829,24
21830,7
21831,14
21832,1
21833,23
21834,0
21835,3
21836,19
21837,0
21838,3
21839,5
21840,1
21841,0
21842,1
21843,4
21844,1
21845,2
21846,0
21847,0
21848,1
21849,4
21850,2
21851,22
21852,1
21853,2
21854,2
21855,32
21856,1
21857,1
21858,0
21859,1
21860,1
21861,0
21862,0
21863,0
21864,1
21865,3
21866,0
21867,1
21868,0
21869,49
21870,2
21871,0
21872,0
21873,30
21874,0
21875,0
21876,17
21877,0
21878,1
21879,0
21880,0
21881,2
21882,2
21883,3
21884,0
21885,0
21886,1
21887,0
21888,0
21889,0
21890,1
21891,1
21892,0
21893,1
21894,0
21895,0
21896,0
21897,0
21898,0
21899,11
21900,11
21901,0
21902,24
21903,8
21904,0
21905,1
21906,0
21907,0
21908,1
21909,0
21910,99
21911,0
21912,0
21913,0
21914,2
21915,11
21916,3
21917,0
21918,1
21919,0
21920,1
21921,0
21922,7
21923,0
21924,0
21925,0
21926,1
21927,0
21928,3
21929,3
21930,0
21931,0
21932,0
21933,29
21934,5
21935,0
21936,0
21937,1
21938,0
21939,0
21940,0
21941,0
21942,0
21943,3
21944,7
21945,0
21946,0
21947,1
21948,0
21949,24
21950,1
21951,0
21952,16
21953,0
21954,82
21955,3
21956,6
21957,0
21958,0
21959,197
21960,35
21961,10
21962,3
21963,8
21964,0
21965,0
21966,0
21967,0
21968,6
21969,0
21970,18
21971,23
21972,17
21973,193
21974,38
21975,16
21976,3
21977,1
21978,0
21979,9
21980,1
21981,9
21982,0
21983,7
21984,0
21985,0
21986,2
21987,6
21988,346
21989,10
21990,20
21991,7
21992,8
21993,38
21994,29
21995,39
21996,14
21997,14
21998,16
21999,29
22000,32
22001,49
22002,39
22003,14
22004,14
22005,29
22006,20
22007,30
22008,38
22009,29
22010,14
22011,26
22012,33
22013,32
22014,21
22015,13
22016,25
22017,23
22018,36
22019,11
22020,7
22021,1
22022,12
22023,0
22024,0
22025,0
22026,7
22027,7
22028,9
22029,30
22030,34
22031,0
22032,83
22033,16
22034,36
22035,15
22036,13
22037,11
22038,13
22039,16
22040,19
22041,25
22042,19
22043,13
22044,21
22045,0
22046,0
22047,0
22048,1
22049,0
22050,0
22051,6
22052,9
22053,9
22054,8
22055,18
22056,15
22057,9
22058,3
22059,0
22060,4
22061,11
22062,23
22063,23
22064,30
22065,11
22066,0
22067,0
22068,0
22069,170
22070,13
22071,8
22072,36
22073,17
22074,0
22075,4
22076,0
22077,1
22078,0
22079,0
22080,0
22081,0
22082,0
22083,0
22084,0
22085,58
22086,16
22087,13
22088,16
22089,12
22090,2
22091,39
22092,206
22093,10
22094,10
22095,15
22096,27
22097,24
22098,33
22099,11
22100,15
22101,36
22102,19
22103,0
22104,3
22105,10
22106,10
22107,10
22108,13
22109,278
22110,11
22111,9
22112,4
22113,67
22114,7
22115,17
22116,10
22117,16
22118,43
22119,15
22120,2
22121,15
22122,6
22123,33
22124,8
22125,7
22126,8
22127,43
22128,28
22129,28
22130,6
22131,5
22132,41
22133,5
22134,35
22135,28
22136,5
22137,20
22138,11
22139,0
22140,23
22141,3
22142,12
22143,22
22144,26
22145,26
22146,22
22147,2
22148,2
22149,2
22150,3
22151,0
22152,0
22153,0
22154,2
22155,8
22156,12
22157,13
22158,13
22159,9
22160,37
22161,28
22162,73
22163,9
22164,27
22165,22
22166,32
22167,10
22168,23
22169,24
22170,25
22171,15
22172,156
22173,10
22174,24
22175,24
22176,24
22177,39
22178,12
22179,15
22180,18
22181,18
22182,0
22183,18
22184,15
22185,25
22186,0
22187,0
22188,0
22189,0
22190,0
22191,0
22192,0
22193,0
22194,1
22195,0
22196,0
22197,0
22198,0
22199,0
22200,0
22201,0
22202,0
22203,0
22204,0
22205,0
22206,0
22207,0
22208,0
22209,0
22210,0
22211,1
22212,1
22213,0
22214,6
22215,6
22216,0
22217,0
22218,2
22219,2
22220,2
22221,2
22222,0
22223,0
22224,0
22225,28
22226,2
22227,37
22228,47
22229,2
22230,40
22231,22
22232,11
22233,3
22234,8
22235,2
22236,0
22237,2
22238,1
22239,26
22240,0
22241,0
22242,0
22243,0
22244,0
22245,2
22246,2
22247,0
22248,0
22249,1
22250,1
22251,2
22252,12
22253,1
22254,1
22255,2
22256,0
22257,3
22258,2
22259,0
22260,0
22261,4
22262,2
22263,3
22264,28
22265,1
22266,0
22267,1
22268,6
22269,2
22270,1
22271,0
22272,0
22273,3
22274,17
22275,75
22276,35
22277,46
22278,6
22279,26
22280,0
22281,0
22282,0
22283,0
22284,0
22285,0
22286,0
22287,1
22288,0
22289,2
22290,0
22291,7
22292,0
22293,1
22294,0
22295,7
22296,3
22297,2
22298,1
22299,1
22300,0
22301,0
22302,0
22303,0
22304,2
22305,0
22306,0
22307,0
22308,1
22309,0
22310,2
22311,0
22312,0
22313,0
22314,0
22315,0
22316,0
22317,1
22318,0
22319,2
22320,0
22321,0
22322,25
22323,4
22324,4
22325,0
22326,1
22327,0
22328,2
22329,0
22330,0
22331,0
22332,0
22333,0
22334,2
22335,8
22336,45
22337,1
22338,2
22339,3
22340,18
22341,2
22342,2
22343,50
22344,25
22345,31
22346,27
22347,43
22348,2
22349,1
22350,64
22351,40
22352,64
22353,136
22354,14
22355,21
22356,10
22357,15
22358,8
22359,23
22360,34
22361,26
22362,46
22363,0
22364,122
22365,0
22366,2
22367,25
22368,23
22369,15
22370,8
22371,17
22372,21
22373,19
22374,14
22375,49
22376,8
22377,25
22378,15
22379,20
22380,57
22381,20
22382,20
22383,57
22384,30
22385,10
22386,31
22387,36
22388,18
22389,88
22390,0
22391,0
22392,0
22393,1
22394,1
22395,0
22396,0
22397,0
22398,0
22399,1
22400,0
22401,0
22402,2
22403,0
22404,1
22405,1
22406,0
22407,1
22408,13
22409,3
22410,1
22411,7
22412,0
22413,0
22414,0
22415,0
22416,0
22417,0
22418,0
22419,0
22420,0
22421,0
22422,0
22423,0
22424,13
22425,15
22426,0
22427,0
22428,0
22429,0
22430,0
22431,217
22432,1
22433,1
22434,7
22435,0
22436,1
22437,0
22438,0
22439,0
22440,0
22441,4
22442,4
22443,14
22444,30
22445,6
22446,11
22447,7
22448,25
22449,0
22450,8
22451,5
22452,1
22453,0
22454,0
22455,21
22456,21
22457,10
22458,0
22459,0
22460,6
22461,2
22462,0
22463,0
22464,0
22465,2
22466,0
22467,0
22468,1
22469,1
22470,0
22471,0
22472,4
22473,1
22474,0
22475,0
22476,0
22477,1
22478,1
22479,0
22480,2
22481,2
22482,1
22483,3
22484,3
22485,8
22486,0
22487,0
22488,2
22489,0
22490,0
22491,2
22492,2
22493,5
22494,2
22495,1
22496,0
22497,4
22498,1
22499,2
22500,0
22501,0
22502,1
22503,3
22504,2
22505,1
22506,0
22507,0
22508,0
22509,1
22510,1
22511,16
22512,0
22513,3
22514,0
22515,3
22516,1
22517,0
22518,3
22519,0
22520,0
22521,0
22522,0
22523,4
22524,2
22525,0
22526,1
22527,1
22528,3
22529,1
22530,24
22531,1
22532,4
22533,35
22534,4
22535,1
22536,11
22537,12
22538,5
22539,38
22540,3
22541,2
22542,3
22543,3
22544,6
22545,17
22546,2
22547,9
22548,18
22549,57
22550,141
22551,0
22552,0
22553,2
22554,8
22555,21
22556,2
22557,0
22558,0
22559,0
22560,4
22561,0
22562,2
22563,0
22564,1
22565,6
22566,0
22567,0
22568,0
22569,1
22570,2
22571,2
22572,4
22573,42
22574,0
22575,0
22576,5
22577,0
22578,0
22579,0
22580,0
22581,0
22582,0
22583,0
22584,0
22585,0
22586,0
22587,0
22588,0
22589,0
22590,10
22591,3
22592,1
22593,3
22594,3
22595,2
22596,4
22597,1
22598,1
22599,2
22600,0
22601,8
22602,7
22603,3
22604,49
22605,198
22606,71
22607,71
22608,10
22609,34
22610,72
22611,139
22612,1
22613,0
22614,6
22615,1
22616,176
22617,1
22618,0
22619,1
22620,0
22621,1
22622,0
22623,2
22624,0
22625,1
22626,1
22627,6
22628,0
22629,0
22630,0
22631,0
22632,0
22633,0
22634,1
22635,5
22636,0
22637,0
22638,2
22639,0
22640,0
22641,0
22642,0
22643,1
22644,28
22645,52
22646,82
22647,123
22648,45
22649,65
22650,103
22651,43
22652,1
22653,0
22654,2
22655,6
22656,0
22657,0
22658,1
22659,52
22660,11
22661,110
22662,110
22663,41
22664,104
22665,0
22666,13
22667,2
22668,0
22669,0
22670,18
22671,1
22672,1
22673,0
22674,0
22675,0
22676,0
22677,0
22678,0
22679,1
22680,0
22681,0
22682,0
22683,0
22684,2
22685,3
22686,2
22687,0
22688,24
22689,1
22690,2
22691,1
22692,4
22693,3
22694,0
22695,0
22696,0
22697,2
22698,0
22699,0
22700,3
22701,4
22702,0
22703,2
22704,0
22705,0
22706,3
22707,17
22708,0
22709,0
22710,4
22711,0
22712,0
22713,0
22714,0
22715,3
22716,19
22717,0
22718,0
22719,2
22720,0
22721,2
22722,0
22723,0
22724,2
22725,1
22726,0
22727,15
22728,1
22729,1
22730,0
22731,0
22732,0
22733,0
22734,3
22735,1
22736,0
22737,1
22738,0
22739,0
22740,0
22741,0
22742,1
22743,0
22744,1
22745,17
22746,0
22747,1
22748,1
22749,0
22750,1
22751,2
22752,0
22753,0
22754,3
22755,0
22756,0
22757,2
22758,0
22759,0
22760,0
22761,0
22762,2
22763,0
22764,12
22765,0
22766,0
22767,0
22768,1
22769,0
22770,1
22771,3
22772,2
22773,3
22774,1
22775,0
22776,5
22777,0
22778,0
22779,8
22780,12
22781,0
22782,0
22783,0
22784,0
22785,0
22786,0
22787,0
22788,0
22789,0
22790,0
22791,0
22792,0
22793,0
22794,16
22795,12
22796,13
22797,35
22798,0
22799,0
22800,14
22801,51
22802,16
22803,12
22804,123
22805,32
22806,3
22807,7
22808,2
22809,0
22810,3
22811,3
22812,0
22813,2
22814,6
22815,0
22816,1
22817,0
22818,3
22819,2
22820,0
22821,2
22822,0
22823,5
22824,1
22825,2
22826,0
22827,1
22828,1
22829,0
22830,1
22831,3
22832,1
22833,0
22834,2
22835,6
22836,10
22837,1
22838,0
22839,0
22840,3
22841,0
22842,0
22843,0
22844,0
22845,1
22846,0
22847,8
22848,4
22849,3
22850,2
22851,3
22852,2
22853,1
22854,3
22855,1
22856,1
22857,3
22858,1
22859,3
22860,5
22861,0
22862,2
22863,0
22864,0
22865,1
22866,0
22867,2
22868,0
22869,2
22870,0
22871,0
22872,0
22873,0
22874,0
22875,0
22876,2
22877,0
22878,0
22879,0
22880,0
22881,0
22882,58
22883,0
22884,0
22885,0
22886,0
22887,0
22888,0
22889,3
22890,0
22891,0
22892,0
22893,0
22894,0
22895,0
22896,0
22897,0
22898,0
22899,0
22900,6
22901,0
22902,0
22903,1
22904,0
22905,0
22906,0
22907,0
22908,0
22909,0
22910,0
22911,0
22912,0
22913,0
22914,0
22915,0
22916,2
22917,2
22918,0
22919,0
22920,0
22921,0
22922,0
22923,3
22924,0
22925,8
22926,0
22927,1
22928,1
22929,0
22930,0
22931,0
22932,4
22933,9
22934,5
22935,0
22936,1
22937,0
22938,1
22939,6
22940,1
22941,0
22942,1
22943,1
22944,10
22945,2
22946,0
22947,14
22948,1
22949,17
22950,20
22951,16
22952,35
22953,2
22954,19
22955,1
22956,0
22957,0
22958,0
22959,0
22960,0
22961,0
22962,2
22963,0
22964,1
22965,0
22966,35
22967,0
22968,8
22969,1
22970,0
22971,0
22972,0
22973,1
22974,1
22975,5
22976,1
22977,0
22978,1
22979,1
22980,0
22981,1
22982,2
22983,0
22984,0
22985,1
22986,2
22987,0
22988,2
22989,0
22990,0
22991,4
22992,0
22993,0
22994,0
22995,0
22996,2
22997,1
22998,0
22999,29
23000,72
23001,0
23002,1
23003,1
23004,4
23005,1
23006,23
23007,1
23008,5
23009,8
23010,4
23011,15
23012,15
23013,17
23014,15
23015,17
23016,55
23017,14
23018,2
23019,16
23020,22
23021,17
23022,0
23023,28
23024,26
23025,3
23026,20
23027,4
23028,25
23029,20
23030,37
23031,93
23032,16
23033,67
23034,7
23035,7
23036,0
23037,12
23038,0
23039,14
23040,0
23041,0
23042,2
23043,0
23044,4
23045,0
23046,0
23047,0
23048,23
23049,0
23050,0
23051,0
23052,0
23053,0
23054,0
23055,32
23056,26
23057,28
23058,42
23059,4
23060,61
23061,0
23062,1
23063,6
23064,0
23065,0
23066,0
23067,0
23068,0
23069,0
23070,3
23071,0
23072,2
23073,1
23074,0
23075,0
23076,0
23077,0
23078,0
23079,0
23080,0
23081,0
23082,0
23083,0
23084,0
23085,3
23086,0
23087,0
23088,1
23089,0
23090,0
23091,0
23092,0
23093,0
23094,0
23095,0
23096,0
23097,0
23098,0
23099,0
23100,0
23101,0
23102,0
23103,0
23104,0
23105,3
23106,4
23107,5
23108,1
23109,0
23110,0
23111,1
23112,3
23113,0
23114,0
23115,0
23116,0
23117,0
23118,1
23119,0
23120,2
23121,7
23122,0
23123,0
23124,0
23125,0
23126,0
23127,0
23128,0
23129,1
23130,0
23131,0
23132,1
23133,1
23134,1
23135,9
23136,2
23137,0
23138,0
23139,0
23140,0
23141,0
23142,0
23143,0
23144,0
23145,29
23146,262
23147,5
23148,9
23149,0
23150,0
23151,1
23152,3
23153,0
23154,0
23155,0
23156,0
23157,0
23158,0
23159,3
23160,18
23161,1
23162,3
23163,1
23164,1
23165,2
23166,1
23167,0
23168,0
23169,0
23170,2
23171,4
23172,9
23173,70
23174,16
23175,14
23176,4
23177,17
23178,16
23179,22
23180,1
23181,0
23182,11
23183,3
23184,5
23185,3
23186,0
23187,74
23188,14
23189,28
23190,22
23191,2
23192,285
23193,1
23194,1
23195,0
23196,0
23197,2
23198,0
23199,0
23200,2
23201,0
23202,1
23203,12
23204,12
23205,219
23206,5
23207,0
23208,1
23209,2
23210,103
23211,25
23212,172
23213,19
23214,16
23215,25
23216,13
23217,224
23218,1
23219,0
23220,1
23221,0
23222,0
23223,5
23224,18
23225,7
23226,0
23227,4
23228,22
23229,9
23230,64
23231,21
23232,9
23233,9
23234,10
23235,14
23236,10
23237,7
23238,1
23239,3
23240,4
23241,1
23242,3
23243,6
23244,32
23245,13
23246,8
23247,9
23248,29
23249,2
23250,1
23251,49
23252,2
23253,120
23254,40
23255,1
23256,0
23257,0
23258,0
23259,0
23260,0
23261,0
23262,0
23263,2
23264,1
23265,1
23266,0
23267,84
23268,1
23269,0
23270,0
23271,0
23272,0
23273,63
23274,0
23275,0
23276,0
23277,0
23278,1
23279,1
23280,14
23281,0
23282,0
23283,2
23284,1
23285,21
23286,14
23287,23
23288,21
23289,21
23290,21
23291,9
23292,11
23293,11
23294,5
23295,9
23296,9
23297,32
23298,19
23299,0
23300,0
23301,1
23302,7
23303,7
23304,2
23305,0
23306,1
23307,0
23308,0
23309,3
23310,1
23311,2
23312,9
23313,1
23314,5
23315,2
23316,4
23317,29
23318,0
23319,0
23320,9
23321,9
23322,10
23323,23
23324,0
23325,18
23326,7
23327,11
23328,5
23329,12
23330,1
23331,12
23332,1
23333,58
23334,158
23335,64
23336,15
23337,180
23338,162
23339,1
23340,2
23341,11
23342,98
23343,0
23344,23
23345,5
23346,188
23347,11
23348,4
23349,99
23350,14
23351,447
23352,141
23353,69
23354,21
23355,24
23356,40
23357,9
23358,4
23359,3
23360,1
23361,4
23362,20
23363,4
23364,1
23365,0
23366,43
23367,92
23368,8
23369,27
23370,11
23371,126
23372,13
23373,399
23374,6
23375,70
23376,31
23377,105
23378,0
23379,188
23380,42
23381,383
23382,98
23383,0
23384,25
23385,29
23386,5
23387,0
23388,2
23389,5
23390,15
23391,86
23392,57
23393,16
23394,26
23395,12
23396,68
23397,45
23398,33
23399,224
23400,6
23401,23
23402,20
23403,3
23404,171
23405,48
23406,25
23407,8
23408,73
23409,76
23410,7
23411,2
23412,2
23413,2
23414,15
23415,74
23416,0
23417,0
23418,53
23419,9
23420,17
23421,8
23422,9
23423,241
23424,8
23425,36
23426,16
23427,31
23428,0
23429,74
23430,12
23431,14
23432,31
23433,7
23434,12
23435,8
23436,30
23437,31
23438,23
23439,42
23440,7
23441,34
23442,248
23443,65
23444,83
23445,149
23446,36
23447,12
23448,210
23449,14
23450,55
23451,20
